performance_id,pgs_id,sampleset_id,reported_trait,ancestry_eval,train_bucket,auc_single,n_cases,n_controls,n_total,ci_lo_logit,ci_hi_logit
PPM000004,PGS000004,PSS000004,Invasive breast cancer,European,Train: European-only,0.63,11428,18323,29751,0.6233817042162161,0.6365697971829303
PPM000006,PGS000005,PSS000005,ER-positive breast cancer,European,Train: European-only,0.641,7992,3436,11428,0.630388930438786,0.6514748611068175
PPM000007,PGS000006,PSS000006,ER-negative breast cancer,European,Train: European-only,0.601,1259,10169,11428,0.5835442094323781,0.6182028353986618
PPM000008,PGS000007,PSS000004,Invasive breast cancer,European,Train: European-only,0.636,11428,18323,29751,0.6294017158442282,0.6425475245135454
PPM000009,PGS000008,PSS000005,ER-positive breast cancer,European,Train: European-only,0.647,7992,3436,11428,0.6364541278300694,0.6574046257943755
PPM000010,PGS000009,PSS000006,ER-negative breast cancer,European,Train: European-only,0.6,1259,10169,11428,0.5825452138513718,0.6172045349171568
PPM000011,PGS000001,PSS000004,Invasive breast cancer,European,Train: European-only,0.603,11428,18323,29751,0.596307674186721,0.6096540063262076
PPM000012,PGS000002,PSS000005,ER-positive breast cancer,European,Train: European-only,0.615,7992,3436,11428,0.6041309356927054,0.6257555070128278
PPM000013,PGS000003,PSS000006,ER-negative breast cancer,European,Train: European-only,0.584,1259,10169,11428,0.5665739720792533,0.6012185376326681
PPM000042,PGS000022,PSS000029,Type 1 diabetes,European,NA,0.8508,478,290,1447,0.8226122918511642,0.8751881590505949
PPM000043,PGS000022,PSS000028,Type 1 diabetes,Hispanic or Latin American,NA,0.9003,65,43,252,0.8265176913732131,0.944798368690597
PPM000044,PGS000022,PSS000027,Type 1 diabetes,African,NA,0.7522,84,63,299,0.6672911411412555,0.8212444995651954
PPM000048,PGS000024,PSS000032,Type 1 diabetes,European,Train: European-only,0.921,387,373613,374000,0.9002707997843925,0.9377186115396383
PPM000049,PGS000021,PSS000032,Type 1 diabetes,European,Train: European-only,0.893,387,373613,374000,0.86993187223331,0.9123889273840177
PPM000080,PGS000036,PSS000054,Type 2 diabetes,European,Train: Multi incl. EUR,0.66,13480,311390,324870,0.6548699029413735,0.6650928396444661
PPM000081,PGS000036,PSS000054,Type 2 diabetes,European,Train: Multi incl. EUR,0.73,13480,311390,324870,0.725050547513933,0.7348929330731244
PPM000093,PGS000040,PSS000059,Coeliac disease,European,Train: European-only,0.9,647,1829,2476,0.882311286810832,0.9152853514335756
PPM000094,PGS000040,PSS000061,Coeliac disease,European,Train: European-only,0.87,497,543,1040,0.8459731201343224,0.8907628543235825
PPM000095,PGS000040,PSS000062,Coeliac disease,European,Train: European-only,0.86,803,846,1649,0.8407148066365324,0.8772910705995101
PPM000096,PGS000040,PSS000063,Coeliac disease,European,Train: European-only,0.87,778,1422,2200,0.8518344496695078,0.8862358387479075
PPM000097,PGS000040,PSS000060,Coeliac disease,European,Train: European-only,0.87,5907,4397,10304,0.8630971259446103,0.8766045802162061
PPM000126,PGS000050,PSS000078,Breast cancer,East Asian,Train: East Asian-only,0.606,11905,11662,23567,0.5988149683030163,0.613139484405883
PPM000383,PGS000013,PSS000219,Coronary artery disease (personal history),European,Train: Multi incl. EUR,0.86,126,10884,11010,0.8134482487382657,0.8964145698723589
PPM000385,PGS000016,PSS000217,Atrial Fibrillation (personal history),European,Train: Multi incl. EUR,0.78,239,10064,10303,0.7430862699449462,0.8129450275075109
PPM000386,PGS000007,PSS000218,Breast Cancer (personal history),European,Train: European-only,0.78,828,8701,9529,0.7603687901181239,0.7984492658841302
PPM000387,PGS000013,PSS000219,Coronary artery disease (personal history),European,Train: Multi incl. EUR,0.6,126,10884,11010,0.5464239700113115,0.6512862678038015
PPM000388,PGS000007,PSS000218,Breast Cancer (personal history),European,Train: European-only,0.63,828,8701,9529,0.6086482791360261,0.650855042729058
PPM000389,PGS000016,PSS000217,Atrial Fibrillation (personal history),European,Train: Multi incl. EUR,0.57,239,10064,10303,0.531466229795069,0.6077038956432154
PPM000405,PGS000126,PSS000233,Prevalent gout cases,European,Train: European-only,0.67,4908,329972,334880,0.661576001539921,0.6783162683881102
PPM000406,PGS000126,PSS000233,Prevalent gout cases,European,Train: European-only,0.84,4908,329972,334880,0.8329318019092152,0.8468241546081268
PPM000422,PGS000137,PSS000245,Primary open-angle glaucoma (POAG),European,Train: European-only,0.8,74,1721,1795,0.7317279108805844,0.854355878850496
PPM000430,PGS000138,PSS000250,Major Depressive Disorder status,European,Train: European-only,0.5611035,14696,22013,36709,0.5550741455123611,0.5671148684642132
PPM000431,PGS000139,PSS000250,Major Depressive Disorder status,European,Train: European-only,0.5487412,14696,22013,36709,0.5427033334667124,0.5547647489764885
PPM000432,PGS000140,PSS000250,Major Depressive Disorder status,European,Train: European-only,0.5319298,14696,22013,36709,0.5258877182159578,0.5379625328612263
PPM000433,PGS000141,PSS000250,Major Depressive Disorder status,European,Train: European-only,0.5298792,14696,22013,36709,0.5238371814363687,0.53591247380729
PPM000434,PGS000142,PSS000250,Major Depressive Disorder status,European,Train: European-only,0.5333024,14696,22013,36709,0.5272603458741749,0.5393347005468333
PPM000435,PGS000143,PSS000250,Major Depressive Disorder status,European,Train: European-only,0.5344061,14696,22013,36709,0.528364108843454,0.5404380120545388
PPM000436,PGS000144,PSS000250,Major Depressive Disorder status,European,Train: European-only,0.5164074,14696,22013,36709,0.5103689040382862,0.5224411084399782
PPM000437,PGS000145,PSS000250,Major Depressive Disorder status,European,Train: European-only,0.5251015,14696,22013,36709,0.5190601140332228,0.5311355470681386
PPM000563,PGS000192,PSS000292,Incident cardiovascular event,European,Train: Multi incl. EUR,0.8,238,3994,4232,0.7635374082012805,0.8320766060729905
PPM000598,PGS000011,PSS000333,Coronary heart disease (incident and prevalent),European,Train: Multi incl. EUR,0.75,8108,37537,45645,0.7434703215879584,0.756417926423724
PPM000599,PGS000013,PSS000333,Coronary heart disease (incident and prevalent),European,Train: Multi incl. EUR,0.77,8108,37537,45645,0.7636231398873919,0.7762552343232489
PPM000600,PGS000018,PSS000333,Coronary heart disease (incident and prevalent),European,Train: Multi incl. EUR,0.772,8108,37537,45645,0.7656396669195497,0.7782377156571095
PPM000601,PGS000011,PSS000331,Coronary heart disease (incident and prevalent),African,Train: Multi incl. EUR,0.763,838,6759,7597,0.7429981121390307,0.781902135937021
PPM000602,PGS000013,PSS000331,Coronary heart disease (incident and prevalent),African,Train: Multi incl. EUR,0.771,838,6759,7597,0.7511690957175866,0.7896929377140595
PPM000603,PGS000018,PSS000331,Coronary heart disease (incident and prevalent),African,Train: Multi incl. EUR,0.775,838,6759,7597,0.755258855811658,0.7935839937098786
PPM000604,PGS000011,PSS000335,Coronary heart disease (incident and prevalent),Hispanic or Latin American,Train: Multi incl. EUR,0.769,419,2074,2493,0.740094446117248,0.7955787498818142
PPM000605,PGS000013,PSS000335,Coronary heart disease (incident and prevalent),Hispanic or Latin American,Train: Multi incl. EUR,0.776,419,2074,2493,0.747320520273509,0.802285518284014
PPM000606,PGS000018,PSS000335,Coronary heart disease (incident and prevalent),Hispanic or Latin American,Train: Multi incl. EUR,0.794,419,2074,2493,0.7659606510133298,0.8194718084477043
PPM000610,PGS000200,PSS000333,Coronary heart disease (incident and prevalent),European,Train: Multi incl. EUR,0.748,8108,37537,45645,0.7414562474318029,0.7544329834141472
PPM000611,PGS000200,PSS000331,Coronary heart disease (incident and prevalent),African,Train: Multi incl. EUR,0.763,838,6759,7597,0.7429981121390307,0.781902135937021
PPM000612,PGS000200,PSS000335,Coronary heart disease (incident and prevalent),Hispanic or Latin American,Train: Multi incl. EUR,0.771,419,2074,2493,0.7421577753955566,0.7974962535382099
PPM000649,PGS000212,PSS000360,Breast cancer intrinsic-like subtype (luminal A-like),European,Train: European-only,0.6609,7325,20815,28140,0.6532933440239387,0.668424471035035
PPM000650,PGS000004,PSS000360,Breast cancer intrinsic-like subtype (luminal A-like),European,Train: European-only,0.6573,7325,20815,28140,0.6496797082517585,0.6648400451690516
PPM000651,PGS000005,PSS000360,Breast cancer intrinsic-like subtype (luminal A-like),European,Train: European-only,0.6595,7325,20815,28140,0.6518879717281651,0.6670305974918189
PPM000652,PGS000213,PSS000361,Breast cancer intrinsic-like subtype (luminal B/HER2-negative-like),European,Train: European-only,0.633,1779,20815,22594,0.6185338754116773,0.6472304126616943
PPM000653,PGS000004,PSS000361,Breast cancer intrinsic-like subtype (luminal B/HER2-negative-like),European,Train: European-only,0.6335999999999999,1779,20815,22594,0.6191347742573353,0.6478283365944243
PPM000654,PGS000005,PSS000361,Breast cancer intrinsic-like subtype (luminal B/HER2-negative-like),European,Train: European-only,0.6323,1779,20815,22594,0.6178328645946064,0.6465327957476177
PPM000655,PGS000214,PSS000362,Breast cancer intrinsic-like subtype (luminal B-like),European,Train: European-only,0.6431,1682,20815,22497,0.6282609714021311,0.6576694452517721
PPM000656,PGS000004,PSS000362,Breast cancer intrinsic-like subtype (luminal B-like),European,Train: European-only,0.6432,1682,20815,22497,0.6283612010534982,0.65776900586969
PPM000657,PGS000005,PSS000362,Breast cancer intrinsic-like subtype (luminal B-like),European,Train: European-only,0.64,1682,20815,22497,0.6251542831839292,0.654582621966581
PPM000658,PGS000215,PSS000359,Breast cancer intrinsic-like subtype (HER2-enriched-like),European,Train: European-only,0.6208,718,20815,21533,0.5983253625364718,0.6427679283775081
PPM000659,PGS000004,PSS000359,Breast cancer intrinsic-like subtype (HER2-enriched-like),European,Train: European-only,0.6093,718,20815,21533,0.5868475430506218,0.6312988912197703
PPM000660,PGS000005,PSS000359,Breast cancer intrinsic-like subtype (HER2-enriched-like),European,Train: European-only,0.6291,718,20815,21533,0.6066196543410117,0.6510346954658277
PPM000661,PGS000216,PSS000363,Breast cancer intrinsic-like subtype (triple negative),European,Train: European-only,0.6358,2006,20815,22821,0.6221389347314408,0.64924562110394
PPM000662,PGS000004,PSS000363,Breast cancer intrinsic-like subtype (triple negative),European,Train: European-only,0.5877,2006,20815,22821,0.5740411880916501,0.6012250866199432
PPM000663,PGS000005,PSS000363,Breast cancer intrinsic-like subtype (triple negative),European,Train: European-only,0.6276,2006,20815,22821,0.6139268108851679,0.6410720522657177
PPM000880,PGS000328,PSS000436,Systemic lupus erythematosus,European,Train: European-only,0.78,1001,2802,3803,0.7612652242263074,0.7976553434627927
PPM000882,PGS000328,PSS000438,Systemic lupus erythematosus,European,Train: European-only,0.71,5524,9859,15383,0.7011184962539591,0.7187234632504333
PPM000986,PGS000348,PSS000501,Prostate cancer,European,Train: Multi incl. EUR,0.64,1972,1919,3891,0.6225824587859515,0.657056503629918
PPM001340,PGS000655,PSS000583,Nonalcoholic fatty liver disease,European,Train: European-only,0.596,1106,8571,9677,0.57734012321617445,0.614386301565494
PPM001341,PGS000655,PSS000584,Nonalcoholic fatty liver disease severity (NAFLD activity score above 5),European,Train: European-only,0.724,79,156,235,0.646717043977417,0.7898699191285049
PPM001342,PGS000656,PSS000584,Nonalcoholic fatty liver disease severity (NAFLD activity score above 5),European,Train: European-only,0.76,79,156,235,0.684815576083528,0.8219137369826488
PPM001365,PGS000662,PSS000596,Prostate Cancer,European,Train: Multi incl. EUR,0.833,6852,193117,199969,0.8269272722046906,0.8389011606945442
PPM001369,PGS000663,PSS000598,Pancreatic cancer,European,Train: Multi incl. EUR,0.65,500,1091,1591,0.6194947956895638,0.6793255364245329
PPM001370,PGS000663,PSS000597,Pancreatic cancer (0-10 years of follow-up),European,Train: Multi incl. EUR,0.67,304,652,956,0.6309319412289675,0.7068539639623103
PPM001627,PGS000714,PSS000842,Metastatic prostate cancer,European,Train: European-only,0.549,191,2400,2591,0.5052747010135957,0.5919814394533909
PPM001670,PGS000730,PSS000871,Basal cell carcinoma,European,Train: European-only,0.624,16184,72740,88924,0.6190085602228402,0.628965243136579
PPM001671,PGS000731,PSS000873,Squamous cell carcinoma,European,Train: European-only,0.605,7914,81010,88924,0.5981287831696082,0.6118299767311184
PPM001672,PGS000732,PSS000872,Melanoma,European,Train: European-only,0.579,4179,84745,88924,0.5697298806571045,0.588214750514489
PPM001920,PGS000754,PSS000960,Systemic lupus erythematosus,European,Train: East Asian-only,0.65,910,430,1340,0.6193354401076429,0.6794727756791603
PPM001921,PGS000754,PSS000961,Systemic lupus erythematosus,European,Train: East Asian-only,0.65,2354,5379,7733,0.6361528273718401,0.6635988573853978
PPM001922,PGS000754,PSS000962,Systemic lupus erythematosus,European,Train: East Asian-only,0.62,406,706,1112,0.5846934221314232,0.6540808283737024
PPM001926,PGS000756,PSS000966,Incident narcolepsy,East Asian,Train: Multi incl. EUR,0.723,903,1981,2884,0.7014945662883031,0.7435225625644254
PPM001928,PGS000757,PSS000966,Incident narcolepsy,East Asian,Train: East Asian-only,0.736,903,1981,2884,0.7147659860355765,0.7561924604310188
PPM001989,PGS000770,PSS000992,Obesity prevalence,European,Train: Multi incl. EUR,0.661,50,127,177,0.5630490903175035,0.7468649995730381
PPM001990,PGS000770,PSS000991,Obesity prevalence,European,Train: Multi incl. EUR,0.619,39,102,141,0.5080928599329179,0.7187435088636704
PPM002022,PGS000779,PSS001005,Alzheimer's disease,East Asian,Train: Multi incl. EUR,0.612,33,79,112,0.49006708438178953,0.7213545896719125
PPM002023,PGS000779,PSS001006,Alzheimer's disease,European,Train: Multi incl. EUR,0.717,464,2232,2696,0.6882803975738249,0.7440575272384482
PPM002037,PGS000071,PSS001010,Incident blader cancer,European,Train: European-only,0.803,890,390998,391888,0.7849698100938578,0.819865299140698
PPM002038,PGS000072,PSS001011,Incident breast cancer,European,Train: Multi incl. EUR,0.637,4760,211513,216273,0.6283700951545629,0.6455425478013653
PPM002039,PGS000073,PSS001012,Incident cervical cancer,European,Train: European-only,0.745,282,211513,211795,0.710352110109989,0.7768055300698299
PPM002040,PGS000074,PSS001013,Incident colorectal cancer,European,Train: Multi incl. EUR,0.704,2725,390998,393723,0.6928440169810135,0.7149175164558064
PPM002041,PGS000075,PSS001014,Incident endometrial cancer,European,Train: Multi incl. EUR,0.755,643,211513,212156,0.7325306869233453,0.7761585254480986
PPM002042,PGS000076,PSS001015,Incident kidney cancer,European,Train: European-only,0.722,612,390998,391610,0.6984331911015736,0.7443991057864151
PPM002043,PGS000077,PSS001016,Incident Lymphocytic Leukemia,European,Train: Multi incl. EUR,0.719,340,390998,391338,0.6870857882765364,0.7488490523637643
PPM002044,PGS000078,PSS001017,Incident lung cancer,European,Train: European-only,0.846,1541,390998,392539,0.8333932308007823,0.8578155910852746
PPM002045,PGS000079,PSS001018,Incident melanoma,European,Train: European-only,0.652,1805,390998,392803,0.6380488312718223,0.6656951775482869
PPM002046,PGS000080,PSS001019,Incident non-hodgkin's lymphoma,European,Train: Multi incl. EUR,0.677,970,390998,391968,0.6580120154543364,0.6954217177904951
PPM002047,PGS000081,PSS001020,Incident oral cavity and pharyngeal cancer,European,Train: Multi incl. EUR,0.702,481,390998,391479,0.6750928355183892,0.7275780471940919
PPM002048,PGS000082,PSS001021,Incident ovarian cancer,European,Train: European-only,0.656,445,211513,211958,0.6276930883216965,0.6832407953723814
PPM002049,PGS000083,PSS001022,Incident pancreatic cancer,European,Train: Multi incl. EUR,0.745,493,390998,391491,0.7190489233504458,0.769323009488328
PPM002050,PGS000084,PSS001023,Incident prostate cancer,European,Train: Multi incl. EUR,0.74,4740,179485,184225,0.7317210966727895,0.7481113692518165
PPM002051,PGS000086,PSS001024,Incident testicular cancer,European,Train: European-only,0.783,52,179485,179537,0.6997780879178777,0.848158372560785
PPM002052,PGS000087,PSS001025,Incident thyroid cancer,European,Train: European-only,0.679,191,390998,391189,0.6355199635350742,0.7195818273468707
PPM002053,PGS000782,PSS001010,Incident blader cancer,European,Train: European-only,0.804,890,390998,391888,0.785994881160904,0.8208355777707146
PPM002054,PGS000783,PSS001011,Incident breast cancer,European,Train: European-only,0.637,4760,211513,216273,0.6283700951545629,0.6455425478013653
PPM002055,PGS000784,PSS001012,Incident cervical cancer,European,Train: European-only,0.745,282,211513,211795,0.710352110109989,0.7768055300698299
PPM002056,PGS000785,PSS001013,Incident colorectal cancer,European,Train: Multi incl. EUR,0.716,2725,390998,393723,0.7049167879123741,0.7268282496007813
PPM002057,PGS000786,PSS001014,Incident endometrial cancer,European,Train: Multi incl. EUR,0.754,643,211513,212156,0.7315120777589343,0.775183256339639
PPM002058,PGS000787,PSS001015,Incident kidney cancer,European,Train: European-only,0.722,612,390998,391610,0.6984331911015736,0.7443991057864151
PPM002059,PGS000788,PSS001016,Incident Lymphocytic Leukemia,European,Train: Multi incl. EUR,0.738,340,390998,391338,0.7064166666748816,0.7673048455626856
PPM002060,PGS000789,PSS001017,Incident lung cancer,European,Train: European-only,0.846,1541,390998,392539,0.8333932308007823,0.8578155910852746
PPM002061,PGS000790,PSS001018,Incident melanoma,European,Train: European-only,0.654,1805,390998,392803,0.6400528788108177,0.6676872855189441
PPM002062,PGS000791,PSS001019,Incident non-hodgkin's lymphoma,European,Train: Multi incl. EUR,0.677,970,390998,391968,0.6580120154543364,0.6954217177904951
PPM002063,PGS000792,PSS001020,Incident oral cavity and pharyngeal cancer,European,Train: Multi incl. EUR,0.702,481,390998,391479,0.6750928355183892,0.7275780471940919
PPM002064,PGS000793,PSS001021,Incident ovarian cancer,European,Train: European-only,0.66,445,211513,211958,0.6317044216398302,0.6871981284153205
PPM002065,PGS000794,PSS001022,Incident pancreatic cancer,European,Train: Multi incl. EUR,0.745,493,390998,391491,0.7190489233504458,0.769323009488328
PPM002066,PGS000795,PSS001023,Incident prostate cancer,European,Train: Multi incl. EUR,0.769,4740,179485,184225,0.7609482835140821,0.7768600450202521
PPM002067,PGS000796,PSS001024,Incident testicular cancer,European,Train: European-only,0.787,52,179485,179537,0.7039861312782172,0.8516397051830517
PPM002068,PGS000797,PSS001025,Incident thyroid cancer,European,Train: European-only,0.701,191,390998,391189,0.6577255940669632,0.7409579716506263
PPM002069,PGS000795,PSS001023,Incident prostate cancer,European,Train: Multi incl. EUR,0.766,4740,179485,184225,0.7579219688848192,0.7738888889443427
PPM002070,PGS000783,PSS001011,Incident breast cancer,European,Train: European-only,0.626,4760,211513,216273,0.6173643279651517,0.634556142443324
PPM002071,PGS000785,PSS001013,Incident colorectal cancer,European,Train: Multi incl. EUR,0.708,2725,390998,393723,0.6968669935133123,0.7188890679625194
PPM002072,PGS000789,PSS001017,Incident lung cancer,European,Train: European-only,0.71,1541,390998,392539,0.6951709139458955,0.7243936948797315
PPM002073,PGS000789,PSS001017,Incident lung cancer in never smokers,European,Train: European-only,0.723,1541,390998,392539,0.7082801312801322,0.737252654047576
PPM002074,PGS000789,PSS001017,Incident lung cancer in smokers,European,Train: European-only,0.808,1541,390998,392539,0.7944993892712953,0.8208137063197649
PPM002078,PGS000799,PSS001029,"Asthma ever, at age 8 years",European,Train: Multi incl. EUR,0.66,792,1066,1858,0.6342995235117033,0.6847918664617703
PPM002080,PGS000799,PSS001028,"Asthma ever, at age 8 years",European,Train: Multi incl. EUR,0.69,215,212,427,0.6380963314171096,0.73752175934469
PPM002082,PGS000800,PSS001029,"Asthma ever, at age 8 years",European,Train: European-only,0.65,792,1066,1858,0.6241447100582995,0.6750028215455417
PPM002084,PGS000800,PSS001028,"Asthma ever, at age 8 years",European,Train: European-only,0.7,215,212,427,0.6485295847475105,0.7468748565279303
PPM002137,PGS000809,PSS001050,Multiple sclerosis,European,Train: European-only,0.705,80,645,725,0.6345192273807106,0.7668824996590367
PPM002138,PGS000809,PSS001051,Multiple sclerosis,European,Train: European-only,0.762,14,642,656,0.586692726363702,0.8783654699111502
PPM002139,PGS000809,PSS001049,Multiple Sclerosis,European,Train: European-only,0.765,29,8341,8370,0.6490114226101108,0.8514329019652132
PPM002440,PGS000872,PSS001094,Hepatocellular carcinoma,European,Train: Multi incl. EUR,0.65,1699,865,2564,0.6281466234708459,0.6712412537389453
PPM002441,PGS000865,PSS001094,Hepatocellular carcinoma,European,Train: Multi incl. EUR,0.64,1699,865,2564,0.6179445861620808,0.661479684106236
PPM002442,PGS000865,PSS001100,Hepatocellular carcinoma,European,Train: Multi incl. EUR,0.63,188,358126,358314,0.5861599245397839,0.6717962684817076
PPM002443,PGS000872,PSS001097,Hepatocellular carcinoma,European,Train: Multi incl. EUR,0.63,197,356746,356943,0.5871911897644072,0.6708578871969534
PPM002444,PGS000865,PSS001102,Hepatocellular carcinoma in individuals with no cirrhosis,European,Train: Multi incl. EUR,0.55,95,356725,356820,0.489966688492237,0.6086116345324636
PPM002445,PGS000872,PSS001101,Hepatocellular carcinoma in individuals with no cirrhosis,European,Train: Multi incl. EUR,0.54,95,355355,355450,0.48035818007801095,0.5985177917108928
PPM002446,PGS000865,PSS001099,Hepatocellular carcinoma in individuals with a body mass index ≥30,European,Train: Multi incl. EUR,0.69,88,86116,86204,0.6251275232037591,0.7481686570454641
PPM002447,PGS000872,PSS001098,Hepatocellular carcinoma in individuals with a body mass index ≥30,European,Train: Multi incl. EUR,0.69,87,85803,85890,0.6247398214348227,0.7484801776420014
PPM002448,PGS000865,PSS001104,Hepatocellular carcinoma in individuals with type 2 diabetes,European,Train: Multi incl. EUR,0.7,81,25051,25132,0.6322930112536755,0.7599725830245506
PPM002449,PGS000872,PSS001103,Hepatocellular carcinoma in individuals with type 2 diabetes,European,Train: Multi incl. EUR,0.71,80,24959,25039,0.641970522245434,0.7697395285125743
PPM002516,PGS000878,PSS001135,Prostate cancer,East Asian,Train: East Asian-only,0.637,514,124,638,0.5847930552486783,0.6861654122031471
PPM005183,PGS001354,PSS003603,Subsequent thyroid cancer in childhood cancer survivors aged 40,European,Train: European-only,0.83,65,2305,2370,0.7590937228531666,0.8832462724224072
PPM005184,PGS001354,PSS003602,Subsequent thyroid cancer in childhood cancer survivors aged 40,European,Train: European-only,0.73,121,6295,6416,0.6753832165691043,0.7784420294823081
PPM005185,PGS001354,PSS003603,Subsequent thyroid cancer in childhood cancer survivors aged 50,European,Train: European-only,0.82,65,2305,2370,0.7482875032811802,0.8747027568041258
PPM005186,PGS001354,PSS003602,Subsequent thyroid cancer in childhood cancer survivors aged 50,European,Train: European-only,0.72,121,6295,6416,0.6651660593238548,0.7689729880676553
PPM005187,PGS001355,PSS003605,Coronary artery disease,European,Train: European-only,0.6425,3467,172771,176238,0.6323935647684193,0.6524812712024467
PPM005188,PGS001356,PSS003604,Atrial fibrillation,European,Train: European-only,0.6321,4025,174626,178651,0.6227059545649745,0.6413948453465323
PPM005189,PGS001357,PSS003606,Type 2 diabetes,European,Train: European-only,0.6446,4659,173479,178138,0.6358716826637232,0.6532331928046029
PPM009233,PGS001774,PSS007662,Parkinson's disease,European,Train: European-only,0.55,235,464,699,0.5041606928253382,0.5950057585719118
PPM009235,PGS001774,PSS007662,Parkinson's disease,European,Train: European-only,0.55,235,464,699,0.5041606928253382,0.5950057585719118
PPM009247,PGS001777,PSS007667,Cirrhosis,European,Train: European-only,0.665,917,473,1390,0.6356497483206447,0.6931273591933832
PPM009248,PGS001777,PSS007668,Cirrhosis,European,Train: European-only,0.606,1162,604,1766,0.5787299644380501,0.6326253498542082
PPM009249,PGS001777,PSS007669,Cirrhosis,European,Train: European-only,0.619,594,6304,6898,0.5937478082631252,0.6436246671035154
PPM009250,PGS001777,PSS007669,Cirrhosis,European,Train: European-only,0.636,594,6304,6898,0.6107598654095685,0.660513189035222
PPM009251,PGS001777,PSS007667,Cirrhosis (males),European,Train: European-only,0.671,917,473,1390,0.6418311493779297,0.698907744198201
PPM009252,PGS001777,PSS007667,Cirrhosis (females),European,Train: European-only,0.65,917,473,1390,0.6202233145425693,0.6786516509118845
PPM009253,PGS001777,PSS007668,Cirrhosis (males),European,Train: European-only,0.592,1162,604,1766,0.564494010698774,0.618941462722519
PPM009254,PGS001777,PSS007668,Cirrhosis (females),European,Train: European-only,0.635,1162,604,1766,0.6083095512713075,0.6608856053501967
PPM009255,PGS001777,PSS007669,Cirrhosis (males),European,Train: European-only,0.635,594,6304,6898,0.6097580259710089,0.6595209370275193
PPM009256,PGS001777,PSS007669,Cirrhosis (females),European,Train: European-only,0.554,594,6304,6898,0.5290622235217057,0.5786688792784717
PPM009262,PGS001778,PSS007670,Breast cancer,European,Train: Multi incl. EUR,0.548,880,900,1780,0.5211980843179397,0.5745263685622785
PPM009263,PGS001778,PSS007670,Breast cancer,European,Train: Multi incl. EUR,0.578,880,900,1780,0.5513546505857674,0.6041988832933556
PPM009264,PGS001778,PSS007670,Breast cancer,European,Train: Multi incl. EUR,0.578,880,900,1780,0.5513546505857674,0.6041988832933556
PPM009288,PGS001784,PSS007707,Abdominal aortic aneurysm,European,Train: Multi incl. EUR,0.868,1099,349667,350767,0.8537446804703943,0.8810594444478788
PPM009289,PGS001785,PSS007708,Acute appendicitis,European,Train: Multi incl. EUR,0.584,2985,356045,359031,0.573189110715815,0.5947306676934327
PPM009290,PGS001786,PSS007709,Appendectomy,European,Train: European-only,0.574,2173,354938,357112,0.5613675189638526,0.5865366271798558
PPM009291,PGS001787,PSS007710,Asthma,European,Train: Multi incl. EUR,0.64,26473,325104,351578,0.6362811412901421,0.6437021271448504
PPM009292,PGS001788,PSS007711,Chronic obstructive pulmonary disease,European,Train: Multi incl. EUR,0.715,12063,325104,337168,0.7097184754995237,0.7202233111295872
PPM009293,PGS001789,PSS007712,Gout,European,Train: Multi incl. EUR,0.807,3783,355561,359345,0.7984393216040158,0.8152812057639278
PPM009294,PGS001790,PSS007713,Heart Failure,European,Train: Multi incl. EUR,0.75,6285,352619,358905,0.7428967387902313,0.7569712122980309
PPM009295,PGS001791,PSS007714,Idiopathic pulmonary fibrosis,European,Train: Multi incl. EUR,0.758,1052,346297,347350,0.7405895556594477,0.774597576995632
PPM009296,PGS001792,PSS007715,Primary open-angle glaucoma,European,Train: Multi incl. EUR,0.777,1266,346129,347396,0.7614589231642176,0.7918054031401641
PPM009297,PGS001793,PSS007716,Stroke,European,Train: Multi incl. EUR,0.706,1650,348757,350408,0.6916436970105508,0.719958536950402
PPM009298,PGS001794,PSS007717,Thyroid cancer,European,Train: Multi incl. EUR,0.676,365,358110,358476,0.6447834300071,0.7057252800328248
PPM009299,PGS001795,PSS007718,Uterine cancer,European,Train: Multi incl. EUR,0.66,1323,168952,170276,0.6436835626445235,0.6759454248413512
PPM009300,PGS001796,PSS007719,Venous thromboembolism,European,Train: Multi incl. EUR,0.675,6549,349719,356269,0.6677164205963272,0.6821999126349811
PPM009302,PGS001787,PSS007720,Asthma,Middle Eastern or North African,Train: Multi incl. EUR,0.689,134,1394,1529,0.6353683686774702,0.7379961469178125
PPM009307,PGS001787,PSS007706,Asthma,East Asian,Train: Multi incl. EUR,0.679,142,2490,2633,0.6274495422892958,0.7265263020680551
PPM009311,PGS001782,PSS007693,Asthma,European,Train: Multi incl. EUR,0.659,1061,6066,7128,0.6397948955930213,0.6776969738419449
PPM009312,PGS001783,PSS007694,Chronic obstructive pulmonary disease,European,Train: Multi incl. EUR,0.74,132,6995,7128,0.6880804009552918,0.785965701074783
PPM009313,PGS001797,PSS007695,Primary open-angle glaucoma,European,Train: Multi incl. EUR,0.749,224,6903,7128,0.7097407656863897,0.7845610372549768
PPM009314,PGS001798,PSS007696,Stroke,European,Train: Multi incl. EUR,0.704,70,7057,7128,0.6307971217532428,0.7680262707385135
PPM009315,PGS001799,PSS007697,Thyroid cancer,European,Train: Multi incl. EUR,0.685,72,7055,7128,0.6127341682424887,0.74929814832523
PPM012722,PGS002237,PSS009508,Chronic Kidney Disease (stage 3 or greater),European,Train: European-only,0.75,23364,117883,141247,0.7461814723768754,0.753780036493084
PPM012724,PGS002237,PSS009509,Chronic Kidney Disease (stage 3 or greater),Hispanic or Latin American,Train: European-only,0.88,1386,2878,4264,0.8671074382307471,0.8917978685040118
PPM012727,PGS002239,PSS009512,Apparent Treatment-Resistant Hypertension,European,Train: Multi incl. EUR,0.679,2961,25584,28545,0.667841432653722,0.6899577332788518
PPM012791,PGS002248,PSS009558,Childhood asthma by age 8,European,Train: European-only,0.61,144,874,1018,0.5569702330642033,0.66055077140119145
PPM012792,PGS002248,PSS009557,Childhood asthma by age 11,European,Train: European-only,0.61,116,782,898,0.5511315188549721,0.665829189391087
PPM012907,PGS002266,PSS009607,Nonsyndromic cleft lip with or without cleft palate,European,Train: Multi incl. EUR,0.66,46,72496,72542,0.5691902474102737,0.7403984027661243
PPM013010,PGS002291,PSS009646,Nasopharyngeal carcinoma,East Asian,Train: Multi excl. EUR,0.64,1304,1589,2893,0.619450190773612,0.660049108279831
PPM013011,PGS002291,PSS009646,Nasopharyngeal carcinoma,East Asian,Train: Multi excl. EUR,0.69,1304,1589,2893,0.6701822931880891,0.7091437182819592
PPM013012,PGS002292,PSS009647,Keratoconus,European,Train: European-only,0.705,102,142493,142595,0.6450900085875632,0.7585816739392698
PPM013013,PGS002292,PSS009647,Keratoconus with ﻿corneal resistance factor variants,European,Train: European-only,0.756,102,142493,142595,0.6972721501414363,0.8064966196772283
PPM013014,PGS002292,PSS009647,Keratoconus with central corneal thickness variants,European,Train: European-only,0.755,102,142493,142595,0.6962384656763629,0.80556873435617
PPM013019,PGS000030,PSS009650,Prostate cancer metastasis or death,European,Train: European-only,0.63,475,1516,1991,0.5997286626653494,0.6592826189750234
PPM013064,PGS002308,PSS009677,Type 2 diabetes,European,Train: Multi incl. EUR,0.793,8389,46404,54793,0.7869718277088381,0.7989011796442494
PPM013065,PGS002308,PSS009676,Type 2 diabetes,African,Train: Multi incl. EUR,0.848,2688,9784,12472,0.8382010829703767,0.8573064987105454
PPM013066,PGS002308,PSS009678,Type 2 diabetes,Hispanic or Latin American,Train: Multi incl. EUR,0.851,868,1506,2374,0.8328335851663495,0.8675062926549698
PPM013067,PGS002308,PSS009671,Type 2 diabetes,African,Train: Multi incl. EUR,0.631,1659,5086,6745,0.6148600519145492,0.6468520536746375
PPM013068,PGS002308,PSS009669,Type 2 diabetes,African,Train: Multi incl. EUR,0.633,2776,2722,5498,0.6182985153653647,0.6474581048917959
PPM013069,PGS002308,PSS009670,Type 2 diabetes,African,Train: Multi incl. EUR,0.757,402,1494,1896,0.7266681135585328,0.7849619945551938
PPM013070,PGS002308,PSS009675,Type 2 diabetes,African,Train: Multi incl. EUR,0.631,300,355,655,0.5872250372434564,0.6727199472566098
PPM013071,PGS002308,PSS009672,Type 2 diabetes,East Asian,Train: Multi incl. EUR,0.81,1248,23862,25110,0.7948677383729019,0.824262778707431
PPM013072,PGS002308,PSS009673,Type 2 diabetes,East Asian,Train: Multi incl. EUR,0.781,2806,51272,54078,0.7705813148076743,0.7910738208396187
PPM013073,PGS002308,PSS009674,Type 2 diabetes,East Asian,Train: Multi incl. EUR,0.802,516,9862,10378,0.7778165670490813,0.8241463123016063
PPM014742,PGS002724,PSS009880,prevalent ischemic stroke cases,African,Train: Multi incl. EUR,0.548,1691,1743,3434,0.5287218573487638,0.5671351710510125
PPM014743,PGS000039,PSS009880,prevalent ischemic stroke cases,African,Train: Multi incl. EUR,0.547,1691,1743,3434,0.5277190490543394,0.5661409489456629
PPM014744,PGS002725,PSS009875,prevalent ischemic stroke cases,East Asian,Train: Multi incl. EUR,0.653,1470,40459,41929,0.637367813682137,0.6683090055754074
PPM014745,PGS002724,PSS009875,prevalent ischemic stroke cases,East Asian,Train: Multi incl. EUR,0.643,1470,40459,41929,0.6273462787153787,0.6583542649723402
PPM014746,PGS000039,PSS009875,prevalent ischemic stroke cases,East Asian,Train: Multi incl. EUR,0.641,1470,40459,41929,0.6253430868995629,0.656362162215232
PPM014747,PGS002725,PSS009881,prevalent ischemic stroke cases,East Asian,Train: Multi incl. EUR,0.765,1399,86283,87682,0.7500042985677433,0.779360820042038
PPM014748,PGS000039,PSS009881,prevalent ischemic stroke cases,East Asian,Train: Multi incl. EUR,0.763,1399,86283,87682,0.7479746739319048,0.7773961348230433
PPM014905,PGS000013,PSS009922,Coronary artery disease in childhood cancer survivors aged <10 years at diagnosis and treated with >25 Gy,European,Train: Multi incl. EUR,0.714,120,1999,2119,0.6581865446392786,0.7639680957632478
PPM014916,PGS002745,PSS009930,Rheumatoid arthritis,European,Train: Multi excl. EUR,0.66,894,2993,3887,0.6383184036608055,0.6810313389397445
PPM014917,PGS002745,PSS009929,Rheumatoid arthritis,East Asian,Train: Multi excl. EUR,0.66,1378,20326,21704,0.6437109560589135,0.6759192620389655
PPM015602,PGS002814,PSS009995,Atrial fibrillation,East Asian,Train: Multi excl. EUR,0.74,2953,21194,24147,0.7291985291382092,0.7505180357110478
PPM016255,PGS003380,PSS010074,breast cancer,European,Train: European-only,0.696,11469,142892,154361,0.69045745517463,0.7014862089814179
PPM016256,PGS003381,PSS010086,uterine endometrial carcinoma,European,Train: European-only,0.761,1587,142892,144479,0.7468993975385293,0.7745521562823214
PPM016257,PGS003382,PSS010085,skin cutaneous melanoma,European,Train: European-only,0.682,4242,269544,273786,0.6729677064995931,0.6908974122314998
PPM016258,PGS003383,PSS010084,prostate adenocarcinoma,European,Train: European-only,0.813,7100,126652,133752,0.8067893821357145,0.8190557556960322
PPM016259,PGS003384,PSS010078,glioblastoma,European,Train: Multi excl. EUR,0.758,262,269544,269806,0.7223317436234419,0.7904158525875978
PPM016260,PGS003385,PSS010083,ovarian serous carcinoma,European,Train: European-only,0.717,367,142892,143259,0.6862738938311325,0.7458313364341028
PPM016261,PGS003386,PSS010076,colorectal cancer,European,Train: Multi incl. EUR,0.724,4525,269544,274069,0.7154429834884151,0.7323959436949318
PPM016262,PGS003387,PSS010077,esophageal adenocarcinoma,European,Train: European-only,0.819,482,269544,270026,0.794774843926758,0.8409378759200186
PPM016263,PGS003388,PSS010077,esophageal adenocarcinoma,European,Train: European-only,0.814,482,269544,270026,0.7895925620306015,0.8361636314350858
PPM016264,PGS003389,PSS010075,cervical cancer,European,Train: European-only,0.563,1482,142892,144374,0.5477224663416448,0.5781589288009686
PPM016265,PGS003390,PSS010079,head and neck squamous cell carcinoma,European,Train: Multi excl. EUR,0.672,689,269544,270233,0.6493845492647755,0.6938444381749207
PPM016266,PGS003391,PSS010081,lung cancer,European,Train: European-only,0.729,1996,269544,271540,0.7161298152626543,0.7414973041457837
PPM016267,PGS003392,PSS010082,lung squamous cell carcinoma,European,Train: European-only,0.778,510,269544,270054,0.7532184492023304,0.8009506465770014
PPM016268,PGS003393,PSS010080,lung adenocarcinoma,European,Train: European-only,0.743,868,269544,270412,0.7235509263614058,0.7615317357093025
PPM016269,PGS002250,PSS010091,Epithelial non-mucinous ovarian cancer,European,Train: European-only,0.588,657,198101,198758,0.564892771759518,0.6107257202520578
PPM016270,PGS002250,PSS010087,Epithelial non-mucinous ovarian cancer in BRCA1 carriers,European,Train: European-only,0.592,2053,16862,18915,0.5783676657482754,0.6054922176749407
PPM016271,PGS002250,PSS010088,Epithelial non-mucinous ovarian cancer in BRCA2 carriers,European,Train: European-only,0.624,717,11620,12337,0.6012922939540495,0.6461754447960236
PPM016272,PGS002250,PSS010090,Epithelial non-mucinous ovarian cancer,East Asian,Train: European-only,0.538,2841,4828,7669,0.5245559418951902,0.5513890193637365
PPM016274,PGS003394,PSS010091,Epithelial non-mucinous ovarian cancer,European,Train: European-only,0.595,657,198101,198758,0.5718521176943767,0.6177329768107886
PPM016275,PGS003394,PSS010090,Epithelial non-mucinous ovarian cancer,East Asian,Train: European-only,0.542,2841,4828,7669,0.5285543612176374,0.5553847403780907
PPM016277,PGS003395,PSS010093,Incident colorectal cancer,East Asian,Train: Multi incl. EUR,0.646,727,1452,2179,0.6204614288593001,0.6707320715327584
PPM016278,PGS003395,PSS010092,Incident colorectal cancer,European,Train: Multi incl. EUR,0.608,1289,1284,2573,0.58613068740494,0.6294442910649074
PPM017073,PGS003420,PSS010115,Ankylosing spondylitis,East Asian,Train: East Asian-only,0.7886,185,1112,1298,0.745447493574406,0.826143281868898
PPM017074,PGS003421,PSS010115,Ankylosing spondylitis,East Asian,Train: East Asian-only,0.7876,185,1112,1298,0.744398705893312,0.8252139618976571
PPM017075,PGS003422,PSS010115,Ankylosing spondylitis,East Asian,Train: East Asian-only,0.7876,185,1112,1298,0.744398705893312,0.8252139618976571
PPM017076,PGS003423,PSS010115,Ankylosing spondylitis,East Asian,Train: East Asian-only,0.7754,185,1112,1298,0.7316350385248913,0.8138437482897446
PPM017077,PGS003424,PSS010115,Ankylosing spondylitis,East Asian,Train: East Asian-only,0.7605,185,1112,1298,0.7161225381973351,0.7998787574180178
PPM017182,PGS003443,PSS010157,type 2 diabetes,Hispanic or Latin American,Train: Multi incl. EUR,0.7475,399,1085,1484,0.7161130994496737,0.776499772877453
PPM017183,PGS003444,PSS010157,type 2 diabetes,Hispanic or Latin American,Train: Multi excl. EUR,0.7475,399,1085,1484,0.7161130994496737,0.776499772877453
PPM017184,PGS003445,PSS010157,type 2 diabetes,Hispanic or Latin American,Train: Multi excl. EUR,0.7475,399,1085,1484,0.7161130994496737,0.776499772877453
PPM017213,PGS003447,PSS010171,Endometriosis,European,Train: Multi incl. EUR,0.57,2967,256222,259189,0.5591831812541416,0.5807503972290968
PPM017215,PGS003447,PSS010170,Adenomyosis,European,Train: Multi incl. EUR,0.52,1883,256222,258105,0.5067443600464225,0.5332275406720679
PPM017220,PGS003447,PSS010172,Infiltrating endometriosis,European,Train: Multi incl. EUR,0.55,105,256222,256327,0.4929006886678215,0.6058117112210701
PPM017221,PGS003447,PSS010174,Ovarian endometriosis,European,Train: Multi incl. EUR,0.6,1158,256222,257380,0.5825729365947822,0.6171776007901187
PPM017222,PGS003447,PSS010175,Peritoneal endometriosis,European,Train: Multi incl. EUR,0.56,736,256222,256958,0.538387542598039,0.5813873438992194
PPM017223,PGS003447,PSS010173,Endometriosis - other subtype,European,Train: Multi incl. EUR,0.55,968,256222,257190,0.5312381758194572,0.5686206695429314
PPM017412,PGS003486,PSS010186,Paradoxical eczema in biologic-treated  psoriasis,European,Train: European-only,0.567,88,3124,3212,0.5032418213919675,0.6286140563437609
PPM017413,PGS003458,PSS010186,Paradoxical eczema in biologic-treated  psoriasis,European,Train: European-only,0.583,88,3124,3212,0.5187471864377025,0.6445523384152649
PPM017414,PGS003459,PSS010186,Paradoxical eczema in biologic-treated  psoriasis,European,Train: European-only,0.585,88,3124,3212,0.5206908820942244,0.6465379640726817
PPM018508,PGS003749,PSS011001,Type 1 diabetes with age of diagnosis under 25,European,Train: European-only,0.797,198,119075,119273,0.7571196841576286,0.8317869279405035
PPM018509,PGS003750,PSS010999,Type 1 diabetes,European,Train: European-only,0.64,953,119075,120028,0.6206975699227113,0.6588600153392
PPM018510,PGS003751,PSS011003,Type 2 diabetes with age of diagnosis over 45,European,Train: European-only,0.596,3069,119075,122144,0.5852418604841253,0.6066666359019219
PPM018511,PGS003752,PSS011002,Type 2 diabetes,European,Train: European-only,0.578,6114,119075,125189,0.5703351491664922,0.5856274597593597
PPM018512,PGS003749,PSS011000,Discrimination of Type 1 diabetes from Type 2 diabetes,European,Train: European-only,0.792,953,6114,7067,0.7738029773136985,0.8090942769127274
PPM018513,PGS003751,PSS011000,Discrimination of Type 1 diabetes from Type 2 diabetes,European,Train: European-only,0.527,953,6114,7067,0.5070392790873192,0.5468747798827985
PPM018514,PGS003749,PSS010998,Discrimination of Type 1 diabetes from Type 2 diabetes,European,Train: European-only,0.686,1070,1424,2494,0.6643181259750915,0.706899313366703
PPM018668,PGS002265,PSS011061,Colorectal cancer,European,Train: European-only,0.591,573,37641,38214,0.5661091662034988,0.6154329286023276
PPM018751,PGS003861,PSS011090,Pulmonary embolism,East Asian,Train: East Asian-only,0.765,646,8810,9456,0.742429429671748,0.7861624035406696
PPM019134,PGS003972,PSS011199,Abdominal aortic aneurysm,European,Train: Multi incl. EUR,0.69,1130,5810,6940,0.6715357798790621,0.7078777882433669
PPM019135,PGS003972,PSS011197,Abdominal aortic aneurysm,European,Train: Multi incl. EUR,0.66,1887,5437,7324,0.644949566282892,0.6747342039001057
PPM019136,PGS003972,PSS011198,Abdominal aortic aneurysm,European,Train: Multi incl. EUR,0.64,663,3105,3768,0.6152305836606968,0.6640456023210504
PPM020258,PGS004237,PSS011313,Prevalent Coronary Artery Disease,European,Train: Multi incl. EUR,0.766,32475,370947,403422,0.762895693357038,0.7690759657768292
PPM020259,PGS004237,PSS011313,Prevalent Myocardial Infarction,European,Train: Multi incl. EUR,0.772,32475,370947,403422,0.7689179365506149,0.7750529822305766
PPM020260,PGS004237,PSS011313,Prevalent Myocardial Infarction and Coronary Revascularization procedure,European,Train: Multi incl. EUR,0.789,32475,370947,403422,0.7859867681033308,0.7919820348380624
PPM020323,PGS004255,PSS011342,Rheumatoid arthritis,European,Train: European-only,0.66208527990545,1563,65865,67428,0.6470168579207842,0.6768317373784167
PPM020324,PGS004256,PSS011342,Rheumatoid arthritis,European,Train: European-only,0.662123906579303,1563,65865,67428,0.6470556093016293,0.67687015188942
PPM020325,PGS004257,PSS011342,Rheumatoid arthritis,European,Train: European-only,0.660865982537907,1563,65865,67428,0.6457936954661315,0.675619063394188
PPM020326,PGS004258,PSS011342,Rheumatoid arthritis,European,Train: European-only,0.66389958735560906,1563,65865,67428,0.6488371732915869,0.678635924145313
PPM020327,PGS004259,PSS011342,Rheumatoid arthritis,European,Train: European-only,0.661284309464302,1563,65865,67428,0.646213332862823,0.6760351340248498
PPM020328,PGS004260,PSS011347,Psoriasis,European,Train: European-only,0.669081275537859,1277,66151,67428,0.6524420520381269,0.6853081238510547
PPM020329,PGS004261,PSS011347,Psoriasis,European,Train: European-only,0.677223091560755,1277,66151,67428,0.6606206082646581,0.6933903384553459
PPM020330,PGS004262,PSS011347,Psoriasis,European,Train: European-only,0.669162702162148,1277,66151,67428,0.6525238115761466,0.6853889901449326
PPM020331,PGS004263,PSS011347,Psoriasis,European,Train: European-only,0.672053587040788,1277,66151,67428,0.6554269660410774,0.688259515460495
PPM020332,PGS004264,PSS011347,Psoriasis,European,Train: European-only,0.668416710696548,1277,66151,67428,0.6517747960147707,0.6846481053308929
PPM020333,PGS004265,PSS011346,Gout,European,Train: European-only,0.797531686126722,1848,65580,67428,0.784985177367145,0.8095237296812419
PPM020334,PGS004266,PSS011346,Gout,European,Train: European-only,0.798325365800205,1848,65580,67428,0.7857927775938477,0.8103017238728099
PPM020335,PGS004267,PSS011346,Gout,European,Train: European-only,0.796919743111417,1848,65580,67428,0.7843625604041833,0.8089238205649601
PPM020336,PGS004268,PSS011346,Gout,European,Train: European-only,0.797830047798597,1848,65580,67428,0.7852887619151889,0.8098162051463337
PPM020337,PGS004269,PSS011346,Gout,European,Train: European-only,0.798699446266349,1848,65580,67428,0.786173449250658,0.8106683808663702
PPM020338,PGS004270,PSS011341,Inflammatory bowel disease,European,Train: European-only,0.57092809364795,763,66665,67428,0.5495377726037879,0.5920567018807851
PPM020339,PGS004271,PSS011341,Inflammatory bowel disease,European,Train: European-only,0.57757519626064,763,66665,67428,0.5561381026447452,0.5987239887012633
PPM020340,PGS004272,PSS011341,Inflammatory bowel disease,European,Train: European-only,0.58325712402312,763,66665,67428,0.5617840276846703,0.6044189265452036
PPM020341,PGS004273,PSS011341,Inflammatory bowel disease,European,Train: European-only,0.588726225364022,763,66665,67428,0.5672219666488838,0.6098968308308431
PPM020342,PGS004274,PSS011341,Inflammatory bowel disease,European,Train: European-only,0.587903583565998,763,66665,67428,0.5664037922612662,0.6090730990404872
PPM020343,PGS004275,PSS011344,Asthma,European,Train: European-only,0.613002023210023,9565,57863,67428,0.6066108185055027,0.6193545489558008
PPM020344,PGS004276,PSS011344,Asthma,European,Train: European-only,0.608934108369735,9565,57863,67428,0.6025406786093487,0.6152903582062467
PPM020345,PGS004277,PSS011344,Asthma,European,Train: European-only,0.608623557244499,9565,57863,67428,0.6022299816403655,0.6149800670719365
PPM020346,PGS004278,PSS011344,Asthma,European,Train: European-only,0.610568197846493,9565,57863,67428,0.6041755915708422,0.6169230228839111
PPM020347,PGS004279,PSS011344,Asthma,European,Train: European-only,0.612619379197861,9565,57863,67428,0.6062279402357704,0.6189722805073439
PPM020348,PGS004280,PSS011345,All-cause dementia,European,Train: European-only,0.819260819569429,1001,66427,67428,0.8026650893230587,0.8347482033208175
PPM020349,PGS004281,PSS011345,All-cause dementia,European,Train: European-only,0.818965564821918,1001,66427,67428,0.8023618148494455,0.8344622049910086
PPM020350,PGS004282,PSS011345,All-cause dementia,European,Train: European-only,0.818370039793557,1001,66427,67428,0.8017501696863837,0.8338852935055565
PPM020351,PGS004283,PSS011345,All-cause dementia,European,Train: European-only,0.81816338026915,1001,66427,67428,0.8015379334623228,0.8336850756378151
PPM020352,PGS004284,PSS011345,All-cause dementia,European,Train: European-only,0.818864171341326,1001,66427,67428,0.802257671529041,0.834363985968196
PPM020353,PGS004285,PSS011336,Alzheimer's disease,European,Train: European-only,0.833604804388662,437,66991,67428,0.8086831042209088,0.8558587493457962
PPM020354,PGS004286,PSS011336,Alzheimer's disease,European,Train: European-only,0.832096831751059,437,66991,67428,0.8071095787103374,0.8544310047139969
PPM020355,PGS004287,PSS011336,Alzheimer's disease,European,Train: European-only,0.831790820495816,437,66991,67428,0.8067903597199444,0.8541411767151266
PPM020356,PGS004288,PSS011336,Alzheimer's disease,European,Train: European-only,0.830039705801527,437,66991,67428,0.804964275815456,0.8524820421652693
PPM020357,PGS004289,PSS011336,Alzheimer's disease,European,Train: European-only,0.831624672285122,437,66991,67428,0.8066170537387631,0.8539838014767126
PPM020358,PGS004290,PSS011337,Atrial fibrillation,European,Train: European-only,0.757529855409768,5085,62343,67428,0.7495678862097853,0.7653179440876129
PPM020359,PGS004291,PSS011337,Atrial fibrillation,European,Train: European-only,0.755659353759771,5085,62343,67428,0.7476820595271205,0.7634642265237533
PPM020360,PGS004292,PSS011337,Atrial fibrillation,European,Train: European-only,0.755911284150703,5085,62343,67428,0.7479360399027494,0.7637139105475367
PPM020361,PGS004293,PSS011337,Atrial fibrillation,European,Train: European-only,0.756271477846154,5085,62343,67428,0.7482991721353065,0.7640708848597598
PPM020362,PGS004294,PSS011337,Atrial fibrillation,European,Train: European-only,0.756480203541699,5085,62343,67428,0.7485096047584275,0.7642777408441603
PPM020363,PGS004295,PSS011338,Breast cancer,European,Train: European-only,0.641234354186233,2964,33416,36380,0.6300479987092465,0.652269145869414
PPM020364,PGS004296,PSS011338,Breast cancer,European,Train: European-only,0.640366693232362,2964,33416,36380,0.6291787263014533,0.6514041295579096
PPM020365,PGS004297,PSS011338,Breast cancer,European,Train: European-only,0.641186643561215,2964,33416,36380,0.6300001981895498,0.6522215819807152
PPM020366,PGS004298,PSS011338,Breast cancer,European,Train: European-only,0.641685169362975,2964,33416,36380,0.6304996706823288,0.6527185669894544
PPM020367,PGS004299,PSS011338,Breast cancer,European,Train: European-only,0.63627332757272,2964,33416,36380,0.6250784230897605,0.6473225605820677
PPM020368,PGS004300,PSS011340,Colorectal cancer,European,Train: European-only,0.668605570296458,1306,66122,67428,0.6521500860799803,0.6846590178140661
PPM020369,PGS004301,PSS011340,Colorectal cancer,European,Train: European-only,0.667467835107159,1306,66122,67428,0.6510078521336926,0.6835288844065728
PPM020370,PGS004302,PSS011340,Colorectal cancer,European,Train: European-only,0.666583998542209,1306,66122,67428,0.6501206128032987,0.6826508578871112
PPM020371,PGS004303,PSS011340,Colorectal cancer,European,Train: European-only,0.669449513551751,1306,66122,67428,0.652997452744282,0.6854972328603759
PPM020372,PGS004304,PSS011340,Colorectal cancer,European,Train: European-only,0.66807429447437,1306,66122,67428,0.6516166929054753,0.684131308919104
PPM020373,PGS004305,PSS011339,Coronary artery disease,European,Train: European-only,0.755312829423568,4575,62853,67428,0.7469112564308008,0.763523803743424
PPM020374,PGS004306,PSS011339,Coronary artery disease,European,Train: European-only,0.756192423661107,4575,62853,67428,0.7477983038463171,0.7643951831505433
PPM020375,PGS004307,PSS011339,Coronary artery disease,European,Train: European-only,0.756690725753621,4575,62853,67428,0.748300853224085,0.7648888062168493
PPM020376,PGS004308,PSS011339,Coronary artery disease,European,Train: European-only,0.754539288872405,4575,62853,67428,0.7461312076949179,0.7627574407212113
PPM020377,PGS004309,PSS011339,Coronary artery disease,European,Train: European-only,0.757187523772834,4575,62853,67428,0.7488019037226736,0.7653809211359746
PPM020378,PGS004310,PSS011343,Type 2 diabetes,European,Train: European-only,0.702952274108998,5089,62339,67428,0.6946396619333319,0.7111327003345759
PPM020379,PGS004311,PSS011343,Type 2 diabetes,European,Train: European-only,0.700671791608084,5089,62339,67428,0.6923483631992451,0.7088647244710392
PPM020380,PGS004312,PSS011343,Type 2 diabetes,European,Train: European-only,0.701100686577111,5089,62339,67428,0.6927792694833718,0.7092912905053531
PPM020381,PGS004313,PSS011343,Type 2 diabetes,European,Train: European-only,0.702280100459593,5089,62339,67428,0.6939642689632882,0.7104642446589365
PPM020382,PGS004314,PSS011343,Type 2 diabetes,European,Train: European-only,0.70377765200184506,5089,62339,67428,0.6954690287142208,0.7119534765691645
PPM020700,PGS004585,PSS011368,Gestational Thrombocytopenia,East Asian,Train: East Asian-only,0.636,97,839,936,0.5719935786481387,0.695529627313008
PPM020722,PGS004592,PSS011383,Keratinocyte cancer,European,Train: European-only,0.74,432,566,998,0.7071858720987514,0.7703310809883163
PPM020767,PGS004606,PSS011398,Age-related macular degeneration,European,Train: European-only,0.71,32567,130444,163011,0.7066049136668643,0.7133717357731657
PPM020768,PGS004607,PSS011398,Age-related macular degeneration,European,Train: African-only,0.65,32567,130444,163011,0.6464835459767846,0.6535002232004172
PPM020784,PGS000765,PSS011409,Familial / early-onset colorectal cancer,European,Train: Multi incl. EUR,0.833,417,1642,2059,0.8063884876580071,0.8566042426124868
PPM020785,PGS000765,PSS011409,Familial / early-onset colorectal cancer,European,Train: Multi incl. EUR,0.905,417,1642,2059,0.8832117806224923,0.923077394854751
PPM020792,PGS004615,PSS011417,Type 2 diabetes,East Asian,Train: East Asian-only,0.657,6000,20000,26000,0.6486907525307526,0.6652141444753101
PPM020793,PGS004615,PSS011417,Type 2 diabetes,East Asian,Train: East Asian-only,0.639,6000,20000,26000,0.6306319873028974,0.6472844670854037
PPM020794,PGS004615,PSS011417,Type 2 diabetes,East Asian,Train: East Asian-only,0.679,6000,20000,26000,0.6707843048030891,0.6871063057270769
PPM020795,PGS004616,PSS011417,Type 2 diabetes,East Asian,Train: East Asian-only,0.617,6000,20000,26000,0.6085811106262226,0.6253492850830477
PPM020796,PGS004616,PSS011417,Type 2 diabetes,East Asian,Train: East Asian-only,0.653,6000,20000,26000,0.6446763333302977,0.6612311428424743
PPM020797,PGS004617,PSS011417,Type 2 diabetes,East Asian,Train: East Asian-only,0.632,6000,20000,26000,0.6236133337703894,0.6403075796301807
PPM020798,PGS004617,PSS011417,Type 2 diabetes,East Asian,Train: East Asian-only,0.67,6000,20000,26000,0.6617430865996511,0.6781533882129502
PPM020799,PGS004618,PSS011416,Type 2 diabetes,East Asian,Train: East Asian-only,0.661,11236,21860,33096,0.6546104699124227,0.6673313970278906
PPM020800,PGS004618,PSS011416,Type 2 diabetes,East Asian,Train: East Asian-only,0.649,11236,21860,33096,0.642566023148484,0.6553802757255033
PPM020801,PGS004618,PSS011416,Type 2 diabetes,East Asian,Train: East Asian-only,0.693,11236,21860,33096,0.686755759916894,0.6991742909433725
PPM020802,PGS004619,PSS011416,Type 2 diabetes,East Asian,Train: East Asian-only,0.625,11236,21860,33096,0.6184929408044527,0.6314622059087399
PPM020803,PGS004619,PSS011416,Type 2 diabetes,East Asian,Train: East Asian-only,0.659,11236,21860,33096,0.6526026895621174,0.6653399162030906
PPM020804,PGS004620,PSS011416,Type 2 diabetes,East Asian,Train: East Asian-only,0.636,11236,21860,33096,0.6295238527299092,0.64242724243456
PPM020805,PGS004620,PSS011416,Type 2 diabetes,East Asian,Train: East Asian-only,0.682,11236,21860,33096,0.6757013351998173,0.6882327747530783
PPM020806,PGS004621,PSS011418,Cirrhosis,European,Train: European-only,0.68,12910,1141085,1153995,0.6748415657018968,0.6851147838408372
PPM020872,PGS004687,PSS011431,Bladder cancer,European,Train: European-only,0.5582,257,40514,40771,0.5215127197166634,0.5942628089518007
PPM020873,PGS004688,PSS011432,Breast cancer,European,Train: European-only,0.665,817,20432,21249,0.6439828047846997,0.6853826212076956
PPM020874,PGS004689,PSS011433,Colorectal cancer,European,Train: European-only,0.556,519,40129,40648,0.5301781798574497,0.5815228170227854
PPM020875,PGS004690,PSS011434,Kidney cancer,European,Train: European-only,0.5644,158,40683,40841,0.5174524372385392,0.6102205867186118
PPM020876,PGS004691,PSS011435,Lung cancer,European,Train: European-only,0.6178,439,40411,40850,0.5892312515522071,0.6455769538546473
PPM020877,PGS004692,PSS011436,Ovarian cancer,European,Train: European-only,0.5298,110,21915,22025,0.47464241994344936,0.584239176568055
PPM020878,PGS004693,PSS011437,Pancreatic cancer,European,Train: European-only,0.5426,134,40743,40877,0.4922368283734482,0.5921072276808966
PPM020879,PGS004694,PSS011438,Prostate cancer,European,Train: European-only,0.6894,905,17609,18514,0.6695252626444347,0.7085996920806483
PPM020903,PGS004697,PSS011448,Incident coronary heart disease,European,Train: Multi incl. EUR,0.773,4970,47732,52702,0.7650461613201196,0.7807617405264295
PPM020904,PGS004696,PSS011448,Incident coronary heart disease,European,Train: Multi incl. EUR,0.774,4970,47732,52702,0.7660558629762767,0.781751229797029
PPM020907,PGS004697,PSS011449,Incident coronary heart disease,Hispanic or Latin American,Train: Multi incl. EUR,0.708,314,5824,6138,0.674096143023327,0.7397385783057099
PPM020908,PGS004696,PSS011449,Incident coronary heart disease,Hispanic or Latin American,Train: Multi incl. EUR,0.706,314,5824,6138,0.6720669325934671,0.7377917421854601
PPM020909,PGS004697,PSS011447,Incident coronary heart disease,East Asian,Train: Multi incl. EUR,0.756,6321,16430,22751,0.7483897380855364,0.7634528348346559
PPM020910,PGS004696,PSS011447,Incident coronary heart disease,East Asian,Train: Multi incl. EUR,0.762,6321,16430,22751,0.7544482563727573,0.7693904862435694
PPM020911,PGS004697,PSS011450,Incident coronary heart disease,South Asian,Train: Multi incl. EUR,0.803,517,8661,9178,0.7788401494360807,0.8251132302329542
PPM020912,PGS004696,PSS011450,Incident coronary heart disease,South Asian,Train: Multi incl. EUR,0.803,517,8661,9178,0.7788401494360807,0.8251132302329542
PPM020913,PGS004698,PSS011448,Incident coronary heart disease,European,Train: Multi incl. EUR,0.773,4970,47732,52702,0.7650461613201196,0.7807617405264295
PPM020915,PGS004698,PSS011449,Incident coronary heart disease,Hispanic or Latin American,Train: Multi incl. EUR,0.699,314,5824,6138,0.6649718219703824,0.7309702769478457
PPM020916,PGS004698,PSS011447,Incident coronary heart disease,East Asian,Train: Multi incl. EUR,0.748,6321,16430,22751,0.7403152143741555,0.755532468540289
PPM020917,PGS004698,PSS011450,Incident coronary heart disease,South Asian,Train: Multi incl. EUR,0.786,517,8661,9178,0.7613117372584134,0.8087760807087931
PPM020919,PGS004699,PSS011452,Multiple sclerosis,European,Train: Multi excl. EUR,0.744,1903,97320,99223,0.7309223991108148,0.756653616687266
PPM020923,PGS004700,PSS011452,Multiple sclerosis,European,Train: European-only,0.744,1903,97320,99223,0.7309223991108148,0.756653616687266
PPM021084,PGS004859,PSS011513,Glucocorticoid-induced hyperglycemia,African,Train: Multi incl. EUR,0.68,2,4,6,0.17155685581544666,0.956151551116518
PPM021092,PGS004861,PSS011521,Dilated cardiomyopathy,European,Train: European-only,0.7,755,346830,347585,0.6786015402106752,0.7205604375124467
PPM021093,PGS004862,PSS011521,Dilated cardiomyopathy,European,Train: European-only,0.71,755,346830,347585,0.6886959553289913,0.7304168014041588
PPM021124,PGS000024,PSS011531,Type 1 diabetes,European,Train: European-only,0.87,3299,6166,9465,0.861440632194736,0.8781054393934686
PPM021125,PGS000024,PSS011532,Type 1 diabetes,European,Train: European-only,0.862,3293,6157,9450,0.8532161437793205,0.8703380930637662
PPM021127,PGS000126,PSS011534,Gout,European,Train: European-only,0.804,561,11603,12164,0.7809281374830563,0.8251859479491492
PPM021296,PGS000013,PSS011679,Myocardial injury following non cardiac surgery,European,Train: Multi incl. EUR,0.72,382,80483,80865,0.6899268435184367,0.748220856376709
PPM021297,PGS000013,PSS011679,Myocardial injury following non cardiac surgery,European,Train: Multi incl. EUR,0.793,382,80483,80865,0.7646500702636152,0.8187444391677947
PPM021298,PGS000013,PSS011679,Myocardial injury following non cardiac surgery,European,Train: Multi incl. EUR,0.912,382,80483,80865,0.8902918610871957,0.9297516420530829
PPM021299,PGS000013,PSS011679,Myocardial injury following non cardiac surgery,European,Train: Multi incl. EUR,0.921,382,80483,80865,0.9001142373165696,0.9378203040155237
PPM021366,PGS004910,PSS011704,Hypertrophic cardiomyopathy,European,Train: European-only,0.73,366,342816,343182,0.6994497474930116,0.7585170064208675
PPM021367,PGS004911,PSS011704,Hypertrophic cardiomyopathy,European,Train: European-only,0.8,366,342816,343182,0.7712721743538562,0.8259339754294606
PPM021368,PGS004912,PSS011706,Colorectal advanced neoplasm,East Asian,Train: Multi incl. EUR,0.591,672,1672,2344,0.5647921645537369,0.6167006854132968
PPM021369,PGS004912,PSS011706,Colorectal non-advanced adenoma,East Asian,Train: Multi incl. EUR,0.556,672,1672,2344,0.5298127109788039,0.581879812521603
PPM021370,PGS004912,PSS011705,Colorectal advanced neoplasm,European,Train: Multi incl. EUR,0.582,6609,17713,24322,0.5737573310171373,0.5901971205162297
PPM021371,PGS004912,PSS011705,Colorectal non-advanced adenoma,European,Train: Multi incl. EUR,0.546,6609,17713,24322,0.5377616154158167,0.5542132716429489
PPM021384,PGS004918,PSS011719,Late-onset Alzheimer's disease,European,Train: European-only,0.731,56,80,136,0.6345352896396057,0.8096412778821391
PPM021730,PGS004938,PSS011763,Severe COVID-19 course,European,Train: Multi incl. EUR,0.6,724,6400,7124,0.5770225599222778,0.6225457373044545
PPM021759,PGS004952,PSS011783,Early age-related macular degeneration (Clinical Classification),European,Train: European-only,0.642,510,1065,1575,0.6115463363248205,0.67134923758781
PPM021760,PGS004952,PSS011784,Intermediate age-related macular degeneration (Clinical Classification),European,Train: European-only,0.733,446,1065,1511,0.7026291498721808,0.7613226978244136
PPM021761,PGS004952,PSS011785,Late age-related macular degeneration (Clinical Classification),European,Train: European-only,0.8420000000000001,167,1065,1232,0.79986085408672,0.8766351906702154
PPM021762,PGS004952,PSS011786,Mild early age-related macular degeneration (3CACSS),European,Train: European-only,0.599,203,1577,1780,0.5550774415646751,0.6413878597767037
PPM021763,PGS004952,PSS011787,Moderate early age-related macular degeneration (3CACSS),European,Train: European-only,0.763,119,1577,1696,0.7081793723073533,0.8102810955792189
PPM021764,PGS004952,PSS011788,Severe early age-related macular degeneration (3CACSS),European,Train: European-only,0.8095,122,1577,1699,0.7577329219752452,0.8523608595519729
PPM022167,PGS005087,PSS011826,Epithelial ovarian cancer,European,Train: Multi incl. EUR,0.603,848,244529,245377,0.5826104304680589,0.6230379915670166
PPM022168,PGS005088,PSS011826,Epithelial ovarian cancer,European,Train: Multi incl. EUR,0.604,848,244529,245377,0.5836069055313423,0.6240377389568962
PPM022169,PGS005089,PSS011826,Epithelial ovarian cancer,European,Train: Multi incl. EUR,0.603,848,244529,245377,0.5826104304680589,0.6230379915670166
PPM022177,PGS005090,PSS011829,Chronic kidney disease,African,Train: African-only,0.9,103,1759,67819,0.8521505647970998,0.9335708164703839
PPM022178,PGS005091,PSS011830,Prevalent coronary heart disease,European,Train: Multi incl. EUR,0.776,11344,89149,100493,0.770752095594436,0.7811618797121506
PPM022179,PGS005091,PSS011832,Prevalent coronary heart disease,European,Train: Multi incl. EUR,0.8,8137,25577,33714,0.7937993129327454,0.8060597815335588
PPM022180,PGS005091,PSS011831,Prevalent coronary heart disease,European,Train: Multi incl. EUR,0.791,6761,21323,28084,0.7840887885145826,0.7977470510874266
PPM022181,PGS005092,PSS011830,Prevalent coronary heart disease,European,Train: Multi incl. EUR,0.774,11344,89149,100493,0.7687386519834508,0.7791760330492095
PPM022182,PGS005092,PSS011832,Prevalent coronary heart disease,European,Train: Multi incl. EUR,0.801,8137,25577,33714,0.7948100468775294,0.807048553011558
PPM022183,PGS005092,PSS011831,Prevalent coronary heart disease,European,Train: Multi incl. EUR,0.793,6761,21323,28084,0.7861110561491829,0.799723592364318
PPM022475,PGS005170,PSS011955,Incident all-cause dementia,European,Train: Multi incl. EUR,0.756,361,3341,3702,0.7250048247961616,0.7845398755127923
PPM022482,PGS005170,PSS011966,Incident all-cause dementia,European,Train: Multi incl. EUR,0.761,284,1748,2032,0.7256106372544189,0.7931263274649311
PPM022989,PGS005282,PSS012087,IgA nephropathy,East Asian,Train: Multi incl. EUR,0.59,3365,8842,12207,0.578417926194362,0.6014831086213357
PPM022990,PGS005283,PSS012087,IgA nephropathy,East Asian,Train: Multi incl. EUR,0.63,3365,8842,12207,0.6185179831699548,0.6413368254895125
PPM022991,PGS005284,PSS012087,IgA nephropathy,East Asian,Train: Multi incl. EUR,0.63,3365,8842,12207,0.6185179831699548,0.6413368254895125
PPM023036,PGS005314,PSS012101,T2D,African,Train: African-only,0.74,402,1494,1896,0.7091776846729292,0.7686214519187737
PPM023037,PGS005314,PSS012102,T2D,African,Train: African-only,0.63,300,355,655,0.5862065200271288,0.6717539141520485
PPM023038,PGS005314,PSS012100,T2D,African,Train: African-only,0.74,1235,3489,4724,0.7223603463485149,0.7568960993705115
PPM023074,PGS005323,PSS012111,incident idiopathic pulmonary fibrosis cases,European,Train: European-only,0.77,237,44782,45019,0.7327346814678407,0.8034630281957746
PPM023078,PGS005103,PSS012129,Obesity (BMI≥25),East Asian,Train: Multi incl. EUR,0.729023652365236,404,900,1304,0.6967372197042139,0.7590614186570529
PPM023079,PGS005331,PSS012132,Obesity (BMI≥30),European,Train: Multi incl. EUR,0.727728176155939,8689,25934,34623,0.7211075712859725,0.734249535559378
PPM023080,PGS005332,PSS012135,Obesity (BMI≥30),South Asian,Train: Multi incl. EUR,0.726748449438854,1517,5088,6605,0.7108569704028331,0.7420834162209065
PPM023086,PGS005338,PSS012129,Obesity (BMI≥25),East Asian,Train: Multi incl. EUR,0.730742574257426,404,900,1304,0.6985064630971373,0.7607127013192854
PPM023087,PGS005339,PSS012132,Obesity (BMI≥30),European,Train: Multi incl. EUR,0.724897588993824,8689,25934,34623,0.7182588775359237,0.7314383612490545
PPM023088,PGS005340,PSS012135,Obesity (BMI≥30),South Asian,Train: Multi incl. EUR,0.726332047072383,1517,5088,6605,0.7104347325387238,0.7416739438982055
PPM023118,PGS005334,PSS012130,Type 2 diabetes (T2D),East Asian,Train: Multi incl. EUR,0.772223715020537,109,1195,1304,0.7149690055978615,0.820859190085812
PPM023119,PGS005335,PSS012133,Type 2 diabetes (T2D),European,Train: Multi incl. EUR,0.745493508581762,2724,31899,34623,0.7344355028228949,0.756243884995377
PPM023120,PGS005336,PSS012136,Type 2 diabetes (T2D),South Asian,Train: Multi incl. EUR,0.720068773052495,1722,4883,6605,0.7048963438207364,0.7347546623811976
PPM023122,PGS005342,PSS012130,Type 2 diabetes (T2D),East Asian,Train: Multi incl. EUR,0.777997005873095,109,1195,1304,0.7210161551031359,0.826146043067278
PPM023123,PGS005343,PSS012133,Type 2 diabetes (T2D),European,Train: Multi incl. EUR,0.734544774418561,2724,31899,34623,0.7233825038729255,0.745415139071518
PPM023124,PGS005344,PSS012136,Type 2 diabetes (T2D),South Asian,Train: Multi incl. EUR,0.715952831685363,1722,4883,6605,0.7007267423498137,0.7307019750395305
PPM023199,PGS005353,PSS012148,Type 2 diabetes,African,Train: African-only,0.68035189168604,5366,6986,12352,0.670684234293064,0.6898669756736229
PPM023200,PGS005354,PSS012148,Type 2 diabetes,African,Train: Multi excl. EUR,0.68035189168604,5366,6986,12352,0.670684234293064,0.6898669756736229
PPM023201,PGS005355,PSS012148,Type 2 diabetes,African,Train: Multi excl. EUR,0.68035189168604,5366,6986,12352,0.670684234293064,0.6898669756736229
PPM023202,PGS005356,PSS012148,Type 2 diabetes,African,Train: Multi incl. EUR,0.68035189168604,5366,6986,12352,0.670684234293064,0.6898669756736229
PPM023203,PGS005357,PSS012148,Type 2 diabetes,African,Train: Multi excl. EUR,0.68035189168604,5366,6986,12352,0.670684234293064,0.6898669756736229
PPM023204,PGS005353,PSS012153,Type 2 diabetes,African,Train: African-only,0.640334791595404,773,1509,2282,0.6154473490139132,0.664489622078354
PPM023205,PGS005354,PSS012153,Type 2 diabetes,African,Train: Multi excl. EUR,0.640334791595404,773,1509,2282,0.6154473490139132,0.664489622078354
PPM023206,PGS005355,PSS012153,Type 2 diabetes,African,Train: Multi excl. EUR,0.640334791595404,773,1509,2282,0.6154473490139132,0.664489622078354
PPM023207,PGS005356,PSS012153,Type 2 diabetes,African,Train: Multi incl. EUR,0.640334791595404,773,1509,2282,0.6154473490139132,0.664489622078354
PPM023208,PGS005357,PSS012153,Type 2 diabetes,African,Train: Multi excl. EUR,0.640334791595404,773,1509,2282,0.6154473490139132,0.664489622078354
PPM023209,PGS005353,PSS012162,Type 2 diabetes,African,Train: African-only,0.629241256929811,376,779,1155,0.5935020113362206,0.6636192205114785
PPM023210,PGS005354,PSS012162,Type 2 diabetes,African,Train: Multi excl. EUR,0.629241256929811,376,779,1155,0.5935020113362206,0.6636192205114785
PPM023211,PGS005355,PSS012162,Type 2 diabetes,African,Train: Multi excl. EUR,0.629241256929811,376,779,1155,0.5935020113362206,0.6636192205114785
PPM023212,PGS005356,PSS012162,Type 2 diabetes,African,Train: Multi incl. EUR,0.629241256929811,376,779,1155,0.5935020113362206,0.6636192205114785
PPM023213,PGS005357,PSS012162,Type 2 diabetes,African,Train: Multi excl. EUR,0.629241256929811,376,779,1155,0.5935020113362206,0.6636192205114785
PPM023249,PGS005358,PSS012151,Type 2 diabetes,Hispanic or Latin American,Train: Multi excl. EUR,0.765548748620214,3691,4917,8608,0.7550146547962656,0.7757644134062867
PPM023250,PGS005359,PSS012151,Type 2 diabetes,Hispanic or Latin American,Train: Multi excl. EUR,0.765548748620214,3691,4917,8608,0.7550146547962656,0.7757644134062867
PPM023251,PGS005360,PSS012151,Type 2 diabetes,Hispanic or Latin American,Train: Multi excl. EUR,0.765548748620214,3691,4917,8608,0.7550146547962656,0.7757644134062867
PPM023252,PGS005361,PSS012151,Type 2 diabetes,Hispanic or Latin American,Train: Multi incl. EUR,0.765548748620214,3691,4917,8608,0.7550146547962656,0.7757644134062867
PPM023253,PGS005362,PSS012151,Type 2 diabetes,Hispanic or Latin American,Train: Multi excl. EUR,0.765548748620214,3691,4917,8608,0.7550146547962656,0.7757644134062867
PPM023254,PGS005358,PSS012156,Type 2 diabetes,Hispanic or Latin American,Train: Multi excl. EUR,0.723358262527992,1340,2786,4126,0.7056875384077597,0.7403583810656871
PPM023255,PGS005359,PSS012156,Type 2 diabetes,Hispanic or Latin American,Train: Multi excl. EUR,0.723358262527992,1340,2786,4126,0.7056875384077597,0.7403583810656871
PPM023256,PGS005360,PSS012156,Type 2 diabetes,Hispanic or Latin American,Train: Multi excl. EUR,0.723358262527992,1340,2786,4126,0.7056875384077597,0.7403583810656871
PPM023257,PGS005361,PSS012156,Type 2 diabetes,Hispanic or Latin American,Train: Multi incl. EUR,0.723358262527992,1340,2786,4126,0.7056875384077597,0.7403583810656871
PPM023258,PGS005362,PSS012156,Type 2 diabetes,Hispanic or Latin American,Train: Multi excl. EUR,0.723358262527992,1340,2786,4126,0.7056875384077597,0.7403583810656871
PPM023259,PGS005358,PSS012164,Type 2 diabetes,Hispanic or Latin American,Train: Multi excl. EUR,0.721251776801549,307,779,1086,0.684238542005796,0.75547684260567
PPM023260,PGS005359,PSS012164,Type 2 diabetes,Hispanic or Latin American,Train: Multi excl. EUR,0.721251776801549,307,779,1086,0.684238542005796,0.75547684260567
PPM023261,PGS005360,PSS012164,Type 2 diabetes,Hispanic or Latin American,Train: Multi excl. EUR,0.721251776801549,307,779,1086,0.684238542005796,0.75547684260567
PPM023262,PGS005361,PSS012164,Type 2 diabetes,Hispanic or Latin American,Train: Multi incl. EUR,0.721251776801549,307,779,1086,0.684238542005796,0.75547684260567
PPM023263,PGS005362,PSS012164,Type 2 diabetes,Hispanic or Latin American,Train: Multi excl. EUR,0.721251776801549,307,779,1086,0.684238542005796,0.75547684260567
PPM023264,PGS005358,PSS012165,Type 2 diabetes,Hispanic or Latin American,Train: Multi excl. EUR,0.71248165333738,396,1287,1683,0.6804649478600185,0.7425043007019689
PPM023265,PGS005359,PSS012165,Type 2 diabetes,Hispanic or Latin American,Train: Multi excl. EUR,0.71248165333738,396,1287,1683,0.6804649478600185,0.7425043007019689
PPM023266,PGS005360,PSS012165,Type 2 diabetes,Hispanic or Latin American,Train: Multi excl. EUR,0.71248165333738,396,1287,1683,0.6804649478600185,0.7425043007019689
PPM023267,PGS005361,PSS012165,Type 2 diabetes,Hispanic or Latin American,Train: Multi incl. EUR,0.71248165333738,396,1287,1683,0.6804649478600185,0.7425043007019689
PPM023268,PGS005362,PSS012165,Type 2 diabetes,Hispanic or Latin American,Train: Multi excl. EUR,0.71248165333738,396,1287,1683,0.6804649478600185,0.7425043007019689
PPM023299,PGS005363,PSS012149,Type 2 diabetes,East Asian,Train: Multi excl. EUR,0.803544575725027,252,665,917,0.7662100993179273,0.8361916444033121
PPM023300,PGS005364,PSS012149,Type 2 diabetes,East Asian,Train: Multi excl. EUR,0.803544575725027,252,665,917,0.7662100993179273,0.8361916444033121
PPM023301,PGS005365,PSS012149,Type 2 diabetes,East Asian,Train: East Asian-only,0.803544575725027,252,665,917,0.7662100993179273,0.8361916444033121
PPM023302,PGS005366,PSS012149,Type 2 diabetes,East Asian,Train: Multi incl. EUR,0.803544575725027,252,665,917,0.7662100993179273,0.8361916444033121
PPM023303,PGS005367,PSS012149,Type 2 diabetes,East Asian,Train: Multi excl. EUR,0.803544575725027,252,665,917,0.7662100993179273,0.8361916444033121
PPM023304,PGS005363,PSS012152,Type 2 diabetes,East Asian,Train: Multi excl. EUR,0.722513540572109,922,1924,2846,0.7011197872251801,0.7429374016751469
PPM023305,PGS005364,PSS012152,Type 2 diabetes,East Asian,Train: Multi excl. EUR,0.722513540572109,922,1924,2846,0.7011197872251801,0.7429374016751469
PPM023306,PGS005365,PSS012152,Type 2 diabetes,East Asian,Train: East Asian-only,0.722513540572109,922,1924,2846,0.7011197872251801,0.7429374016751469
PPM023307,PGS005366,PSS012152,Type 2 diabetes,East Asian,Train: Multi incl. EUR,0.722513540572109,922,1924,2846,0.7011197872251801,0.7429374016751469
PPM023308,PGS005367,PSS012152,Type 2 diabetes,East Asian,Train: Multi excl. EUR,0.722513540572109,922,1924,2846,0.7011197872251801,0.7429374016751469
PPM023309,PGS005363,PSS012154,Type 2 diabetes,East Asian,Train: Multi excl. EUR,0.749537116406652,190,614,804,0.703951052099322,0.7901958210403734
PPM023310,PGS005364,PSS012154,Type 2 diabetes,East Asian,Train: Multi excl. EUR,0.749537116406652,190,614,804,0.703951052099322,0.7901958210403734
PPM023311,PGS005365,PSS012154,Type 2 diabetes,East Asian,Train: East Asian-only,0.749537116406652,190,614,804,0.703951052099322,0.7901958210403734
PPM023312,PGS005366,PSS012154,Type 2 diabetes,East Asian,Train: Multi incl. EUR,0.749537116406652,190,614,804,0.703951052099322,0.7901958210403734
PPM023313,PGS005367,PSS012154,Type 2 diabetes,East Asian,Train: Multi excl. EUR,0.749537116406652,190,614,804,0.703951052099322,0.7901958210403734
PPM023314,PGS005363,PSS012159,Type 2 diabetes,East Asian,Train: Multi excl. EUR,0.715149798590131,1200,7944,9144,0.6977040143038075,0.7319755394851092
PPM023315,PGS005364,PSS012159,Type 2 diabetes,East Asian,Train: Multi excl. EUR,0.715149798590131,1200,7944,9144,0.6977040143038075,0.7319755394851092
PPM023316,PGS005365,PSS012159,Type 2 diabetes,East Asian,Train: East Asian-only,0.715149798590131,1200,7944,9144,0.6977040143038075,0.7319755394851092
PPM023317,PGS005366,PSS012159,Type 2 diabetes,East Asian,Train: Multi incl. EUR,0.715149798590131,1200,7944,9144,0.6977040143038075,0.7319755394851092
PPM023318,PGS005367,PSS012159,Type 2 diabetes,East Asian,Train: Multi excl. EUR,0.715149798590131,1200,7944,9144,0.6977040143038075,0.7319755394851092
PPM023319,PGS005363,PSS012160,Type 2 diabetes,East Asian,Train: Multi excl. EUR,0.791383618913031,1875,11322,13197,0.778488815180342,0.803717041264223
PPM023320,PGS005364,PSS012160,Type 2 diabetes,East Asian,Train: Multi excl. EUR,0.791383618913031,1875,11322,13197,0.778488815180342,0.803717041264223
PPM023321,PGS005365,PSS012160,Type 2 diabetes,East Asian,Train: East Asian-only,0.791383618913031,1875,11322,13197,0.778488815180342,0.803717041264223
PPM023322,PGS005366,PSS012160,Type 2 diabetes,East Asian,Train: Multi incl. EUR,0.791383618913031,1875,11322,13197,0.778488815180342,0.803717041264223
PPM023323,PGS005367,PSS012160,Type 2 diabetes,East Asian,Train: Multi excl. EUR,0.791383618913031,1875,11322,13197,0.778488815180342,0.803717041264223
PPM023324,PGS005363,PSS012166,Type 2 diabetes,East Asian,Train: Multi excl. EUR,0.859999905863304,1057,603,1660,0.8418681961253922,0.876357935107811
PPM023325,PGS005364,PSS012166,Type 2 diabetes,East Asian,Train: Multi excl. EUR,0.859999905863304,1057,603,1660,0.8418681961253922,0.876357935107811
PPM023326,PGS005365,PSS012166,Type 2 diabetes,East Asian,Train: East Asian-only,0.859999905863304,1057,603,1660,0.8418681961253922,0.876357935107811
PPM023327,PGS005366,PSS012166,Type 2 diabetes,East Asian,Train: Multi incl. EUR,0.859999905863304,1057,603,1660,0.8418681961253922,0.876357935107811
PPM023328,PGS005367,PSS012166,Type 2 diabetes,East Asian,Train: Multi excl. EUR,0.859999905863304,1057,603,1660,0.8418681961253922,0.876357935107811
PPM023329,PGS005363,PSS012167,Type 2 diabetes,East Asian,Train: Multi excl. EUR,0.834288046941376,2354,1280,3634,0.8211791800541445,0.8466154350161346
PPM023330,PGS005364,PSS012167,Type 2 diabetes,East Asian,Train: Multi excl. EUR,0.834288046941376,2354,1280,3634,0.8211791800541445,0.8466154350161346
PPM023331,PGS005365,PSS012167,Type 2 diabetes,East Asian,Train: East Asian-only,0.834288046941376,2354,1280,3634,0.8211791800541445,0.8466154350161346
PPM023332,PGS005366,PSS012167,Type 2 diabetes,East Asian,Train: Multi incl. EUR,0.834288046941376,2354,1280,3634,0.8211791800541445,0.8466154350161346
PPM023333,PGS005367,PSS012167,Type 2 diabetes,East Asian,Train: Multi excl. EUR,0.834288046941376,2354,1280,3634,0.8211791800541445,0.8466154350161346
PPM023334,PGS005368,PSS012150,Type 2 diabetes,European,Train: Multi incl. EUR,0.757096822406426,8924,32812,41736,0.7508530928981119,0.7632334212258741
PPM023335,PGS005369,PSS012150,Type 2 diabetes,European,Train: Multi incl. EUR,0.757096822406426,8924,32812,41736,0.7508530928981119,0.7632334212258741
PPM023336,PGS005370,PSS012150,Type 2 diabetes,European,Train: Multi incl. EUR,0.757096822406426,8924,32812,41736,0.7508530928981119,0.7632334212258741
PPM023337,PGS005371,PSS012150,Type 2 diabetes,European,Train: European-only,0.757096822406426,8924,32812,41736,0.7508530928981119,0.7632334212258741
PPM023338,PGS005372,PSS012150,Type 2 diabetes,European,Train: Multi incl. EUR,0.757096822406426,8924,32812,41736,0.7508530928981119,0.7632334212258741
PPM023339,PGS005368,PSS012155,Type 2 diabetes,European,Train: Multi incl. EUR,0.6923278573457,1165,6408,7573,0.6742305459356354,0.7098524592047818
PPM023340,PGS005369,PSS012155,Type 2 diabetes,European,Train: Multi incl. EUR,0.6923278573457,1165,6408,7573,0.6742305459356354,0.7098524592047818
PPM023341,PGS005370,PSS012155,Type 2 diabetes,European,Train: Multi incl. EUR,0.6923278573457,1165,6408,7573,0.6742305459356354,0.7098524592047818
PPM023342,PGS005371,PSS012155,Type 2 diabetes,European,Train: European-only,0.6923278573457,1165,6408,7573,0.6742305459356354,0.7098524592047818
PPM023343,PGS005372,PSS012155,Type 2 diabetes,European,Train: Multi incl. EUR,0.6923278573457,1165,6408,7573,0.6742305459356354,0.7098524592047818
PPM023344,PGS005368,PSS012158,Type 2 diabetes,European,Train: Multi incl. EUR,0.721415251527467,3694,18075,21769,0.7114654689912807,0.7311515803602394
PPM023345,PGS005369,PSS012158,Type 2 diabetes,European,Train: Multi incl. EUR,0.721415251527467,3694,18075,21769,0.7114654689912807,0.7311515803602394
PPM023346,PGS005370,PSS012158,Type 2 diabetes,European,Train: Multi incl. EUR,0.721415251527467,3694,18075,21769,0.7114654689912807,0.7311515803602394
PPM023347,PGS005371,PSS012158,Type 2 diabetes,European,Train: European-only,0.721415251527467,3694,18075,21769,0.7114654689912807,0.7311515803602394
PPM023348,PGS005372,PSS012158,Type 2 diabetes,European,Train: Multi incl. EUR,0.721415251527467,3694,18075,21769,0.7114654689912807,0.7311515803602394
PPM023349,PGS005368,PSS012163,Type 2 diabetes,European,Train: Multi incl. EUR,0.729716477355709,2530,20653,23183,0.7179790998749527,0.7411414801683659
PPM023350,PGS005369,PSS012163,Type 2 diabetes,European,Train: Multi incl. EUR,0.729716477355709,2530,20653,23183,0.7179790998749527,0.7411414801683659
PPM023351,PGS005370,PSS012163,Type 2 diabetes,European,Train: Multi incl. EUR,0.729716477355709,2530,20653,23183,0.7179790998749527,0.7411414801683659
PPM023352,PGS005371,PSS012163,Type 2 diabetes,European,Train: European-only,0.729716477355709,2530,20653,23183,0.7179790998749527,0.7411414801683659
PPM023353,PGS005372,PSS012163,Type 2 diabetes,European,Train: Multi incl. EUR,0.729716477355709,2530,20653,23183,0.7179790998749527,0.7411414801683659
PPM023384,PGS005373,PSS012146,Type 2 diabetes,South Asian,Train: Multi excl. EUR,0.718509641482174,793,604,1397,0.6914573234046385,0.744067989999197
PPM023385,PGS005374,PSS012146,Type 2 diabetes,South Asian,Train: Multi excl. EUR,0.718509641482174,793,604,1397,0.6914573234046385,0.744067989999197
PPM023386,PGS005375,PSS012146,Type 2 diabetes,South Asian,Train: Multi excl. EUR,0.718509641482174,793,604,1397,0.6914573234046385,0.744067989999197
PPM023387,PGS005376,PSS012146,Type 2 diabetes,South Asian,Train: Multi incl. EUR,0.718509641482174,793,604,1397,0.6914573234046385,0.744067989999197
PPM023388,PGS005377,PSS012146,Type 2 diabetes,South Asian,Train: South Asian-only,0.718509641482174,793,604,1397,0.6914573234046385,0.744067989999197
PPM023389,PGS005373,PSS012147,Type 2 diabetes,South Asian,Train: Multi excl. EUR,0.801444788441692,171,255,426,0.7530231715723491,0.8423603657917734
PPM023390,PGS005374,PSS012147,Type 2 diabetes,South Asian,Train: Multi excl. EUR,0.801444788441692,171,255,426,0.7530231715723491,0.8423603657917734
PPM023391,PGS005375,PSS012147,Type 2 diabetes,South Asian,Train: Multi excl. EUR,0.801444788441692,171,255,426,0.7530231715723491,0.8423603657917734
PPM023392,PGS005376,PSS012147,Type 2 diabetes,South Asian,Train: Multi incl. EUR,0.801444788441692,171,255,426,0.7530231715723491,0.8423603657917734
PPM023393,PGS005377,PSS012147,Type 2 diabetes,South Asian,Train: South Asian-only,0.801444788441692,171,255,426,0.7530231715723491,0.8423603657917734
PPM023394,PGS005373,PSS012157,Type 2 diabetes,South Asian,Train: Multi excl. EUR,0.6732169850213,247,383,630,0.627948184416012,0.7154734841633359
PPM023395,PGS005374,PSS012157,Type 2 diabetes,South Asian,Train: Multi excl. EUR,0.6732169850213,247,383,630,0.627948184416012,0.7154734841633359
PPM023396,PGS005375,PSS012157,Type 2 diabetes,South Asian,Train: Multi excl. EUR,0.6732169850213,247,383,630,0.627948184416012,0.7154734841633359
PPM023397,PGS005376,PSS012157,Type 2 diabetes,South Asian,Train: Multi incl. EUR,0.6732169850213,247,383,630,0.627948184416012,0.7154734841633359
PPM023398,PGS005377,PSS012157,Type 2 diabetes,South Asian,Train: South Asian-only,0.6732169850213,247,383,630,0.627948184416012,0.7154734841633359
PPM023399,PGS005373,PSS012161,Type 2 diabetes,South Asian,Train: Multi excl. EUR,0.794071741194455,465,1393,1858,0.7668708761393966,0.818848585627371
PPM023400,PGS005374,PSS012161,Type 2 diabetes,South Asian,Train: Multi excl. EUR,0.794071741194455,465,1393,1858,0.7668708761393966,0.818848585627371
PPM023401,PGS005375,PSS012161,Type 2 diabetes,South Asian,Train: Multi excl. EUR,0.794071741194455,465,1393,1858,0.7668708761393966,0.818848585627371
PPM023402,PGS005376,PSS012161,Type 2 diabetes,South Asian,Train: Multi incl. EUR,0.794071741194455,465,1393,1858,0.7668708761393966,0.818848585627371
PPM023403,PGS005377,PSS012161,Type 2 diabetes,South Asian,Train: South Asian-only,0.794071741194455,465,1393,1858,0.7668708761393966,0.818848585627371
PPM023410,PGS005384,PSS012170,triple negative breast cancer risk,African,Train: African-only,0.639,525,3760,4285,0.6117429256562642,0.6653901951560115
PPM023437,PGS005394,PSS012183,Colorectal carcinoma,African,Train: Multi incl. EUR,0.63,112,989,1101,0.570619082372676,0.6856922243597597
PPM023438,PGS005395,PSS012184,Prostate carcinoma,African,Train: Multi incl. EUR,0.89,250,2261,2511,0.8600461693348191,0.9141826124346483
PPM023439,PGS005396,PSS012182,Breast carcinoma,African,Train: Multi incl. EUR,0.77,166,1399,1565,0.7238839001164113,0.810430952331384
PPM023446,PGS005402,PSS012191,Advanced colorectal neoplasia,East Asian,Train: East Asian-only,0.629,415,2406,2821,0.597937702659396,0.6590309664355086
PPM030615,PGS012530,PSS012203,coronary artery disease,East Asian,Train: Multi incl. EUR,0.786,2681,2562,5243,0.7734736905285222,0.7980145223466882
PPM030644,PGS012539,PSS012214,Pediatric Steroid-Sensitive Nephrotic Syndrome,European,Train: Multi incl. EUR,0.73,63,502,565,0.6506191877865322,0.7969732100229293
PPM030687,PGS012558,PSS012247,Coronary artery disease,East Asian,Train: Multi incl. EUR,0.669,56,2034,2090,0.5861826491560934,0.7425232264648873
PPM030689,PGS012560,PSS012250,incident fibromyalgia cases,European,Train: Multi incl. EUR,0.59,6833,415748,422581,0.5828319650358235,0.5971300049416507
PPM030691,PGS012560,PSS012251,incident fibromyalgia cases,South Asian,Train: Multi incl. EUR,0.55,226,8716,8942,0.5106964896840126,0.5886891191270078
PPM030692,PGS012561,PSS012250,incident fibromyalgia cases,European,Train: European-only,0.59,6833,415748,422581,0.5828319650358235,0.5971300049416507
PPM036559,PGS000329,PSS012311,Obstructive CAD,European,Train: European-only,0.561,670,273,943,0.5211160402642602,0.6001112220302524
PPM036560,PGS000018,PSS012311,Obstructive CAD,European,Train: Multi incl. EUR,0.63,670,273,943,0.591812416382826,0.666627456401209
PPM036561,PGS000013,PSS012311,Obstructive CAD,European,Train: Multi incl. EUR,0.64,670,273,943,0.6021419646175965,0.6761928726441947
PPM036562,PGS000329,PSS012311,coronary atherosclerosis,European,Train: European-only,0.589,670,273,943,0.549683873500947,0.6272114697459763
PPM036563,PGS000018,PSS012311,coronary atherosclerosis,European,Train: Multi incl. EUR,0.635,670,273,943,0.5969745026105149,0.6714125394375973
PPM036564,PGS000013,PSS012311,coronary atherosclerosis,European,Train: Multi incl. EUR,0.63,670,273,943,0.591812416382826,0.666627456401209
PPM036601,PGS018419,PSS012338,Viral hepatitis,East Asian,Train: East Asian-only,0.665842593662742,3481,14911,18392,0.6551531225755394,0.6763643968962589
PPM036602,PGS018420,PSS012337,Viral hepatitis,East Asian,Train: East Asian-only,0.667064802824827,3481,14911,18392,0.6563811242655946,0.6775794747466025
PPM036603,PGS018421,PSS012339,Viral hepatitis,East Asian,Train: East Asian-only,0.658588348128803,3481,14911,18392,0.6478664869415365,0.6691504633244626
PPM036604,PGS018422,PSS012340,Viral hepatitis,East Asian,Train: East Asian-only,0.665241979361949,3481,14911,18392,0.6545496973309822,0.6757672510125956
PPM036605,PGS018423,PSS012341,Viral hepatitis,East Asian,Train: East Asian-only,0.662048695668994,3481,14911,18392,0.651341861327646,0.6725920104427193
PPM036606,PGS018424,PSS012322,Viral hepatitis B,East Asian,Train: East Asian-only,0.731494946255585,1504,14911,16415,0.7163132467750956,0.7461521065435436
PPM036607,PGS018425,PSS012321,Viral hepatitis B,East Asian,Train: East Asian-only,0.732506399673524,1504,14911,16415,0.7173365997094318,0.7471490432977318
PPM036608,PGS018426,PSS012323,Viral hepatitis B,East Asian,Train: East Asian-only,0.708744445768296,1504,14911,16415,0.6933256144489984,0.7236969960350028
PPM036609,PGS018427,PSS012324,Viral hepatitis B,East Asian,Train: East Asian-only,0.728070683930327,1504,14911,16415,0.7128495740082861,0.7427760981980422
PPM036610,PGS018428,PSS012325,Viral hepatitis B,East Asian,Train: East Asian-only,0.738332813701722,1504,14911,16415,0.7232338821289146,0.7528894694665803
PPM036611,PGS018429,PSS012326,Viral hepatitis B,East Asian,Train: East Asian-only,0.713206693045403,1504,14911,16415,0.6978298561666274,0.7281059159417947
PPM036612,PGS018430,PSS012328,Chronic hepatitis,East Asian,Train: East Asian-only,0.651989517649683,1720,14911,16631,0.6371824804951753,0.6665085390752682
PPM036613,PGS018431,PSS012327,Chronic hepatitis,East Asian,Train: East Asian-only,0.653081617597747,1720,14911,16631,0.6382784860099869,0.6675944380542695
PPM036614,PGS018432,PSS012329,Chronic hepatitis,East Asian,Train: East Asian-only,0.647705962353374,1720,14911,16631,0.6328846179990834,0.6622482672130456
PPM036615,PGS018433,PSS012330,Chronic hepatitis,East Asian,Train: East Asian-only,0.652726643199261,1720,14911,16631,0.6379222306181888,0.6672414910488065
PPM036616,PGS018434,PSS012331,Chronic hepatitis,East Asian,Train: East Asian-only,0.647464217925583,1720,14911,16631,0.6326421140205282,0.6620077876220887
PPM036617,PGS018435,PSS012333,Hepatitis NOS,East Asian,Train: East Asian-only,0.672746520319629,535,14911,15446,0.6467643824105497,0.6977107770269971
PPM036618,PGS018436,PSS012332,Hepatitis NOS,East Asian,Train: East Asian-only,0.670780963937431,535,14911,15446,0.6447871339027463,0.6957701188860493
PPM036619,PGS018437,PSS012334,Hepatitis NOS,East Asian,Train: East Asian-only,0.664922778579698,535,14911,15446,0.6388977636537642,0.6899822808937113
PPM036620,PGS018438,PSS012335,Hepatitis NOS,East Asian,Train: East Asian-only,0.670887765853096,535,14911,15446,0.6448945551920042,0.6958755847020778
PPM036621,PGS018439,PSS012336,Hepatitis NOS,East Asian,Train: East Asian-only,0.670991935327178,535,14911,15446,0.6449993305354091,0.6959784491522375
PPM036622,PGS018440,PSS012343,Viral warts HPV,East Asian,Train: East Asian-only,0.683280878542083,339,14911,15250,0.6506990316968481,0.7141586260343484
PPM036623,PGS018441,PSS012342,Viral warts HPV,East Asian,Train: East Asian-only,0.68572784559082,339,14911,15250,0.6531668037980403,0.7165585489549515
PPM036624,PGS018442,PSS012344,Viral warts HPV,East Asian,Train: East Asian-only,0.687741563562289,339,14911,15250,0.6551985703473817,0.7185325641608318
PPM036625,PGS018443,PSS012345,Viral warts HPV,East Asian,Train: East Asian-only,0.691242770032379,339,14911,15250,0.6587331645352368,0.7219626030205346
PPM036626,PGS018444,PSS012346,Viral warts HPV,East Asian,Train: East Asian-only,0.68781436523372,339,14911,15250,0.6552720402681272,0.7186039136952981
PPM036627,PGS018445,PSS012348,Dermatophytosis of nail,East Asian,Train: East Asian-only,0.644422604182718,519,18156,18675,0.6179900877620377,0.6700028006734791
PPM036628,PGS018446,PSS012347,Dermatophytosis of nail,East Asian,Train: East Asian-only,0.640933043997621,519,18156,18675,0.6144963039304306,0.6665406373379009
PPM036629,PGS018447,PSS012349,Dermatophytosis of nail,East Asian,Train: East Asian-only,0.637476806660834,519,18156,18675,0.6110377109579136,0.663109593077252
PPM036630,PGS018448,PSS012350,Dermatophytosis of nail,East Asian,Train: East Asian-only,0.644023578992767,519,18156,18675,0.6175904853058701,0.6696070084205329
PPM036631,PGS018449,PSS012351,Dermatophytosis of nail,East Asian,Train: East Asian-only,0.642058698303421,519,18156,18675,0.6156231174847862,0.6676576698866749
PPM036632,PGS018450,PSS012353,Dermatophytosis of the body,East Asian,Train: East Asian-only,0.662269015752368,224,18156,18380,0.6219784813945202,0.7003342345115642
PPM036633,PGS018451,PSS012352,Dermatophytosis of the body,East Asian,Train: East Asian-only,0.662746278286595,224,18156,18380,0.6224572187859765,0.7008025357538886
PPM036634,PGS018452,PSS012354,Dermatophytosis of the body,East Asian,Train: East Asian-only,0.662224018821012,224,18156,18380,0.6219333481889864,0.7002900794281892
PPM036635,PGS018453,PSS012355,Dermatophytosis of the body,East Asian,Train: East Asian-only,0.662964869936739,224,18156,18380,0.6226765039241015,0.7010170033815157
PPM036636,PGS018454,PSS012356,Dermatophytosis of the body,East Asian,Train: East Asian-only,0.662645219604696,224,18156,18380,0.622355843313619,0.700703379504593
PPM036637,PGS018455,PSS012363,Cancer of mouth,East Asian,Train: East Asian-only,0.707874519091975,360,18859,19219,0.6765740902405908,0.7373218364165768
PPM036638,PGS018456,PSS012362,Cancer of mouth,East Asian,Train: East Asian-only,0.710555967972851,360,18859,19219,0.6792915036727324,0.7399394328667991
PPM036639,PGS018457,PSS012364,Cancer of mouth,East Asian,Train: East Asian-only,0.711165756402779,360,18859,19219,0.6799096862750867,0.7405344727809237
PPM036640,PGS018458,PSS012365,Cancer of mouth,East Asian,Train: East Asian-only,0.710304835298207,360,18859,19219,0.6790369372468799,0.7396943495595882
PPM036641,PGS018459,PSS012366,Cancer of mouth,East Asian,Train: East Asian-only,0.712122417236686,360,18859,19219,0.6808796778066087,0.7414678247600003
PPM036642,PGS018460,PSS012358,Cancer of tongue,East Asian,Train: East Asian-only,0.686156681463566,201,18859,19060,0.6437254924477164,0.725687873458037
PPM036643,PGS018461,PSS012357,Cancer of tongue,East Asian,Train: East Asian-only,0.685989955836175,201,18859,19060,0.643557310733026,0.7255256094571811
PPM036644,PGS018462,PSS012359,Cancer of tongue,East Asian,Train: East Asian-only,0.686037177176844,201,18859,19060,0.6436049437349135,0.7255715679504985
PPM036645,PGS018463,PSS012360,Cancer of tongue,East Asian,Train: East Asian-only,0.68621841215472,201,18859,19060,0.6437877641175597,0.7257479501944726
PPM036646,PGS018464,PSS012361,Cancer of tongue,East Asian,Train: East Asian-only,0.685629860137775,201,18859,19060,0.6431940951395361,0.7251751228194125
PPM036647,PGS018465,PSS012373,Cancer of larynx pharynx nasal cavities,East Asian,Train: East Asian-only,0.72272710365137,335,18859,19194,0.6904817702355062,0.7528157328922821
PPM036648,PGS018466,PSS012372,Cancer of larynx pharynx nasal cavities,East Asian,Train: East Asian-only,0.721281972343068,335,18859,19194,0.6890127381531048,0.751410889655409
PPM036649,PGS018467,PSS012374,Cancer of larynx pharynx nasal cavities,East Asian,Train: East Asian-only,0.720099750465552,335,18859,19194,0.6878113213443209,0.7502612484758563
PPM036650,PGS018468,PSS012375,Cancer of larynx pharynx nasal cavities,East Asian,Train: East Asian-only,0.719453635898138,335,18859,19194,0.6871548517911379,0.7496327968518938
PPM036651,PGS018469,PSS012376,Cancer of larynx pharynx nasal cavities,East Asian,Train: East Asian-only,0.718380946426466,335,18859,19194,0.6860651816963038,0.7485892087400284
PPM036652,PGS018470,PSS012368,Cancer of nasopharynx,East Asian,Train: East Asian-only,0.707296024953452,211,18859,19070,0.6661508071822297,0.7453090869612287
PPM036653,PGS018471,PSS012367,Cancer of nasopharynx,East Asian,Train: East Asian-only,0.711860454070605,211,18859,19070,0.6707838425753906,0.7497241468540433
PPM036654,PGS018472,PSS012369,Cancer of nasopharynx,East Asian,Train: East Asian-only,0.695271394175132,211,18859,19070,0.6539725202699354,0.7336487142623397
PPM036655,PGS018473,PSS012370,Cancer of nasopharynx,East Asian,Train: East Asian-only,0.709547203504983,211,18859,19070,0.6684351053588249,0.7474873695729731
PPM036656,PGS018474,PSS012371,Cancer of nasopharynx,East Asian,Train: East Asian-only,0.698657208935656,211,18859,19070,0.6573976803715609,0.73693620300789
PPM036657,PGS018475,PSS012378,Cancer of esophagus,East Asian,Train: East Asian-only,0.674043484369921,157,15322,15479,0.625767986450985,0.7188890433629324
PPM036658,PGS018476,PSS012377,Cancer of esophagus,East Asian,Train: East Asian-only,0.674028103297619,157,15322,15479,0.6257525297261262,0.7188740867942903
PPM036659,PGS018477,PSS012379,Cancer of esophagus,East Asian,Train: East Asian-only,0.678081639406141,157,15322,15479,0.6298283503876559,0.7228131510120633
PPM036660,PGS018478,PSS012380,Cancer of esophagus,East Asian,Train: East Asian-only,0.677628937034878,157,15322,15479,0.6293729248225767,0.7223734923353019
PPM036661,PGS018479,PSS012381,Cancer of esophagus,East Asian,Train: East Asian-only,0.673265285252378,157,15322,15479,0.624986044498506,0.7181322279363123
PPM036662,PGS018480,PSS012383,Cancer of stomach,East Asian,Train: East Asian-only,0.616140190575643,230,15322,15552,0.5764494310537781,0.6543418232881344
PPM036663,PGS018481,PSS012382,Cancer of stomach,East Asian,Train: East Asian-only,0.615591107983406,230,15322,15552,0.5759042558836709,0.653796664124864
PPM036664,PGS018482,PSS012384,Cancer of stomach,East Asian,Train: East Asian-only,0.615641050379392,230,15322,15552,0.5759538402275974,0.6538462525972457
PPM036665,PGS018483,PSS012385,Cancer of stomach,East Asian,Train: East Asian-only,0.615648428233345,230,15322,15552,0.5759611652324106,0.6538535781172317
PPM036666,PGS018484,PSS012386,Cancer of stomach,East Asian,Train: East Asian-only,0.617214803380192,230,15322,15552,0.5775165821581301,0.6554085518634865
PPM036667,PGS018485,PSS012398,Colorectal cancer,East Asian,Train: East Asian-only,0.64113209608989,638,16581,17219,0.617242173771669,0.6643417853804979
PPM036668,PGS018486,PSS012397,Colorectal cancer,East Asian,Train: East Asian-only,0.646823449962273,638,16581,17219,0.6229437796435222,0.66999194928701
PPM036669,PGS018487,PSS012399,Colorectal cancer,East Asian,Train: East Asian-only,0.644242598177201,638,16581,17219,0.6203577210952907,0.6674303640480791
PPM036670,PGS018488,PSS012400,Colorectal cancer,East Asian,Train: East Asian-only,0.642781262460205,638,16581,17219,0.6188938480894967,0.6659795042543615
PPM036671,PGS018489,PSS012401,Colorectal cancer,East Asian,Train: East Asian-only,0.640008042592846,638,16581,17219,0.6161166262895769,0.6632253071016971
PPM036672,PGS018490,PSS012388,Colon cancer,East Asian,Train: East Asian-only,0.628220273927444,442,16581,17023,0.599563101944222,0.6560032648909279
PPM036673,PGS018491,PSS012387,Colon cancer,East Asian,Train: East Asian-only,0.639747260193412,442,16581,17023,0.6110846607802951,0.6674470302815623
PPM036674,PGS018492,PSS012389,Colon cancer,East Asian,Train: East Asian-only,0.624612863057291,442,16581,17023,0.5959617889172458,0.6524171860520104
PPM036675,PGS018493,PSS012390,Colon cancer,East Asian,Train: East Asian-only,0.630488993972003,442,16581,17023,0.6018290549822805,0.6582574242688065
PPM036676,PGS018494,PSS012391,Colon cancer,East Asian,Train: East Asian-only,0.628203217933845,442,16581,17023,0.5995460698827823,0.6559863150084669
PPM036677,PGS018495,PSS012393,Malignant neoplasm of rectum rectosigmoid junction and anus,East Asian,Train: East Asian-only,0.648450006326286,337,16581,16918,0.6156293565890565,0.6799252217238917
PPM036678,PGS018496,PSS012392,Malignant neoplasm of rectum rectosigmoid junction and anus,East Asian,Train: East Asian-only,0.649983884525512,337,16581,16918,0.6171654657006713,0.6814411033515672
PPM036679,PGS018497,PSS012394,Malignant neoplasm of rectum rectosigmoid junction and anus,East Asian,Train: East Asian-only,0.648102284317057,337,16581,16918,0.6152811909232254,0.6795815125593601
PPM036680,PGS018498,PSS012395,Malignant neoplasm of rectum rectosigmoid junction and anus,East Asian,Train: East Asian-only,0.64899208042096,337,16581,16918,0.6161721680463546,0.6804609908005007
PPM036681,PGS018499,PSS012396,Malignant neoplasm of rectum rectosigmoid junction and anus,East Asian,Train: East Asian-only,0.648107295236387,337,16581,16918,0.6152862080732335,0.6795864658261158
PPM036682,PGS018500,PSS012408,Cancer of liver and intrahepatic bile duct,East Asian,Train: East Asian-only,0.650335390218044,417,15322,15739,0.6208210353557357,0.6787412263643001
PPM036683,PGS018501,PSS012407,Cancer of liver and intrahepatic bile duct,East Asian,Train: East Asian-only,0.651304514409618,417,15322,15739,0.6217923525666204,0.6797000630547011
PPM036684,PGS018502,PSS012409,Cancer of liver and intrahepatic bile duct,East Asian,Train: East Asian-only,0.642956930630929,417,15322,15739,0.6134311610676724,0.6714354478979668
PPM036685,PGS018503,PSS012410,Cancer of liver and intrahepatic bile duct,East Asian,Train: East Asian-only,0.650492372059799,417,15322,15739,0.6209783614387517,0.678896553538635
PPM036686,PGS018504,PSS012411,Cancer of liver and intrahepatic bile duct,East Asian,Train: East Asian-only,0.641578213737586,417,15322,15739,0.6120513397038759,0.670069212279304
PPM036687,PGS018505,PSS012403,Malignant neoplasm of liver primary,East Asian,Train: East Asian-only,0.652260701053287,390,15322,15712,0.6217463821699796,0.681574103617911
PPM036688,PGS018506,PSS012402,Malignant neoplasm of liver primary,East Asian,Train: East Asian-only,0.65257983325468,390,15322,15712,0.6220662870845767,0.681889609085666
PPM036689,PGS018507,PSS012404,Malignant neoplasm of liver primary,East Asian,Train: East Asian-only,0.641627925657426,390,15322,15712,0.6110981814920121,0.6710511114440151
PPM036690,PGS018508,PSS012405,Malignant neoplasm of liver primary,East Asian,Train: East Asian-only,0.647497314068258,390,15322,15712,0.6169736159544483,0.6768625436124308
PPM036691,PGS018509,PSS012406,Malignant neoplasm of liver primary,East Asian,Train: East Asian-only,0.641581570324554,390,15322,15712,0.6110518024460638,0.6710051880604504
PPM036692,PGS018510,PSS012413,Neoplasm of unspecified nature of digestive system,East Asian,Train: East Asian-only,0.589270758996415,274,15322,15596,0.5531399766322835,0.624463548007307
PPM036693,PGS018511,PSS012412,Neoplasm of unspecified nature of digestive system,East Asian,Train: East Asian-only,0.589734764286266,274,15322,15596,0.5535989139100238,0.6249272967666766
PPM036694,PGS018512,PSS012414,Neoplasm of unspecified nature of digestive system,East Asian,Train: East Asian-only,0.590413145736725,274,15322,15596,0.5542699586731396,0.6256052224910212
PPM036695,PGS018513,PSS012415,Neoplasm of unspecified nature of digestive system,East Asian,Train: East Asian-only,0.589055906444338,274,15322,15596,0.5529274844612119,0.6242487990633336
PPM036696,PGS018514,PSS012416,Neoplasm of unspecified nature of digestive system,East Asian,Train: East Asian-only,0.588908939676454,274,15322,15596,0.5527821372680317,0.6241018976361697
PPM036697,PGS018515,PSS012423,Cancer within the respiratory system,East Asian,Train: East Asian-only,0.604024490708683,515,19363,19878,0.5775706963589996,0.6298832555952659
PPM036698,PGS018516,PSS012422,Cancer within the respiratory system,East Asian,Train: East Asian-only,0.619993692303758,515,19363,19878,0.5934853810898149,0.645805050887866
PPM036699,PGS018517,PSS012424,Cancer within the respiratory system,East Asian,Train: East Asian-only,0.588395944823201,515,19363,19878,0.5620308238264737,0.6142632215645089
PPM036700,PGS018518,PSS012425,Cancer within the respiratory system,East Asian,Train: East Asian-only,0.603262352530023,515,19363,19878,0.5768120792883551,0.62912239510313706
PPM036701,PGS018519,PSS012426,Cancer within the respiratory system,East Asian,Train: East Asian-only,0.613340927973429,515,19363,19878,0.5868508352810992,0.6391768456118662
PPM036702,PGS018520,PSS012418,Cancer of bronchus lung,East Asian,Train: East Asian-only,0.60747412510329,512,19363,19875,0.5809287522239692,0.6333991353832121
PPM036703,PGS018521,PSS012417,Cancer of bronchus lung,East Asian,Train: East Asian-only,0.621433173933533,512,19363,19875,0.5948447802957612,0.6473112470047381
PPM036704,PGS018522,PSS012419,Cancer of bronchus lung,East Asian,Train: East Asian-only,0.594242240355317,512,19363,19875,0.5677635995611291,0.6201839246520852
PPM036705,PGS018523,PSS012420,Cancer of bronchus lung,East Asian,Train: East Asian-only,0.621056630235501,512,19363,19875,0.5944690226075232,0.6469363699514218
PPM036706,PGS018524,PSS012421,Cancer of bronchus lung,East Asian,Train: East Asian-only,0.615013774660435,512,19363,19875,0.5884416336768414,0.64091721188758
PPM036707,PGS018525,PSS012438,Breast cancer,East Asian,Train: East Asian-only,0.820052320778386,1127,17400,18527,0.804328212645569,0.8347724149008958
PPM036708,PGS018526,PSS012437,Breast cancer,East Asian,Train: East Asian-only,0.825052218788565,1127,17400,18527,0.8094647477827424,0.8396171563073823
PPM036709,PGS018527,PSS012439,Breast cancer,East Asian,Train: East Asian-only,0.817490642433885,1127,17400,18527,0.8016984624070694,0.8322882711129816
PPM036710,PGS018528,PSS012440,Breast cancer,East Asian,Train: East Asian-only,0.823481728523493,1127,17400,18527,0.80785079491261,0.838095952815546
PPM036711,PGS018529,PSS012441,Breast cancer,East Asian,Train: East Asian-only,0.821140399188161,1127,17400,18527,0.8054455979877747,0.8358271618029118
PPM036712,PGS018530,PSS012433,Breast cancer female,East Asian,Train: East Asian-only,0.665853842834757,1026,8281,9307,0.6466504167886953,0.6845227802521983
PPM036713,PGS018531,PSS012432,Breast cancer female,East Asian,Train: East Asian-only,0.676342871831594,1026,8281,9307,0.6572078588336858,0.694905607485361
PPM036714,PGS018532,PSS012434,Breast cancer female,East Asian,Train: East Asian-only,0.659294286246282,1026,8281,9307,0.6400546344396697,0.6780228758687137
PPM036715,PGS018533,PSS012435,Breast cancer female,East Asian,Train: East Asian-only,0.664048470005671,1026,8281,9307,0.6448345748430454,0.6827343401273753
PPM036716,PGS018534,PSS012436,Breast cancer female,East Asian,Train: East Asian-only,0.666290856285073,1026,8281,9307,0.6470900216577206,0.6849556358789097
PPM036717,PGS018535,PSS012428,Malignant neoplasm of female breast,East Asian,Train: East Asian-only,0.666546212919839,925,8281,9206,0.6463844588591622,0.6861166403184716
PPM036718,PGS018536,PSS012427,Malignant neoplasm of female breast,East Asian,Train: East Asian-only,0.675636249702184,925,8281,9206,0.6555338980348248,0.6951110927053011
PPM036719,PGS018537,PSS012429,Malignant neoplasm of female breast,East Asian,Train: East Asian-only,0.663280645698228,925,8281,9206,0.6431000435350462,0.682882834924264
PPM036720,PGS018538,PSS012430,Malignant neoplasm of female breast,East Asian,Train: East Asian-only,0.674255296233318,925,8281,9206,0.6541432571850824,0.6937453454401133
PPM036721,PGS018539,PSS012431,Malignant neoplasm of female breast,East Asian,Train: East Asian-only,0.66761423904281,925,8281,9206,0.6474589335298251,0.6871739845983367
PPM036722,PGS018540,PSS012453,Cervical cancer and dysplasia,East Asian,Train: East Asian-only,0.714233834618562,404,7886,8290,0.6845614303061115,0.742166319491248
PPM036723,PGS018541,PSS012452,Cervical cancer and dysplasia,East Asian,Train: East Asian-only,0.713726920498289,404,7886,8290,0.6840469645907868,0.7416717115070074
PPM036724,PGS018542,PSS012454,Cervical cancer and dysplasia,East Asian,Train: East Asian-only,0.713616749070291,404,7886,8290,0.6839351589324824,0.7415642073080327
PPM036725,PGS018543,PSS012455,Cervical cancer and dysplasia,East Asian,Train: East Asian-only,0.713499358431912,404,7886,8290,0.6838160297315341,0.741449655786196
PPM036726,PGS018544,PSS012456,Cervical cancer and dysplasia,East Asian,Train: East Asian-only,0.714086939381232,404,7886,8290,0.6844123412839008,0.7420229960905761
PPM036727,PGS018545,PSS012443,Cervical cancer,East Asian,Train: East Asian-only,0.679777012298674,158,7886,8044,0.6315464505259679,0.7244487968854862
PPM036728,PGS018546,PSS012442,Cervical cancer,East Asian,Train: East Asian-only,0.679920673393323,158,7886,8044,0.6316911256542016,0.7245881711724199
PPM036729,PGS018547,PSS012444,Cervical cancer,East Asian,Train: East Asian-only,0.677837988808881,158,7886,8044,0.6295943242647191,0.7225669895681455
PPM036730,PGS018548,PSS012445,Cervical cancer,East Asian,Train: East Asian-only,0.68000414129189,158,7886,8044,0.6317751854578618,0.7246691453849514
PPM036731,PGS018549,PSS012446,Cervical cancer,East Asian,Train: East Asian-only,0.683464046202692,158,7886,8044,0.6352614073316869,0.7280237195889064
PPM036732,PGS018550,PSS012448,Cervical intraepithelial neoplasia CIN Cervical dysplasia,East Asian,Train: East Asian-only,0.74730699504983,270,7886,8156,0.7116344808645938,0.7799312721313538
PPM036733,PGS018551,PSS012447,Cervical intraepithelial neoplasia CIN Cervical dysplasia,East Asian,Train: East Asian-only,0.747044927250355,270,7886,8156,0.7113658709705075,0.7796795417863219
PPM036734,PGS018552,PSS012449,Cervical intraepithelial neoplasia CIN Cervical dysplasia,East Asian,Train: East Asian-only,0.746978236161599,270,7886,8156,0.7112975181087123,0.7796154781520644
PPM036735,PGS018553,PSS012450,Cervical intraepithelial neoplasia CIN Cervical dysplasia,East Asian,Train: East Asian-only,0.746996552728229,270,7886,8156,0.7113162909541393,0.779633073224105
PPM036736,PGS018554,PSS012451,Cervical intraepithelial neoplasia CIN Cervical dysplasia,East Asian,Train: East Asian-only,0.747136979739059,270,7886,8156,0.7114602192138174,0.7797679654994711
PPM036737,PGS018555,PSS012458,Malignant neoplasm of uterus,East Asian,Train: East Asian-only,0.650503838042369,279,7901,8180,0.6141914274096042,0.6851505281792754
PPM036738,PGS018556,PSS012457,Malignant neoplasm of uterus,East Asian,Train: East Asian-only,0.651843897986689,279,7901,8180,0.6155340818661295,0.6864712232239998
PPM036739,PGS018557,PSS012459,Malignant neoplasm of uterus,East Asian,Train: East Asian-only,0.645797297107258,279,7901,8180,0.6094787351423405,0.6805087943570344
PPM036740,PGS018558,PSS012460,Malignant neoplasm of uterus,East Asian,Train: East Asian-only,0.6506408380773,279,7901,8180,0.6143286754844192,0.685285567080289
PPM036741,PGS018559,PSS012461,Malignant neoplasm of uterus,East Asian,Train: East Asian-only,0.650413563184915,279,7901,8180,0.6141009912485884,0.6850615432760481
PPM036742,PGS018560,PSS012463,Cancer of prostate,East Asian,Train: East Asian-only,0.74218541815962,285,6610,6895,0.7073039368162253,0.7742368115845116
PPM036743,PGS018561,PSS012462,Cancer of prostate,East Asian,Train: East Asian-only,0.747265440454389,285,6610,6895,0.7125067296459557,0.779124471059141
PPM036744,PGS018562,PSS012464,Cancer of prostate,East Asian,Train: East Asian-only,0.706506356663216,285,6610,6895,0.6709504745280721,0.7397106855775494
PPM036745,PGS018563,PSS012465,Cancer of prostate,East Asian,Train: East Asian-only,0.733786129468907,285,6610,6895,0.6987167426518577,0.7661397083135522
PPM036746,PGS018564,PSS012466,Cancer of prostate,East Asian,Train: East Asian-only,0.67626668789978,285,6610,6895,0.6403782856878751,0.7101944230759862
PPM036747,PGS018565,PSS012473,Cancer of bladder,East Asian,Train: East Asian-only,0.646111074514505,221,19508,19729,0.6055375187290898,0.6846844476246811
PPM036748,PGS018566,PSS012472,Cancer of bladder,East Asian,Train: East Asian-only,0.646912462876351,221,19508,19729,0.6063383290261167,0.6854739666974096
PPM036749,PGS018567,PSS012474,Cancer of bladder,East Asian,Train: East Asian-only,0.648420371918424,221,19508,19729,0.6078455506080332,0.6869591022649494
PPM036750,PGS018568,PSS012475,Cancer of bladder,East Asian,Train: East Asian-only,0.646505853962222,221,19508,19729,0.6059319949859125,0.6850734002891019
PPM036751,PGS018569,PSS012476,Cancer of bladder,East Asian,Train: East Asian-only,0.643978987156447,221,19508,19729,0.603407685930561,0.682583150236181
PPM036752,PGS018570,PSS012468,Malignant neoplasm of bladder,East Asian,Train: East Asian-only,0.647925842074479,217,19508,19725,0.6069738111163285,0.6868125354165048
PPM036753,PGS018571,PSS012467,Malignant neoplasm of bladder,East Asian,Train: East Asian-only,0.649282251213965,217,19508,19725,0.6083297790033864,0.6881478669904914
PPM036754,PGS018572,PSS012469,Malignant neoplasm of bladder,East Asian,Train: East Asian-only,0.648422152698314,217,19508,19725,0.6074699106608955,0.6873011883258866
PPM036755,PGS018573,PSS012470,Malignant neoplasm of bladder,East Asian,Train: East Asian-only,0.646429823425861,217,19508,19725,0.605478774509716,0.6853392188437629
PPM036756,PGS018574,PSS012471,Malignant neoplasm of bladder,East Asian,Train: East Asian-only,0.645414524491429,217,19508,19725,0.6044644372333902,0.6843390022174188
PPM036757,PGS018575,PSS012478,Manlignant and unknown neoplasms of brain and nervous system,East Asian,Train: East Asian-only,0.694722136484407,197,19472,19669,0.6519407175910378,0.7343874978280414
PPM036758,PGS018576,PSS012477,Manlignant and unknown neoplasms of brain and nervous system,East Asian,Train: East Asian-only,0.694456494083396,197,19472,19669,0.6516721557659203,0.7341297134952344
PPM036759,PGS018577,PSS012479,Manlignant and unknown neoplasms of brain and nervous system,East Asian,Train: East Asian-only,0.694550342232919,197,19472,19669,0.6517670331183635,0.7342207878711989
PPM036760,PGS018578,PSS012480,Manlignant and unknown neoplasms of brain and nervous system,East Asian,Train: East Asian-only,0.695621514584002,197,19472,19669,0.6528501225822788,0.7352601160149489
PPM036761,PGS018579,PSS012481,Manlignant and unknown neoplasms of brain and nervous system,East Asian,Train: East Asian-only,0.696182778656011,197,19472,19669,0.6534177558290228,0.7358045588512668
PPM036762,PGS018580,PSS012483,Thyroid cancer,East Asian,Train: East Asian-only,0.748371612020489,439,19139,19578,0.7207430566394115,0.7741233592156386
PPM036763,PGS018581,PSS012482,Thyroid cancer,East Asian,Train: East Asian-only,0.751471461449573,439,19139,19578,0.7239086989564023,0.7771297282170427
PPM036764,PGS018582,PSS012484,Thyroid cancer,East Asian,Train: East Asian-only,0.736120154900827,439,19139,19578,0.7082522631526221,0.7622197847516474
PPM036765,PGS018583,PSS012485,Thyroid cancer,East Asian,Train: East Asian-only,0.750322214143478,439,19139,19578,0.7227348083330797,0.7760153996217745
PPM036766,PGS018584,PSS012486,Thyroid cancer,East Asian,Train: East Asian-only,0.750154040319585,439,19139,19578,0.7225630532270311,0.7758523096881685
PPM036767,PGS018585,PSS012493,Cancer suspected or other,East Asian,Train: East Asian-only,0.608200857034125,992,16868,17860,0.5889580006189905,0.627113218006966
PPM036768,PGS018586,PSS012492,Cancer suspected or other,East Asian,Train: East Asian-only,0.60805563550376,992,16868,17860,0.5888130174636317,0.6269682449207289
PPM036769,PGS018587,PSS012494,Cancer suspected or other,East Asian,Train: East Asian-only,0.607674174998279,992,16868,17860,0.5884321937117639,0.6265874259032913
PPM036770,PGS018588,PSS012495,Cancer suspected or other,East Asian,Train: East Asian-only,0.608251774212672,992,16868,17860,0.5890088347463254,0.627164047524182
PPM036771,PGS018589,PSS012496,Cancer suspected or other,East Asian,Train: East Asian-only,0.607886329908894,992,16868,17860,0.5886439925872275,0.6267992260272276
PPM036772,PGS018590,PSS012488,Malignant neoplasm other,East Asian,Train: East Asian-only,0.608332166264685,977,16868,17845,0.5889469958843142,0.6273815379420427
PPM036773,PGS018591,PSS012487,Malignant neoplasm other,East Asian,Train: East Asian-only,0.608277615412976,977,16868,17845,0.5888925358141234,0.6273270819454472
PPM036774,PGS018592,PSS012489,Malignant neoplasm other,East Asian,Train: East Asian-only,0.607836961035765,977,16868,17845,0.5884526263601304,0.6268871816294784
PPM036775,PGS018593,PSS012490,Malignant neoplasm other,East Asian,Train: East Asian-only,0.608698670318439,977,16868,17845,0.5893128982243693,0.6277473960977086
PPM036776,PGS018594,PSS012491,Malignant neoplasm other,East Asian,Train: East Asian-only,0.608448792223512,977,16868,17845,0.5890634288203267,0.627497959993879
PPM036777,PGS018595,PSS012503,Secondary malignant neoplasm,East Asian,Train: East Asian-only,0.676168595692798,438,16868,17306,0.6475079888949202,0.7035657042539065
PPM036778,PGS018596,PSS012502,Secondary malignant neoplasm,East Asian,Train: East Asian-only,0.67811711240543,438,16868,17306,0.6494698394506727,0.7054848417254846
PPM036779,PGS018597,PSS012504,Secondary malignant neoplasm,East Asian,Train: East Asian-only,0.677505730772271,438,16868,17306,0.6488542009196356,0.7048827558419795
PPM036780,PGS018598,PSS012505,Secondary malignant neoplasm,East Asian,Train: East Asian-only,0.67670945932045,438,16868,17306,0.6480524855942514,0.7040984850037914
PPM036781,PGS018599,PSS012506,Secondary malignant neoplasm,East Asian,Train: East Asian-only,0.676672508426969,438,16868,17306,0.6480152848319622,0.7040620880810148
PPM036782,PGS018600,PSS012498,Secondary malignancy of bone,East Asian,Train: East Asian-only,0.692592161389214,166,16868,17034,0.6458322409211948,0.7357049151032985
PPM036783,PGS018601,PSS012497,Secondary malignancy of bone,East Asian,Train: East Asian-only,0.691558265311662,166,16868,17034,0.6447877616001957,0.7347043190841843
PPM036784,PGS018602,PSS012499,Secondary malignancy of bone,East Asian,Train: East Asian-only,0.690667579018945,166,16868,17034,0.6438882080736793,0.7338420460014723
PPM036785,PGS018603,PSS012500,Secondary malignancy of bone,East Asian,Train: East Asian-only,0.69098899748865,166,16868,17034,0.6442127997734113,0.7341532403494699
PPM036786,PGS018604,PSS012501,Secondary malignancy of bone,East Asian,Train: East Asian-only,0.690914356977352,166,16868,17034,0.6441374196859561,0.734080977048693
PPM036787,PGS018605,PSS012508,Neoplasm of uncertain behavior,East Asian,Train: East Asian-only,0.607702923835349,1288,16868,18156,0.590725839187636,0.6244235211081862
PPM036788,PGS018606,PSS012507,Neoplasm of uncertain behavior,East Asian,Train: East Asian-only,0.607673373965478,1288,16868,18156,0.5906963196555068,0.6243940178600278
PPM036789,PGS018607,PSS012509,Neoplasm of uncertain behavior,East Asian,Train: East Asian-only,0.607694362658096,1288,16868,18156,0.5907172867914495,0.624414973446872
PPM036790,PGS018608,PSS012510,Neoplasm of uncertain behavior,East Asian,Train: East Asian-only,0.607920359326418,1288,16868,18156,0.5909430539484566,0.6246406109402272
PPM036791,PGS018609,PSS012511,Neoplasm of uncertain behavior,East Asian,Train: East Asian-only,0.607739561991761,1288,16868,18156,0.5907624398420245,0.624460101341884
PPM036792,PGS018610,PSS012513,Benign neoplasm of colon,East Asian,Train: East Asian-only,0.594002599186252,1308,17399,18707,0.5771864374266731,0.610601162576311
PPM036793,PGS018611,PSS012512,Benign neoplasm of colon,East Asian,Train: East Asian-only,0.59583523816705,1308,17399,18707,0.579015051416381,0.6124332184730922
PPM036794,PGS018612,PSS012514,Benign neoplasm of colon,East Asian,Train: East Asian-only,0.596313270139431,1308,17399,18707,0.5794920836310702,0.6129110460858603
PPM036795,PGS018613,PSS012515,Benign neoplasm of colon,East Asian,Train: East Asian-only,0.594433350856925,1308,17399,18707,0.5776162156616119,0.611031805746768
PPM036796,PGS018614,PSS012516,Benign neoplasm of colon,East Asian,Train: East Asian-only,0.594939900409054,1308,17399,18707,0.5781216420071701,0.6115382052670616
PPM036797,PGS018615,PSS012518,Benign neoplasm of other parts of digestive system,East Asian,Train: East Asian-only,0.587374233480707,1877,16014,17891,0.5731442954456278,0.6014596558189258
PPM036798,PGS018616,PSS012517,Benign neoplasm of other parts of digestive system,East Asian,Train: East Asian-only,0.589696588740047,1877,16014,17891,0.5754628917271223,0.6037816414148447
PPM036799,PGS018617,PSS012519,Benign neoplasm of other parts of digestive system,East Asian,Train: East Asian-only,0.588457895026455,1877,16014,17891,0.5742261519923333,0.6025431975613288
PPM036800,PGS018618,PSS012520,Benign neoplasm of other parts of digestive system,East Asian,Train: East Asian-only,0.589456455223416,1877,16014,17891,0.5752231278943739,0.6035415657563402
PPM036801,PGS018619,PSS012521,Benign neoplasm of other parts of digestive system,East Asian,Train: East Asian-only,0.587480194307871,1877,16014,17891,0.5732500758488073,0.6015656089945405
PPM036802,PGS018620,PSS012528,Benign neoplasm of uterus,East Asian,Train: East Asian-only,0.827623924497459,1075,8479,9554,0.8115632359587691,0.8425812612317465
PPM036803,PGS018621,PSS012527,Benign neoplasm of uterus,East Asian,Train: East Asian-only,0.827895676596352,1075,8479,9554,0.8118431861227596,0.8428437669947144
PPM036804,PGS018622,PSS012529,Benign neoplasm of uterus,East Asian,Train: East Asian-only,0.82716632336525,1075,8479,9554,0.8110918656475654,0.842139194132084
PPM036805,PGS018623,PSS012530,Benign neoplasm of uterus,East Asian,Train: East Asian-only,0.828120582451309,1075,8479,9554,0.8120748887088357,0.8430610084475666
PPM036806,PGS018624,PSS012531,Benign neoplasm of uterus,East Asian,Train: East Asian-only,0.828241263641774,1075,8479,9554,0.8121992213736973,0.8431775725440465
PPM036807,PGS018625,PSS012523,Uterine leiomyoma,East Asian,Train: East Asian-only,0.830224226365351,938,8479,9417,0.8131168429341855,0.8460620669479539
PPM036808,PGS018626,PSS012522,Uterine leiomyoma,East Asian,Train: East Asian-only,0.831039485235189,938,8479,9417,0.8139585743207013,0.8468472333366625
PPM036809,PGS018627,PSS012524,Uterine leiomyoma,East Asian,Train: East Asian-only,0.830088936645434,938,8479,9417,0.8129771750817029,0.8459317559256033
PPM036810,PGS018628,PSS012525,Uterine leiomyoma,East Asian,Train: East Asian-only,0.830544973647423,938,8479,9417,0.8134479869012661,0.8463709935360684
PPM036811,PGS018629,PSS012526,Uterine leiomyoma,East Asian,Train: East Asian-only,0.830036379858328,938,8479,9417,0.8129229186373159,0.845881132088699
PPM036812,PGS018630,PSS012533,Benign neoplasm of brain and other parts of nervous system,East Asian,Train: East Asian-only,0.660170382926,191,19472,19663,0.6164829010824951,0.7012926206618096
PPM036813,PGS018631,PSS012532,Benign neoplasm of brain and other parts of nervous system,East Asian,Train: East Asian-only,0.661563442419132,191,19472,19663,0.6178788601408418,0.7026572542098992
PPM036814,PGS018632,PSS012534,Benign neoplasm of brain and other parts of nervous system,East Asian,Train: East Asian-only,0.660913294213304,191,19472,19663,0.6172272975133066,0.7020204399628694
PPM036815,PGS018633,PSS012535,Benign neoplasm of brain and other parts of nervous system,East Asian,Train: East Asian-only,0.659072820901109,191,19472,19663,0.6153834003156518,0.7002170737121672
PPM036816,PGS018634,PSS012536,Benign neoplasm of brain and other parts of nervous system,East Asian,Train: East Asian-only,0.659157786506171,191,19472,19663,0.6154685051422706,0.7003003470402633
PPM036817,PGS018635,PSS012538,Benign neoplasm of thyroid glands,East Asian,Train: East Asian-only,0.717753817993659,155,19139,19294,0.6696854151998182,0.7613202387286284
PPM036818,PGS018636,PSS012537,Benign neoplasm of thyroid glands,East Asian,Train: East Asian-only,0.720373363626711,155,19139,19294,0.6723535171877031,0.7638275335615518
PPM036819,PGS018637,PSS012539,Benign neoplasm of thyroid glands,East Asian,Train: East Asian-only,0.71458548580925,155,19139,19294,0.666461333289557,0.7582844261926154
PPM036820,PGS018638,PSS012540,Benign neoplasm of thyroid glands,East Asian,Train: East Asian-only,0.717680331833834,155,19139,19294,0.6696105991425819,0.7612498663961769
PPM036821,PGS018639,PSS012541,Benign neoplasm of thyroid glands,East Asian,Train: East Asian-only,0.718897235673148,155,19139,19294,0.6708497520201491,0.7624149596284845
PPM036822,PGS018640,PSS012543,Hemangioma and lymphangioma any site,East Asian,Train: East Asian-only,0.698213801768952,185,19746,19931,0.6540705037605262,0.7389721125308784
PPM036823,PGS018641,PSS012542,Hemangioma and lymphangioma any site,East Asian,Train: East Asian-only,0.698221192934046,185,19746,19931,0.654077983592625,0.7389792680999543
PPM036824,PGS018642,PSS012544,Hemangioma and lymphangioma any site,East Asian,Train: East Asian-only,0.696217365953009,185,19746,19931,0.6520506827629791,0.7370386987835983
PPM036825,PGS018643,PSS012545,Hemangioma and lymphangioma any site,East Asian,Train: East Asian-only,0.699285246960726,185,19746,19931,0.6551549637994923,0.7400092293067182
PPM036826,PGS018644,PSS012546,Hemangioma and lymphangioma any site,East Asian,Train: East Asian-only,0.696981119679388,185,19746,19931,0.6528232499388044,0.7377784874663389
PPM036827,PGS018645,PSS012548,Simple and unspecified goiter,East Asian,Train: East Asian-only,0.738843344079459,871,17080,17951,0.7191387843204541,0.75763139201796
PPM036828,PGS018646,PSS012547,Simple and unspecified goiter,East Asian,Train: East Asian-only,0.739483070147372,871,17080,17951,0.7197880830800542,0.7582586867774528
PPM036829,PGS018647,PSS012549,Simple and unspecified goiter,East Asian,Train: East Asian-only,0.729513574265226,871,17080,17951,0.709676518502424,0.7484756028722622
PPM036830,PGS018648,PSS012550,Simple and unspecified goiter,East Asian,Train: East Asian-only,0.736669471952075,871,17080,17951,0.7169328545065933,0.7554992780905144
PPM036831,PGS018649,PSS012551,Simple and unspecified goiter,East Asian,Train: East Asian-only,0.738536487979845,871,17080,17951,0.718827358950534,0.7573304757382887
PPM036832,PGS018650,PSS012563,Nontoxic nodular goiter,East Asian,Train: East Asian-only,0.731218770346041,1205,17080,18285,0.7143464673667687,0.7474468330697243
PPM036833,PGS018651,PSS012562,Nontoxic nodular goiter,East Asian,Train: East Asian-only,0.734164148211492,1205,17080,18285,0.7173287379701138,0.7503458391911624
PPM036834,PGS018652,PSS012564,Nontoxic nodular goiter,East Asian,Train: East Asian-only,0.724352765118019,1205,17080,18285,0.707398771093906,0.7406845128073155
PPM036835,PGS018653,PSS012565,Nontoxic nodular goiter,East Asian,Train: East Asian-only,0.733369304323321,1205,17080,18285,0.7165238276929605,0.7495636222963725
PPM036836,PGS018654,PSS012566,Nontoxic nodular goiter,East Asian,Train: East Asian-only,0.734143449911085,1205,17080,18285,0.7173077764948798,0.7503254707697267
PPM036837,PGS018655,PSS012553,Nontoxic uninodular goiter,East Asian,Train: East Asian-only,0.71868734743442,189,17080,17269,0.6753147997423822,0.7583393666824524
PPM036838,PGS018656,PSS012552,Nontoxic uninodular goiter,East Asian,Train: East Asian-only,0.719528704013481,189,17080,17269,0.6761713799135121,0.7591486965842786
PPM036839,PGS018657,PSS012554,Nontoxic uninodular goiter,East Asian,Train: East Asian-only,0.715494777145831,189,17080,17269,0.6720663770814788,0.7552662560027256
PPM036840,PGS018658,PSS012555,Nontoxic uninodular goiter,East Asian,Train: East Asian-only,0.715172298427568,189,17080,17269,0.6717384244820853,0.7549556625877624
PPM036841,PGS018659,PSS012556,Nontoxic uninodular goiter,East Asian,Train: East Asian-only,0.719195692849089,189,17080,17269,0.6758323179488539,0.7588283889322728
PPM036842,PGS018660,PSS012558,Nontoxic multinodular goiter,East Asian,Train: East Asian-only,0.706958645113383,246,17080,17326,0.6689121128359359,0.7423173459832948
PPM036843,PGS018661,PSS012557,Nontoxic multinodular goiter,East Asian,Train: East Asian-only,0.707403467184555,246,17080,17326,0.6693632042300282,0.7427491590504841
PPM036844,PGS018662,PSS012559,Nontoxic multinodular goiter,East Asian,Train: East Asian-only,0.699427133908341,246,17080,17326,0.6612820449177568,0.7349979507108255
PPM036845,PGS018663,PSS012560,Nontoxic multinodular goiter,East Asian,Train: East Asian-only,0.706110650977704,246,17080,17326,0.6680523065355601,0.7414940022492889
PPM036846,PGS018664,PSS012561,Nontoxic multinodular goiter,East Asian,Train: East Asian-only,0.707524847203976,246,17080,17326,0.6694863037348385,0.7428669798755025
PPM036847,PGS018665,PSS012574,Thyrotoxicosis with or without goiter,East Asian,Train: East Asian-only,0.778500404454215,718,17080,17798,0.7575683561933353,0.7981067892281777
PPM036848,PGS018666,PSS012573,Thyrotoxicosis with or without goiter,East Asian,Train: East Asian-only,0.78101160848832,718,17080,17798,0.7601385078357585,0.8005449140419081
PPM036849,PGS018667,PSS012575,Thyrotoxicosis with or without goiter,East Asian,Train: East Asian-only,0.772695834121584,718,17080,17798,0.7516323094204059,0.7924662379562897
PPM036850,PGS018668,PSS012576,Thyrotoxicosis with or without goiter,East Asian,Train: East Asian-only,0.779215701304039,718,17080,17798,0.75830031536206155,0.7988014017170717
PPM036851,PGS018669,PSS012577,Thyrotoxicosis with or without goiter,East Asian,Train: East Asian-only,0.782935212305846,718,17080,17798,0.7621081239230565,0.8024116592077429
PPM036852,PGS018670,PSS012578,Thyrotoxicosis with or without goiter,East Asian,Train: East Asian-only,0.773196020040054,718,17080,17798,0.7521435651770687,0.7929525565542223
PPM036853,PGS018671,PSS012568,Graves disease,East Asian,Train: East Asian-only,0.74791933385376,225,17080,17305,0.7089071722298035,0.7833013147058995
PPM036854,PGS018672,PSS012567,Graves disease,East Asian,Train: East Asian-only,0.753868852459016,225,17080,17305,0.7150159366999546,0.7889880212424959
PPM036855,PGS018673,PSS012569,Graves disease,East Asian,Train: East Asian-only,0.750624251886547,225,17080,17305,0.7116831393396235,0.7858881806811476
PPM036856,PGS018674,PSS012570,Graves disease,East Asian,Train: East Asian-only,0.745616705698673,225,17080,17305,0.7065458184474105,0.7810973153620229
PPM036857,PGS018675,PSS012571,Graves disease,East Asian,Train: East Asian-only,0.759878740567265,225,17080,17305,0.7211978874583056,0.794720553709067
PPM036858,PGS018676,PSS012572,Graves disease,East Asian,Train: East Asian-only,0.740979963570128,225,17080,17305,0.7017956651848423,0.7766540301367831
PPM036859,PGS018677,PSS012586,Hypothyroidism,East Asian,Train: East Asian-only,0.739059256851488,598,17080,17678,0.7152643286373689,0.7615286530954329
PPM036860,PGS018678,PSS012585,Hypothyroidism,East Asian,Train: East Asian-only,0.741745611836489,598,17080,17678,0.7179971249428384,0.7641510980956702
PPM036861,PGS018679,PSS012587,Hypothyroidism,East Asian,Train: East Asian-only,0.737986398847055,598,17080,17678,0.7141732978907758,0.7604809308251917
PPM036862,PGS018680,PSS012588,Hypothyroidism,East Asian,Train: East Asian-only,0.738465748435456,598,17080,17678,0.7146607406764609,0.760949077129294
PPM036863,PGS018681,PSS012589,Hypothyroidism,East Asian,Train: East Asian-only,0.748402951289623,598,17080,17678,0.7247754074731414,0.7706439963616805
PPM036864,PGS018682,PSS012590,Hypothyroidism,East Asian,Train: East Asian-only,0.73809282307144,598,17080,17678,0.7142815152819421,0.7605848715210219
PPM036865,PGS018683,PSS012580,Hypothyroidism NOS,East Asian,Train: East Asian-only,0.744097808533056,509,17080,17589,0.7183744152148238,0.7682296920273884
PPM036866,PGS018684,PSS012579,Hypothyroidism NOS,East Asian,Train: East Asian-only,0.74543072470703,509,17080,17589,0.719732869804077,0.7695268481630143
PPM036867,PGS018685,PSS012581,Hypothyroidism NOS,East Asian,Train: East Asian-only,0.74267275688658,509,17080,17589,0.7169224608482089,0.7668424556693748
PPM036868,PGS018686,PSS012582,Hypothyroidism NOS,East Asian,Train: East Asian-only,0.741471775028411,509,17080,17589,0.7156991265765712,0.7656730103878473
PPM036869,PGS018687,PSS012583,Hypothyroidism NOS,East Asian,Train: East Asian-only,0.749884859415762,509,17080,17589,0.7242749983581843,0.7738587300715049
PPM036870,PGS018688,PSS012584,Hypothyroidism NOS,East Asian,Train: East Asian-only,0.738569220080702,509,17080,17589,0.7127437512154795,0.7628454247350649
PPM036871,PGS018689,PSS012604,Thyroiditis,East Asian,Train: East Asian-only,0.802416945009662,366,17080,17446,0.7736622839714559,0.828329119358214
PPM036872,PGS018690,PSS012603,Thyroiditis,East Asian,Train: East Asian-only,0.806109468780794,366,17080,17446,0.7774937827772602,0.8318409560197771
PPM036873,PGS018691,PSS012605,Thyroiditis,East Asian,Train: East Asian-only,0.801297174338695,366,17080,17446,0.772501207987554,0.8272632751751703
PPM036874,PGS018692,PSS012606,Thyroiditis,East Asian,Train: East Asian-only,0.805023451197195,366,17080,17446,0.776366446987639,0.8308085394594462
PPM036875,PGS018693,PSS012607,Thyroiditis,East Asian,Train: East Asian-only,0.810790270152673,366,17080,17446,0.782356967067207,0.8362862942955495
PPM036876,PGS018694,PSS012608,Thyroiditis,East Asian,Train: East Asian-only,0.797755819608144,366,17080,17446,0.7688317551894528,0.8238898473788931
PPM036877,PGS018695,PSS012598,Chronic thyroiditis,East Asian,Train: East Asian-only,0.807306566384435,260,17080,17340,0.7731271576000385,0.8374195336269703
PPM036878,PGS018696,PSS012597,Chronic thyroiditis,East Asian,Train: East Asian-only,0.812508782201405,260,17080,17340,0.778563619448644,0.8423042905983028
PPM036879,PGS018697,PSS012599,Chronic thyroiditis,East Asian,Train: East Asian-only,0.805314582958026,260,17080,17340,0.7710481769522493,0.8355463010764526
PPM036880,PGS018698,PSS012600,Chronic thyroiditis,East Asian,Train: East Asian-only,0.810188929922537,260,17080,17340,0.776138038113831,0.8401273259324628
PPM036881,PGS018699,PSS012601,Chronic thyroiditis,East Asian,Train: East Asian-only,0.81625315258512,260,17080,17340,0.7824830311858878,0.845813470583969
PPM036882,PGS018700,PSS012602,Chronic thyroiditis,East Asian,Train: East Asian-only,0.804465186452891,260,17080,17340,0.7701621318141807,0.834747074748977
PPM036883,PGS018701,PSS012592,Chronic lymphocytic thyroiditis,East Asian,Train: East Asian-only,0.808298312521406,253,17080,17333,0.7736677744241147,0.8387345993608816
PPM036884,PGS018702,PSS012591,Chronic lymphocytic thyroiditis,East Asian,Train: East Asian-only,0.814285020040544,253,17080,17333,0.7799300462155736,0.8443471969424684
PPM036885,PGS018703,PSS012593,Chronic lymphocytic thyroiditis,East Asian,Train: East Asian-only,0.806090844294693,253,17080,17333,0.7713621701582987,0.836661461414974
PPM036886,PGS018704,PSS012594,Chronic lymphocytic thyroiditis,East Asian,Train: East Asian-only,0.808041210393313,253,17080,17333,0.7733991473370948,0.8384932416558888
PPM036887,PGS018705,PSS012595,Chronic lymphocytic thyroiditis,East Asian,Train: East Asian-only,0.817107358073146,253,17080,17333,0.7828871688804264,0.8469880971371965
PPM036888,PGS018706,PSS012596,Chronic lymphocytic thyroiditis,East Asian,Train: East Asian-only,0.805302644611269,253,17080,17333,0.7705393756527963,0.8359207614864969
PPM036889,PGS018707,PSS012615,Other disorders of thyroid,East Asian,Train: East Asian-only,0.709555147721131,416,17080,17496,0.6804733601460321,0.7370130090682417
PPM036890,PGS018708,PSS012614,Other disorders of thyroid,East Asian,Train: East Asian-only,0.71215968969555,416,17080,17496,0.6831126109975398,0.7395593228248913
PPM036891,PGS018709,PSS012616,Other disorders of thyroid,East Asian,Train: East Asian-only,0.707475848946136,416,17080,17496,0.678367328155712,0.7349791686223023
PPM036892,PGS018710,PSS012617,Other disorders of thyroid,East Asian,Train: East Asian-only,0.709409199918933,416,17080,17496,0.6803255077129916,0.7368702817153597
PPM036893,PGS018711,PSS012618,Other disorders of thyroid,East Asian,Train: East Asian-only,0.707870203566925,416,17080,17496,0.678766686618902,0.7353649715457367
PPM036894,PGS018712,PSS012610,Thyroid cyst,East Asian,Train: East Asian-only,0.716462063408124,186,17080,17266,0.6726899828104832,0.756499329630655
PPM036895,PGS018713,PSS012609,Thyroid cyst,East Asian,Train: East Asian-only,0.712999231950845,186,17080,17266,0.6691688541995249,0.7531646947479599
PPM036896,PGS018714,PSS012611,Thyroid cyst,East Asian,Train: East Asian-only,0.714795648560852,186,17080,17266,0.6709950698764083,0.7548950868094805
PPM036897,PGS018715,PSS012612,Thyroid cyst,East Asian,Train: East Asian-only,0.719789227166276,186,17080,17266,0.6760765266136041,0.7596996791007923
PPM036898,PGS018716,PSS012613,Thyroid cyst,East Asian,Train: East Asian-only,0.713198484047241,186,17080,17266,0.6693713644817082,0.7533566745244378
PPM036899,PGS018717,PSS012678,Diabetes mellitus,East Asian,Train: East Asian-only,0.653950633652492,5538,14006,19544,0.6450649794050548,0.6627301456618758
PPM036900,PGS018718,PSS012677,Diabetes mellitus,East Asian,Train: East Asian-only,0.659788068952753,5538,14006,19544,0.6509286130803905,0.6685371701252206
PPM036901,PGS018719,PSS012679,Diabetes mellitus,East Asian,Train: East Asian-only,0.65389324969173,5538,14006,19544,0.6450073466879949,0.6626730518268454
PPM036902,PGS018720,PSS012680,Diabetes mellitus,East Asian,Train: East Asian-only,0.660822836748446,5538,14006,19544,0.6519682103011205,0.6695663609523977
PPM036903,PGS018721,PSS012681,Diabetes mellitus,East Asian,Train: East Asian-only,0.677565931992103,5538,14006,19544,0.6687973232119555,0.6862113120512953
PPM036904,PGS018722,PSS012682,Diabetes mellitus,East Asian,Train: East Asian-only,0.615979160146348,5538,14006,19544,0.6069653900686368,0.6249139569219553
PPM036905,PGS018723,PSS012650,Type 2 diabetes,East Asian,Train: East Asian-only,0.670577876846211,4897,14006,18903,0.661316749695447,0.6797084137094973
PPM036906,PGS018724,PSS012649,Type 2 diabetes,East Asian,Train: East Asian-only,0.675758888129015,4897,14006,18903,0.6665253614378367,0.6848576314021032
PPM036907,PGS018725,PSS012651,Type 2 diabetes,East Asian,Train: East Asian-only,0.668409941642036,4897,14006,18903,0.6591377151839218,0.677553329940487
PPM036908,PGS018726,PSS012652,Type 2 diabetes,East Asian,Train: East Asian-only,0.674349357728802,4897,14006,18903,0.6651081714545523,0.6834569021518362
PPM036909,PGS018727,PSS012653,Type 2 diabetes,East Asian,Train: East Asian-only,0.692074381844754,4897,14006,18903,0.6829378383529725,0.7010628883260477
PPM036910,PGS018728,PSS012654,Type 2 diabetes,East Asian,Train: East Asian-only,0.63615782856386,4897,14006,18903,0.6267510443620938,0.6454616460019974
PPM036911,PGS018729,PSS012661,Abnormal glucose,East Asian,Train: East Asian-only,0.584434823077919,818,14006,14824,0.563310386552214,0.6052534760525881
PPM036912,PGS018730,PSS012660,Abnormal glucose,East Asian,Train: East Asian-only,0.587898584853784,818,14006,14824,0.5667585361865767,0.6087192547542304
PPM036913,PGS018731,PSS012662,Abnormal glucose,East Asian,Train: East Asian-only,0.579771872131643,818,14006,14824,0.5586705716342646,0.6005855679511104
PPM036914,PGS018732,PSS012663,Abnormal glucose,East Asian,Train: East Asian-only,0.589460262751521,818,14006,14824,0.5683136159466242,0.61028137590637
PPM036915,PGS018733,PSS012664,Abnormal glucose,East Asian,Train: East Asian-only,0.58256381215595,818,14006,14824,0.5614483676042732,0.6033807844795241
PPM036916,PGS018734,PSS012666,Polyneuropathy in diabetes,East Asian,Train: East Asian-only,0.646722833071541,421,14006,14427,0.6173168054282744,0.6750586577387919
PPM036917,PGS018735,PSS012665,Polyneuropathy in diabetes,East Asian,Train: East Asian-only,0.661433528826974,421,14006,14427,0.632070423371835,0.6896040463949782
PPM036918,PGS018736,PSS012667,Polyneuropathy in diabetes,East Asian,Train: East Asian-only,0.636478665573594,421,14006,14427,0.6070645854925933,0.6649062915777609
PPM036919,PGS018737,PSS012668,Polyneuropathy in diabetes,East Asian,Train: East Asian-only,0.660400886895097,421,14006,14427,0.6310335412472643,0.6885843159881204
PPM036920,PGS018738,PSS012669,Polyneuropathy in diabetes,East Asian,Train: East Asian-only,0.726859170976266,421,14006,14427,0.6981682492388664,0.7537846357010277
PPM036921,PGS018739,PSS012670,Polyneuropathy in diabetes,East Asian,Train: East Asian-only,0.652418898856717,421,14006,14427,0.6230250554511615,0.680695444677004
PPM036922,PGS018740,PSS012672,Diabetic retinopathy,East Asian,Train: East Asian-only,0.621870134442665,496,17362,17858,0.5948298854656213,0.64817315360089
PPM036923,PGS018741,PSS012671,Diabetic retinopathy,East Asian,Train: East Asian-only,0.637590297312261,496,17362,17858,0.6105369100622351,0.6637992846507923
PPM036924,PGS018742,PSS012673,Diabetic retinopathy,East Asian,Train: East Asian-only,0.636299473079882,496,17362,17858,0.6092457406914895,0.6625177002054665
PPM036925,PGS018743,PSS012674,Diabetic retinopathy,East Asian,Train: East Asian-only,0.641289049871614,496,17362,17858,0.6142380801552048,0.667470040225378
PPM036926,PGS018744,PSS012675,Diabetic retinopathy,East Asian,Train: East Asian-only,0.697828103459167,496,17362,17858,0.6710897705622434,0.7232890442442199
PPM036927,PGS018745,PSS012676,Diabetic retinopathy,East Asian,Train: East Asian-only,0.630665761525913,496,17362,17858,0.603613521770973,0.656921119055489
PPM036928,PGS018746,PSS012620,Type 2 diabetes with ketoacidosis,East Asian,Train: East Asian-only,0.645494039375159,1259,14006,15265,0.6282758513942972,0.6623433109290542
PPM036929,PGS018747,PSS012619,Type 2 diabetes with ketoacidosis,East Asian,Train: East Asian-only,0.660587990373353,1259,14006,15265,0.6434243406722877,0.6773397741326942
PPM036930,PGS018748,PSS012621,Type 2 diabetes with ketoacidosis,East Asian,Train: East Asian-only,0.641977504931791,1259,14006,15265,0.6247499392470706,0.6588460487357025
PPM036931,PGS018749,PSS012622,Type 2 diabetes with ketoacidosis,East Asian,Train: East Asian-only,0.658629791816216,1259,14006,15265,0.6414577435303604,0.6753955894395598
PPM036932,PGS018750,PSS012623,Type 2 diabetes with ketoacidosis,East Asian,Train: East Asian-only,0.693075258680128,1259,14006,15265,0.6761105673105139,0.7095331184915973
PPM036933,PGS018751,PSS012624,Type 2 diabetes with ketoacidosis,East Asian,Train: East Asian-only,0.645009962257183,1259,14006,15265,0.6277904094816065,0.6618619632022742
PPM036934,PGS018752,PSS012626,Type 2 diabetes with renal manifestations,East Asian,Train: East Asian-only,0.662650027505388,1809,14006,15815,0.6481979194986303,0.6768044601423753
PPM036935,PGS018753,PSS012625,Type 2 diabetes with renal manifestations,East Asian,Train: East Asian-only,0.676850606630168,1809,14006,15815,0.6624724628173003,0.690902039399326
PPM036936,PGS018754,PSS012627,Type 2 diabetes with renal manifestations,East Asian,Train: East Asian-only,0.662561224057257,1809,14006,15815,0.6481087099132333,0.6767162431025622
PPM036937,PGS018755,PSS012628,Type 2 diabetes with renal manifestations,East Asian,Train: East Asian-only,0.673575653867682,1809,14006,15815,0.659178849059076,0.6876524802110688
PPM036938,PGS018756,PSS012629,Type 2 diabetes with renal manifestations,East Asian,Train: East Asian-only,0.703350187043743,1809,14006,15815,0.6891595520527352,0.7171588664521816
PPM036939,PGS018757,PSS012630,Type 2 diabetes with renal manifestations,East Asian,Train: East Asian-only,0.65498842121441,1809,14006,15815,0.6405038117298882,0.669190847411415
PPM036940,PGS018758,PSS012632,Type 2 diabetes with ophthalmic manifestations,East Asian,Train: East Asian-only,0.656482930936736,1443,14006,15449,0.6403817135346508,0.6722322274222239
PPM036941,PGS018759,PSS012631,Type 2 diabetes with ophthalmic manifestations,East Asian,Train: East Asian-only,0.674459238289026,1443,14006,15449,0.6584456208886921,0.6900754554071615
PPM036942,PGS018760,PSS012633,Type 2 diabetes with ophthalmic manifestations,East Asian,Train: East Asian-only,0.654663296959456,1443,14006,15449,0.6385549744048185,0.6704242518633707
PPM036943,PGS018761,PSS012634,Type 2 diabetes with ophthalmic manifestations,East Asian,Train: East Asian-only,0.671000469158402,1443,14006,15449,0.6549675112129026,0.686644846489328
PPM036944,PGS018762,PSS012635,Type 2 diabetes with ophthalmic manifestations,East Asian,Train: East Asian-only,0.707173561593096,1443,14006,15449,0.6914038603820967,0.7224608897066724
PPM036945,PGS018763,PSS012636,Type 2 diabetes with ophthalmic manifestations,East Asian,Train: East Asian-only,0.657239610902327,1443,14006,15449,0.6411414423124329,0.6729839623694636
PPM036946,PGS018764,PSS012638,Type 2 diabetes with neurological manifestations,East Asian,Train: East Asian-only,0.646881495232202,1503,14006,15509,0.6310535215344562,0.6623937133040317
PPM036947,PGS018765,PSS012637,Type 2 diabetes with neurological manifestations,East Asian,Train: East Asian-only,0.66574846879139,1503,14006,15509,0.6499957292012828,0.6811400194697258
PPM036948,PGS018766,PSS012639,Type 2 diabetes with neurological manifestations,East Asian,Train: East Asian-only,0.647594287364155,1503,14006,15509,0.6317685461123338,0.6631025741224847
PPM036949,PGS018767,PSS012640,Type 2 diabetes with neurological manifestations,East Asian,Train: East Asian-only,0.660421648017212,1503,14006,15509,0.6446442376125833,0.6758507938641825
PPM036950,PGS018768,PSS012641,Type 2 diabetes with neurological manifestations,East Asian,Train: East Asian-only,0.7003371048374,1503,14006,15509,0.6848128949321753,0.715414440431966
PPM036951,PGS018769,PSS012642,Type 2 diabetes with neurological manifestations,East Asian,Train: East Asian-only,0.653580506177896,1503,14006,15509,0.6377753879953535,0.6690538471729962
PPM036952,PGS018770,PSS012644,Diabetes type 2 with peripheral circulatory disorders,East Asian,Train: East Asian-only,0.637336333998594,1147,14006,15153,0.6193153014872352,0.6549795336381392
PPM036953,PGS018771,PSS012643,Diabetes type 2 with peripheral circulatory disorders,East Asian,Train: East Asian-only,0.65416857714859,1147,14006,15153,0.6361947169878556,0.6717126597344841
PPM036954,PGS018772,PSS012645,Diabetes type 2 with peripheral circulatory disorders,East Asian,Train: East Asian-only,0.634503322215501,1147,14006,15153,0.6164772695751246,0.6521601765977458
PPM036955,PGS018773,PSS012646,Diabetes type 2 with peripheral circulatory disorders,East Asian,Train: East Asian-only,0.652212260258121,1147,14006,15153,0.6342313747444654,0.6697694610952795
PPM036956,PGS018774,PSS012647,Diabetes type 2 with peripheral circulatory disorders,East Asian,Train: East Asian-only,0.69172067370305,1147,14006,15153,0.6739634541317735,0.7089284492155215
PPM036957,PGS018775,PSS012648,Diabetes type 2 with peripheral circulatory disorders,East Asian,Train: East Asian-only,0.650491052470849,1147,14006,15153,0.6325043244335343,0.6680594445153394
PPM036958,PGS018776,PSS012656,Impaired fasting glucose,East Asian,Train: East Asian-only,0.59687555759492406,553,14006,14559,0.5712649357871183,0.6219686960411358
PPM036959,PGS018777,PSS012655,Impaired fasting glucose,East Asian,Train: East Asian-only,0.606829829323986,553,14006,14559,0.58117647661919,0.6319070803926073
PPM036960,PGS018778,PSS012657,Impaired fasting glucose,East Asian,Train: East Asian-only,0.598771670833915,553,14006,14559,0.5731518565842157,0.6238629088537422
PPM036961,PGS018779,PSS012658,Impaired fasting glucose,East Asian,Train: East Asian-only,0.600722914152782,553,14006,14559,0.5750941558968456,0.6258116448208634
PPM036962,PGS018780,PSS012659,Impaired fasting glucose,East Asian,Train: East Asian-only,0.600041857545423,553,14006,14559,0.5744161615573379,0.6251315270308999
PPM036963,PGS018781,PSS012684,Other disorders of pancreatic internal secretion,East Asian,Train: East Asian-only,0.634818778882049,1113,18086,19199,0.6166405053515907,0.6526206601244611
PPM036964,PGS018782,PSS012683,Other disorders of pancreatic internal secretion,East Asian,Train: East Asian-only,0.64102731096382,1113,18086,19199,0.6228592055027627,0.6587996405833557
PPM036965,PGS018783,PSS012685,Other disorders of pancreatic internal secretion,East Asian,Train: East Asian-only,0.632217947613573,1113,18086,19199,0.6140366153563872,0.6500309591871312
PPM036966,PGS018784,PSS012686,Other disorders of pancreatic internal secretion,East Asian,Train: East Asian-only,0.638369598620309,1113,18086,19199,0.6201966439536368,0.6561550948892199
PPM036967,PGS018785,PSS012687,Other disorders of pancreatic internal secretion,East Asian,Train: East Asian-only,0.634194875457272,1113,18086,19199,0.6160158038136878,0.6519994936985175
PPM036968,PGS018786,PSS012714,Disorders of lipoid metabolism,East Asian,Train: East Asian-only,0.607554945487613,7538,11877,19415,0.5992993743805417,0.6157494831980821
PPM036969,PGS018787,PSS012713,Disorders of lipoid metabolism,East Asian,Train: East Asian-only,0.610484783973376,7538,11877,19415,0.6022381352305843,0.6186687175198691
PPM036970,PGS018788,PSS012715,Disorders of lipoid metabolism,East Asian,Train: East Asian-only,0.600612522272994,7538,11877,19415,0.5923373008929167,0.6088306946482618
PPM036971,PGS018789,PSS012716,Disorders of lipoid metabolism,East Asian,Train: East Asian-only,0.608752325200824,7538,11877,19415,0.6005003552448175,0.6169425744485855
PPM036972,PGS018790,PSS012717,Disorders of lipoid metabolism,East Asian,Train: East Asian-only,0.60332171673959,7538,11877,19415,0.5950539146296645,0.6115309151474849
PPM036973,PGS018791,PSS012704,Hyperlipidemia,East Asian,Train: East Asian-only,0.607964460748423,7443,11877,19320,0.5996742950404678,0.6161928270911304
PPM036974,PGS018792,PSS012703,Hyperlipidemia,East Asian,Train: East Asian-only,0.610515339668116,7443,11877,19320,0.6022329137236391,0.6187344880123387
PPM036975,PGS018793,PSS012705,Hyperlipidemia,East Asian,Train: East Asian-only,0.600940146149155,7443,11877,19320,0.5926301386828973,0.6091924238337825
PPM036976,PGS018794,PSS012706,Hyperlipidemia,East Asian,Train: East Asian-only,0.609733296677437,7443,11877,19320,0.6014484675422506,0.6179553014212787
PPM036977,PGS018795,PSS012707,Hyperlipidemia,East Asian,Train: East Asian-only,0.60354829849343306,7443,11877,19320,0.5952454070319343,0.6117919493347673
PPM036978,PGS018796,PSS012709,Unspecified disorder of lipoid metabolism,East Asian,Train: East Asian-only,0.607880731456918,3620,11877,15497,0.5969961519063232,0.6186591163514311
PPM036979,PGS018797,PSS012708,Unspecified disorder of lipoid metabolism,East Asian,Train: East Asian-only,0.606393340208593,3620,11877,15497,0.5955062943458018,0.617175732808868
PPM036980,PGS018798,PSS012710,Unspecified disorder of lipoid metabolism,East Asian,Train: East Asian-only,0.592190230711943,3620,11877,15497,0.5812861098799802,0.6030043237124645
PPM036981,PGS018799,PSS012711,Unspecified disorder of lipoid metabolism,East Asian,Train: East Asian-only,0.604958862409681,3620,11877,15497,0.5940695604405308,0.6157449959590334
PPM036982,PGS018800,PSS012712,Unspecified disorder of lipoid metabolism,East Asian,Train: East Asian-only,0.601560981645662,3620,11877,15497,0.590666814027258,0.6123554912258032
PPM036983,PGS018801,PSS012689,Hypercholesterolemia,East Asian,Train: East Asian-only,0.601185337494709,1168,11877,13045,0.5832197257432352,0.6188825903787674
PPM036984,PGS018802,PSS012688,Hypercholesterolemia,East Asian,Train: East Asian-only,0.605235268234564,1168,11877,13045,0.5872646670126265,0.6229258212781855
PPM036985,PGS018803,PSS012690,Hypercholesterolemia,East Asian,Train: East Asian-only,0.590953967666296,1168,11877,13045,0.5730080375822405,0.6086607689461674
PPM036986,PGS018804,PSS012691,Hypercholesterolemia,East Asian,Train: East Asian-only,0.603484373504217,1168,11877,13045,0.5855157332044114,0.6211780274280339
PPM036987,PGS018805,PSS012692,Hypercholesterolemia,East Asian,Train: East Asian-only,0.603425335141825,1168,11877,13045,0.5854567661753437,0.6211190881938958
PPM036988,PGS018806,PSS012694,Hyperglyceridemia,East Asian,Train: East Asian-only,0.759857230304313,148,11877,12025,0.7116410535043548,0.8022515242443858
PPM036989,PGS018807,PSS012693,Hyperglyceridemia,East Asian,Train: East Asian-only,0.773163097424274,148,11877,12025,0.725427130159857,0.8147195868627566
PPM036990,PGS018808,PSS012695,Hyperglyceridemia,East Asian,Train: East Asian-only,0.736371000958018,148,11877,12025,0.687472108607513,0.7800666776862468
PPM036991,PGS018809,PSS012696,Hyperglyceridemia,East Asian,Train: East Asian-only,0.774328192805081,148,11877,12025,0.7266376616302735,0.8158076925231947
PPM036992,PGS018810,PSS012697,Hyperglyceridemia,East Asian,Train: East Asian-only,0.768014604652645,148,11877,12025,0.7200844655082846,0.8099042346462683
PPM036993,PGS018811,PSS012699,Mixed hyperlipidemia,East Asian,Train: East Asian-only,0.593564595808433,2649,11877,14526,0.5811435883365502,0.6058670724320845
PPM036994,PGS018812,PSS012698,Mixed hyperlipidemia,East Asian,Train: East Asian-only,0.600366891377782,2649,11877,14526,0.5879483989388717,0.6126576837765313
PPM036995,PGS018813,PSS012700,Mixed hyperlipidemia,East Asian,Train: East Asian-only,0.584509690414581,2649,11877,14526,0.5720900643525424,0.5968228866845486
PPM036996,PGS018814,PSS012701,Mixed hyperlipidemia,East Asian,Train: East Asian-only,0.596283066652771,2649,11877,14526,0.5838626967789932,0.6085812492641662
PPM036997,PGS018815,PSS012702,Mixed hyperlipidemia,East Asian,Train: East Asian-only,0.59441781087403,2649,11877,14526,0.5819969509709328,0.6067189934826864
PPM036998,PGS018816,PSS012731,Gout and other crystal arthropathies,East Asian,Train: East Asian-only,0.725924981776111,1862,17819,19681,0.7122341091746565,0.7392029994898686
PPM036999,PGS018817,PSS012730,Gout and other crystal arthropathies,East Asian,Train: East Asian-only,0.728013834543065,1862,17819,19681,0.7143443263973217,0.7412661381613457
PPM037000,PGS018818,PSS012732,Gout and other crystal arthropathies,East Asian,Train: East Asian-only,0.719156901095627,1862,17819,19681,0.7053998527053826,0.7325151339997301
PPM037001,PGS018819,PSS012733,Gout and other crystal arthropathies,East Asian,Train: East Asian-only,0.727638416107934,1862,17819,19681,0.7139650352502958,0.7408953747485336
PPM037002,PGS018820,PSS012734,Gout and other crystal arthropathies,East Asian,Train: East Asian-only,0.732205253579541,1862,17819,19681,0.7185799713603319,0.7454045801098972
PPM037003,PGS018821,PSS012735,Gout and other crystal arthropathies,East Asian,Train: East Asian-only,0.7242780956062,1862,17819,19681,0.7105706933300919,0.7375760668258543
PPM037004,PGS018822,PSS012725,Gout,East Asian,Train: East Asian-only,0.725353467317205,1852,17819,19671,0.7116212564605181,0.7386719032961454
PPM037005,PGS018823,PSS012724,Gout,East Asian,Train: East Asian-only,0.727595928921455,1852,17819,19671,0.7138865773742503,0.7408868132688174
PPM037006,PGS018824,PSS012726,Gout,East Asian,Train: East Asian-only,0.718914348348288,1852,17819,19671,0.7051193434400158,0.7323090015108682
PPM037007,PGS018825,PSS012727,Gout,East Asian,Train: East Asian-only,0.726799978230823,1852,17819,19671,0.7130824537938155,0.7401007020191464
PPM037008,PGS018826,PSS012728,Gout,East Asian,Train: East Asian-only,0.732221000298538,1852,17819,19671,0.7185604357283766,0.7454533913850895
PPM037009,PGS018827,PSS012729,Gout,East Asian,Train: East Asian-only,0.724002832902051,1852,17819,19671,0.7102571022145643,0.7373376105236356
PPM037010,PGS018828,PSS012719,Gouty arthropathy,East Asian,Train: East Asian-only,0.712592270866242,1266,17819,19085,0.6959332033006157,0.7286944437249692
PPM037011,PGS018829,PSS012718,Gouty arthropathy,East Asian,Train: East Asian-only,0.71587781010507,1266,17819,19085,0.6992516335257941,0.731937205373398
PPM037012,PGS018830,PSS012720,Gouty arthropathy,East Asian,Train: East Asian-only,0.709416666289875,1266,17819,19085,0.6927270219193358,0.7255589407034292
PPM037013,PGS018831,PSS012721,Gouty arthropathy,East Asian,Train: East Asian-only,0.716202161687823,1266,17819,19085,0.6995793018654567,0.7322572624225302
PPM037014,PGS018832,PSS012722,Gouty arthropathy,East Asian,Train: East Asian-only,0.722230304784099,1266,17819,19085,0.7056713905205613,0.7382032306186367
PPM037015,PGS018833,PSS012723,Gouty arthropathy,East Asian,Train: East Asian-only,0.714091371840077,1266,17819,19085,0.697447152380845,0.7301741896440325
PPM037016,PGS018834,PSS012742,Other disorders of metabolism,East Asian,Train: East Asian-only,0.632905241841016,491,19386,19877,0.6057430167167678,0.6592488224104571
PPM037017,PGS018835,PSS012741,Other disorders of metabolism,East Asian,Train: East Asian-only,0.633091930410234,491,19386,19877,0.6059296225814608,0.6594343035829985
PPM037018,PGS018836,PSS012743,Other disorders of metabolism,East Asian,Train: East Asian-only,0.631181655647103,491,19386,19877,0.6040204470983248,0.6575361134109987
PPM037019,PGS018837,PSS012744,Other disorders of metabolism,East Asian,Train: East Asian-only,0.631287974629685,491,19386,19877,0.604126690175649,0.6576417755223579
PPM037020,PGS018838,PSS012745,Other disorders of metabolism,East Asian,Train: East Asian-only,0.630339718565669,491,19386,19877,0.6031791722898641,0.6566993127643881
PPM037021,PGS018839,PSS012737,Other disorders of purine and pyrimidine metabolism,East Asian,Train: East Asian-only,0.683802164191689,249,19386,19635,0.6457530986222447,0.7195393982231133
PPM037022,PGS018840,PSS012736,Other disorders of purine and pyrimidine metabolism,East Asian,Train: East Asian-only,0.685949617100404,249,19386,19635,0.6479188640142151,0.7216372913046497
PPM037023,PGS018841,PSS012738,Other disorders of purine and pyrimidine metabolism,East Asian,Train: East Asian-only,0.672712308016757,249,19386,19635,0.6345859527632547,0.7086868022273259
PPM037024,PGS018842,PSS012739,Other disorders of purine and pyrimidine metabolism,East Asian,Train: East Asian-only,0.678203788019094,249,19386,19635,0.6401121102275154,0.71406468432869
PPM037025,PGS018843,PSS012740,Other disorders of purine and pyrimidine metabolism,East Asian,Train: East Asian-only,0.683250903127624,249,19386,19635,0.6451973133593354,0.7190006686262678
PPM037026,PGS018844,PSS012753,Overweight obesity and other hyperalimentation,East Asian,Train: East Asian-only,0.773835403326366,337,19566,19903,0.7428649665570347,0.8020695142012096
PPM037027,PGS018845,PSS012752,Overweight obesity and other hyperalimentation,East Asian,Train: East Asian-only,0.776535235985879,337,19566,19903,0.7456457541526348,0.8046561781973157
PPM037028,PGS018846,PSS012754,Overweight obesity and other hyperalimentation,East Asian,Train: East Asian-only,0.775655917383483,337,19566,19903,0.7447398431624805,0.8038139533418419
PPM037029,PGS018847,PSS012755,Overweight obesity and other hyperalimentation,East Asian,Train: East Asian-only,0.773234227241527,337,19566,19903,0.7422460431024335,0.8014932467173483
PPM037030,PGS018848,PSS012756,Overweight obesity and other hyperalimentation,East Asian,Train: East Asian-only,0.786497105892223,337,19566,19903,0.7559244283234159,0.8141816323331896
PPM037031,PGS018849,PSS012757,Overweight obesity and other hyperalimentation,East Asian,Train: East Asian-only,0.772261031747982,337,19566,19903,0.7412443318630455,0.8005601505419431
PPM037032,PGS018850,PSS012747,Obesity,East Asian,Train: East Asian-only,0.761749273310255,277,19566,19843,0.7270975337457866,0.7932522112748845
PPM037033,PGS018851,PSS012746,Obesity,East Asian,Train: East Asian-only,0.764125014622359,277,19566,19843,0.7295409541329646,0.7955262289263089
PPM037034,PGS018852,PSS012748,Obesity,East Asian,Train: East Asian-only,0.763092685277747,277,19566,19843,0.7284790127769767,0.794538315346305
PPM037035,PGS018853,PSS012749,Obesity,East Asian,Train: East Asian-only,0.761576757146321,277,19566,19843,0.7269201673787861,0.7930870141931142
PPM037036,PGS018854,PSS012750,Obesity,East Asian,Train: East Asian-only,0.775976413811478,277,19566,19843,0.7417551658944338,0.8068437286647099
PPM037037,PGS018855,PSS012751,Obesity,East Asian,Train: East Asian-only,0.763338636129645,277,19566,19843,0.7287319902060252,0.7947737140967823
PPM037038,PGS018856,PSS012764,Disorders involving the immune mechanism,East Asian,Train: East Asian-only,0.702177421547605,705,19041,19746,0.6798205148325912,0.7236079205388039
PPM037039,PGS018857,PSS012763,Disorders involving the immune mechanism,East Asian,Train: East Asian-only,0.702379449199022,705,19041,19746,0.6800245755066441,0.7238068455336766
PPM037040,PGS018858,PSS012765,Disorders involving the immune mechanism,East Asian,Train: East Asian-only,0.702355015176284,705,19041,19746,0.679999895271611,0.7237827871022033
PPM037041,PGS018859,PSS012766,Disorders involving the immune mechanism,East Asian,Train: East Asian-only,0.702490072747088,705,19041,19746,0.6801363149041356,0.7239157674314247
PPM037042,PGS018860,PSS012767,Disorders involving the immune mechanism,East Asian,Train: East Asian-only,0.702335348767739,705,19041,19746,0.6799800307582612,0.7237634229301143
PPM037043,PGS018861,PSS012759,Other specified disorders involving the immune mechanism,East Asian,Train: East Asian-only,0.717335057830901,354,19041,19395,0.6859017997665589,0.7467839397949636
PPM037044,PGS018862,PSS012758,Other specified disorders involving the immune mechanism,East Asian,Train: East Asian-only,0.712241232641902,354,19041,19395,0.6807332156860413,0.7418190956804734
PPM037045,PGS018863,PSS012760,Other specified disorders involving the immune mechanism,East Asian,Train: East Asian-only,0.712478306550509,354,19041,19395,0.6809736427868547,0.7420502999868999
PPM037046,PGS018864,PSS012761,Other specified disorders involving the immune mechanism,East Asian,Train: East Asian-only,0.71397937902065,354,19041,19395,0.6824962315106339,0.7435139068653227
PPM037047,PGS018865,PSS012762,Other specified disorders involving the immune mechanism,East Asian,Train: East Asian-only,0.717939314420236,354,19041,19395,0.6865153041551818,0.7473724950948228
PPM037048,PGS018866,PSS012779,Iron deficiency anemias,East Asian,Train: East Asian-only,0.838910517315454,679,18072,18751,0.819232105167052,0.856821131063599
PPM037049,PGS018867,PSS012778,Iron deficiency anemias,East Asian,Train: East Asian-only,0.839560266543057,679,18072,18751,0.8199067627242504,0.8574419063662609
PPM037050,PGS018868,PSS012780,Iron deficiency anemias,East Asian,Train: East Asian-only,0.839651783962171,679,18072,18751,0.8200017983047297,0.8575293328160399
PPM037051,PGS018869,PSS012781,Iron deficiency anemias,East Asian,Train: East Asian-only,0.839533862585984,679,18072,18751,0.8198793441832918,0.857416682247889
PPM037052,PGS018870,PSS012782,Iron deficiency anemias,East Asian,Train: East Asian-only,0.839184173142156,679,18072,18751,0.819516236798638,0.8570825990266633
PPM037053,PGS018871,PSS012769,Iron deficiency anemias unspecified or not due to blood loss,East Asian,Train: East Asian-only,0.835886957524654,664,18072,18736,0.8158644234574008,0.8541215714977497
PPM037054,PGS018872,PSS012768,Iron deficiency anemias unspecified or not due to blood loss,East Asian,Train: East Asian-only,0.836349798263439,664,18072,18736,0.8163447610083735,0.8545639606786986
PPM037055,PGS018873,PSS012770,Iron deficiency anemias unspecified or not due to blood loss,East Asian,Train: East Asian-only,0.836146295007387,664,18072,18736,0.8161335571548336,0.8543694573061399
PPM037056,PGS018874,PSS012771,Iron deficiency anemias unspecified or not due to blood loss,East Asian,Train: East Asian-only,0.835303031515171,664,18072,18736,0.8152585104480862,0.8535633586791055
PPM037057,PGS018875,PSS012772,Iron deficiency anemias unspecified or not due to blood loss,East Asian,Train: East Asian-only,0.836156878510056,664,18072,18736,0.816144540846961,0.8543795730531585
PPM037058,PGS018876,PSS012774,Iron deficiency anemia secondary to blood loss chronic,East Asian,Train: East Asian-only,0.860304881837174,114,18072,18186,0.811137211852668,0.8982776873883155
PPM037059,PGS018877,PSS012773,Iron deficiency anemia secondary to blood loss chronic,East Asian,Train: East Asian-only,0.861529030078516,114,18072,18186,0.8124748527527467,0.8993410353443676
PPM037060,PGS018878,PSS012775,Iron deficiency anemia secondary to blood loss chronic,East Asian,Train: East Asian-only,0.861985294688692,114,18072,18186,0.8129737165522415,0.8997370503262697
PPM037061,PGS018879,PSS012776,Iron deficiency anemia secondary to blood loss chronic,East Asian,Train: East Asian-only,0.861458163447574,114,18072,18186,0.8123973842265086,0.8992795111835953
PPM037062,PGS018880,PSS012777,Iron deficiency anemia secondary to blood loss chronic,East Asian,Train: East Asian-only,0.859665140607162,114,18072,18186,0.8104386200886181,0.8977214919614659
PPM037063,PGS018881,PSS012784,Hereditary hemolytic anemias,East Asian,Train: East Asian-only,0.82601001888139,98,18072,18170,0.7695954310494999,0.8709281399630421
PPM037064,PGS018882,PSS012783,Hereditary hemolytic anemias,East Asian,Train: East Asian-only,0.848971461094398,98,18072,18170,0.7943890856555675,0.8910513851393087
PPM037065,PGS018883,PSS012785,Hereditary hemolytic anemias,East Asian,Train: East Asian-only,0.784518953663803,98,18072,18170,0.7256287941193909,0.833666541316639
PPM037066,PGS018884,PSS012786,Hereditary hemolytic anemias,East Asian,Train: East Asian-only,0.8171367816715,98,18072,18170,0.7601080342643192,0.8630508876452145
PPM037067,PGS018885,PSS012787,Hereditary hemolytic anemias,East Asian,Train: East Asian-only,0.816392592893731,98,18072,18170,0.7593145576587259,0.8623878401891854
PPM037068,PGS018886,PSS012789,Other anemias,East Asian,Train: East Asian-only,0.732421469353053,957,18072,19029,0.7135445607481882,0.7504894062282439
PPM037069,PGS018887,PSS012788,Other anemias,East Asian,Train: East Asian-only,0.732425690249567,957,18072,19029,0.713548838353664,0.7504935533583585
PPM037070,PGS018888,PSS012790,Other anemias,East Asian,Train: East Asian-only,0.731951562148018,957,18072,19029,0.7130683562712723,0.7500276948298855
PPM037071,PGS018889,PSS012791,Other anemias,East Asian,Train: East Asian-only,0.73168593477015,957,18072,19029,0.7127991832731628,0.7497666858751592
PPM037072,PGS018890,PSS012792,Other anemias,East Asian,Train: East Asian-only,0.731533346470151,957,18072,19029,0.7126445628031687,0.74961674588266
PPM037073,PGS018891,PSS012814,Delirium dementia and amnestic and other cognitive disorders,East Asian,Train: East Asian-only,0.622511545317935,526,19015,19541,0.5962700491057465,0.648054150112836
PPM037074,PGS018892,PSS012813,Delirium dementia and amnestic and other cognitive disorders,East Asian,Train: East Asian-only,0.624373393428642,526,19015,19541,0.5981287982752433,0.6499072449918423
PPM037075,PGS018893,PSS012815,Delirium dementia and amnestic and other cognitive disorders,East Asian,Train: East Asian-only,0.622977257298371,526,19015,19541,0.5967349383776236,0.6485177233419118
PPM037076,PGS018894,PSS012816,Delirium dementia and amnestic and other cognitive disorders,East Asian,Train: East Asian-only,0.625316315216424,526,19015,19541,0.5990703443344982,0.650845527154437
PPM037077,PGS018895,PSS012817,Delirium dementia and amnestic and other cognitive disorders,East Asian,Train: East Asian-only,0.620770374399239,526,19015,19541,0.5945322345223075,0.6463206761493808
PPM037078,PGS018896,PSS012804,Dementias,East Asian,Train: East Asian-only,0.648094149692888,390,19015,19405,0.617621555196998,0.6774067210299262
PPM037079,PGS018897,PSS012803,Dementias,East Asian,Train: East Asian-only,0.651535697189129,390,19015,19405,0.6210693404800587,0.6808114243656915
PPM037080,PGS018898,PSS012805,Dementias,East Asian,Train: East Asian-only,0.650538239042052,390,19015,19405,0.6200698580027488,0.6798248765690739
PPM037081,PGS018899,PSS012806,Dementias,East Asian,Train: East Asian-only,0.650261669262458,390,19015,19405,0.6197927582594149,0.679551298394372
PPM037082,PGS018900,PSS012807,Dementias,East Asian,Train: East Asian-only,0.650780692705489,390,19015,19405,0.6203127874401033,0.6800646956763916
PPM037083,PGS018901,PSS012809,Other persistent mental disorders due to conditions classified elsewhere,East Asian,Train: East Asian-only,0.616919433162384,278,19015,19293,0.5808675075417826,0.6517296125467704
PPM037084,PGS018902,PSS012808,Other persistent mental disorders due to conditions classified elsewhere,East Asian,Train: East Asian-only,0.616410179770987,278,19015,19293,0.5803611734830372,0.6512234596745624
PPM037085,PGS018903,PSS012810,Other persistent mental disorders due to conditions classified elsewhere,East Asian,Train: East Asian-only,0.614755673767586,278,19015,19293,0.5787165005479098,0.6495786441869221
PPM037086,PGS018904,PSS012811,Other persistent mental disorders due to conditions classified elsewhere,East Asian,Train: East Asian-only,0.617802870509272,278,19015,19293,0.5817460005032451,0.6526075394825144
PPM037087,PGS018905,PSS012812,Other persistent mental disorders due to conditions classified elsewhere,East Asian,Train: East Asian-only,0.614700813632554,278,19015,19293,0.5786619755746475,0.6495240953556175
PPM037088,PGS018906,PSS012794,Alzheimers disease,East Asian,Train: East Asian-only,0.761442370058726,75,19015,19090,0.6923551505331504,0.8190692290606638
PPM037089,PGS018907,PSS012793,Alzheimers disease,East Asian,Train: East Asian-only,0.755854500832676,75,19015,19090,0.6865630695013571,0.8139781154433109
PPM037090,PGS018908,PSS012795,Alzheimers disease,East Asian,Train: East Asian-only,0.764197388026996,75,19015,19090,0.6952168049241573,0.8215726781083934
PPM037091,PGS018909,PSS012796,Alzheimers disease,East Asian,Train: East Asian-only,0.759895521079849,75,19015,19090,0.6907501615239461,0.8176616927025513
PPM037092,PGS018910,PSS012797,Alzheimers disease,East Asian,Train: East Asian-only,0.761736173196599,75,19015,19090,0.6926601369333694,0.8193364148731139
PPM037093,PGS018911,PSS012799,Senile dementia,East Asian,Train: East Asian-only,0.658317337189938,240,19015,19255,0.6194102852916825,0.6952041635699332
PPM037094,PGS018912,PSS012798,Senile dementia,East Asian,Train: East Asian-only,0.652637391533,240,19015,19255,0.6137208513828989,0.6896160753203188
PPM037095,PGS018913,PSS012800,Senile dementia,East Asian,Train: East Asian-only,0.651713997721097,240,19015,19255,0.6127966002528165,0.6887068665385926
PPM037096,PGS018914,PSS012801,Senile dementia,East Asian,Train: East Asian-only,0.654726750810763,240,19015,19255,0.6158128559993068,0.6916725674052626
PPM037097,PGS018915,PSS012802,Senile dementia,East Asian,Train: East Asian-only,0.651296564116049,240,19015,19255,0.6123788416575658,0.6882957770919077
PPM037098,PGS018916,PSS012824,Other specified nonpsychotic and or transient mental disorders,East Asian,Train: East Asian-only,0.584532972514426,398,19015,19413,0.5546103950141379,0.6138449529361821
PPM037099,PGS018917,PSS012823,Other specified nonpsychotic and or transient mental disorders,East Asian,Train: East Asian-only,0.586018972062521,398,19015,19413,0.5560832718160016,0.615332389219723
PPM037100,PGS018918,PSS012825,Other specified nonpsychotic and or transient mental disorders,East Asian,Train: East Asian-only,0.585326316039836,398,19015,19413,0.5553966894891497,0.6146391104627461
PPM037101,PGS018919,PSS012826,Other specified nonpsychotic and or transient mental disorders,East Asian,Train: East Asian-only,0.585951847060704,398,19015,19413,0.5560167321182616,0.6152652074591117
PPM037102,PGS018920,PSS012827,Other specified nonpsychotic and or transient mental disorders,East Asian,Train: East Asian-only,0.585075786505496,398,19015,19413,0.5551483753105064,0.6143883354922587
PPM037103,PGS018921,PSS012819,Specific nonpsychotic mental disorders due to brain damage,East Asian,Train: East Asian-only,0.632273266188989,281,19015,19296,0.5963518070362018,0.6667841942683727
PPM037104,PGS018922,PSS012818,Specific nonpsychotic mental disorders due to brain damage,East Asian,Train: East Asian-only,0.631934893130821,281,19015,19296,0.5960143231100591,0.6664489869855276
PPM037105,PGS018923,PSS012820,Specific nonpsychotic mental disorders due to brain damage,East Asian,Train: East Asian-only,0.631788913603514,281,19015,19296,0.5958687342224602,0.6663043655213559
PPM037106,PGS018924,PSS012821,Specific nonpsychotic mental disorders due to brain damage,East Asian,Train: East Asian-only,0.631996840853306,281,19015,19296,0.5960761063458928,0.6665103569987086
PPM037107,PGS018925,PSS012822,Specific nonpsychotic mental disorders due to brain damage,East Asian,Train: East Asian-only,0.63183776059919,281,19015,19296,0.5959174500308614,0.6663527586049796
PPM037108,PGS018926,PSS012834,Neurological disorders,East Asian,Train: East Asian-only,0.611370465511933,234,19015,19249,0.5721004803166179,0.6492460739678324
PPM037109,PGS018927,PSS012833,Neurological disorders,East Asian,Train: East Asian-only,0.611513177855539,234,19015,19249,0.5722420482115592,0.6493879472806948
PPM037110,PGS018928,PSS012835,Neurological disorders,East Asian,Train: East Asian-only,0.614085595942025,234,19015,19249,0.5747945686746512,0.6519444302545527
PPM037111,PGS018929,PSS012836,Neurological disorders,East Asian,Train: East Asian-only,0.611391591433664,234,19015,19249,0.5721214365553786,0.6492670759846276
PPM037112,PGS018930,PSS012837,Neurological disorders,East Asian,Train: East Asian-only,0.611257644100137,234,19015,19249,0.5719885666636667,0.6491339125078457
PPM037113,PGS018931,PSS012829,Mild cognitive impairment,East Asian,Train: East Asian-only,0.682541019327767,143,19015,19158,0.6319760733156858,0.7291362016407605
PPM037114,PGS018932,PSS012828,Mild cognitive impairment,East Asian,Train: East Asian-only,0.682285056515927,143,19015,19158,0.6317183353917116,0.7288884506667703
PPM037115,PGS018933,PSS012830,Mild cognitive impairment,East Asian,Train: East Asian-only,0.684182711845084,143,19015,19158,0.6336296258507857,0.7307246982100429
PPM037116,PGS018934,PSS012831,Mild cognitive impairment,East Asian,Train: East Asian-only,0.681997098352607,143,19015,19158,0.6314284040533389,0.7286097043724327
PPM037117,PGS018935,PSS012832,Mild cognitive impairment,East Asian,Train: East Asian-only,0.680578637770329,143,19015,19158,0.6300005913361914,0.7272362126256909
PPM037118,PGS018936,PSS012839,Depression,East Asian,Train: East Asian-only,0.671172877820259,506,14188,14694,0.6444351246413947,0.6968458413239146
PPM037119,PGS018937,PSS012838,Depression,East Asian,Train: East Asian-only,0.669110092479198,506,14188,14694,0.6423604951859319,0.6948095209178574
PPM037120,PGS018938,PSS012840,Depression,East Asian,Train: East Asian-only,0.665853290260321,506,14188,14694,0.6390864123735227,0.691593004167566
PPM037121,PGS018939,PSS012841,Depression,East Asian,Train: East Asian-only,0.672542821356577,506,14188,14694,0.6458133214232625,0.6981978002366586
PPM037122,PGS018940,PSS012842,Depression,East Asian,Train: East Asian-only,0.668331167796423,506,14188,14694,0.641577279758228,0.6940403978429729
PPM037123,PGS018941,PSS012844,Generalized anxiety disorder,East Asian,Train: East Asian-only,0.591452695024274,454,14188,14642,0.5632775247928391,0.6190395197992543
PPM037124,PGS018942,PSS012843,Generalized anxiety disorder,East Asian,Train: East Asian-only,0.5935045934456,454,14188,14642,0.5653157139663714,0.6210907031231213
PPM037125,PGS018943,PSS012845,Generalized anxiety disorder,East Asian,Train: East Asian-only,0.596117243709085,454,14188,14642,0.567911819680442,0.6237014589734596
PPM037126,PGS018944,PSS012846,Generalized anxiety disorder,East Asian,Train: East Asian-only,0.59421593479133,454,14188,14642,0.5660224494921055,0.6218016379968199
PPM037127,PGS018945,PSS012847,Generalized anxiety disorder,East Asian,Train: East Asian-only,0.592363528650507,454,14188,14642,0.5641821953464123,0.6199501197732691
PPM037128,PGS018946,PSS012849,Other mental disorder,East Asian,Train: East Asian-only,0.635427879515585,2518,14188,16706,0.622926891777603,0.6477487832048123
PPM037129,PGS018947,PSS012848,Other mental disorder,East Asian,Train: East Asian-only,0.635455227017294,2518,14188,16706,0.6229543093797602,0.6477760210934738
PPM037130,PGS018948,PSS012850,Other mental disorder,East Asian,Train: East Asian-only,0.635330441794551,2518,14188,16706,0.6228292047264448,0.6476517355863944
PPM037131,PGS018949,PSS012851,Other mental disorder,East Asian,Train: East Asian-only,0.635752718571199,2518,14188,16706,0.6232525669514039,0.6480723167335353
PPM037132,PGS018950,PSS012852,Other mental disorder,East Asian,Train: East Asian-only,0.636129173587049,2518,14188,16706,0.6236300003741493,0.6484472491545037
PPM037133,PGS018951,PSS012854,Develomental delays and disorders,East Asian,Train: East Asian-only,0.665435551771694,103,19831,19934,0.6055066282504858,0.720463392918566
PPM037134,PGS018952,PSS012853,Develomental delays and disorders,East Asian,Train: East Asian-only,0.665189296154447,103,19831,19934,0.6052605497454705,0.7202253307037819
PPM037135,PGS018953,PSS012855,Develomental delays and disorders,East Asian,Train: East Asian-only,0.663528172279059,103,19831,19934,0.6036011532848846,0.7186188668408037
PPM037136,PGS018954,PSS012856,Develomental delays and disorders,East Asian,Train: East Asian-only,0.661806341253495,103,19831,19934,0.6018820893324641,0.7169525767190738
PPM037137,PGS018955,PSS012857,Develomental delays and disorders,East Asian,Train: East Asian-only,0.662380121737419,103,19831,19934,0.6024548375303159,0.7175079748984445
PPM037138,PGS018956,PSS012864,Alcohol related disorders,East Asian,Train: East Asian-only,0.795132704420966,185,19347,19532,0.7536331611951868,0.8312074702778702
PPM037139,PGS018957,PSS012863,Alcohol related disorders,East Asian,Train: East Asian-only,0.79610471069612,185,19347,19532,0.7546487337898637,0.8321143577034834
PPM037140,PGS018958,PSS012865,Alcohol related disorders,East Asian,Train: East Asian-only,0.78417018351892,185,19347,19532,0.7422056899727628,0.8209515005518274
PPM037141,PGS018959,PSS012866,Alcohol related disorders,East Asian,Train: East Asian-only,0.813385970867751,185,19347,19532,0.7727715200443175,0.8481673655423777
PPM037142,PGS018960,PSS012867,Alcohol related disorders,East Asian,Train: East Asian-only,0.797293246107016,185,19347,19532,0.7558910702794813,0.8332227094739761
PPM037143,PGS018961,PSS012859,Alcoholism,East Asian,Train: East Asian-only,0.796775621477126,156,19347,19503,0.7514136217406964,0.8356702447987514
PPM037144,PGS018962,PSS012858,Alcoholism,East Asian,Train: East Asian-only,0.796239859621779,156,19347,19503,0.7508522530524097,0.8351741889551654
PPM037145,PGS018963,PSS012860,Alcoholism,East Asian,Train: East Asian-only,0.782413426583065,156,19347,19503,0.7364082706486567,0.8223264653247753
PPM037146,PGS018964,PSS012861,Alcoholism,East Asian,Train: East Asian-only,0.815851327907461,156,19347,19503,0.7714874796412777,0.8532407152317318
PPM037147,PGS018965,PSS012862,Alcoholism,East Asian,Train: East Asian-only,0.797508856471486,156,19347,19503,0.7521821098397607,0.8363489181454831
PPM037148,PGS018966,PSS012874,Parasomnia,East Asian,Train: East Asian-only,0.58291669258522,160,16076,16236,0.5357622614399677,0.6286017267950463
PPM037149,PGS018967,PSS012873,Parasomnia,East Asian,Train: East Asian-only,0.582975398108982,160,16076,16236,0.5358198809913662,0.6286603866502284
PPM037150,PGS018968,PSS012875,Parasomnia,East Asian,Train: East Asian-only,0.584121127768102,160,16076,16236,0.5369445800070372,0.6298050367371417
PPM037151,PGS018969,PSS012876,Parasomnia,East Asian,Train: East Asian-only,0.583521242846479,160,16076,16236,0.5363556675007907,0.6292057617468159
PPM037152,PGS018970,PSS012877,Parasomnia,East Asian,Train: East Asian-only,0.583339294600647,160,16076,16236,0.5361770641393506,0.6290239790810052
PPM037153,PGS018971,PSS012879,Sleep related movement disorders,East Asian,Train: East Asian-only,0.59938193969271,128,16076,16204,0.5463172480048556,0.6502138541251031
PPM037154,PGS018972,PSS012878,Sleep related movement disorders,East Asian,Train: East Asian-only,0.593661066963175,128,16076,16204,0.5407018750920743,0.644528353566577
PPM037155,PGS018973,PSS012880,Sleep related movement disorders,East Asian,Train: East Asian-only,0.592863099496143,128,16076,16204,0.5399193171666358,0.6437345129856675
PPM037156,PGS018974,PSS012881,Sleep related movement disorders,East Asian,Train: East Asian-only,0.593622675105748,128,16076,16204,0.5406642207405377,0.6444901647761365
PPM037157,PGS018975,PSS012882,Sleep related movement disorders,East Asian,Train: East Asian-only,0.594296719488679,128,16076,16204,0.5413253737947941,0.6451605775620827
PPM037158,PGS018976,PSS012869,Organic or persistent insomnia,East Asian,Train: East Asian-only,0.636931010753315,1195,16076,17271,0.6193221071687962,0.6541802052631919
PPM037159,PGS018977,PSS012868,Organic or persistent insomnia,East Asian,Train: East Asian-only,0.637669865211376,1195,16076,17271,0.6200622788333772,0.6549155840212071
PPM037160,PGS018978,PSS012870,Organic or persistent insomnia,East Asian,Train: East Asian-only,0.638866794858314,1195,16076,17271,0.6212614602423593,0.6561067607613452
PPM037161,PGS018979,PSS012871,Organic or persistent insomnia,East Asian,Train: East Asian-only,0.637370762934638,1195,16076,17271,0.6197626366391134,0.6546178957127105
PPM037162,PGS018980,PSS012872,Organic or persistent insomnia,East Asian,Train: East Asian-only,0.636650804078118,1195,16076,17271,0.6190414154613897,0.6539013016708872
PPM037163,PGS018981,PSS012884,Other cerebral degenerations,East Asian,Train: East Asian-only,0.643311642868211,282,18353,18635,0.607431586682238,0.6776525997834466
PPM037164,PGS018982,PSS012883,Other cerebral degenerations,East Asian,Train: East Asian-only,0.639317668126223,282,18353,18635,0.6034405673403538,0.6737040411891992
PPM037165,PGS018983,PSS012885,Other cerebral degenerations,East Asian,Train: East Asian-only,0.638507705273994,282,18353,18635,0.6026315979150046,0.6729028594872336
PPM037166,PGS018984,PSS012886,Other cerebral degenerations,East Asian,Train: East Asian-only,0.638565283740112,282,18353,18635,0.6026891013870739,0.6729598184850464
PPM037167,PGS018985,PSS012887,Other cerebral degenerations,East Asian,Train: East Asian-only,0.639414276290849,282,18353,18635,0.6035370658611695,0.6737995923473585
PPM037168,PGS018986,PSS012889,Migraine,East Asian,Train: East Asian-only,0.763748987565522,654,18010,18664,0.7414777702159823,0.7846587904340736
PPM037169,PGS018987,PSS012888,Migraine,East Asian,Train: East Asian-only,0.763716640602316,654,18010,18664,0.7414447419935435,0.7846273216049608
PPM037170,PGS018988,PSS012890,Migraine,East Asian,Train: East Asian-only,0.760134532802877,654,18010,18664,0.7377884491867918,0.7811411629780487
PPM037171,PGS018989,PSS012891,Migraine,East Asian,Train: East Asian-only,0.762855243519146,654,18010,18664,0.7405652780976949,0.7837892318534929
PPM037172,PGS018990,PSS012892,Migraine,East Asian,Train: East Asian-only,0.763348173882332,654,18010,18664,0.741068529407953,0.7842688429369554
PPM037173,PGS018991,PSS012894,Epilepsy,East Asian,Train: East Asian-only,0.700836220480115,123,18353,18476,0.646356378293215,0.7501672992260939
PPM037174,PGS018992,PSS012893,Epilepsy,East Asian,Train: East Asian-only,0.700663899789981,123,18353,18476,0.6461819211006378,0.7500022681399268
PPM037175,PGS018993,PSS012895,Epilepsy,East Asian,Train: East Asian-only,0.701523288321751,123,18353,18476,0.6470520657888033,0.7508251900315689
PPM037176,PGS018994,PSS012896,Epilepsy,East Asian,Train: East Asian-only,0.700272302129113,123,18353,18476,0.6457855060191826,0.7496271940942972
PPM037177,PGS018995,PSS012897,Epilepsy,East Asian,Train: East Asian-only,0.700600553109547,123,18353,18476,0.6461177915761428,0.7499415983477815
PPM037178,PGS018996,PSS012899,Facial nerve disorders CN7,East Asian,Train: East Asian-only,0.673065892095392,178,18119,18297,0.6278131268327926,0.7153115374987296
PPM037179,PGS018997,PSS012898,Facial nerve disorders CN7,East Asian,Train: East Asian-only,0.671759299165132,178,18119,18297,0.6265001855886609,0.714037388340298
PPM037180,PGS018998,PSS012900,Facial nerve disorders CN7,East Asian,Train: East Asian-only,0.67501244890986,178,18119,18297,0.6297699945554841,0.7172088205285575
PPM037181,PGS018999,PSS012901,Facial nerve disorders CN7,East Asian,Train: East Asian-only,0.673033645853164,178,18119,18297,0.627780718388753,0.7152800980432991
PPM037182,PGS019000,PSS012902,Facial nerve disorders CN7,East Asian,Train: East Asian-only,0.671711859981855,178,18119,18297,0.6264525245449407,0.7139911176058551
PPM037183,PGS019001,PSS012904,Inflammatory and toxic neuropathy,East Asian,Train: East Asian-only,0.605420538319962,669,18375,19044,0.5821484137217307,0.6282242750358168
PPM037184,PGS019002,PSS012903,Inflammatory and toxic neuropathy,East Asian,Train: East Asian-only,0.606184720824055,669,18375,19044,0.5829101313048386,0.6289871839598071
PPM037185,PGS019003,PSS012905,Inflammatory and toxic neuropathy,East Asian,Train: East Asian-only,0.60195243179484,669,18375,19044,0.578692421985374,0.6247609625155061
PPM037186,PGS019004,PSS012906,Inflammatory and toxic neuropathy,East Asian,Train: East Asian-only,0.604800097617522,669,18375,19044,0.5815300286983777,0.6276048105757523
PPM037187,PGS019005,PSS012907,Inflammatory and toxic neuropathy,East Asian,Train: East Asian-only,0.606759850726539,669,18375,19044,0.5834834549220558,0.6295613035021151
PPM037188,PGS019006,PSS012909,Retinal detachments and defects,East Asian,Train: East Asian-only,0.64518254909714,216,17422,17638,0.6041182554668161,0.6842138571742022
PPM037189,PGS019007,PSS012908,Retinal detachments and defects,East Asian,Train: East Asian-only,0.644045204658223,216,17422,17638,0.6029823009137228,0.6830931528213143
PPM037190,PGS019008,PSS012910,Retinal detachments and defects,East Asian,Train: East Asian-only,0.64402208574089,216,17422,17638,0.6029592133476935,0.6830703687356308
PPM037191,PGS019009,PSS012911,Retinal detachments and defects,East Asian,Train: East Asian-only,0.644183918162221,216,17422,17638,0.6031208289010782,0.6832298544812299
PPM037192,PGS019010,PSS012912,Retinal detachments and defects,East Asian,Train: East Asian-only,0.644560995675965,216,17422,17638,0.6034974245665875,0.6836014382800552
PPM037193,PGS019011,PSS012934,Other retinal disorders,East Asian,Train: East Asian-only,0.560049174662585,1281,17362,18643,0.5431957461011863,0.5767652843552723
PPM037194,PGS019012,PSS012933,Other retinal disorders,East Asian,Train: East Asian-only,0.566211429646933,1281,17362,18643,0.5493265435889183,0.58294399223768
PPM037195,PGS019013,PSS012935,Other retinal disorders,East Asian,Train: East Asian-only,0.563231355528836,1281,17362,18643,0.5463612655162772,0.5799563985072868
PPM037196,PGS019014,PSS012936,Other retinal disorders,East Asian,Train: East Asian-only,0.563366557974152,1281,17362,18643,0.5464957797537984,0.5800919598540338
PPM037197,PGS019015,PSS012937,Other retinal disorders,East Asian,Train: East Asian-only,0.562314478819528,1281,17362,18643,0.5454490982859757,0.5790370434585805
PPM037198,PGS019016,PSS012924,Degeneration of macula and posterior pole of retina,East Asian,Train: East Asian-only,0.58428402568808,563,17362,17925,0.5590459286800232,0.6090876855884332
PPM037199,PGS019017,PSS012923,Degeneration of macula and posterior pole of retina,East Asian,Train: East Asian-only,0.585983087541584,563,17362,17925,0.560733690644933,0.6107885305495677
PPM037200,PGS019018,PSS012925,Degeneration of macula and posterior pole of retina,East Asian,Train: East Asian-only,0.584256812871785,563,17362,17925,0.5590188999772384,0.6090604408529655
PPM037201,PGS019019,PSS012926,Degeneration of macula and posterior pole of retina,East Asian,Train: East Asian-only,0.586620440344289,563,17362,17925,0.5613669039649327,0.6114264456164985
PPM037202,PGS019020,PSS012927,Degeneration of macula and posterior pole of retina,East Asian,Train: East Asian-only,0.585466657854898,563,17362,17925,0.5602206548388884,0.6102716025949055
PPM037203,PGS019021,PSS012929,Peripheral retinal degenerations,East Asian,Train: East Asian-only,0.666011500211189,168,17362,17530,0.6193669015623186,0.7096199246620871
PPM037204,PGS019022,PSS012928,Peripheral retinal degenerations,East Asian,Train: East Asian-only,0.665875735733759,168,17362,17530,0.6192307433124487,0.7094874003690844
PPM037205,PGS019023,PSS012930,Peripheral retinal degenerations,East Asian,Train: East Asian-only,0.665985444402389,168,17362,17530,0.6193407697925984,0.7095944911369381
PPM037206,PGS019024,PSS012931,Peripheral retinal degenerations,East Asian,Train: East Asian-only,0.665918590682443,168,17362,17530,0.6192737220169763,0.7095292331312977
PPM037207,PGS019025,PSS012932,Peripheral retinal degenerations,East Asian,Train: East Asian-only,0.667175097777851,168,17362,17530,0.6205340796793992,0.7107555239043417
PPM037208,PGS019026,PSS012914,Macular puckering of retina,East Asian,Train: East Asian-only,0.658450087355527,192,17362,17554,0.6148585371207556,0.6995189666402126
PPM037209,PGS019027,PSS012913,Macular puckering of retina,East Asian,Train: East Asian-only,0.66466906894367,192,17362,17554,0.621092002300034,0.7056099378079915
PPM037210,PGS019028,PSS012915,Macular puckering of retina,East Asian,Train: East Asian-only,0.656237100660446,192,17362,17554,0.6126427490382383,0.6973489394194101
PPM037211,PGS019029,PSS012916,Macular puckering of retina,East Asian,Train: East Asian-only,0.661637424163883,192,17362,17554,0.6180520737497761,0.7026420429037291
PPM037212,PGS019030,PSS012917,Macular puckering of retina,East Asian,Train: East Asian-only,0.657937713589064,192,17362,17554,0.6143454054562764,0.6990166598299871
PPM037213,PGS019031,PSS012919,Macular degeneration senile of retina NOS,East Asian,Train: East Asian-only,0.590182876514273,539,17362,17901,0.5643600326466369,0.6155178528170709
PPM037214,PGS019032,PSS012918,Macular degeneration senile of retina NOS,East Asian,Train: East Asian-only,0.5932178884686,539,17362,17901,0.5673768502545715,0.6185531160664073
PPM037215,PGS019033,PSS012920,Macular degeneration senile of retina NOS,East Asian,Train: East Asian-only,0.588564068117115,539,17362,17901,0.5627514454300312,0.6138983555204857
PPM037216,PGS019034,PSS012921,Macular degeneration senile of retina NOS,East Asian,Train: East Asian-only,0.591099941248871,539,17362,17901,0.5652714663604468,0.6164351366851213
PPM037217,PGS019035,PSS012922,Macular degeneration senile of retina NOS,East Asian,Train: East Asian-only,0.592572138970678,539,17362,17901,0.5667348658769616,0.6179074269229932
PPM037218,PGS019036,PSS012944,Glaucoma,East Asian,Train: East Asian-only,0.590976715217446,818,17422,18240,0.5699153668501534,0.6117093761791134
PPM037219,PGS019037,PSS012943,Glaucoma,East Asian,Train: East Asian-only,0.601179858869389,818,17422,18240,0.5800816996368112,0.621908899169141
PPM037220,PGS019038,PSS012945,Glaucoma,East Asian,Train: East Asian-only,0.599811482488908,818,17422,18240,0.5787175725404071,0.6205417347458984
PPM037221,PGS019039,PSS012946,Glaucoma,East Asian,Train: East Asian-only,0.595840166677941,818,17422,18240,0.574759797976501,0.6165726594694086
PPM037222,PGS019040,PSS012947,Glaucoma,East Asian,Train: East Asian-only,0.587688850816451,818,17422,18240,0.566641871991895,0.6084200271482966
PPM037223,PGS019041,PSS012939,Open angle glaucoma,East Asian,Train: East Asian-only,0.672616997665787,192,17422,17614,0.62907334193005,0.7133779987025177
PPM037224,PGS019042,PSS012938,Open angle glaucoma,East Asian,Train: East Asian-only,0.676837595186163,192,17422,17614,0.6333180524018612,0.7174960298535451
PPM037225,PGS019043,PSS012940,Open angle glaucoma,East Asian,Train: East Asian-only,0.668541092679754,192,17422,17614,0.6249785463133121,0.7093963232151275
PPM037226,PGS019044,PSS012941,Open angle glaucoma,East Asian,Train: East Asian-only,0.678667178471664,192,17422,17614,0.6351595393804131,0.7192795624220732
PPM037227,PGS019045,PSS012942,Open angle glaucoma,East Asian,Train: East Asian-only,0.661720812765469,192,17422,17614,0.6181361992632802,0.7027232342022611
PPM037228,PGS019046,PSS012949,Cataract,East Asian,Train: East Asian-only,0.587379975059685,1749,17544,19293,0.5727301740141661,0.601876641847428
PPM037229,PGS019047,PSS012948,Cataract,East Asian,Train: East Asian-only,0.587410120616119,1749,17544,19293,0.5727602585871664,0.6019067915450149
PPM037230,PGS019048,PSS012950,Cataract,East Asian,Train: East Asian-only,0.587208943837883,1749,17544,19293,0.5725594901287563,0.6017055857360452
PPM037231,PGS019049,PSS012951,Cataract,East Asian,Train: East Asian-only,0.587287289694821,1749,17544,19293,0.5726376765940318,0.6017839432887119
PPM037232,PGS019050,PSS012952,Cataract,East Asian,Train: East Asian-only,0.587366482886319,1749,17544,19293,0.5727167091580421,0.6018631477967491
PPM037233,PGS019051,PSS012954,Visual disturbances,East Asian,Train: East Asian-only,0.591821974701867,496,19165,19661,0.5649371238657013,0.6181683518914363
PPM037234,PGS019052,PSS012953,Visual disturbances,East Asian,Train: East Asian-only,0.593723121786186,496,19165,19661,0.5668261893282238,0.6200693829752076
PPM037235,PGS019053,PSS012955,Visual disturbances,East Asian,Train: East Asian-only,0.592283059676999,496,19165,19661,0.5653952312140939,0.6186294598720901
PPM037236,PGS019054,PSS012956,Visual disturbances,East Asian,Train: East Asian-only,0.59266440419784,496,19165,19661,0.5657741360179196,0.6190107986883121
PPM037237,PGS019055,PSS012957,Visual disturbances,East Asian,Train: East Asian-only,0.602757041986821,496,19165,19661,0.5758098002178271,0.629095109810448
PPM037238,PGS019056,PSS012959,Keratitis,East Asian,Train: East Asian-only,0.642501650394357,340,16930,17270,0.6098268401551287,0.6739033452549495
PPM037239,PGS019057,PSS012958,Keratitis,East Asian,Train: East Asian-only,0.645163823355686,340,16930,17270,0.6124902150278266,0.6765374066408014
PPM037240,PGS019058,PSS012960,Keratitis,East Asian,Train: East Asian-only,0.642394114172544,340,16930,17270,0.6097192832040186,0.6737969145647018
PPM037241,PGS019059,PSS012961,Keratitis,East Asian,Train: East Asian-only,0.641930787672423,340,16930,17270,0.6092558920418333,0.6733383247151667
PPM037242,PGS019060,PSS012962,Keratitis,East Asian,Train: East Asian-only,0.643035509537542,340,16930,17270,0.6103608341456328,0.6744316815725755
PPM037243,PGS019061,PSS012964,Uveitis noninfectious or NOS,East Asian,Train: East Asian-only,0.694775823242764,128,16930,17058,0.6413310963019074,0.7434426276055726
PPM037244,PGS019062,PSS012963,Uveitis noninfectious or NOS,East Asian,Train: East Asian-only,0.684144731984643,128,16930,17058,0.6306065831138853,0.7332061911357508
PPM037245,PGS019063,PSS012965,Uveitis noninfectious or NOS,East Asian,Train: East Asian-only,0.696228957471943,128,16930,17058,0.6427998785708819,0.7448386151287143
PPM037246,PGS019064,PSS012966,Uveitis noninfectious or NOS,East Asian,Train: East Asian-only,0.69329130980508,128,16930,17058,0.6398313177939022,0.742015693934015
PPM037247,PGS019065,PSS012967,Uveitis noninfectious or NOS,East Asian,Train: East Asian-only,0.695750886001181,128,16930,17058,0.6423165817669758,0.7443794303271989
PPM037248,PGS019066,PSS012974,Other disorders of eye,East Asian,Train: East Asian-only,0.608422229227848,854,16774,17628,0.5877290606553324,0.6287328588968781
PPM037249,PGS019067,PSS012973,Other disorders of eye,East Asian,Train: East Asian-only,0.611286802453557,854,16774,17628,0.5905882890513233,0.6315916406685677
PPM037250,PGS019068,PSS012975,Other disorders of eye,East Asian,Train: East Asian-only,0.608756121118638,854,16774,17628,0.5880622815589471,0.6290661262564661
PPM037251,PGS019069,PSS012976,Other disorders of eye,East Asian,Train: East Asian-only,0.607877656649957,854,16774,17628,0.5871856095724306,0.628189276366639
PPM037252,PGS019070,PSS012977,Other disorders of eye,East Asian,Train: East Asian-only,0.607985161042977,854,16774,17628,0.5872928899073594,0.6282965881172164
PPM037253,PGS019071,PSS012969,Disorders of iris and ciliary body,East Asian,Train: East Asian-only,0.701897673718098,114,16774,16888,0.6452291300904389,0.7529798025179505
PPM037254,PGS019072,PSS012968,Disorders of iris and ciliary body,East Asian,Train: East Asian-only,0.682921459485126,114,16774,16888,0.6260762261484263,0.7347856664784568
PPM037255,PGS019073,PSS012970,Disorders of iris and ciliary body,East Asian,Train: East Asian-only,0.695772383743429,114,16774,16888,0.6390331612942152,0.7471222341436365
PPM037256,PGS019074,PSS012971,Disorders of iris and ciliary body,East Asian,Train: East Asian-only,0.706012751564137,114,16774,16888,0.6493991568597743,0.7569066909304101
PPM037257,PGS019075,PSS012972,Disorders of iris and ciliary body,East Asian,Train: East Asian-only,0.700674498335979,114,16774,16888,0.6439907838503917,0.7518112691824512
PPM037258,PGS019076,PSS012979,Suppurative and unspecified otitis media,East Asian,Train: East Asian-only,0.63417938001211,175,19346,19521,0.5885469318620248,0.6775238946922464
PPM037259,PGS019077,PSS012978,Suppurative and unspecified otitis media,East Asian,Train: East Asian-only,0.639922316905673,175,19346,19521,0.5942644535738968,0.6831814211766215
PPM037260,PGS019078,PSS012980,Suppurative and unspecified otitis media,East Asian,Train: East Asian-only,0.636137112138353,175,19346,19521,0.5904950730388042,0.6794535471631786
PPM037261,PGS019079,PSS012981,Suppurative and unspecified otitis media,East Asian,Train: East Asian-only,0.632575209345601,175,19346,19521,0.5869513313674831,0.675941936703483
PPM037262,PGS019080,PSS012982,Suppurative and unspecified otitis media,East Asian,Train: East Asian-only,0.631874289258762,175,19346,19521,0.5862543564685354,0.6752504976018384
PPM037263,PGS019081,PSS013009,Vertiginous syndromes and other disorders of vestibular system,East Asian,Train: East Asian-only,0.593188687593313,2051,17181,19232,0.5795598643805911,0.6066755473674872
PPM037264,PGS019082,PSS013008,Vertiginous syndromes and other disorders of vestibular system,East Asian,Train: East Asian-only,0.594250233503492,2051,17181,19232,0.5806202346437372,0.6077365269212925
PPM037265,PGS019083,PSS013010,Vertiginous syndromes and other disorders of vestibular system,East Asian,Train: East Asian-only,0.592173114478987,2051,17181,19232,0.5785454932243702,0.6056604364352975
PPM037266,PGS019084,PSS013011,Vertiginous syndromes and other disorders of vestibular system,East Asian,Train: East Asian-only,0.593404844868631,2051,17181,19232,0.5797757755712106,0.6068915962216129
PPM037267,PGS019085,PSS013012,Vertiginous syndromes and other disorders of vestibular system,East Asian,Train: East Asian-only,0.592036955544108,2051,17181,19232,0.5784095011723995,0.6055243335501306
PPM037268,PGS019086,PSS012984,Menieres disease,East Asian,Train: East Asian-only,0.617066474330795,398,17181,17579,0.5869126819572087,0.646345473578951
PPM037269,PGS019087,PSS012983,Menieres disease,East Asian,Train: East Asian-only,0.617307332892856,398,17181,17579,0.5871526643981351,0.6465852071644794
PPM037270,PGS019088,PSS012985,Menieres disease,East Asian,Train: East Asian-only,0.617491888755225,398,17181,17579,0.5873365554224403,0.6467688940242394
PPM037271,PGS019089,PSS012986,Menieres disease,East Asian,Train: East Asian-only,0.616816841322028,398,17181,17579,0.5866639670921296,0.6460969956183676
PPM037272,PGS019090,PSS012987,Menieres disease,East Asian,Train: East Asian-only,0.617465857896666,398,17181,17579,0.587310617995814,0.6467429861029046
PPM037273,PGS019091,PSS012994,Peripheral or central vertigo,East Asian,Train: East Asian-only,0.593981021770258,862,17181,18043,0.5734313209105547,0.6142067847960606
PPM037274,PGS019092,PSS012993,Peripheral or central vertigo,East Asian,Train: East Asian-only,0.596627878067973,862,17181,18043,0.5760689399897826,0.6168529186999199
PPM037275,PGS019093,PSS012995,Peripheral or central vertigo,East Asian,Train: East Asian-only,0.596992023374442,862,17181,18043,0.5764318751716383,0.617216900585609
PPM037276,PGS019094,PSS012996,Peripheral or central vertigo,East Asian,Train: East Asian-only,0.595477846015354,862,17181,18043,0.5749228261879503,0.6157033009904436
PPM037277,PGS019095,PSS012997,Peripheral or central vertigo,East Asian,Train: East Asian-only,0.593571771871777,862,17181,18043,0.5730235683698874,0.6137975736531914
PPM037278,PGS019096,PSS012999,Labyrinthitis,East Asian,Train: East Asian-only,0.578168744486188,814,17181,17995,0.5571148539813927,0.5989422772922102
PPM037279,PGS019097,PSS012998,Labyrinthitis,East Asian,Train: East Asian-only,0.582462242231755,814,17181,17995,0.5613852202127921,0.6032422504919581
PPM037280,PGS019098,PSS013000,Labyrinthitis,East Asian,Train: East Asian-only,0.581343713349999,814,17181,17995,0.5602725197800735,0.6021222442252265
PPM037281,PGS019099,PSS013001,Labyrinthitis,East Asian,Train: East Asian-only,0.583877653547638,814,17181,17995,0.5627934562620558,0.6046593191943114
PPM037282,PGS019100,PSS013002,Labyrinthitis,East Asian,Train: East Asian-only,0.579122171840873,814,17181,17995,0.5580629675741031,0.5998973303814386
PPM037283,PGS019101,PSS013004,Dizziness and giddiness Light headedness and vertigo,East Asian,Train: East Asian-only,0.594874134536898,1369,17181,18550,0.5784099588351579,0.6111276176775281
PPM037284,PGS019102,PSS013003,Dizziness and giddiness Light headedness and vertigo,East Asian,Train: East Asian-only,0.596517574304161,1369,17181,18550,0.5800501392332942,0.6127703538202115
PPM037285,PGS019103,PSS013005,Dizziness and giddiness Light headedness and vertigo,East Asian,Train: East Asian-only,0.593051576628658,1369,17181,18550,0.5765912959503738,0.6093055480921972
PPM037286,PGS019104,PSS013006,Dizziness and giddiness Light headedness and vertigo,East Asian,Train: East Asian-only,0.596077155404948,1369,17181,18550,0.5796105702455768,0.612330148004798
PPM037287,PGS019105,PSS013007,Dizziness and giddiness Light headedness and vertigo,East Asian,Train: East Asian-only,0.593204037500613,1369,17181,18550,0.5767434197101349,0.6094579798677635
PPM037288,PGS019106,PSS012989,Central origin vertigo,East Asian,Train: East Asian-only,0.581038500532569,783,17181,17964,0.559568551182937,0.602205869843828
PPM037289,PGS019107,PSS012988,Central origin vertigo,East Asian,Train: East Asian-only,0.582300178186974,783,17181,17964,0.5608233986843298,0.6034692833920444
PPM037290,PGS019108,PSS012990,Central origin vertigo,East Asian,Train: East Asian-only,0.582786176449184,783,17181,17964,0.5613068142226695,0.6039558991170737
PPM037291,PGS019109,PSS012991,Central origin vertigo,East Asian,Train: East Asian-only,0.581895576085228,783,17181,17964,0.5604209672239008,0.6030641455116563
PPM037292,PGS019110,PSS012992,Central origin vertigo,East Asian,Train: East Asian-only,0.580293000903981,783,17181,17964,0.5588271722617704,0.6014592543913903
PPM037293,PGS019111,PSS013024,Hearing loss,East Asian,Train: East Asian-only,0.593298917525571,1308,17951,19259,0.5764987392084465,0.6098836294504207
PPM037294,PGS019112,PSS013023,Hearing loss,East Asian,Train: East Asian-only,0.592356196625643,1308,17951,19259,0.5755583003568634,0.6089409861891181
PPM037295,PGS019113,PSS013025,Hearing loss,East Asian,Train: East Asian-only,0.588853286818671,1308,17951,19259,0.5720645726785317,0.6054376318151582
PPM037296,PGS019114,PSS013026,Hearing loss,East Asian,Train: East Asian-only,0.590150651356896,1308,17951,19259,0.5733584075408676,0.6067352955243961
PPM037297,PGS019115,PSS013027,Hearing loss,East Asian,Train: East Asian-only,0.585852423271846,1308,17951,19259,0.5690724527851572,0.6024354715238174
PPM037298,PGS019116,PSS013014,Sensorineural hearing loss,East Asian,Train: East Asian-only,0.601278928886104,267,17951,18218,0.5645945185355933,0.6368605039959634
PPM037299,PGS019117,PSS013013,Sensorineural hearing loss,East Asian,Train: East Asian-only,0.603837078756006,267,17951,18218,0.5671303255838394,0.6394102386290106
PPM037300,PGS019118,PSS013015,Sensorineural hearing loss,East Asian,Train: East Asian-only,0.601451266525166,267,17951,18218,0.5647653111435549,0.6370323187548439
PPM037301,PGS019119,PSS013016,Sensorineural hearing loss,East Asian,Train: East Asian-only,0.599784014619907,267,17951,18218,0.5631132473470123,0.635369858880016
PPM037302,PGS019120,PSS013017,Sensorineural hearing loss,East Asian,Train: East Asian-only,0.598038104978659,267,17951,18218,0.5613838174744562,0.6336283310778692
PPM037303,PGS019121,PSS013019,Tinnitus,East Asian,Train: East Asian-only,0.603936798862065,783,17951,18734,0.582386823005449,0.6250906073483543
PPM037304,PGS019122,PSS013018,Tinnitus,East Asian,Train: East Asian-only,0.604178410179036,783,17951,18734,0.5826277411314343,0.6253319006302768
PPM037305,PGS019123,PSS013020,Tinnitus,East Asian,Train: East Asian-only,0.595706504289063,783,17951,18734,0.5741842134774319,0.6168668410646305
PPM037306,PGS019124,PSS013021,Tinnitus,East Asian,Train: East Asian-only,0.607863053908707,783,17951,18734,0.5863026637273246,0.6290107960186524
PPM037307,PGS019125,PSS013022,Tinnitus,East Asian,Train: East Asian-only,0.600144298019164,783,17951,18734,0.5786060985053,0.6213021520552874
PPM037308,PGS019126,PSS013052,Hypertension,East Asian,Train: East Asian-only,0.647030959121037,6675,12729,19404,0.6386429515961687,0.6553293416044883
PPM037309,PGS019127,PSS013051,Hypertension,East Asian,Train: East Asian-only,0.654380292369631,6675,12729,19404,0.6460259888669494,0.6626403877268713
PPM037310,PGS019128,PSS013053,Hypertension,East Asian,Train: East Asian-only,0.644768361960936,6675,12729,19404,0.6363704981452936,0.6530780113076474
PPM037311,PGS019129,PSS013054,Hypertension,East Asian,Train: East Asian-only,0.65292551174101,6675,12729,19404,0.6445643307068575,0.6611933919657803
PPM037312,PGS019130,PSS013055,Hypertension,East Asian,Train: East Asian-only,0.667007143733543,6675,12729,19404,0.6587168508644138,0.6751953524288379
PPM037313,PGS019131,PSS013056,Hypertension,East Asian,Train: East Asian-only,0.639409376036259,6675,12729,19404,0.6309891365302402,0.6477447409674072
PPM037314,PGS019132,PSS013029,Essential hypertension,East Asian,Train: East Asian-only,0.645174946813228,5411,12729,18140,0.6360776325349993,0.6541684905815413
PPM037315,PGS019133,PSS013028,Essential hypertension,East Asian,Train: East Asian-only,0.654103811338358,5411,12729,18140,0.6450453908179543,0.6630518164659877
PPM037316,PGS019134,PSS013030,Essential hypertension,East Asian,Train: East Asian-only,0.646634295449374,5411,12729,18140,0.6375430538030904,0.6556206817190382
PPM037317,PGS019135,PSS013031,Essential hypertension,East Asian,Train: East Asian-only,0.651390292546154,5411,12729,18140,0.6423196111281391,0.6603525797659967
PPM037318,PGS019136,PSS013032,Essential hypertension,East Asian,Train: East Asian-only,0.670444799272159,5411,12729,18140,0.6614684753542586,0.6792985074361501
PPM037319,PGS019137,PSS013033,Essential hypertension,East Asian,Train: East Asian-only,0.637215409774977,5411,12729,18140,0.6280869113076821,0.6462460459299697
PPM037320,PGS019138,PSS013041,Hypertensive heart and or renal disease,East Asian,Train: East Asian-only,0.638488034232155,2333,12729,15062,0.6254827091598345,0.6512935185649495
PPM037321,PGS019139,PSS013040,Hypertensive heart and or renal disease,East Asian,Train: East Asian-only,0.643078939562323,2333,12729,15062,0.6300878311446411,0.6558629937737067
PPM037322,PGS019140,PSS013042,Hypertensive heart and or renal disease,East Asian,Train: East Asian-only,0.633985219328831,2333,12729,15062,0.6209674783321343,0.6468101633419095
PPM037323,PGS019141,PSS013043,Hypertensive heart and or renal disease,East Asian,Train: East Asian-only,0.639211076145452,2333,12729,15062,0.6262078854367318,0.6520132921578143
PPM037324,PGS019142,PSS013044,Hypertensive heart and or renal disease,East Asian,Train: East Asian-only,0.666356228728948,2333,12729,15062,0.6534619025151919,0.6790064501207642
PPM037325,PGS019143,PSS013045,Hypertensive heart and or renal disease,East Asian,Train: East Asian-only,0.63492508626447,2333,12729,15062,0.6219098124732371,0.64774609542313355
PPM037326,PGS019144,PSS013047,Other hypertensive complications,East Asian,Train: East Asian-only,0.64011174977051,5246,12729,17975,0.6308829967235542,0.6492380511767101
PPM037327,PGS019145,PSS013046,Other hypertensive complications,East Asian,Train: East Asian-only,0.649626033678339,5246,12729,17975,0.6404360906992265,0.6587062652840451
PPM037328,PGS019146,PSS013048,Other hypertensive complications,East Asian,Train: East Asian-only,0.640844763954847,5246,12729,17975,0.631618832337852,0.6499676854670056
PPM037329,PGS019147,PSS013049,Other hypertensive complications,East Asian,Train: East Asian-only,0.646087220062126,5246,12729,17975,0.6368822862079294,0.6551851455163104
PPM037330,PGS019148,PSS013050,Other hypertensive complications,East Asian,Train: East Asian-only,0.62767620636377,5246,12729,17975,0.6184038292021684,0.6368555824943913
PPM037331,PGS019149,PSS013035,Hypertensive heart disease,East Asian,Train: East Asian-only,0.640198574370131,2122,12729,14851,0.6266313017197952,0.6535454188163851
PPM037332,PGS019150,PSS013034,Hypertensive heart disease,East Asian,Train: East Asian-only,0.64355688054965,2122,12729,14851,0.630000006959251,0.6568875562525835
PPM037333,PGS019151,PSS013036,Hypertensive heart disease,East Asian,Train: East Asian-only,0.633415174252742,2122,12729,14851,0.6198295820567873,0.6467919322025426
PPM037334,PGS019152,PSS013037,Hypertensive heart disease,East Asian,Train: East Asian-only,0.637601441312405,2122,12729,14851,0.6240267318549095,0.6509601710696437
PPM037335,PGS019153,PSS013038,Hypertensive heart disease,East Asian,Train: East Asian-only,0.666442979507043,2122,12729,14851,0.6529809121234841,0.6796390246502326
PPM037336,PGS019154,PSS013039,Hypertensive heart disease,East Asian,Train: East Asian-only,0.633225436302879,2122,12729,14851,0.6196393830201393,0.6466029784624543
PPM037337,PGS019155,PSS013073,Ischemic Heart Disease,East Asian,Train: East Asian-only,0.631216620523119,2855,16630,19485,0.6194930520050264,0.6427872612856843
PPM037338,PGS019156,PSS013072,Ischemic Heart Disease,East Asian,Train: East Asian-only,0.634110405413802,2855,16630,19485,0.6223932164006761,0.6456709982789959
PPM037339,PGS019157,PSS013074,Ischemic Heart Disease,East Asian,Train: East Asian-only,0.632333522541184,2855,16630,19485,0.6206123500889623,0.643900352667221
PPM037340,PGS019158,PSS013075,Ischemic Heart Disease,East Asian,Train: East Asian-only,0.632935098196768,2855,16630,19485,0.6212152507551939,0.644499840729049
PPM037341,PGS019159,PSS013076,Ischemic Heart Disease,East Asian,Train: East Asian-only,0.633105701194116,2855,16630,19485,0.6213862339134678,0.6446698472153479
PPM037342,PGS019160,PSS013058,Myocardial infarction,East Asian,Train: East Asian-only,0.75539147364512,387,16630,17017,0.7260593455499588,0.7825236135911139
PPM037343,PGS019161,PSS013057,Myocardial infarction,East Asian,Train: East Asian-only,0.766525736465185,387,16630,17017,0.7374715226561831,0.7932658814161255
PPM037344,PGS019162,PSS013059,Myocardial infarction,East Asian,Train: East Asian-only,0.75986519179404,387,16630,17017,0.7306410328073284,0.7868436800851073
PPM037345,PGS019163,PSS013060,Myocardial infarction,East Asian,Train: East Asian-only,0.759579291495554,387,16630,17017,0.7303480854531614,0.7865677525029579
PPM037346,PGS019164,PSS013061,Myocardial infarction,East Asian,Train: East Asian-only,0.756928032368886,387,16630,17017,0.7276324351570104,0.7840079747103729
PPM037347,PGS019165,PSS013063,Coronary atherosclerosis,East Asian,Train: East Asian-only,0.655833021326163,1431,16630,18061,0.6397455023632883,0.6715709466202588
PPM037348,PGS019166,PSS013062,Coronary atherosclerosis,East Asian,Train: East Asian-only,0.658976456800349,1431,16630,18061,0.6429009940385718,0.6746944258070775
PPM037349,PGS019167,PSS013064,Coronary atherosclerosis,East Asian,Train: East Asian-only,0.657201314590212,1431,16630,18061,0.6411189256467313,0.6729306746710754
PPM037350,PGS019168,PSS013065,Coronary atherosclerosis,East Asian,Train: East Asian-only,0.659353680823178,1431,16630,18061,0.6432797294004747,0.6750691884846889
PPM037351,PGS019169,PSS013066,Coronary atherosclerosis,East Asian,Train: East Asian-only,0.653766840508238,1431,16630,18061,0.637671918125309,0.669517345938375
PPM037352,PGS019170,PSS013068,Other chronic ischemic heart disease unspecified,East Asian,Train: East Asian-only,0.643987937813933,2087,16630,18717,0.6304906776630147,0.6572601869360147
PPM037353,PGS019171,PSS013067,Other chronic ischemic heart disease unspecified,East Asian,Train: East Asian-only,0.646199348197083,2087,16630,18717,0.6327084336115527,0.6594614376962931
PPM037354,PGS019172,PSS013069,Other chronic ischemic heart disease unspecified,East Asian,Train: East Asian-only,0.644615653239235,2087,16630,18717,0.6311201549915173,0.6578850587831512
PPM037355,PGS019173,PSS013070,Other chronic ischemic heart disease unspecified,East Asian,Train: East Asian-only,0.646337390270094,2087,16630,18717,0.6328468846284985,0.6595988324302761
PPM037356,PGS019174,PSS013071,Other chronic ischemic heart disease unspecified,East Asian,Train: East Asian-only,0.645526656007856,2087,16630,18717,0.6320337702071781,0.6587918779211336
PPM037357,PGS019175,PSS013083,Other forms of chronic heart disease,East Asian,Train: East Asian-only,0.667921044555283,964,16630,17594,0.648500842584572,0.6867865060968403
PPM037358,PGS019176,PSS013082,Other forms of chronic heart disease,East Asian,Train: East Asian-only,0.667841076093547,964,16630,17594,0.6484204703595311,0.6867072405118305
PPM037359,PGS019177,PSS013084,Other forms of chronic heart disease,East Asian,Train: East Asian-only,0.668949094647228,964,16630,17594,0.6495341517762903,0.6878054491777542
PPM037360,PGS019178,PSS013085,Other forms of chronic heart disease,East Asian,Train: East Asian-only,0.668622109720223,964,16630,17594,0.6492054803411763,0.6874813751609616
PPM037361,PGS019179,PSS013086,Other forms of chronic heart disease,East Asian,Train: East Asian-only,0.667856171544202,964,16630,17594,0.6484356419688053,0.6867222033431958
PPM037362,PGS019180,PSS013078,ASCVD,East Asian,Train: East Asian-only,0.681357772250808,889,16630,17519,0.6612313514372673,0.7008294694863703
PPM037363,PGS019181,PSS013077,ASCVD,East Asian,Train: East Asian-only,0.681777480761387,889,16630,17519,0.661653923167533,0.7012445868174825
PPM037364,PGS019182,PSS013079,ASCVD,East Asian,Train: East Asian-only,0.68306183615202,889,16630,17519,0.6629471816631112,0.7025147460452682
PPM037365,PGS019183,PSS013080,ASCVD,East Asian,Train: East Asian-only,0.682048786294978,889,16630,17519,0.6619270916229155,0.7015129119967191
PPM037366,PGS019184,PSS013081,ASCVD,East Asian,Train: East Asian-only,0.682147947080878,889,16630,17519,0.6620269356689638,0.7016109810175043
PPM037367,PGS019185,PSS013113,Cardiac dysrhythmias,East Asian,Train: East Asian-only,0.597708984138494,1948,17517,19465,0.5837585366735891,0.6115030396217697
PPM037368,PGS019186,PSS013112,Cardiac dysrhythmias,East Asian,Train: East Asian-only,0.600283866221362,1948,17517,19465,0.5863312038995852,0.6140756748555253
PPM037369,PGS019187,PSS013114,Cardiac dysrhythmias,East Asian,Train: East Asian-only,0.596394479331841,1948,17517,19465,0.5824453555738038,0.6101894826704842
PPM037370,PGS019188,PSS013115,Cardiac dysrhythmias,East Asian,Train: East Asian-only,0.599333659915466,1948,17517,19465,0.5853817565815415,0.6131263579240486
PPM037371,PGS019189,PSS013116,Cardiac dysrhythmias,East Asian,Train: East Asian-only,0.596404179501075,1948,17517,19465,0.5824550454980555,0.6101991763374531
PPM037372,PGS019190,PSS013088,Paroxysmal tachycardia unspecified,East Asian,Train: East Asian-only,0.607963716500595,237,17517,17754,0.5689568555991014,0.6456391924436339
PPM037373,PGS019191,PSS013087,Paroxysmal tachycardia unspecified,East Asian,Train: East Asian-only,0.608220489366689,237,17517,17754,0.5692114267305383,0.6458946605724197
PPM037374,PGS019192,PSS013089,Paroxysmal tachycardia unspecified,East Asian,Train: East Asian-only,0.609403427026524,237,17517,17754,0.5703843972897656,0.6470713918269783
PPM037375,PGS019193,PSS013090,Paroxysmal tachycardia unspecified,East Asian,Train: East Asian-only,0.606887727389114,237,17517,17754,0.5678902408282932,0.6445685062664303
PPM037376,PGS019194,PSS013091,Paroxysmal tachycardia unspecified,East Asian,Train: East Asian-only,0.608752100732044,237,17517,17754,0.569738523056344,0.6464235225558776
PPM037377,PGS019195,PSS013098,Atrial fibrillation and flutter,East Asian,Train: East Asian-only,0.732920418124434,448,17517,17965,0.7052670721591364,0.7588662830560408
PPM037378,PGS019196,PSS013097,Atrial fibrillation and flutter,East Asian,Train: East Asian-only,0.742701350320913,448,17517,17965,0.7152290859866347,0.7683815899360218
PPM037379,PGS019197,PSS013099,Atrial fibrillation and flutter,East Asian,Train: East Asian-only,0.705956942847356,448,17517,17965,0.677905785734851,0.7325290138001326
PPM037380,PGS019198,PSS013100,Atrial fibrillation and flutter,East Asian,Train: East Asian-only,0.741595536784674,448,17517,17965,0.7141017778567649,0.767306873595522
PPM037381,PGS019199,PSS013101,Atrial fibrillation and flutter,East Asian,Train: East Asian-only,0.716587177558127,448,17517,17965,0.6886755914321858,0.7429304652760492
PPM037382,PGS019200,PSS013103,Arrhythmia cardiac NOS,East Asian,Train: East Asian-only,0.638737991197857,684,17517,18201,0.6156680812222044,0.6611851875567372
PPM037383,PGS019201,PSS013102,Arrhythmia cardiac NOS,East Asian,Train: East Asian-only,0.638592101173563,684,17517,18201,0.6155220257455281,0.6610401974564608
PPM037384,PGS019202,PSS013104,Arrhythmia cardiac NOS,East Asian,Train: East Asian-only,0.640416811471696,684,17517,18201,0.6173490093145381,0.6628534372153678
PPM037385,PGS019203,PSS013105,Arrhythmia cardiac NOS,East Asian,Train: East Asian-only,0.637398523806615,684,17517,18201,0.6143272009530558,0.6598538707784433
PPM037386,PGS019204,PSS013106,Arrhythmia cardiac NOS,East Asian,Train: East Asian-only,0.637094224591182,684,17517,18201,0.6140226139546819,0.6595513882324981
PPM037387,PGS019205,PSS013108,Premature beats,East Asian,Train: East Asian-only,0.649741588414416,235,17517,17752,0.6103919882382239,0.6871538841483503
PPM037388,PGS019206,PSS013107,Premature beats,East Asian,Train: East Asian-only,0.648402342283909,235,17517,17752,0.6090524898993357,0.6858345474153221
PPM037389,PGS019207,PSS013109,Premature beats,East Asian,Train: East Asian-only,0.648419589966707,235,17517,17752,0.6090697382726146,0.6858515414925904
PPM037390,PGS019208,PSS013110,Premature beats,East Asian,Train: East Asian-only,0.651456882614943,235,17517,17752,0.6121081944510266,0.6888430338485955
PPM037391,PGS019209,PSS013111,Premature beats,East Asian,Train: East Asian-only,0.647482870743193,235,17517,17752,0.6081330780038356,0.684928489902812
PPM037392,PGS019210,PSS013093,Atrial fibrillation,East Asian,Train: East Asian-only,0.734684958331583,424,17517,17941,0.7062778269638021,0.7612733455675981
PPM037393,PGS019211,PSS013092,Atrial fibrillation,East Asian,Train: East Asian-only,0.744191356967517,424,17517,17941,0.7159668340211006,0.7705101840596313
PPM037394,PGS019212,PSS013094,Atrial fibrillation,East Asian,Train: East Asian-only,0.705157308102856,424,17517,17941,0.6763044105334335,0.7324557853522852
PPM037395,PGS019213,PSS013095,Atrial fibrillation,East Asian,Train: East Asian-only,0.738050152897293,424,17517,17941,0.709705404339184,0.7645454782514124
PPM037396,PGS019214,PSS013096,Atrial fibrillation,East Asian,Train: East Asian-only,0.718004935367368,424,17517,17941,0.6893240606917661,0.7450174680496872
PPM037397,PGS019215,PSS013123,Intracranial hemorrhage,East Asian,Train: East Asian-only,0.660636924408111,236,17316,17552,0.6213870940137055,0.6977966948121823
PPM037398,PGS019216,PSS013122,Intracranial hemorrhage,East Asian,Train: East Asian-only,0.66428300856267,236,17316,17552,0.6250450497092023,0.7013765894088081
PPM037399,PGS019217,PSS013124,Intracranial hemorrhage,East Asian,Train: East Asian-only,0.659462102258712,236,17316,17552,0.6202090987539902,0.6966424891034486
PPM037400,PGS019218,PSS013125,Intracranial hemorrhage,East Asian,Train: East Asian-only,0.661049250032301,236,17316,17552,0.621800608458158,0.6982017027558911
PPM037401,PGS019219,PSS013126,Intracranial hemorrhage,East Asian,Train: East Asian-only,0.659682335529793,236,17316,17552,0.6204299027399216,0.6968588839027148
PPM037402,PGS019220,PSS013118,Intracerebral hemorrhage,East Asian,Train: East Asian-only,0.662041566453331,170,17316,17486,0.6156679692680281,0.7054962877025436
PPM037403,PGS019221,PSS013117,Intracerebral hemorrhage,East Asian,Train: East Asian-only,0.664507154213037,170,17316,17486,0.6181390696053504,0.707905462003989
PPM037404,PGS019222,PSS013119,Intracerebral hemorrhage,East Asian,Train: East Asian-only,0.669422703246233,170,17316,17486,0.6230705055306915,0.7127031222367048
PPM037405,PGS019223,PSS013120,Intracerebral hemorrhage,East Asian,Train: East Asian-only,0.662668664139252,170,17316,17486,0.6162963142510329,0.7061092086338843
PPM037406,PGS019224,PSS013121,Intracerebral hemorrhage,East Asian,Train: East Asian-only,0.660981683040507,170,17316,17486,0.6146062171199156,0.704460099717706
PPM037407,PGS019225,PSS013153,Cerebrovascular disease,East Asian,Train: East Asian-only,0.58402698671686,2212,17316,19528,0.570878621839924,0.5970568396895448
PPM037408,PGS019226,PSS013152,Cerebrovascular disease,East Asian,Train: East Asian-only,0.585830161779529,2212,17316,19528,0.5726789839741718,0.5988601048966679
PPM037409,PGS019227,PSS013154,Cerebrovascular disease,East Asian,Train: East Asian-only,0.5830745023783,2212,17316,19528,0.5699277150104671,0.5961042132661922
PPM037410,PGS019228,PSS013155,Cerebrovascular disease,East Asian,Train: East Asian-only,0.584664743683731,2212,17316,19528,0.5715153579450011,0.597694655306683
PPM037411,PGS019229,PSS013156,Cerebrovascular disease,East Asian,Train: East Asian-only,0.585586264383733,2212,17316,19528,0.57243545376169,0.5986162090091005
PPM037412,PGS019230,PSS013133,Occlusion of cerebral arteries,East Asian,Train: East Asian-only,0.649043920245334,849,17316,18165,0.6283152230870308,0.669225176053135
PPM037413,PGS019231,PSS013132,Occlusion of cerebral arteries,East Asian,Train: East Asian-only,0.649623461460917,849,17316,18165,0.6288963557851003,0.669800730073142
PPM037414,PGS019232,PSS013134,Occlusion of cerebral arteries,East Asian,Train: East Asian-only,0.643214361412241,849,17316,18165,0.6224719351319549,0.6634333412370347
PPM037415,PGS019233,PSS013135,Occlusion of cerebral arteries,East Asian,Train: East Asian-only,0.651544042003406,849,17316,18165,0.6308225050712903,0.6717077893501336
PPM037416,PGS019234,PSS013136,Occlusion of cerebral arteries,East Asian,Train: East Asian-only,0.64637673824953,849,17316,18165,0.6256412461786909,0.6665757906841875
PPM037417,PGS019235,PSS013138,Cerebral ischemia,East Asian,Train: East Asian-only,0.578448261413561,951,17316,18267,0.5589190681190604,0.5977351045175686
PPM037418,PGS019236,PSS013137,Cerebral ischemia,East Asian,Train: East Asian-only,0.578167466180085,951,17316,18267,0.5586396555536315,0.597453860333216
PPM037419,PGS019237,PSS013139,Cerebral ischemia,East Asian,Train: East Asian-only,0.575845500924365,951,17316,18267,0.5563294351631889,0.5951278541161689
PPM037420,PGS019238,PSS013140,Cerebral ischemia,East Asian,Train: East Asian-only,0.579693379377922,951,17316,18267,0.5601581529915111,0.598982109830129
PPM037421,PGS019239,PSS013141,Cerebral ischemia,East Asian,Train: East Asian-only,0.574201233507227,951,17316,18267,0.5546938199492694,0.5934803712523152
PPM037422,PGS019240,PSS013143,Acute but ill defined cerebrovascular disease,East Asian,Train: East Asian-only,0.671184962229738,268,17316,17584,0.6344294083562977,0.7059577814689495
PPM037423,PGS019241,PSS013142,Acute but ill defined cerebrovascular disease,East Asian,Train: East Asian-only,0.672223385842789,268,17316,17584,0.6354736547209263,0.7069765709823943
PPM037424,PGS019242,PSS013144,Acute but ill defined cerebrovascular disease,East Asian,Train: East Asian-only,0.671599124957334,268,17316,17584,0.6348458646682523,0.7063641444324512
PPM037425,PGS019243,PSS013145,Acute but ill defined cerebrovascular disease,East Asian,Train: East Asian-only,0.672585832100758,268,17316,17584,0.6358381898284835,0.7073321032126326
PPM037426,PGS019244,PSS013146,Acute but ill defined cerebrovascular disease,East Asian,Train: East Asian-only,0.671999927596942,268,17316,17584,0.6352489232209084,0.7067573596794845
PPM037427,PGS019245,PSS013148,Late effects of cerebrovascular disease,East Asian,Train: East Asian-only,0.637594280942905,218,17316,17534,0.5967345456417583,0.6765579799274385
PPM037428,PGS019246,PSS013147,Late effects of cerebrovascular disease,East Asian,Train: East Asian-only,0.637157976607518,218,17316,17534,0.5962994737203828,0.6761272234414484
PPM037429,PGS019247,PSS013149,Late effects of cerebrovascular disease,East Asian,Train: East Asian-only,0.637813360290424,218,17316,17534,0.5969530224463846,0.6767742555913404
PPM037430,PGS019248,PSS013150,Late effects of cerebrovascular disease,East Asian,Train: East Asian-only,0.639246250484783,218,17316,17534,0.5983822405262134,0.6781885116848753
PPM037431,PGS019249,PSS013151,Late effects of cerebrovascular disease,East Asian,Train: East Asian-only,0.635847474150226,218,17316,17534,0.5949929322639895,0.6748330985571518
PPM037432,PGS019250,PSS013128,Cerebral artery occlusion with cerebral infarction,East Asian,Train: East Asian-only,0.663979668930164,606,17316,17922,0.6395543633158423,0.6875584096082439
PPM037433,PGS019251,PSS013127,Cerebral artery occlusion with cerebral infarction,East Asian,Train: East Asian-only,0.665058622979415,606,17316,17922,0.6406383665650799,0.6886259747347798
PPM037434,PGS019252,PSS013129,Cerebral artery occlusion with cerebral infarction,East Asian,Train: East Asian-only,0.662876318816913,606,17316,17922,0.638446028735594,0.6864665177602843
PPM037435,PGS019253,PSS013130,Cerebral artery occlusion with cerebral infarction,East Asian,Train: East Asian-only,0.670659425609921,606,17316,17922,0.646268175666329,0.6941647183868087
PPM037436,PGS019254,PSS013131,Cerebral artery occlusion with cerebral infarction,East Asian,Train: East Asian-only,0.663353280927538,606,17316,17922,0.6389251233893369,0.6869385499511709
PPM037437,PGS019255,PSS013158,Other venous embolism and thrombosis,East Asian,Train: East Asian-only,0.583518237464239,156,17334,17490,0.5357640885187068,0.6297547860835191
PPM037438,PGS019256,PSS013157,Other venous embolism and thrombosis,East Asian,Train: East Asian-only,0.586094321816025,156,17334,17490,0.5382926434975787,0.6323273325306189
PPM037439,PGS019257,PSS013159,Other venous embolism and thrombosis,East Asian,Train: East Asian-only,0.587232591645883,156,17334,17490,0.539410421157009,0.6334634532334981
PPM037440,PGS019258,PSS013160,Other venous embolism and thrombosis,East Asian,Train: East Asian-only,0.596710777396136,156,17334,17490,0.5487301727256497,0.6429097326765435
PPM037441,PGS019259,PSS013161,Other venous embolism and thrombosis,East Asian,Train: East Asian-only,0.589927754257972,156,17334,17490,0.5420583113231863,0.6361520922331065
PPM037442,PGS019260,PSS013163,Acute upper respiratory infections of multiple or unspecified sites,East Asian,Train: East Asian-only,0.71614645861999,1534,17126,18660,0.7009955158944493,0.7308244797780845
PPM037443,PGS019261,PSS013162,Acute upper respiratory infections of multiple or unspecified sites,East Asian,Train: East Asian-only,0.716050612524306,1534,17126,18660,0.7008987388828891,0.7307298038951119
PPM037444,PGS019262,PSS013164,Acute upper respiratory infections of multiple or unspecified sites,East Asian,Train: East Asian-only,0.716071662123557,1534,17126,18660,0.7009199928429767,0.7307505965813006
PPM037445,PGS019263,PSS013165,Acute upper respiratory infections of multiple or unspecified sites,East Asian,Train: East Asian-only,0.71617850882355,1534,17126,18660,0.7010278776124309,0.7308561384433832
PPM037446,PGS019264,PSS013166,Acute upper respiratory infections of multiple or unspecified sites,East Asian,Train: East Asian-only,0.715962607689826,1534,17126,18660,0.700809880172669,0.7306428726371422
PPM037447,PGS019265,PSS013168,Chronic pharyngitis and nasopharyngitis,East Asian,Train: East Asian-only,0.654568159020655,570,15426,15996,0.6293178938682099,0.6789758175865171
PPM037448,PGS019266,PSS013167,Chronic pharyngitis and nasopharyngitis,East Asian,Train: East Asian-only,0.652888379382269,570,15426,15996,0.6276328372211002,0.6773116650987248
PPM037449,PGS019267,PSS013169,Chronic pharyngitis and nasopharyngitis,East Asian,Train: East Asian-only,0.652811612201774,570,15426,15996,0.6275558389609056,0.6772356014452874
PPM037450,PGS019268,PSS013170,Chronic pharyngitis and nasopharyngitis,East Asian,Train: East Asian-only,0.65155126569178,570,15426,15996,0.6262918243845024,0.6759866725013606
PPM037451,PGS019269,PSS013171,Chronic pharyngitis and nasopharyngitis,East Asian,Train: East Asian-only,0.652856535218508,570,15426,15996,0.6276008970952134,0.6772801128812203
PPM037452,PGS019270,PSS013173,Chronic sinusitis,East Asian,Train: East Asian-only,0.642563703951827,634,15426,16060,0.6185787977099221,0.6658550925241522
PPM037453,PGS019271,PSS013172,Chronic sinusitis,East Asian,Train: East Asian-only,0.643596414918318,634,15426,16060,0.6196132983667693,0.6668803656287258
PPM037454,PGS019272,PSS013174,Chronic sinusitis,East Asian,Train: East Asian-only,0.639767715696511,634,15426,16060,0.6157787072411809,0.6630784577473329
PPM037455,PGS019273,PSS013175,Chronic sinusitis,East Asian,Train: East Asian-only,0.641746328559141,634,15426,16060,0.6177601109337666,0.6650434932117903
PPM037456,PGS019274,PSS013176,Chronic sinusitis,East Asian,Train: East Asian-only,0.640710447885724,634,15426,16060,0.6167227015169209,0.6640147921953078
PPM037457,PGS019275,PSS013178,Allergic rhinitis,East Asian,Train: East Asian-only,0.66158652603264,2157,15426,17583,0.6483162695003036,0.6746073694555169
PPM037458,PGS019276,PSS013177,Allergic rhinitis,East Asian,Train: East Asian-only,0.662282837932767,2157,15426,17583,0.6490156067290948,0.6752994669916862
PPM037459,PGS019277,PSS013179,Allergic rhinitis,East Asian,Train: East Asian-only,0.662332907233367,2157,15426,17583,0.6490658950779508,0.6753492317129042
PPM037460,PGS019278,PSS013180,Allergic rhinitis,East Asian,Train: East Asian-only,0.661807119469859,2157,15426,17583,0.6485378171374491,0.6748266320927885
PPM037461,PGS019279,PSS013181,Allergic rhinitis,East Asian,Train: East Asian-only,0.662456367429565,2157,15426,17583,0.6491898962651971,0.6754719399983334
PPM037462,PGS019280,PSS013183,Pneumonia,East Asian,Train: East Asian-only,0.611922001865032,736,18137,18873,0.5896929405995297,0.6336948510695786
PPM037463,PGS019281,PSS013182,Pneumonia,East Asian,Train: East Asian-only,0.611843118558987,736,18137,18873,0.5896142260323161,0.6336161540103795
PPM037464,PGS019282,PSS013184,Pneumonia,East Asian,Train: East Asian-only,0.612095949668106,736,18137,18873,0.5898665190022391,0.6338683853303262
PPM037465,PGS019283,PSS013185,Pneumonia,East Asian,Train: East Asian-only,0.611890838089804,736,18137,18873,0.5896618433955935,0.6336637609695142
PPM037466,PGS019284,PSS013186,Pneumonia,East Asian,Train: East Asian-only,0.611872259685342,736,18137,18873,0.5896433047343901,0.6336452264270257
PPM037467,PGS019285,PSS013188,Chronic obstructive asthma,East Asian,Train: East Asian-only,0.686782671172379,532,17110,17642,0.6608644344302647,0.711584579404686
PPM037468,PGS019286,PSS013187,Chronic obstructive asthma,East Asian,Train: East Asian-only,0.686688631280129,532,17110,17642,0.6607696150987548,0.7114919654437061
PPM037469,PGS019287,PSS013189,Chronic obstructive asthma,East Asian,Train: East Asian-only,0.686529554453053,532,17110,17642,0.6606092231457483,0.7113352971710187
PPM037470,PGS019288,PSS013190,Chronic obstructive asthma,East Asian,Train: East Asian-only,0.686977232678423,532,17110,17642,0.6610606132319731,0.7117761858341874
PPM037471,PGS019289,PSS013191,Chronic obstructive asthma,East Asian,Train: East Asian-only,0.687445234945927,532,17110,17642,0.6615325317152918,0.7122370526506185
PPM037472,PGS019290,PSS013193,Bronchitis,East Asian,Train: East Asian-only,0.569501741082172,595,17110,17705,0.5450433259642455,0.5936256264149634
PPM037473,PGS019291,PSS013192,Bronchitis,East Asian,Train: East Asian-only,0.566665324224371,595,17110,17705,0.542231108290845,0.5907796117876837
PPM037474,PGS019292,PSS013194,Bronchitis,East Asian,Train: East Asian-only,0.567542986803137,595,17110,17705,0.5431011738823552,0.591660361512893
PPM037475,PGS019293,PSS013195,Bronchitis,East Asian,Train: East Asian-only,0.569872648065655,595,17110,17705,0.5454111440994168,0.5939977071958733
PPM037476,PGS019294,PSS013196,Bronchitis,East Asian,Train: East Asian-only,0.566788894400542,595,17110,17705,0.5423536029441457,0.5909036229719884
PPM037477,PGS019295,PSS013198,Cough,East Asian,Train: East Asian-only,0.613508840412768,847,17748,18595,0.5927443806323403,0.6338685459390649
PPM037478,PGS019296,PSS013197,Cough,East Asian,Train: East Asian-only,0.613284061606024,847,17748,18595,0.5925199475363347,0.6336443058136265
PPM037479,PGS019297,PSS013199,Cough,East Asian,Train: East Asian-only,0.61250162646991,847,17748,18595,0.5917387609765865,0.6328636982313833
PPM037480,PGS019298,PSS013200,Cough,East Asian,Train: East Asian-only,0.614478868397364,847,17748,18595,0.5937129832385811,0.6348361792615367
PPM037481,PGS019299,PSS013201,Cough,East Asian,Train: East Asian-only,0.612604669492001,847,17748,18595,0.5918416355549283,0.6329665047951591
PPM037482,PGS019300,PSS013213,Gingival and periodontal diseases,East Asian,Train: East Asian-only,0.656996247496308,1839,16622,18461,0.6427194170470543,0.6709946154479159
PPM037483,PGS019301,PSS013212,Gingival and periodontal diseases,East Asian,Train: East Asian-only,0.656796462480295,1839,16622,18461,0.642518872140112,0.6707959843076982
PPM037484,PGS019302,PSS013214,Gingival and periodontal diseases,East Asian,Train: East Asian-only,0.655996668134221,1839,16622,18461,0.6417160701005273,0.6700007740111888
PPM037485,PGS019303,PSS013215,Gingival and periodontal diseases,East Asian,Train: East Asian-only,0.656690697791124,1839,16622,18461,0.6424127065599291,0.6706908290468789
PPM037486,PGS019304,PSS013216,Gingival and periodontal diseases,East Asian,Train: East Asian-only,0.657561645307303,1839,16622,18461,0.6432869839866999,0.6715567286687331
PPM037487,PGS019305,PSS013203,Gingivitis,East Asian,Train: East Asian-only,0.708995914134627,472,16622,17094,0.6817006242697926,0.7348609106877753
PPM037488,PGS019306,PSS013202,Gingivitis,East Asian,Train: East Asian-only,0.708952450193638,472,16622,17094,0.6816566150169495,0.7348183375895534
PPM037489,PGS019307,PSS013204,Gingivitis,East Asian,Train: East Asian-only,0.709041927280366,472,16622,17094,0.6817472150982103,0.7349059803352708
PPM037490,PGS019308,PSS013205,Gingivitis,East Asian,Train: East Asian-only,0.708984697633726,472,16622,17094,0.6816892670091906,0.7348499241175042
PPM037491,PGS019309,PSS013206,Gingivitis,East Asian,Train: East Asian-only,0.70940480657654,472,16622,17094,0.6821146642260998,0.7352614041408976
PPM037492,PGS019310,PSS013208,Periodontitis acute or chronic,East Asian,Train: East Asian-only,0.656003979053858,1559,16622,18181,0.6405614670115052,0.6711236665550492
PPM037493,PGS019311,PSS013207,Periodontitis acute or chronic,East Asian,Train: East Asian-only,0.655606930357836,1559,16622,18181,0.6401629529382736,0.6707290000622367
PPM037494,PGS019312,PSS013209,Periodontitis acute or chronic,East Asian,Train: East Asian-only,0.655361075829471,1559,16622,18181,0.6399161983776647,0.6704846130569373
PPM037495,PGS019313,PSS013210,Periodontitis acute or chronic,East Asian,Train: East Asian-only,0.655635370914641,1559,16622,18181,0.6401914979732,0.6707572704828534
PPM037496,PGS019314,PSS013211,Periodontitis acute or chronic,East Asian,Train: East Asian-only,0.655848887333641,1559,16622,18181,0.640405801155952,0.6709695071431985
PPM037497,PGS019315,PSS013223,Diseases of the jaws,East Asian,Train: East Asian-only,0.643848976796276,208,16622,16830,0.6019860953809463,0.6836228252220969
PPM037498,PGS019316,PSS013222,Diseases of the jaws,East Asian,Train: East Asian-only,0.649171221180456,208,16622,16830,0.6073032644151337,0.6888622944817764
PPM037499,PGS019317,PSS013224,Diseases of the jaws,East Asian,Train: East Asian-only,0.6412013041104,208,16622,16830,0.5993434294263035,0.6810135926785067
PPM037500,PGS019318,PSS013225,Diseases of the jaws,East Asian,Train: East Asian-only,0.644925805003563,208,16622,16830,0.6030613576238374,0.6846835003774372
PPM037501,PGS019319,PSS013226,Diseases of the jaws,East Asian,Train: East Asian-only,0.646952486510001,208,16622,16830,0.6050858323986209,0.6866789635876273
PPM037502,PGS019320,PSS013218,Temporomandibular joint disorders,East Asian,Train: East Asian-only,0.656640908746552,162,16622,16784,0.6091012595185731,0.7012348446370729
PPM037503,PGS019321,PSS013217,Temporomandibular joint disorders,East Asian,Train: East Asian-only,0.66217797029372,162,16622,16784,0.6146436234894501,0.7066473371489195
PPM037504,PGS019322,PSS013219,Temporomandibular joint disorders,East Asian,Train: East Asian-only,0.654310218051044,162,16622,16784,0.6067708219603383,0.698953822267356
PPM037505,PGS019323,PSS013220,Temporomandibular joint disorders,East Asian,Train: East Asian-only,0.660170367696538,162,16622,16784,0.6126331338230454,0.7046859729482631
PPM037506,PGS019324,PSS013221,Temporomandibular joint disorders,East Asian,Train: East Asian-only,0.656147735189567,162,16622,16784,0.6086080172746781,0.7007523170656101
PPM037507,PGS019325,PSS013228,Stomatitis and mucositis,East Asian,Train: East Asian-only,0.618413304418384,614,18149,18763,0.5940996455600114,0.64214781593861
PPM037508,PGS019326,PSS013227,Stomatitis and mucositis,East Asian,Train: East Asian-only,0.621140637678371,614,18149,18763,0.596822418705107,0.6448648711592837
PPM037509,PGS019327,PSS013229,Stomatitis and mucositis,East Asian,Train: East Asian-only,0.61820717502584,614,18149,18763,0.5938939016346941,0.6419424200094057
PPM037510,PGS019328,PSS013230,Stomatitis and mucositis,East Asian,Train: East Asian-only,0.620364309696266,614,18149,18763,0.5960472863757634,0.6440915774769321
PPM037511,PGS019329,PSS013231,Stomatitis and mucositis,East Asian,Train: East Asian-only,0.619642094044898,614,18149,18763,0.5953262562387127,0.6433721069170137
PPM037512,PGS019330,PSS013238,Peptic ulcer excl esophageal,East Asian,Train: East Asian-only,0.599729065246034,3269,15998,19267,0.58862370061411,0.6107328940673942
PPM037513,PGS019331,PSS013237,Peptic ulcer excl esophageal,East Asian,Train: East Asian-only,0.601664952689291,3269,15998,19267,0.5905604602740081,0.6126658061280572
PPM037514,PGS019332,PSS013239,Peptic ulcer excl esophageal,East Asian,Train: East Asian-only,0.600052407896964,3269,15998,19267,0.5889471733702576,0.6110557556419532
PPM037515,PGS019333,PSS013240,Peptic ulcer excl esophageal,East Asian,Train: East Asian-only,0.601669866885701,3269,15998,19267,0.5905653769696628,0.6126707124807116
PPM037516,PGS019334,PSS013241,Peptic ulcer excl esophageal,East Asian,Train: East Asian-only,0.60059235761766006,3269,15998,19267,0.5894873542728282,0.6115948878155859
PPM037517,PGS019335,PSS013233,Duodenal ulcer,East Asian,Train: East Asian-only,0.639882084794036,643,15998,16641,0.6160710834193543,0.6630240863617651
PPM037518,PGS019336,PSS013232,Duodenal ulcer,East Asian,Train: East Asian-only,0.640138434878232,643,15998,16641,0.6163277659295958,0.6632787280037995
PPM037519,PGS019337,PSS013234,Duodenal ulcer,East Asian,Train: East Asian-only,0.638255715090358,643,15998,16641,0.6144428147586389,0.6614083339448533
PPM037520,PGS019338,PSS013235,Duodenal ulcer,East Asian,Train: East Asian-only,0.638400950974237,643,15998,16641,0.6145882054798136,0.6615526372527796
PPM037521,PGS019339,PSS013236,Duodenal ulcer,East Asian,Train: East Asian-only,0.63913208824509,643,15998,16641,0.6153201661090414,0.662279033497005
PPM037522,PGS019340,PSS013248,Abdominal hernia,East Asian,Train: East Asian-only,0.737383361219304,284,19639,19923,0.7025807747203908,0.7694498730790247
PPM037523,PGS019341,PSS013247,Abdominal hernia,East Asian,Train: East Asian-only,0.743984734313514,284,19639,19923,0.7093278574786488,0.7758154400318451
PPM037524,PGS019342,PSS013249,Abdominal hernia,East Asian,Train: East Asian-only,0.733596522871636,284,19639,19923,0.6987155371770676,0.7657928201198883
PPM037525,PGS019343,PSS013250,Abdominal hernia,East Asian,Train: East Asian-only,0.746529075158728,284,19639,19923,0.7119314747369324,0.7782656043306646
PPM037526,PGS019344,PSS013251,Abdominal hernia,East Asian,Train: East Asian-only,0.739277228624561,284,19639,19923,0.7045152613924982,0.7712773405876242
PPM037527,PGS019345,PSS013243,Inguinal hernia,East Asian,Train: East Asian-only,0.781599386788678,224,19639,19863,0.7435639791033503,0.8153938961679555
PPM037528,PGS019346,PSS013242,Inguinal hernia,East Asian,Train: East Asian-only,0.790313143308141,224,19639,19863,0.7526122185611241,0.8236151248181341
PPM037529,PGS019347,PSS013244,Inguinal hernia,East Asian,Train: East Asian-only,0.780501671237261,224,19639,19863,0.7424260442946818,0.8143562105780691
PPM037530,PGS019348,PSS013245,Inguinal hernia,East Asian,Train: East Asian-only,0.792790447942505,224,19639,19863,0.7551896499556253,0.8259471167687609
PPM037531,PGS019349,PSS013246,Inguinal hernia,East Asian,Train: East Asian-only,0.791706826067664,224,19639,19863,0.7540619518785799,0.8249273501152733
PPM037532,PGS019350,PSS013253,Anal and rectal conditions,East Asian,Train: East Asian-only,0.726268457586269,303,17677,17980,0.6923759621665513,0.7577334324308749
PPM037533,PGS019351,PSS013252,Anal and rectal conditions,East Asian,Train: East Asian-only,0.726548697184591,303,17677,17980,0.6926612757730597,0.7580050680987863
PPM037534,PGS019352,PSS013254,Anal and rectal conditions,East Asian,Train: East Asian-only,0.725873022896565,303,17677,17980,0.6919734005249604,0.7573501037095524
PPM037535,PGS019353,PSS013255,Anal and rectal conditions,East Asian,Train: East Asian-only,0.725957412169344,303,17677,17980,0.6920593075347955,0.7574319128669652
PPM037536,PGS019354,PSS013256,Anal and rectal conditions,East Asian,Train: East Asian-only,0.726228690074981,303,17677,17980,0.6923354761877695,0.7576948842109927
PPM037537,PGS019355,PSS013268,Chronic liver disease and cirrhosis,East Asian,Train: East Asian-only,0.642805581049246,3031,15699,18730,0.6313843912382286,0.6540667830221492
PPM037538,PGS019356,PSS013267,Chronic liver disease and cirrhosis,East Asian,Train: East Asian-only,0.644237648004823,3031,15699,18730,0.6328208690197451,0.6554926959119699
PPM037539,PGS019357,PSS013269,Chronic liver disease and cirrhosis,East Asian,Train: East Asian-only,0.639609946849622,3031,15699,18730,0.6281794032274123,0.6508843842837855
PPM037540,PGS019358,PSS013270,Chronic liver disease and cirrhosis,East Asian,Train: East Asian-only,0.644168044292675,3031,15699,18730,0.632751047781638,0.6554233945069368
PPM037541,PGS019359,PSS013271,Chronic liver disease and cirrhosis,East Asian,Train: East Asian-only,0.64094551010768,3031,15699,18730,0.6295187937972357,0.6522144993682647
PPM037542,PGS019360,PSS013263,Other chronic nonalcoholic liver disease,East Asian,Train: East Asian-only,0.637407834301782,1549,15699,17248,0.6218372840749727,0.6526953454360578
PPM037543,PGS019361,PSS013262,Other chronic nonalcoholic liver disease,East Asian,Train: East Asian-only,0.640972308664564,1549,15699,17248,0.625409767258762,0.6562436744605228
PPM037544,PGS019362,PSS013264,Other chronic nonalcoholic liver disease,East Asian,Train: East Asian-only,0.636359752182675,1549,15699,17248,0.6207870647293734,0.6516517861942605
PPM037545,PGS019363,PSS013265,Other chronic nonalcoholic liver disease,East Asian,Train: East Asian-only,0.639904775733578,1549,15699,17248,0.6243397154721072,0.6551811009337783
PPM037546,PGS019364,PSS013266,Other chronic nonalcoholic liver disease,East Asian,Train: East Asian-only,0.637482224404716,1549,15699,17248,0.6219118296238225,0.6527694106485058
PPM037547,PGS019365,PSS013258,Cirrhosis of liver without mention of alcohol,East Asian,Train: East Asian-only,0.672604336656574,478,15699,16177,0.6451327937032533,0.6989416433506341
PPM037548,PGS019366,PSS013257,Cirrhosis of liver without mention of alcohol,East Asian,Train: East Asian-only,0.675680912437191,478,15699,16177,0.6482288624748612,0.7019755646703854
PPM037549,PGS019367,PSS013259,Cirrhosis of liver without mention of alcohol,East Asian,Train: East Asian-only,0.658317655283323,478,15699,16177,0.6307764734927354,0.6848309450549702
PPM037550,PGS019368,PSS013260,Cirrhosis of liver without mention of alcohol,East Asian,Train: East Asian-only,0.672100746762912,478,15699,16177,0.6446261665107608,0.6984448732267855
PPM037551,PGS019369,PSS013261,Cirrhosis of liver without mention of alcohol,East Asian,Train: East Asian-only,0.665878299953013,478,15699,16177,0.6383697238755802,0.6923029554279287
PPM037552,PGS019370,PSS013278,Other disorders of liver,East Asian,Train: East Asian-only,0.65123753111692,1991,15699,17690,0.6374331157653325,0.664792748264868
PPM037553,PGS019371,PSS013277,Other disorders of liver,East Asian,Train: East Asian-only,0.651088347144928,1991,15699,17690,0.6372834204799069,0.6646443472504936
PPM037554,PGS019372,PSS013279,Other disorders of liver,East Asian,Train: East Asian-only,0.648656933140338,1991,15699,17690,0.6348439296655628,0.6622254311291057
PPM037555,PGS019373,PSS013280,Other disorders of liver,East Asian,Train: East Asian-only,0.652403424813534,1991,15699,17690,0.638603068312465,0.6659524586621619
PPM037556,PGS019374,PSS013281,Other disorders of liver,East Asian,Train: East Asian-only,0.651426162619999,1991,15699,17690,0.6376223963953768,0.6649803871052123
PPM037557,PGS019375,PSS013273,Abnormal results of function study of liver,East Asian,Train: East Asian-only,0.728690399589359,463,15699,16162,0.7014031377365831,0.7543573308717131
PPM037558,PGS019376,PSS013272,Abnormal results of function study of liver,East Asian,Train: East Asian-only,0.728848063261379,463,15699,16162,0.7015634088469493,0.7545110804884511
PPM037559,PGS019377,PSS013274,Abnormal results of function study of liver,East Asian,Train: East Asian-only,0.729256805643204,463,15699,16162,0.7019789344413978,0.7549096512177672
PPM037560,PGS019378,PSS013275,Abnormal results of function study of liver,East Asian,Train: East Asian-only,0.729123355589225,463,15699,16162,0.7018432660190279,0.754779525987051
PPM037561,PGS019379,PSS013276,Abnormal results of function study of liver,East Asian,Train: East Asian-only,0.729831741494313,463,15699,16162,0.7025634688734052,0.7554702197766073
PPM037562,PGS019380,PSS013288,Cholelithiasis and cholecystitis,East Asian,Train: East Asian-only,0.59197070856713,875,18611,19486,0.5716070632109366,0.6120233858107001
PPM037563,PGS019381,PSS013287,Cholelithiasis and cholecystitis,East Asian,Train: East Asian-only,0.593715421755183,875,18611,19486,0.5733451837296417,0.6137682616373982
PPM037564,PGS019382,PSS013289,Cholelithiasis and cholecystitis,East Asian,Train: East Asian-only,0.589606208309986,875,18611,19486,0.5692520281026,0.609658105087269
PPM037565,PGS019383,PSS013290,Cholelithiasis and cholecystitis,East Asian,Train: East Asian-only,0.590239689277463,875,18611,19486,0.5698829134575168,0.6102918582673154
PPM037566,PGS019384,PSS013291,Cholelithiasis and cholecystitis,East Asian,Train: East Asian-only,0.588552637840908,875,18611,19486,0.568202871241779,0.6086039797303856
PPM037567,PGS019385,PSS013283,Cholelithiasis,East Asian,Train: East Asian-only,0.587574263559465,827,18611,19438,0.5666635700418309,0.6081736276188796
PPM037568,PGS019386,PSS013282,Cholelithiasis,East Asian,Train: East Asian-only,0.591152129674322,827,18611,19438,0.5702257625648173,0.6117533182013416
PPM037569,PGS019387,PSS013284,Cholelithiasis,East Asian,Train: East Asian-only,0.585831785326474,827,18611,19438,0.564929242355398,0.6064297134225104
PPM037570,PGS019388,PSS013285,Cholelithiasis,East Asian,Train: East Asian-only,0.591329567612138,827,18611,19438,0.5704024604742406,0.6119308071852814
PPM037571,PGS019389,PSS013286,Cholelithiasis,East Asian,Train: East Asian-only,0.587577057346109,827,18611,19438,0.5666663510319639,0.6081764234203636
PPM037572,PGS019390,PSS013298,Other biliary tract disease,East Asian,Train: East Asian-only,0.631617634166551,475,18611,19086,0.6039945191904128,0.6584036595853363
PPM037573,PGS019391,PSS013297,Other biliary tract disease,East Asian,Train: East Asian-only,0.630752497815384,475,18611,19086,0.6031300648838134,0.6575440044392401
PPM037574,PGS019392,PSS013299,Other biliary tract disease,East Asian,Train: East Asian-only,0.626306683370616,475,18611,19086,0.5986895889065456,0.6531243970844401
PPM037575,PGS019393,PSS013300,Other biliary tract disease,East Asian,Train: East Asian-only,0.62879304542588,475,18611,19086,0.601172587717354,0.6555965063990494
PPM037576,PGS019394,PSS013301,Other biliary tract disease,East Asian,Train: East Asian-only,0.625730227454618,475,18611,19086,0.5981140491876475,0.6525510996772832
PPM037577,PGS019395,PSS013293,Cholesterolosis of gallbladder,East Asian,Train: East Asian-only,0.721801866931092,154,18611,18765,0.6736447014116862,0.7653284225189423
PPM037578,PGS019396,PSS013292,Cholesterolosis of gallbladder,East Asian,Train: East Asian-only,0.7110129674742,154,18611,18765,0.6626648500517025,0.7549936650314325
PPM037579,PGS019397,PSS013294,Cholesterolosis of gallbladder,East Asian,Train: East Asian-only,0.711153228051836,154,18611,18765,0.6628073519510224,0.7551282847752394
PPM037580,PGS019398,PSS013295,Cholesterolosis of gallbladder,East Asian,Train: East Asian-only,0.7124790743081,154,18611,18765,0.6641546956258249,0.7564004700623395
PPM037581,PGS019399,PSS013296,Cholesterolosis of gallbladder,East Asian,Train: East Asian-only,0.712775994088121,154,18611,18765,0.6644565068747719,0.7566852882834674
PPM037582,PGS019400,PSS013303,Diseases of pancreas,East Asian,Train: East Asian-only,0.609108466244063,253,19676,19929,0.5713717461264988,0.645583651648723
PPM037583,PGS019401,PSS013302,Diseases of pancreas,East Asian,Train: East Asian-only,0.609008627512742,253,19676,19929,0.5712726974175787,0.6454843020023505
PPM037584,PGS019402,PSS013304,Diseases of pancreas,East Asian,Train: East Asian-only,0.609113287430284,253,19676,19929,0.5713765292134274,0.645588449161093
PPM037585,PGS019403,PSS013305,Diseases of pancreas,East Asian,Train: East Asian-only,0.60907411529224,253,19676,19929,0.5713376667672972,0.6455494692235682
PPM037586,PGS019404,PSS013306,Diseases of pancreas,East Asian,Train: East Asian-only,0.608753707291321,253,19676,19929,0.5710198034579387,0.645230620524223
PPM037587,PGS019405,PSS013325,Nephritis nephrosis renal sclerosis,East Asian,Train: East Asian-only,0.641630482134909,1213,16583,17796,0.6241700055166184,0.6587233037059174
PPM037588,PGS019406,PSS013324,Nephritis nephrosis renal sclerosis,East Asian,Train: East Asian-only,0.644786357605866,1213,16583,17796,0.6273333312012129,0.6618625806853335
PPM037589,PGS019407,PSS013326,Nephritis nephrosis renal sclerosis,East Asian,Train: East Asian-only,0.641585192953043,1213,16583,17796,0.624124616810182,0.6586782450628483
PPM037590,PGS019408,PSS013327,Nephritis nephrosis renal sclerosis,East Asian,Train: East Asian-only,0.644357228936417,1213,16583,17796,0.6269031297032522,0.6614357709839236
PPM037591,PGS019409,PSS013328,Nephritis nephrosis renal sclerosis,East Asian,Train: East Asian-only,0.641911265119739,1213,16583,17796,0.6244514101911107,0.6590026525704692
PPM037592,PGS019410,PSS013320,Nephritis and nephropathy without mention of glomerulonephritis,East Asian,Train: East Asian-only,0.645889927573878,873,16583,17456,0.6254195463288038,0.6658393367014155
PPM037593,PGS019411,PSS013319,Nephritis and nephropathy without mention of glomerulonephritis,East Asian,Train: East Asian-only,0.651112778588376,873,16583,17456,0.6306565402612109,0.6710270410997881
PPM037594,PGS019412,PSS013321,Nephritis and nephropathy without mention of glomerulonephritis,East Asian,Train: East Asian-only,0.642998436342881,873,16583,17456,0.6225216363888099,0.6629658295337479
PPM037595,PGS019413,PSS013322,Nephritis and nephropathy without mention of glomerulonephritis,East Asian,Train: East Asian-only,0.650171835120898,873,16583,17456,0.6297128053147553,0.6700926838395962
PPM037596,PGS019414,PSS013323,Nephritis and nephropathy without mention of glomerulonephritis,East Asian,Train: East Asian-only,0.647368829323893,873,16583,17456,0.6269021187864133,0.6673086351071923
PPM037597,PGS019415,PSS013308,Nephritis and nephropathy in diseases classified elsewhere,East Asian,Train: East Asian-only,0.658503051574046,729,16583,17312,0.6361793367262343,0.6801456841783116
PPM037598,PGS019416,PSS013307,Nephritis and nephropathy in diseases classified elsewhere,East Asian,Train: East Asian-only,0.662448702362402,729,16583,17312,0.6401413995695733,0.6840556869268458
PPM037599,PGS019417,PSS013309,Nephritis and nephropathy in diseases classified elsewhere,East Asian,Train: East Asian-only,0.654247201610521,729,16583,17312,0.6319081299023338,0.6759258284004973
PPM037600,PGS019418,PSS013310,Nephritis and nephropathy in diseases classified elsewhere,East Asian,Train: East Asian-only,0.66253663348859,729,16583,17312,0.6402297204265862,0.684142798516253
PPM037601,PGS019419,PSS013311,Nephritis and nephropathy in diseases classified elsewhere,East Asian,Train: East Asian-only,0.695521311221013,729,16583,17312,0.67343652032957,0.7167407670748357
PPM037602,PGS019420,PSS013312,Nephritis and nephropathy in diseases classified elsewhere,East Asian,Train: East Asian-only,0.657152899324155,729,16583,17312,0.6348240499620988,0.6788072260736212
PPM037603,PGS019421,PSS013314,Nephritis and nephropathy with pathological lesion,East Asian,Train: East Asian-only,0.636524487179089,797,16583,17380,0.6151044890259925,0.65741634804556
PPM037604,PGS019422,PSS013313,Nephritis and nephropathy with pathological lesion,East Asian,Train: East Asian-only,0.642815944825962,797,16583,17380,0.6214056074917126,0.66367081425104
PPM037605,PGS019423,PSS013315,Nephritis and nephropathy with pathological lesion,East Asian,Train: East Asian-only,0.631753838396731,797,16583,17380,0.6103297674379721,0.6526703367974254
PPM037606,PGS019424,PSS013316,Nephritis and nephropathy with pathological lesion,East Asian,Train: East Asian-only,0.643047470951605,797,16583,17380,0.6216375829021089,0.6639008807992102
PPM037607,PGS019425,PSS013317,Nephritis and nephropathy with pathological lesion,East Asian,Train: East Asian-only,0.670135044044062,797,16583,17380,0.6488247378034357,0.6907685085793295
PPM037608,PGS019426,PSS013318,Nephritis and nephropathy with pathological lesion,East Asian,Train: East Asian-only,0.636945319960404,797,16583,17380,0.6155258152346084,0.6578348666993757
PPM037609,PGS019427,PSS013346,Renal failure,East Asian,Train: East Asian-only,0.654390225654779,1928,16583,18511,0.6404163895639541,0.6681024539641641
PPM037610,PGS019428,PSS013345,Renal failure,East Asian,Train: East Asian-only,0.659373738741094,1928,16583,18511,0.645418889292805,0.6730575874951942
PPM037611,PGS019429,PSS013347,Renal failure,East Asian,Train: East Asian-only,0.656576324351564,1928,16583,18511,0.6426105599819122,0.6702763668730823
PPM037612,PGS019430,PSS013348,Renal failure,East Asian,Train: East Asian-only,0.657428913477608,1928,16583,18511,0.6434664058808075,0.671124092051967
PPM037613,PGS019431,PSS013349,Renal failure,East Asian,Train: East Asian-only,0.65503857372307706,1928,16583,18511,0.6410670897382084,0.6687472308153917
PPM037614,PGS019432,PSS013341,Chronic renal failure CKD,East Asian,Train: East Asian-only,0.656133605006252,1831,16583,18414,0.6418230343815812,0.6701662423094523
PPM037615,PGS019433,PSS013340,Chronic renal failure CKD,East Asian,Train: East Asian-only,0.659547377864186,1831,16583,18414,0.6452500807123402,0.6735599736679179
PPM037616,PGS019434,PSS013342,Chronic renal failure CKD,East Asian,Train: East Asian-only,0.657077699906068,1831,16583,18414,0.6427706994959446,0.6711048978185667
PPM037617,PGS019435,PSS013343,Chronic renal failure CKD,East Asian,Train: East Asian-only,0.657286305818837,1831,16583,18414,0.6429801046397813,0.6713122912257758
PPM037618,PGS019436,PSS013344,Chronic renal failure CKD,East Asian,Train: East Asian-only,0.656814324237547,1831,16583,18414,0.6425063201161337,0.6708430475052517
PPM037619,PGS019437,PSS013330,End stage renal disease,East Asian,Train: East Asian-only,0.656000662387686,512,16583,17095,0.629393148787373,0.6816640859007522
PPM037620,PGS019438,PSS013329,End stage renal disease,East Asian,Train: East Asian-only,0.65353119535066,512,16583,17095,0.6269159357800439,0.6792192863463403
PPM037621,PGS019439,PSS013331,End stage renal disease,East Asian,Train: East Asian-only,0.649827524799493,512,16583,17095,0.6232024452677631,0.6755507070049815
PPM037622,PGS019440,PSS013332,End stage renal disease,East Asian,Train: East Asian-only,0.651579954810649,512,16583,17095,0.624959253734641,0.6772868173161588
PPM037623,PGS019441,PSS013333,End stage renal disease,East Asian,Train: East Asian-only,0.64914758807966,512,16583,17095,0.622520938925128,0.6748769652550753
PPM037624,PGS019442,PSS013335,Chronic Kidney Disease Stage III,East Asian,Train: East Asian-only,0.658201995500012,661,16583,17244,0.6347708413735731,0.6808856350700547
PPM037625,PGS019443,PSS013334,Chronic Kidney Disease Stage III,East Asian,Train: East Asian-only,0.661420025958451,661,16583,17244,0.6380018980268253,0.684073379258337
PPM037626,PGS019444,PSS013336,Chronic Kidney Disease Stage III,East Asian,Train: East Asian-only,0.657943086092487,661,16583,17244,0.6345109474297761,0.6806290956956951
PPM037627,PGS019445,PSS013337,Chronic Kidney Disease Stage III,East Asian,Train: East Asian-only,0.663441033747354,661,16583,17244,0.6400318364981441,0.6860745793552382
PPM037628,PGS019446,PSS013338,Chronic Kidney Disease Stage III,East Asian,Train: East Asian-only,0.672655763703839,661,16583,17244,0.6492946989667058,0.6951912229807001
PPM037629,PGS019447,PSS013339,Chronic Kidney Disease Stage III,East Asian,Train: East Asian-only,0.658850272543661,661,16583,17244,0.6354216249784698,0.6815279343606295
PPM037630,PGS019448,PSS013356,Other disorders of the kidney and ureters,East Asian,Train: East Asian-only,0.642071199844527,1652,16583,18235,0.6270039213252917,0.6568629224229755
PPM037631,PGS019449,PSS013355,Other disorders of the kidney and ureters,East Asian,Train: East Asian-only,0.643955732839386,1652,16583,18235,0.6288932785809327,0.6587385771027582
PPM037632,PGS019450,PSS013357,Other disorders of the kidney and ureters,East Asian,Train: East Asian-only,0.640482449499392,1652,16583,18235,0.6254113464408255,0.6552814072156321
PPM037633,PGS019451,PSS013358,Other disorders of the kidney and ureters,East Asian,Train: East Asian-only,0.642582349350154,1652,16583,18235,0.6275163484382179,0.657371695633036
PPM037634,PGS019452,PSS013359,Other disorders of the kidney and ureters,East Asian,Train: East Asian-only,0.640254014620708,1652,16583,18235,0.6251823798618116,0.6550539938820167
PPM037635,PGS019453,PSS013351,Cyst of kidney acquired,East Asian,Train: East Asian-only,0.61941727962175,123,16583,16706,0.5649696414583809,0.6710184679438037
PPM037636,PGS019454,PSS013350,Cyst of kidney acquired,East Asian,Train: East Asian-only,0.620495374585296,123,16583,16706,0.5660341659859887,0.6720814089499425
PPM037637,PGS019455,PSS013352,Cyst of kidney acquired,East Asian,Train: East Asian-only,0.616718855483797,123,16583,16706,0.562306624499619,0.6683563118777052
PPM037638,PGS019456,PSS013353,Cyst of kidney acquired,East Asian,Train: East Asian-only,0.619489838991738,123,16583,16706,0.5650412771585563,0.6710900193136705
PPM037639,PGS019457,PSS013354,Cyst of kidney acquired,East Asian,Train: East Asian-only,0.619195189117663,123,16583,16706,0.5647503873943734,0.6707994520602667
PPM037640,PGS019458,PSS013361,Urinary tract infection,East Asian,Train: East Asian-only,0.663530825933954,1581,16692,18273,0.648223348287691,0.6785025666077049
PPM037641,PGS019459,PSS013360,Urinary tract infection,East Asian,Train: East Asian-only,0.665454088533058,1581,16692,18273,0.65015525632599,0.6804127593931394
PPM037642,PGS019460,PSS013362,Urinary tract infection,East Asian,Train: East Asian-only,0.663693235617724,1581,16692,18273,0.6483864746061604,0.6786638864105962
PPM037643,PGS019461,PSS013363,Urinary tract infection,East Asian,Train: East Asian-only,0.665035332253229,1581,16692,18273,0.6497345880430708,0.6799968792586474
PPM037644,PGS019462,PSS013364,Urinary tract infection,East Asian,Train: East Asian-only,0.664525367361913,1581,16692,18273,0.6492223169754853,0.6794903940732476
PPM037645,PGS019463,PSS013371,Hematuria,East Asian,Train: East Asian-only,0.596038841807358,921,16692,17613,0.5761186420238598,0.615647437662532
PPM037646,PGS019464,PSS013370,Hematuria,East Asian,Train: East Asian-only,0.597730602578543,921,16692,17613,0.5778052330236325,0.6173383777673628
PPM037647,PGS019465,PSS013372,Hematuria,East Asian,Train: East Asian-only,0.593127761763032,921,16692,17613,0.5732171766284431,0.6127370130710751
PPM037648,PGS019466,PSS013373,Hematuria,East Asian,Train: East Asian-only,0.597634527114877,921,16692,17613,0.5777094429098109,0.6172423575841098
PPM037649,PGS019467,PSS013374,Hematuria,East Asian,Train: East Asian-only,0.592672297716591,921,16692,17613,0.5727632989324738,0.6122815651704534
PPM037650,PGS019468,PSS013366,Microscopic hematuria,East Asian,Train: East Asian-only,0.689301309628412,126,16692,16818,0.6353652402235246,0.7385423172336677
PPM037651,PGS019469,PSS013365,Microscopic hematuria,East Asian,Train: East Asian-only,0.688347521291446,126,16692,16818,0.6344033257024368,0.7376240839674075
PPM037652,PGS019470,PSS013367,Microscopic hematuria,East Asian,Train: East Asian-only,0.688401724616678,126,16692,16818,0.634457982853029,0.7376762756152121
PPM037653,PGS019471,PSS013368,Microscopic hematuria,East Asian,Train: East Asian-only,0.688537708397521,126,16692,16818,0.634595109408748,0.7378072078384702
PPM037654,PGS019472,PSS013369,Microscopic hematuria,East Asian,Train: East Asian-only,0.688438335634597,126,16692,16818,0.6344949009459335,0.7377115272620989
PPM037655,PGS019473,PSS013388,Urinary calculus,East Asian,Train: East Asian-only,0.67803505975123,1423,18077,19500,0.6620422732563888,0.6936212723130057
PPM037656,PGS019474,PSS013387,Urinary calculus,East Asian,Train: East Asian-only,0.68376066448939,1423,18077,19500,0.66780266463926,0.6992972620227857
PPM037657,PGS019475,PSS013389,Urinary calculus,East Asian,Train: East Asian-only,0.681126387934241,1423,18077,19500,0.6651519653640892,0.6966862421690587
PPM037658,PGS019476,PSS013390,Urinary calculus,East Asian,Train: East Asian-only,0.683597467863229,1423,18077,19500,0.6676384298195812,0.6991355275370074
PPM037659,PGS019477,PSS013391,Urinary calculus,East Asian,Train: East Asian-only,0.682434060185501,1423,18077,19500,0.6664677006315202,0.6979824614398984
PPM037660,PGS019478,PSS013392,Urinary calculus,East Asian,Train: East Asian-only,0.677714147852956,1423,18077,19500,0.6617195109028446,0.6933030391993575
PPM037661,PGS019479,PSS013376,Calculus of kidney,East Asian,Train: East Asian-only,0.670367719592894,805,18077,18882,0.6491892381768668,0.6908764579245944
PPM037662,PGS019480,PSS013375,Calculus of kidney,East Asian,Train: East Asian-only,0.675941117311487,805,18077,18882,0.6547946352040931,0.6963928428977129
PPM037663,PGS019481,PSS013377,Calculus of kidney,East Asian,Train: East Asian-only,0.670510861576617,805,18077,18882,0.6493331506178512,0.6910181891986907
PPM037664,PGS019482,PSS013378,Calculus of kidney,East Asian,Train: East Asian-only,0.671675032650185,805,18077,18882,0.6505036880749333,0.6921707824673258
PPM037665,PGS019483,PSS013379,Calculus of kidney,East Asian,Train: East Asian-only,0.68199087615882,805,18077,18882,0.6608838197196568,0.7023758300595544
PPM037666,PGS019484,PSS013380,Calculus of kidney,East Asian,Train: East Asian-only,0.671000279343334,805,18077,18882,0.6498252230459562,0.6915027623454829
PPM037667,PGS019485,PSS013382,Calculus of ureter,East Asian,Train: East Asian-only,0.678826631609661,510,18077,18587,0.652305528193462,0.7042419982320892
PPM037668,PGS019486,PSS013381,Calculus of ureter,East Asian,Train: East Asian-only,0.685618601038911,510,18077,18587,0.6591487480362653,0.710934326096186
PPM037669,PGS019487,PSS013383,Calculus of ureter,East Asian,Train: East Asian-only,0.683340329548869,510,18077,18587,0.6568524177762537,0.7086903915111656
PPM037670,PGS019488,PSS013384,Calculus of ureter,East Asian,Train: East Asian-only,0.684820815530948,510,18077,18587,0.6583445387122319,0.7101486698041101
PPM037671,PGS019489,PSS013385,Calculus of ureter,East Asian,Train: East Asian-only,0.690047476644029,510,18077,18587,0.6636152595051977,0.7152937898378521
PPM037672,PGS019490,PSS013386,Calculus of ureter,East Asian,Train: East Asian-only,0.68139375460313,510,18077,18587,0.6548911085646781,0.7067724222868687
PPM037673,PGS019491,PSS013394,Hydronephrosis,East Asian,Train: East Asian-only,0.624972905021941,392,18077,18469,0.594578163864798,0.6544133890336628
PPM037674,PGS019492,PSS013393,Hydronephrosis,East Asian,Train: East Asian-only,0.624698003890387,392,18077,18469,0.5943039388313671,0.6541401568265269
PPM037675,PGS019493,PSS013395,Hydronephrosis,East Asian,Train: East Asian-only,0.627825074821653,392,18077,18469,0.5974240719823607,0.657247431601149
PPM037676,PGS019494,PSS013396,Hydronephrosis,East Asian,Train: East Asian-only,0.624089354721808,392,18077,18469,0.5936968318875532,0.6535351539190145
PPM037677,PGS019495,PSS013397,Hydronephrosis,East Asian,Train: East Asian-only,0.647067448432047,392,18077,18469,0.6166606105706157,0.6763283404224785
PPM037678,PGS019496,PSS013398,Hydronephrosis,East Asian,Train: East Asian-only,0.629897981762822,392,18077,18469,0.5994932927687263,0.6593062322924692
PPM037679,PGS019497,PSS013400,Other disorders of urethra and urinary tract,East Asian,Train: East Asian-only,0.62265951989739,2288,16509,18797,0.6096771110695612,0.6354683044569874
PPM037680,PGS019498,PSS013399,Other disorders of urethra and urinary tract,East Asian,Train: East Asian-only,0.624026516369329,2288,16509,18797,0.6110459069954303,0.6368313921731735
PPM037681,PGS019499,PSS013401,Other disorders of urethra and urinary tract,East Asian,Train: East Asian-only,0.623400109793895,2288,16509,18797,0.6104186589428741,0.636206794054258
PPM037682,PGS019500,PSS013402,Other disorders of urethra and urinary tract,East Asian,Train: East Asian-only,0.624725700582052,2288,16509,18797,0.6117460642592072,0.637528523167747
PPM037683,PGS019501,PSS013403,Other disorders of urethra and urinary tract,East Asian,Train: East Asian-only,0.622819556571601,2288,16509,18797,0.6098373513733265,0.6356278907377971
PPM037684,PGS019502,PSS013410,Abnormal findings on examination of urine,East Asian,Train: East Asian-only,0.624209481077519,1708,17691,19399,0.6093784699012571,0.6388111511715893
PPM037685,PGS019503,PSS013409,Abnormal findings on examination of urine,East Asian,Train: East Asian-only,0.625434485072061,1708,17691,19399,0.6106046306882433,0.6400325101553732
PPM037686,PGS019504,PSS013411,Abnormal findings on examination of urine,East Asian,Train: East Asian-only,0.624122342471072,1708,17691,19399,0.6092912537951916,0.6387242669087456
PPM037687,PGS019505,PSS013412,Abnormal findings on examination of urine,East Asian,Train: East Asian-only,0.625875175418984,1708,17691,19399,0.6110457679494071,0.6404718574917524
PPM037688,PGS019506,PSS013413,Abnormal findings on examination of urine,East Asian,Train: East Asian-only,0.624300491775479,1708,17691,19399,0.6094695622209622,0.6389018955241103
PPM037689,PGS019507,PSS013405,Other nonspecific findings on examination of urine,East Asian,Train: East Asian-only,0.633396237484879,1371,17691,19062,0.6169440732577032,0.6495431806277668
PPM037690,PGS019508,PSS013404,Other nonspecific findings on examination of urine,East Asian,Train: East Asian-only,0.635276971427942,1371,17691,19062,0.6188276740900456,0.6514162702721087
PPM037691,PGS019509,PSS013406,Other nonspecific findings on examination of urine,East Asian,Train: East Asian-only,0.632818485714796,1371,17691,19062,0.6163655079164527,0.6489677076503036
PPM037692,PGS019510,PSS013407,Other nonspecific findings on examination of urine,East Asian,Train: East Asian-only,0.636191528607989,1371,17691,19062,0.6197437464308803,0.6523269848869905
PPM037693,PGS019511,PSS013408,Other nonspecific findings on examination of urine,East Asian,Train: East Asian-only,0.634521189818194,1371,17691,19062,0.6180707001875497,0.6506636021982497
PPM037694,PGS019512,PSS013415,Retention of urine,East Asian,Train: East Asian-only,0.637050020292208,112,17600,17712,0.5797600202367021,0.6906965970852398
PPM037695,PGS019513,PSS013414,Retention of urine,East Asian,Train: East Asian-only,0.637900263798701,112,17600,17712,0.580602891085915,0.6915286703682886
PPM037696,PGS019514,PSS013416,Retention of urine,East Asian,Train: East Asian-only,0.63691507711039,112,17600,17712,0.5796262674709084,0.6905645143641305
PPM037697,PGS019515,PSS013417,Retention of urine,East Asian,Train: East Asian-only,0.639225344967532,112,17600,17712,0.5819169228490589,0.6928249266968087
PPM037698,PGS019516,PSS013418,Retention of urine,East Asian,Train: East Asian-only,0.635906047077922,112,17600,17712,0.5786263146609045,0.6895766706696677
PPM037699,PGS019517,PSS013420,Frequency of urination and polyuria,East Asian,Train: East Asian-only,0.556742452259279,676,17600,18276,0.5338767568235558,0.5793702152568532
PPM037700,PGS019518,PSS013419,Frequency of urination and polyuria,East Asian,Train: East Asian-only,0.561318080957504,676,17600,18276,0.5384118611061531,0.5839659319262382
PPM037701,PGS019519,PSS013421,Frequency of urination and polyuria,East Asian,Train: East Asian-only,0.557303321678322,676,17600,18276,0.5344325258321005,0.579933689664379
PPM037702,PGS019520,PSS013422,Frequency of urination and polyuria,East Asian,Train: East Asian-only,0.556997293571813,676,17600,18276,0.5341292760714711,0.5796262451276876
PPM037703,PGS019521,PSS013423,Frequency of urination and polyuria,East Asian,Train: East Asian-only,0.560159612022593,676,17600,18276,0.5372634181138293,0.5828026280895483
PPM037704,PGS019522,PSS013425,Hyperplasia of prostate,East Asian,Train: East Asian-only,0.57055132915496,2100,6610,8710,0.5561559408010004,0.5848283614382328
PPM037705,PGS019523,PSS013424,Hyperplasia of prostate,East Asian,Train: East Asian-only,0.574947482169872,2100,6610,8710,0.5605499444803701,0.589218989739337
PPM037706,PGS019524,PSS013426,Hyperplasia of prostate,East Asian,Train: East Asian-only,0.572867300626756,2100,6610,8710,0.558470602338645,0.5871416039232682
PPM037707,PGS019525,PSS013427,Hyperplasia of prostate,East Asian,Train: East Asian-only,0.574616670268713,2100,6610,8710,0.5602192447023898,0.5888886442765182
PPM037708,PGS019526,PSS013428,Hyperplasia of prostate,East Asian,Train: East Asian-only,0.568734889417189,2100,6610,8710,0.5543408046266076,0.5830137797585239
PPM037709,PGS019527,PSS013430,Disorders of penis,East Asian,Train: East Asian-only,0.593775886313518,269,6588,6857,0.5569356293652422,0.6295902255897635
PPM037710,PGS019528,PSS013429,Disorders of penis,East Asian,Train: East Asian-only,0.596512076705873,269,6588,6857,0.5596464958444283,0.6323190131259986
PPM037711,PGS019529,PSS013431,Disorders of penis,East Asian,Train: East Asian-only,0.602978153362089,269,6588,6857,0.566058462629936,0.6387612761425921
PPM037712,PGS019530,PSS013432,Disorders of penis,East Asian,Train: East Asian-only,0.594554591766488,269,6588,6857,0.5577069814974558,0.6303669855620578
PPM037713,PGS019531,PSS013433,Disorders of penis,East Asian,Train: East Asian-only,0.590851226630372,269,6588,6857,0.5540396235818614,0.6266717289444563
PPM037714,PGS019532,PSS013435,Cystic mastopathy,East Asian,Train: East Asian-only,0.827579150904559,302,8172,8474,0.796803597118509,0.854544418943732
PPM037715,PGS019533,PSS013434,Cystic mastopathy,East Asian,Train: East Asian-only,0.82745232468808,302,8172,8474,0.7966704576648275,0.8544256752646452
PPM037716,PGS019534,PSS013436,Cystic mastopathy,East Asian,Train: East Asian-only,0.82693975227963,302,8172,8474,0.7961324345320897,0.8539457023123297
PPM037717,PGS019535,PSS013437,Cystic mastopathy,East Asian,Train: East Asian-only,0.827521613132227,302,8172,8474,0.7967431944090434,0.8544905488180137
PPM037718,PGS019536,PSS013438,Cystic mastopathy,East Asian,Train: East Asian-only,0.82726917628601,302,8172,8474,0.79647820355301,0.8542541872615652
PPM037719,PGS019537,PSS013440,Lump or mass in breast,East Asian,Train: East Asian-only,0.852975089298489,920,17321,18241,0.836636207689426,0.8679377796503879
PPM037720,PGS019538,PSS013439,Lump or mass in breast,East Asian,Train: East Asian-only,0.853537425040727,920,17321,18241,0.8372195570972274,0.8684764877569904
PPM037721,PGS019539,PSS013441,Lump or mass in breast,East Asian,Train: East Asian-only,0.853271474937435,920,17321,18241,0.8369436579198061,0.8682217231032633
PPM037722,PGS019540,PSS013442,Lump or mass in breast,East Asian,Train: East Asian-only,0.853459861490074,920,17321,18241,0.8371390899044097,0.8684021884575837
PPM037723,PGS019541,PSS013443,Lump or mass in breast,East Asian,Train: East Asian-only,0.853128835818798,920,17321,18241,0.8367956908034945,0.868085075001996
PPM037724,PGS019542,PSS013450,Other nonmalignant breast conditions,East Asian,Train: East Asian-only,0.845276076601224,1384,18019,19403,0.8317829788198396,0.8578717970067623
PPM037725,PGS019543,PSS013449,Other nonmalignant breast conditions,East Asian,Train: East Asian-only,0.846350608718414,1384,18019,19403,0.8328893394203479,0.8589112167776978
PPM037726,PGS019544,PSS013451,Other nonmalignant breast conditions,East Asian,Train: East Asian-only,0.846045856541281,1384,18019,19403,0.8325755351902109,0.8586164482252521
PPM037727,PGS019545,PSS013452,Other nonmalignant breast conditions,East Asian,Train: East Asian-only,0.845609098552684,1384,18019,19403,0.8321258387977377,0.8581939634224658
PPM037728,PGS019546,PSS013453,Other nonmalignant breast conditions,East Asian,Train: East Asian-only,0.846017225876219,1384,18019,19403,0.8325460551298882,0.8585887544651026
PPM037729,PGS019547,PSS013445,Other signs and symptoms in breast,East Asian,Train: East Asian-only,0.84294605322595,1046,18019,19065,0.8273127097646402,0.8574080453977037
PPM037730,PGS019548,PSS013444,Other signs and symptoms in breast,East Asian,Train: East Asian-only,0.843545112833416,1046,18019,19065,0.8279314151703548,0.8579850302458106
PPM037731,PGS019549,PSS013446,Other signs and symptoms in breast,East Asian,Train: East Asian-only,0.843019058807375,1046,18019,19065,0.8273881049014313,0.8574783654679431
PPM037732,PGS019550,PSS013447,Other signs and symptoms in breast,East Asian,Train: East Asian-only,0.843541345830304,1046,18019,19065,0.8279275243606236,0.8579814023262677
PPM037733,PGS019551,PSS013448,Other signs and symptoms in breast,East Asian,Train: East Asian-only,0.843635733133615,1046,18019,19065,0.8280250148361308,0.8580723036608752
PPM037734,PGS019552,PSS013455,Endometriosis,East Asian,Train: East Asian-only,0.905401854711181,598,8961,9559,0.8878337803913473,0.9204648213442699
PPM037735,PGS019553,PSS013454,Endometriosis,East Asian,Train: East Asian-only,0.90549366840105,598,8961,9559,0.8879319182591608,0.9205496318672701
PPM037736,PGS019554,PSS013456,Endometriosis,East Asian,Train: East Asian-only,0.904679288436439,598,8961,9559,0.8870616146564548,0.9197971964685697
PPM037737,PGS019555,PSS013457,Endometriosis,East Asian,Train: East Asian-only,0.905031987367033,598,8961,9559,0.8874384861690099,0.9201231156758856
PPM037738,PGS019556,PSS013458,Endometriosis,East Asian,Train: East Asian-only,0.904759905334861,598,8961,9559,0.88714775036243,0.9198716987026816
PPM037739,PGS019557,PSS013460,Noninflammatory disorders of ovary fallopian tube and broad ligament,East Asian,Train: East Asian-only,0.815699216478862,95,9505,9600,0.7575393552539212,0.8624413820157953
PPM037740,PGS019558,PSS013459,Noninflammatory disorders of ovary fallopian tube and broad ligament,East Asian,Train: East Asian-only,0.815415709183532,95,9505,9600,0.7572370379556785,0.8621891804532917
PPM037741,PGS019559,PSS013461,Noninflammatory disorders of ovary fallopian tube and broad ligament,East Asian,Train: East Asian-only,0.814980481187187,95,9505,9600,0.7567730294535358,0.8618019083401702
PPM037742,PGS019560,PSS013462,Noninflammatory disorders of ovary fallopian tube and broad ligament,East Asian,Train: East Asian-only,0.816326033389629,95,9505,9600,0.7582079350827836,0.8629987949993208
PPM037743,PGS019561,PSS013463,Noninflammatory disorders of ovary fallopian tube and broad ligament,East Asian,Train: East Asian-only,0.815299426894432,95,9505,9600,0.7571130548703655,0.8620857230442325
PPM037744,PGS019562,PSS013470,Disorders of menstruation and other abnormal bleeding from female genital tract,East Asian,Train: East Asian-only,0.903331410049451,921,8152,9073,0.8892058966814521,0.9158264908078467
PPM037745,PGS019563,PSS013469,Disorders of menstruation and other abnormal bleeding from female genital tract,East Asian,Train: East Asian-only,0.903339268342321,921,8152,9073,0.8892141962439087,0.9158338710210742
PPM037746,PGS019564,PSS013471,Disorders of menstruation and other abnormal bleeding from female genital tract,East Asian,Train: East Asian-only,0.90332235303394,921,8152,9073,0.8891963311192175,0.9158179847640344
PPM037747,PGS019565,PSS013472,Disorders of menstruation and other abnormal bleeding from female genital tract,East Asian,Train: East Asian-only,0.903456743161154,921,8152,9073,0.8893382710513469,0.9159441955553499
PPM037748,PGS019566,PSS013473,Disorders of menstruation and other abnormal bleeding from female genital tract,East Asian,Train: East Asian-only,0.903372033427846,921,8152,9073,0.8892488015048817,0.9158646424504145
PPM037749,PGS019567,PSS013465,Irregular menstrual cycle,East Asian,Train: East Asian-only,0.90398309142423,248,8152,8400,0.8754865168717513,0.926505332951885
PPM037750,PGS019568,PSS013464,Irregular menstrual cycle,East Asian,Train: East Asian-only,0.905442756972364,248,8152,8400,0.8770922689971942,0.9277921552809557
PPM037751,PGS019569,PSS013466,Irregular menstrual cycle,East Asian,Train: East Asian-only,0.905401207698883,248,8152,8400,0.8770465355944055,0.9277555524304578
PPM037752,PGS019570,PSS013467,Irregular menstrual cycle,East Asian,Train: East Asian-only,0.904211117794169,248,8152,8400,0.8757372423584991,0.9267064834941539
PPM037753,PGS019571,PSS013468,Irregular menstrual cycle,East Asian,Train: East Asian-only,0.904006339232011,248,8152,8400,0.8755120768464641,0.9265258428208115
PPM037754,PGS019572,PSS013475,Cellulitis and abscess of fingers toes,East Asian,Train: East Asian-only,0.576107946026987,145,17825,17970,0.5267284332546028,0.6240130120256462
PPM037755,PGS019573,PSS013474,Cellulitis and abscess of fingers toes,East Asian,Train: East Asian-only,0.582246554142284,145,17825,17970,0.5327384545925633,0.6301507776511039
PPM037756,PGS019574,PSS013476,Cellulitis and abscess of fingers toes,East Asian,Train: East Asian-only,0.574573487449824,145,17825,17970,0.5252275646728838,0.6224770833224047
PPM037757,PGS019575,PSS013477,Cellulitis and abscess of fingers toes,East Asian,Train: East Asian-only,0.577967790298399,145,17825,17970,0.5285483391141653,0.6258737382797347
PPM037758,PGS019576,PSS013478,Cellulitis and abscess of fingers toes,East Asian,Train: East Asian-only,0.57414673308507,145,17825,17970,0.5248102546405559,0.6220498009355809
PPM037759,PGS019577,PSS013480,Carbuncle and furuncle,East Asian,Train: East Asian-only,0.681523183942151,199,17825,18024,0.6388284468854186,0.7213721800243947
PPM037760,PGS019578,PSS013479,Carbuncle and furuncle,East Asian,Train: East Asian-only,0.678931826030574,199,17825,18024,0.6362183945083244,0.7188463438116656
PPM037761,PGS019579,PSS013481,Carbuncle and furuncle,East Asian,Train: East Asian-only,0.676144819469014,199,17825,18024,0.6334132287938387,0.7161276793279678
PPM037762,PGS019580,PSS013482,Carbuncle and furuncle,East Asian,Train: East Asian-only,0.678059582625611,199,17825,18024,0.6353402516017065,0.7179957256203625
PPM037763,PGS019581,PSS013483,Carbuncle and furuncle,East Asian,Train: East Asian-only,0.678203359011044,199,17825,18024,0.6354849868462913,0.7181359522535117
PPM037764,PGS019582,PSS013485,Disorder of skin and subcutaneous tissue NOS,East Asian,Train: East Asian-only,0.74983027045241,414,19326,19740,0.7213935436292616,0.7762647072075826
PPM037765,PGS019583,PSS013484,Disorder of skin and subcutaneous tissue NOS,East Asian,Train: East Asian-only,0.750779406081567,414,19326,19740,0.722363319653035,0.7771842111968343
PPM037766,PGS019584,PSS013486,Disorder of skin and subcutaneous tissue NOS,East Asian,Train: East Asian-only,0.750496940118716,414,19326,19740,0.7220746893237093,0.7769105863590573
PPM037767,PGS019585,PSS013487,Disorder of skin and subcutaneous tissue NOS,East Asian,Train: East Asian-only,0.750652796338041,414,19326,19740,0.7222339445770479,0.7770615666873092
PPM037768,PGS019586,PSS013488,Disorder of skin and subcutaneous tissue NOS,East Asian,Train: East Asian-only,0.749813647455482,414,19326,19740,0.7213765609896943,0.776248601244777
PPM037769,PGS019587,PSS013502,Erythematous conditions,East Asian,Train: East Asian-only,0.747315921940216,844,17934,18778,0.7274436721121638,0.7662049389718041
PPM037770,PGS019588,PSS013501,Erythematous conditions,East Asian,Train: East Asian-only,0.748491440706498,844,17934,18778,0.7286385559483622,0.7673556277346693
PPM037771,PGS019589,PSS013503,Erythematous conditions,East Asian,Train: East Asian-only,0.746115430089369,844,17934,18778,0.7262236344448298,0.765029567551244
PPM037772,PGS019590,PSS013504,Erythematous conditions,East Asian,Train: East Asian-only,0.74866374177672,844,17934,18778,0.7288137142823424,0.7675242699996506
PPM037773,PGS019591,PSS013505,Erythematous conditions,East Asian,Train: East Asian-only,0.754151544076569,844,17934,18778,0.7343950621693286,0.772892928128639
PPM037774,PGS019592,PSS013506,Erythematous conditions,East Asian,Train: East Asian-only,0.746895872015188,844,17934,18778,0.7270167566850502,0.7657937058346544
PPM037775,PGS019593,PSS013496,Lupus localized and systemic,East Asian,Train: East Asian-only,0.869279296686563,427,17914,18341,0.84581501378091,0.8896386453327146
PPM037776,PGS019594,PSS013495,Lupus localized and systemic,East Asian,Train: East Asian-only,0.872166366551196,427,17914,18341,0.848874128682039,0.8923240582865862
PPM037777,PGS019595,PSS013497,Lupus localized and systemic,East Asian,Train: East Asian-only,0.864020107518644,427,17914,18341,0.840252225417521,0.8847368089894728
PPM037778,PGS019596,PSS013498,Lupus localized and systemic,East Asian,Train: East Asian-only,0.867504880852807,427,17914,18341,0.8439367704997046,0.8879862201749491
PPM037779,PGS019597,PSS013499,Lupus localized and systemic,East Asian,Train: East Asian-only,0.877848079256631,427,17914,18341,0.8549060538909905,0.8975970662962067
PPM037780,PGS019598,PSS013500,Lupus localized and systemic,East Asian,Train: East Asian-only,0.866763372961474,427,17914,18341,0.8431522986735988,0.8872952582292984
PPM037781,PGS019599,PSS013490,Systemic lupus erythematosus,East Asian,Train: East Asian-only,0.873026602139368,414,17914,18328,0.8494002696291832,0.89341151827388
PPM037782,PGS019600,PSS013489,Systemic lupus erythematosus,East Asian,Train: East Asian-only,0.875347136264029,414,17914,18328,0.8518648162780755,0.8955634080083706
PPM037783,PGS019601,PSS013491,Systemic lupus erythematosus,East Asian,Train: East Asian-only,0.867433319364284,414,17914,18328,0.8434704804584763,0.8882139090722682
PPM037784,PGS019602,PSS013492,Systemic lupus erythematosus,East Asian,Train: East Asian-only,0.870124653537918,414,17914,18328,0.8463218900645307,0.8907167340375972
PPM037785,PGS019603,PSS013493,Systemic lupus erythematosus,East Asian,Train: East Asian-only,0.882129406250691,414,17914,18328,0.8590835139465065,0.9018369695064626
PPM037786,PGS019604,PSS013494,Systemic lupus erythematosus,East Asian,Train: East Asian-only,0.871858649403295,414,17914,18328,0.8481608241181446,0.8923274369717304
PPM037787,PGS019605,PSS013526,Psoriasis and related disorders,East Asian,Train: East Asian-only,0.794097573980272,330,17050,17380,0.7634374842518775,0.8217119141071668
PPM037788,PGS019606,PSS013525,Psoriasis and related disorders,East Asian,Train: East Asian-only,0.796052608193371,330,17050,17380,0.7654633686782081,0.8235718114936221
PPM037789,PGS019607,PSS013527,Psoriasis and related disorders,East Asian,Train: East Asian-only,0.769051275215498,330,17050,17380,0.7375850993384333,0.7977788019982446
PPM037790,PGS019608,PSS013528,Psoriasis and related disorders,East Asian,Train: East Asian-only,0.786003021416511,330,17050,17380,0.7550621395391333,0.8139982264539248
PPM037791,PGS019609,PSS013529,Psoriasis and related disorders,East Asian,Train: East Asian-only,0.809224029147783,330,17050,17380,0.7791441260675871,0.8360690999095314
PPM037792,PGS019610,PSS013530,Psoriasis and related disorders,East Asian,Train: East Asian-only,0.789532391362303,330,17050,17380,0.7587114803914922,0.8173640878051508
PPM037793,PGS019611,PSS013520,Psoriasis,East Asian,Train: East Asian-only,0.798245784457478,320,17050,17370,0.7672436092227527,0.8260547854833749
PPM037794,PGS019612,PSS013519,Psoriasis,East Asian,Train: East Asian-only,0.800852089442815,320,17050,17370,0.7699492286762066,0.828528244212127
PPM037795,PGS019613,PSS013521,Psoriasis,East Asian,Train: East Asian-only,0.770259897360704,320,17050,17370,0.7383240233114808,0.7993573833006933
PPM037796,PGS019614,PSS013522,Psoriasis,East Asian,Train: East Asian-only,0.792084494134897,320,17050,17370,0.7608562177006496,0.8201985354309632
PPM037797,PGS019615,PSS013523,Psoriasis,East Asian,Train: East Asian-only,0.812739369501466,320,17050,17370,0.7823181947767437,0.8397798550780681
PPM037798,PGS019616,PSS013524,Psoriasis,East Asian,Train: East Asian-only,0.792362903225806,320,17050,17370,0.7611445842982701,0.8204634300403665
PPM037799,PGS019617,PSS013508,Psoriasis vulgaris,East Asian,Train: East Asian-only,0.811239882697947,275,17050,17325,0.7782275572471254,0.8403462322031703
PPM037800,PGS019618,PSS013507,Psoriasis vulgaris,East Asian,Train: East Asian-only,0.810093521727539,275,17050,17325,0.7770303448365189,0.8392680699789018
PPM037801,PGS019619,PSS013509,Psoriasis vulgaris,East Asian,Train: East Asian-only,0.773482697947214,275,17050,17325,0.7390360424307643,0.8045847546018136
PPM037802,PGS019620,PSS013510,Psoriasis vulgaris,East Asian,Train: East Asian-only,0.798701786190349,275,17050,17325,0.7651592354241865,0.8285270687981873
PPM037803,PGS019621,PSS013511,Psoriasis vulgaris,East Asian,Train: East Asian-only,0.822064516129032,275,17050,17325,0.7895569753942429,0.8505013505353316
PPM037804,PGS019622,PSS013512,Psoriasis vulgaris,East Asian,Train: East Asian-only,0.802947054118902,275,17050,17325,0.7695777189126888,0.8325354796751692
PPM037805,PGS019623,PSS013514,Psoriatic arthropathy,East Asian,Train: East Asian-only,0.831742848613623,167,17050,17217,0.7899128035115907,0.8666502123572011
PPM037806,PGS019624,PSS013513,Psoriatic arthropathy,East Asian,Train: East Asian-only,0.837107134704199,167,17050,17217,0.7956263839133494,0.8715281946655625
PPM037807,PGS019625,PSS013515,Psoriatic arthropathy,East Asian,Train: East Asian-only,0.795241540379651,167,17050,17217,0.751416303042545,0.8330569785366789
PPM037808,PGS019626,PSS013516,Psoriatic arthropathy,East Asian,Train: East Asian-only,0.835644371081883,167,17050,17217,0.7940668241084582,0.870199661402406
PPM037809,PGS019627,PSS013517,Psoriatic arthropathy,East Asian,Train: East Asian-only,0.839831422199589,167,17050,17217,0.7985340997591447,0.873999187425513
PPM037810,PGS019628,PSS013518,Psoriatic arthropathy,East Asian,Train: East Asian-only,0.819446502888651,167,17050,17217,0.7768726753173187,0.8554089319176867
PPM037811,PGS019629,PSS013537,Diseases of sebaceous glands,East Asian,Train: East Asian-only,0.693676130478582,615,18909,19524,0.6696529837288324,0.7166913848108429
PPM037812,PGS019630,PSS013536,Diseases of sebaceous glands,East Asian,Train: East Asian-only,0.693702529917573,615,18909,19524,0.6696796226764665,0.7167173863217318
PPM037813,PGS019631,PSS013538,Diseases of sebaceous glands,East Asian,Train: East Asian-only,0.693687739352405,615,18909,19524,0.66966469791041106,0.7167028187142472
PPM037814,PGS019632,PSS013539,Diseases of sebaceous glands,East Asian,Train: East Asian-only,0.694017861327273,615,18909,19524,0.6699978234867727,0.7170279556826975
PPM037815,PGS019633,PSS013540,Diseases of sebaceous glands,East Asian,Train: East Asian-only,0.693397087548537,615,18909,19524,0.6693714159510307,0.7164165409211501
PPM037816,PGS019634,PSS013532,Acne,East Asian,Train: East Asian-only,0.764022037329455,233,18909,19142,0.7261739982233437,0.7980932751397484
PPM037817,PGS019635,PSS013531,Acne,East Asian,Train: East Asian-only,0.764133481410968,233,18909,19142,0.726288845530631,0.7981994159811524
PPM037818,PGS019636,PSS013533,Acne,East Asian,Train: East Asian-only,0.764541126157197,233,18909,19142,0.7267089725685089,0.7985876265853141
PPM037819,PGS019637,PSS013534,Acne,East Asian,Train: East Asian-only,0.763922849827171,233,18909,19142,0.7260717851182552,0.7979988041041063
PPM037820,PGS019638,PSS013535,Acne,East Asian,Train: East Asian-only,0.763899698510848,233,18909,19142,0.7260479280494644,0.7979767531786843
PPM037821,PGS019639,PSS013553,Diffuse diseases of connective tissue,East Asian,Train: East Asian-only,0.781314222200103,1420,16980,18400,0.7664888008691495,0.7954495797125595
PPM037822,PGS019640,PSS013552,Diffuse diseases of connective tissue,East Asian,Train: East Asian-only,0.78471922228305,1420,16980,18400,0.7699567114365561,0.7987819598709562
PPM037823,PGS019641,PSS013554,Diffuse diseases of connective tissue,East Asian,Train: East Asian-only,0.782432688000796,1420,16980,18400,0.7676277454804636,0.7965443801020695
PPM037824,PGS019642,PSS013555,Diffuse diseases of connective tissue,East Asian,Train: East Asian-only,0.78295795384794,1420,16980,18400,0.7681626913834291,0.7970584684441961
PPM037825,PGS019643,PSS013556,Diffuse diseases of connective tissue,East Asian,Train: East Asian-only,0.78844850611324,1420,16980,18400,0.7737568491340301,0.8024297274379032
PPM037826,PGS019644,PSS013557,Diffuse diseases of connective tissue,East Asian,Train: East Asian-only,0.779954876490984,1420,16980,18400,0.7651048089036923,0.7941187495323891
PPM037827,PGS019645,PSS013542,Sicca syndrome,East Asian,Train: East Asian-only,0.779265506158636,1032,16980,18012,0.7618446219260073,0.7957537052622843
PPM037828,PGS019646,PSS013541,Sicca syndrome,East Asian,Train: East Asian-only,0.783962664694442,1032,16980,18012,0.7666389292989313,0.8003352980267207
PPM037829,PGS019647,PSS013543,Sicca syndrome,East Asian,Train: East Asian-only,0.778154589074242,1032,16980,18012,0.7607112709696205,0.794669567315939
PPM037830,PGS019648,PSS013544,Sicca syndrome,East Asian,Train: East Asian-only,0.783465214433762,1032,16980,18012,0.7661310133989157,0.7998502672246316
PPM037831,PGS019649,PSS013545,Sicca syndrome,East Asian,Train: East Asian-only,0.787593018690479,1032,16980,18012,0.7703469480217413,0.8038737043663741
PPM037832,PGS019650,PSS013546,Sicca syndrome,East Asian,Train: East Asian-only,0.778773420165996,1032,16980,18012,0.7613425733362018,0.7952735071202459
PPM037833,PGS019651,PSS013548,Unspecified diffuse connective tissue disease,East Asian,Train: East Asian-only,0.790408568904594,240,16980,17220,0.7540407256324108,0.8226636806773716
PPM037834,PGS019652,PSS013547,Unspecified diffuse connective tissue disease,East Asian,Train: East Asian-only,0.790719473890852,240,16980,17220,0.754363806826586,0.8229571220569656
PPM037835,PGS019653,PSS013549,Unspecified diffuse connective tissue disease,East Asian,Train: East Asian-only,0.789390950137417,240,16980,17220,0.7529834930840524,0.8217029703974054
PPM037836,PGS019654,PSS013550,Unspecified diffuse connective tissue disease,East Asian,Train: East Asian-only,0.788936739301139,240,16980,17220,0.7525117190926551,0.8212740365098397
PPM037837,PGS019655,PSS013551,Unspecified diffuse connective tissue disease,East Asian,Train: East Asian-only,0.789685659599529,240,16980,17220,0.7532896372164684,0.8219812383200159
PPM037838,PGS019656,PSS013564,Rheumatoid arthritis and other inflammatory polyarthropathies,East Asian,Train: East Asian-only,0.759488398051757,1038,18028,19066,0.7417635244674432,0.7763634663069807
PPM037839,PGS019657,PSS013563,Rheumatoid arthritis and other inflammatory polyarthropathies,East Asian,Train: East Asian-only,0.762804263374507,1038,18028,19066,0.7451366478576008,0.7796093736974561
PPM037840,PGS019658,PSS013565,Rheumatoid arthritis and other inflammatory polyarthropathies,East Asian,Train: East Asian-only,0.753433163056568,1038,18028,19066,0.7356080610461219,0.7704315537652432
PPM037841,PGS019659,PSS013566,Rheumatoid arthritis and other inflammatory polyarthropathies,East Asian,Train: East Asian-only,0.762643520056363,1038,18028,19066,0.7449730896334598,0.7794520618041166
PPM037842,PGS019660,PSS013567,Rheumatoid arthritis and other inflammatory polyarthropathies,East Asian,Train: East Asian-only,0.753050168588105,1038,18028,19066,0.7352189129923585,0.7700561693043535
PPM037843,PGS019661,PSS013559,Rheumatoid arthritis,East Asian,Train: East Asian-only,0.775752785013658,778,18028,18806,0.7556032940447697,0.7946924160481889
PPM037844,PGS019662,PSS013558,Rheumatoid arthritis,East Asian,Train: East Asian-only,0.780369425338363,778,18028,18806,0.7603232018102308,0.7991818484557168
PPM037845,PGS019663,PSS013560,Rheumatoid arthritis,East Asian,Train: East Asian-only,0.762239601009113,778,18028,18806,0.7418106977880499,0.7815281448590307
PPM037846,PGS019664,PSS013561,Rheumatoid arthritis,East Asian,Train: East Asian-only,0.774974646693547,778,18028,18806,0.7548081489297878,0.7939353099469535
PPM037847,PGS019665,PSS013562,Rheumatoid arthritis,East Asian,Train: East Asian-only,0.768267285450853,778,18028,18806,0.7479588807072082,0.7874044361385771
PPM037848,PGS019666,PSS013575,Other inflammatory spondylopathies,East Asian,Train: East Asian-only,0.771547891823538,419,18028,18447,0.743799310473092,0.7971108732762666
PPM037849,PGS019667,PSS013574,Other inflammatory spondylopathies,East Asian,Train: East Asian-only,0.771349446869442,419,18028,18447,0.743595554759603,0.7969196370334334
PPM037850,PGS019668,PSS013576,Other inflammatory spondylopathies,East Asian,Train: East Asian-only,0.757629738518655,419,18028,18447,0.729532089714403,0.7836739965197078
PPM037851,PGS019669,PSS013577,Other inflammatory spondylopathies,East Asian,Train: East Asian-only,0.782045616656773,419,18028,18447,0.7545922358168652,0.8072124700908164
PPM037852,PGS019670,PSS013578,Other inflammatory spondylopathies,East Asian,Train: East Asian-only,0.775801550809587,419,18028,18447,0.7481691881913635,0.8012075420248914
PPM037853,PGS019671,PSS013569,Ankylosing spondylitis,East Asian,Train: East Asian-only,0.869466940315065,268,18028,18296,0.8393549129554007,0.8946431193761092
PPM037854,PGS019672,PSS013568,Ankylosing spondylitis,East Asian,Train: East Asian-only,0.862981589169749,268,18028,18296,0.8324154331354193,0.8887180119568624
PPM037855,PGS019673,PSS013570,Ankylosing spondylitis,East Asian,Train: East Asian-only,0.853822743394189,268,18028,18296,0.8226538490129316,0.8803106523627466
PPM037856,PGS019674,PSS013571,Ankylosing spondylitis,East Asian,Train: East Asian-only,0.867138058873593,268,18028,18296,0.8368602457551576,0.8925182056477416
PPM037857,PGS019675,PSS013572,Ankylosing spondylitis,East Asian,Train: East Asian-only,0.862883276097878,268,18028,18296,0.8323104146896474,0.8886280078154667
PPM037858,PGS019676,PSS013573,Ankylosing spondylitis,East Asian,Train: East Asian-only,0.860994630243502,268,18028,18296,0.830293966933203,0.886897939916446
PPM037859,PGS019677,PSS013595,Other arthropathies,East Asian,Train: East Asian-only,0.71145465448314,1073,17388,18461,0.6933668779484194,0.7288926490304414
PPM037860,PGS019678,PSS013594,Other arthropathies,East Asian,Train: East Asian-only,0.712243299199821,1073,17388,18461,0.6941636041282613,0.72967042440032
PPM037861,PGS019679,PSS013596,Other arthropathies,East Asian,Train: East Asian-only,0.710789768136095,1073,17388,18461,0.6926952400616634,0.7282368628408108
PPM037862,PGS019680,PSS013597,Other arthropathies,East Asian,Train: East Asian-only,0.71059927993961,1073,17388,18461,0.6925028279585467,0.7280489711239159
PPM037863,PGS019681,PSS013598,Other arthropathies,East Asian,Train: East Asian-only,0.710410828476795,1073,17388,18461,0.692312477709622,0.7278630836973701
PPM037864,PGS019682,PSS013580,Unspecified polyarthropathy or polyarthritis,East Asian,Train: East Asian-only,0.827445496378058,323,17388,17711,0.7978371190435939,0.8535136679865297
PPM037865,PGS019683,PSS013579,Unspecified polyarthropathy or polyarthritis,East Asian,Train: East Asian-only,0.827200140162854,323,17388,17711,0.7975800592086553,0.8532832242573757
PPM037866,PGS019684,PSS013581,Unspecified polyarthropathy or polyarthritis,East Asian,Train: East Asian-only,0.826671324517603,323,17388,17711,0.7970260966817206,0.8527864691233
PPM037867,PGS019685,PSS013582,Unspecified polyarthropathy or polyarthritis,East Asian,Train: East Asian-only,0.826591200934989,323,17388,17711,0.7969421722325303,0.8527111936370136
PPM037868,PGS019686,PSS013583,Unspecified polyarthropathy or polyarthritis,East Asian,Train: East Asian-only,0.827048973670322,323,17388,17711,0.7974216934104388,0.8531412337300358
PPM037869,PGS019687,PSS013585,Palindromic rheumatism,East Asian,Train: East Asian-only,0.881967216628302,161,17388,17549,0.8433142564914387,0.9120789613747442
PPM037870,PGS019688,PSS013584,Palindromic rheumatism,East Asian,Train: East Asian-only,0.882992768626039,161,17388,17549,0.8444402668217424,0.9129754187948632
PPM037871,PGS019689,PSS013586,Palindromic rheumatism,East Asian,Train: East Asian-only,0.878919137493267,161,17388,17549,0.8399726135445934,0.9094093455354165
PPM037872,PGS019690,PSS013587,Palindromic rheumatism,East Asian,Train: East Asian-only,0.880865221534949,161,17388,17549,0.8421052675267254,0.9111146907600517
PPM037873,PGS019691,PSS013588,Palindromic rheumatism,East Asian,Train: East Asian-only,0.879224195454279,161,17388,17549,0.8403067184016301,0.9096768737635025
PPM037874,PGS019692,PSS013590,Arthropathy NOS,East Asian,Train: East Asian-only,0.706376135636387,1055,17388,18443,0.6880866349400748,0.7240233336850925
PPM037875,PGS019693,PSS013589,Arthropathy NOS,East Asian,Train: East Asian-only,0.705803315900163,1055,17388,18443,0.6875083374789179,0.7234580382731969
PPM037876,PGS019694,PSS013591,Arthropathy NOS,East Asian,Train: East Asian-only,0.705221447051243,1055,17388,18443,0.6869209469306692,0.7228837687776148
PPM037877,PGS019695,PSS013592,Arthropathy NOS,East Asian,Train: East Asian-only,0.705799663547448,1055,17388,18443,0.6875046503331566,0.7234544337588408
PPM037878,PGS019696,PSS013593,Arthropathy NOS,East Asian,Train: East Asian-only,0.705833406925515,1055,17388,18443,0.6875387152217497,0.7234877351013413
PPM037879,PGS019697,PSS013600,Other disorders of cervical region,East Asian,Train: East Asian-only,0.62715390997208,366,15327,15693,0.5956535116292258,0.6576108890328481
PPM037880,PGS019698,PSS013599,Other disorders of cervical region,East Asian,Train: East Asian-only,0.627266572329768,366,15327,15693,0.5957659234835282,0.6577227679200776
PPM037881,PGS019699,PSS013601,Other disorders of cervical region,East Asian,Train: East Asian-only,0.622437065060016,366,15327,15693,0.5909491411897343,0.6529246990941514
PPM037882,PGS019700,PSS013602,Other disorders of cervical region,East Asian,Train: East Asian-only,0.627761252776895,366,15327,15693,0.5962595303019824,0.6582139798967163
PPM037883,PGS019701,PSS013603,Other disorders of cervical region,East Asian,Train: East Asian-only,0.623517161935382,366,15327,15693,0.5920260397974106,0.6539981458102767
PPM037884,PGS019702,PSS013605,Other and unspecified disorders of back,East Asian,Train: East Asian-only,0.596731034548418,1398,15327,16725,0.5803675167697206,0.6128820812846798
PPM037885,PGS019703,PSS013604,Other and unspecified disorders of back,East Asian,Train: East Asian-only,0.59859936549646,1398,15327,16725,0.582232843212432,0.6147489636153826
PPM037886,PGS019704,PSS013606,Other and unspecified disorders of back,East Asian,Train: East Asian-only,0.596331027939979,1398,15327,16725,0.5799681935116985,0.6124823431448226
PPM037887,PGS019705,PSS013607,Other and unspecified disorders of back,East Asian,Train: East Asian-only,0.598040121628891,1398,15327,16725,0.58167446630350506,0.6141901870126186
PPM037888,PGS019706,PSS013608,Other and unspecified disorders of back,East Asian,Train: East Asian-only,0.59653418145375,1398,15327,16725,0.5801709982033703,0.6126853621453243
PPM037889,PGS019707,PSS013615,Disorders of muscle ligament and fascia,East Asian,Train: East Asian-only,0.653716086738909,627,14690,15317,0.6296108312141923,0.6770572222990311
PPM037890,PGS019708,PSS013614,Disorders of muscle ligament and fascia,East Asian,Train: East Asian-only,0.653140121794058,627,14690,15317,0.6290330076527909,0.6764863483918682
PPM037891,PGS019709,PSS013616,Disorders of muscle ligament and fascia,East Asian,Train: East Asian-only,0.653685361370503,627,14690,15317,0.6295800054984473,0.6770267697771035
PPM037892,PGS019710,PSS013617,Disorders of muscle ligament and fascia,East Asian,Train: East Asian-only,0.652876296192551,627,14690,15317,0.628768346527942,0.6762248381214565
PPM037893,PGS019711,PSS013618,Disorders of muscle ligament and fascia,East Asian,Train: East Asian-only,0.653107985012969,627,14690,15317,0.6290007685642068,0.6764544942025975
PPM037894,PGS019712,PSS013610,Fasciitis,East Asian,Train: East Asian-only,0.683904190649891,371,14690,15061,0.6527737900432933,0.7134686951906761
PPM037895,PGS019713,PSS013609,Fasciitis,East Asian,Train: East Asian-only,0.684440888882365,371,14690,15061,0.6533149854924654,0.713995634760415
PPM037896,PGS019714,PSS013611,Fasciitis,East Asian,Train: East Asian-only,0.685794652834225,371,14690,15061,0.6546803458022636,0.715324515133489
PPM037897,PGS019715,PSS013612,Fasciitis,East Asian,Train: East Asian-only,0.68426162249839,371,14690,15061,0.653134210645062,0.7138196346483815
PPM037898,PGS019716,PSS013613,Fasciitis,East Asian,Train: East Asian-only,0.683511712865528,371,14690,15061,0.6523780594498761,0.713083315563841
PPM037899,PGS019717,PSS013620,Rheumatism unspecified and fibrositis,East Asian,Train: East Asian-only,0.782226917625148,231,14690,14921,0.7447917782841981,0.8155309389373259
PPM037900,PGS019718,PSS013619,Rheumatism unspecified and fibrositis,East Asian,Train: East Asian-only,0.783270416898735,231,14690,14921,0.7458738948884199,0.8165175281584692
PPM037901,PGS019719,PSS013621,Rheumatism unspecified and fibrositis,East Asian,Train: East Asian-only,0.781878888073578,231,14690,14921,0.7444309533346828,0.8152018015416929
PPM037902,PGS019720,PSS013622,Rheumatism unspecified and fibrositis,East Asian,Train: East Asian-only,0.781824370319946,231,14690,14921,0.7443744350336774,0.8151502391806039
PPM037903,PGS019721,PSS013623,Rheumatism unspecified and fibrositis,East Asian,Train: East Asian-only,0.781878593383018,231,14690,14921,0.7444306478275791,0.8152015228291426
PPM037904,PGS019722,PSS013630,Osteoporosis osteopenia and pathological fracture,East Asian,Train: East Asian-only,0.700626060264954,1081,18632,19713,0.6825222071649992,0.7181239130685848
PPM037905,PGS019723,PSS013629,Osteoporosis osteopenia and pathological fracture,East Asian,Train: East Asian-only,0.703053870893043,1081,18632,19713,0.6849716047423999,0.7205217144905668
PPM037906,PGS019724,PSS013631,Osteoporosis osteopenia and pathological fracture,East Asian,Train: East Asian-only,0.700861150621075,1081,18632,19713,0.6827593559633495,0.7183561304085133
PPM037907,PGS019725,PSS013632,Osteoporosis osteopenia and pathological fracture,East Asian,Train: East Asian-only,0.703087185703805,1081,18632,19713,0.6850052208525779,0.7205546122759897
PPM037908,PGS019726,PSS013633,Osteoporosis osteopenia and pathological fracture,East Asian,Train: East Asian-only,0.701259687112858,1081,18632,19713,0.6831613976119356,0.7187497803616332
PPM037909,PGS019727,PSS013625,Osteoporosis NOS,East Asian,Train: East Asian-only,0.728627083930779,813,18632,19445,0.7081052129949137,0.7482191679160494
PPM037910,PGS019728,PSS013624,Osteoporosis NOS,East Asian,Train: East Asian-only,0.732067777955581,813,18632,19445,0.7115935776640936,0.7515958813557626
PPM037911,PGS019729,PSS013626,Osteoporosis NOS,East Asian,Train: East Asian-only,0.730313861747462,813,18632,19445,0.7098151316323053,0.7498748163103423
PPM037912,PGS019730,PSS013627,Osteoporosis NOS,East Asian,Train: East Asian-only,0.73127360406279,813,18632,19445,0.7107882373810767,0.7508166436204179
PPM037913,PGS019731,PSS013628,Osteoporosis NOS,East Asian,Train: East Asian-only,0.73139606396064,813,18632,19445,0.710912412707088,0.7509368070009346
PPM037914,PGS019732,PSS013635,Sciatica,East Asian,Train: East Asian-only,0.615575438840728,254,18778,19032,0.5778580738587009,0.6519525927609131
PPM037915,PGS019733,PSS013634,Sciatica,East Asian,Train: East Asian-only,0.618171247472541,254,18778,19032,0.5804375712715465,0.6545311468749269
PPM037916,PGS019734,PSS013636,Sciatica,East Asian,Train: East Asian-only,0.618097027598891,254,18778,19032,0.580363798734868,0.6544574413389941
PPM037917,PGS019735,PSS013637,Sciatica,East Asian,Train: East Asian-only,0.619315156033656,254,18778,19032,0.5815747273354954,0.655666971657081
PPM037918,PGS019736,PSS013638,Sciatica,East Asian,Train: East Asian-only,0.619236533286146,254,18778,19032,0.5814965601541323,0.6555889139383974
PPM037919,PGS019737,PSS013640,Symptoms of the muscles,East Asian,Train: East Asian-only,0.636041494309358,246,19605,19851,0.597625296556705,0.6727980543119698
PPM037920,PGS019738,PSS013639,Symptoms of the muscles,East Asian,Train: East Asian-only,0.636587439325044,246,19605,19851,0.5981699071343151,0.6733378236938518
PPM037921,PGS019739,PSS013641,Symptoms of the muscles,East Asian,Train: East Asian-only,0.637059983453698,246,19605,19851,0.5986413477557658,0.6738049659477885
PPM037922,PGS019740,PSS013642,Symptoms of the muscles,East Asian,Train: East Asian-only,0.636074877198657,246,19605,19851,0.5976585960187034,0.6728310615889196
PPM037923,PGS019741,PSS013643,Symptoms of the muscles,East Asian,Train: East Asian-only,0.638999301240143,246,19605,19851,0.6005766384391555,0.6757215640997867
PPM037924,PGS019742,PSS013645,Pain in limb,East Asian,Train: East Asian-only,0.682048313498407,209,19606,19815,0.6404277873177284,0.7209503933053218
PPM037925,PGS019743,PSS013644,Pain in limb,East Asian,Train: East Asian-only,0.681597079694869,209,19606,19815,0.6399730992537881,0.7205103946240015
PPM037926,PGS019744,PSS013646,Pain in limb,East Asian,Train: East Asian-only,0.681561693593456,209,19606,19815,0.6399374444691123,0.7204758871911331
PPM037927,PGS019745,PSS013647,Pain in limb,East Asian,Train: East Asian-only,0.681609037756726,209,19606,19815,0.6399851481844439,0.7205220556776605
PPM037928,PGS019746,PSS013648,Pain in limb,East Asian,Train: East Asian-only,0.682445125918391,209,19606,19815,0.6408276804697429,0.7213372787219517
PPM037929,PGS019747,PSS013650,Fever of unknown origin,East Asian,Train: East Asian-only,0.651952696821525,458,18959,19417,0.6238442064866541,0.6790413994429008
PPM037930,PGS019748,PSS013649,Fever of unknown origin,East Asian,Train: East Asian-only,0.651975038758654,458,18959,19417,0.6238666032477259,0.6790635165467335
PPM037931,PGS019749,PSS013651,Fever of unknown origin,East Asian,Train: East Asian-only,0.651279329262801,458,18959,19417,0.6231692252696405,0.6783747669855266
PPM037932,PGS019750,PSS013652,Fever of unknown origin,East Asian,Train: East Asian-only,0.651306968772651,458,18959,19417,0.6231969295415156,0.6784021316102967
PPM037933,PGS019751,PSS013653,Fever of unknown origin,East Asian,Train: East Asian-only,0.651342900135457,458,18959,19417,0.6232329452834305,0.6784377054218295
PPM037934,PGS019752,PSS013661,Nonspecific findings on examination of blood,East Asian,Train: East Asian-only,0.621203250229642,1476,18038,19514,0.6053178589337285,0.6368328709070795
PPM037935,PGS019753,PSS013660,Nonspecific findings on examination of blood,East Asian,Train: East Asian-only,0.623406217707814,1476,18038,19514,0.6075219094482018,0.6390296302384505
PPM037936,PGS019754,PSS013662,Nonspecific findings on examination of blood,East Asian,Train: East Asian-only,0.62079549917353,1476,18038,19514,0.6049099549487855,0.636426219707401
PPM037937,PGS019755,PSS013663,Nonspecific findings on examination of blood,East Asian,Train: East Asian-only,0.622403666934995,1476,18038,19514,0.6065188120094578,0.6380299604292293
PPM037938,PGS019756,PSS013664,Nonspecific findings on examination of blood,East Asian,Train: East Asian-only,0.622133047336683,1476,18038,19514,0.6062480602555494,0.6377601025407801
PPM037939,PGS019757,PSS013655,Other abnormal blood chemistry,East Asian,Train: East Asian-only,0.654148655033288,628,18038,18666,0.630125275799644,0.6774105125344518
PPM037940,PGS019758,PSS013654,Other abnormal blood chemistry,East Asian,Train: East Asian-only,0.655213816126324,628,18038,18666,0.6311938695185499,0.6784662802169944
PPM037941,PGS019759,PSS013656,Other abnormal blood chemistry,East Asian,Train: East Asian-only,0.651369402033781,628,18038,18666,0.6273378289044776,0.6746549659394411
PPM037942,PGS019760,PSS013657,Other abnormal blood chemistry,East Asian,Train: East Asian-only,0.654306495911321,628,18038,18666,0.6302836150979313,0.6775669722360861
PPM037943,PGS019761,PSS013658,Other abnormal blood chemistry,East Asian,Train: East Asian-only,0.652322008809428,628,18038,18666,0.6282931202462904,0.6755995777564073
PPM037944,PGS019762,PSS013659,Other abnormal blood chemistry,East Asian,Train: East Asian-only,0.654476342583209,628,18038,18666,0.6304540020800075,0.6777353284858939
PPM037945,PGS019763,PSS013671,Other and nonspecific abnormal cytological histological and immunological findings,East Asian,Train: East Asian-only,0.614205965957738,405,19466,19871,0.5843537780997544,0.6432231645411793
PPM037946,PGS019764,PSS013670,Other and nonspecific abnormal cytological histological and immunological findings,East Asian,Train: East Asian-only,0.614828767601123,405,19466,19871,0.584974044030493,0.6438434443983229
PPM037947,PGS019765,PSS013672,Other and nonspecific abnormal cytological histological and immunological findings,East Asian,Train: East Asian-only,0.613409008172528,405,19466,19871,0.5835601572099509,0.6424293342190268
PPM037948,PGS019766,PSS013673,Other and nonspecific abnormal cytological histological and immunological findings,East Asian,Train: East Asian-only,0.616008665948732,405,19466,19871,0.5861493118833275,0.6450183779429578
PPM037949,PGS019767,PSS013674,Other and nonspecific abnormal cytological histological and immunological findings,East Asian,Train: East Asian-only,0.613795373509747,405,19466,19871,0.5839448919125366,0.6428141973044968
PPM037950,PGS019768,PSS013666,Abnormal tumor markers,East Asian,Train: East Asian-only,0.739503196895573,195,19466,19661,0.6972775682202612,0.7777165552269009
PPM037951,PGS019769,PSS013665,Abnormal tumor markers,East Asian,Train: East Asian-only,0.744565804413744,195,19466,19661,0.7024664838430565,0.7825522342615445
PPM037952,PGS019770,PSS013667,Abnormal tumor markers,East Asian,Train: East Asian-only,0.737163021915924,195,19466,19661,0.69488174781139,0.7754783435470691
PPM037953,PGS019771,PSS013668,Abnormal tumor markers,East Asian,Train: East Asian-only,0.741548577796394,195,19466,19661,0.6993729984539654,0.7796713032573819
PPM037954,PGS019772,PSS013669,Abnormal tumor markers,East Asian,Train: East Asian-only,0.740976113512844,195,19466,19661,0.6987863927964786,0.7791243483486262
PPM037955,PGS019773,PSS013676,Elevated prostate specific antigen PSA,East Asian,Train: East Asian-only,0.684320365490778,151,6610,6761,0.6349406377727244,0.7298624965425126
PPM037956,PGS019774,PSS013675,Elevated prostate specific antigen PSA,East Asian,Train: East Asian-only,0.691942771838775,151,6610,6761,0.6426357653793455,0.7372284486435237
PPM037957,PGS019775,PSS013677,Elevated prostate specific antigen PSA,East Asian,Train: East Asian-only,0.674021901393634,151,6610,6761,0.6245714715312702,0.7198801441124264
PPM037958,PGS019776,PSS013678,Elevated prostate specific antigen PSA,East Asian,Train: East Asian-only,0.68548256204226,151,6610,6761,0.6361127902156406,0.7309868375383523
PPM037959,PGS019777,PSS013679,Elevated prostate specific antigen PSA,East Asian,Train: East Asian-only,0.676595765997736,151,6610,6761,0.6271600777143383,0.7223782399899857
PPM037960,PGS019778,PSS013681,Atopic contact dermatitis due to other or unspecified,East Asian,Train: East Asian-only,0.647728206618158,1973,16590,18563,0.6338826759812535,0.661329886063706
PPM037961,PGS019779,PSS013680,Atopic contact dermatitis due to other or unspecified,East Asian,Train: East Asian-only,0.650399562264165,1973,16590,18563,0.6365624893206335,0.6639879013159686
PPM037962,PGS019780,PSS013682,Atopic contact dermatitis due to other or unspecified,East Asian,Train: East Asian-only,0.64859237439001,1973,16590,18563,0.6347495158584641,0.662189803800653
PPM037963,PGS019781,PSS013683,Atopic contact dermatitis due to other or unspecified,East Asian,Train: East Asian-only,0.649406652252668,1973,16590,18563,0.6355663674537143,0.6630000197004338
PPM037964,PGS019782,PSS013684,Atopic contact dermatitis due to other or unspecified,East Asian,Train: East Asian-only,0.647933815368231,1973,16590,18563,0.6340889149649231,0.6615344892869519
PPM037965,PGS019783,PSS013686,Urticaria,East Asian,Train: East Asian-only,0.698797868106853,671,16590,17261,0.6758144058229784,0.720825005164001
PPM037966,PGS019784,PSS013685,Urticaria,East Asian,Train: East Asian-only,0.700106181430107,671,16590,17261,0.6771356503615991,0.7221131277999349
PPM037967,PGS019785,PSS013687,Urticaria,East Asian,Train: East Asian-only,0.701738159467979,671,16590,17261,0.6787841309197602,0.7237195326227773
PPM037968,PGS019786,PSS013688,Urticaria,East Asian,Train: East Asian-only,0.699148033262995,671,16590,17261,0.6761680060063316,0.7211697933938958
PPM037969,PGS019787,PSS013689,Urticaria,East Asian,Train: East Asian-only,0.69940055102952,671,16590,17261,0.6764230126747386,0.7214184213930865
PPM038137,PGS000036,PSS013832,Type 2 diabetes,Middle Eastern or North African,Train: Multi incl. EUR,0.83,2469,2469,4938,0.8182228887788934,0.8411622092865962
PPM038138,PGS000804,PSS013832,Type 2 diabetes,Middle Eastern or North African,Train: Multi incl. EUR,0.83,2469,2469,4938,0.8182228887788934,0.8411622092865962
