performance_id,pgs_id,sampleset_id,auc_single,n_cases,n_controls,has_auc,inferred_any,inferred_kept,reason
PPM000004,PGS000004,PSS000004,0.63,11428,18323,TRUE,TRUE,TRUE,rescued
PPM000006,PGS000005,PSS000005,0.641,7992,3436,TRUE,TRUE,TRUE,rescued
PPM000007,PGS000006,PSS000006,0.601,1259,10169,TRUE,TRUE,TRUE,rescued
PPM000008,PGS000007,PSS000004,0.636,11428,18323,TRUE,TRUE,TRUE,rescued
PPM000009,PGS000008,PSS000005,0.647,7992,3436,TRUE,TRUE,TRUE,rescued
PPM000010,PGS000009,PSS000006,0.6,1259,10169,TRUE,TRUE,TRUE,rescued
PPM000011,PGS000001,PSS000004,0.603,11428,18323,TRUE,TRUE,TRUE,rescued
PPM000012,PGS000002,PSS000005,0.615,7992,3436,TRUE,TRUE,TRUE,rescued
PPM000013,PGS000003,PSS000006,0.584,1259,10169,TRUE,TRUE,TRUE,rescued
PPM000042,PGS000022,PSS000029,0.8508,478,290,TRUE,TRUE,TRUE,rescued
PPM000043,PGS000022,PSS000028,0.9003,65,43,TRUE,TRUE,TRUE,rescued
PPM000044,PGS000022,PSS000027,0.7522,84,63,TRUE,TRUE,TRUE,rescued
PPM000048,PGS000024,PSS000032,0.921,387,373613,TRUE,TRUE,TRUE,rescued
PPM000049,PGS000021,PSS000032,0.893,387,373613,TRUE,TRUE,TRUE,rescued
PPM000080,PGS000036,PSS000054,0.66,13480,311390,TRUE,TRUE,TRUE,rescued
PPM000081,PGS000036,PSS000054,0.73,13480,311390,TRUE,TRUE,TRUE,rescued
PPM000093,PGS000040,PSS000059,0.9,647,1829,TRUE,TRUE,TRUE,rescued
PPM000094,PGS000040,PSS000061,0.87,497,543,TRUE,TRUE,TRUE,rescued
PPM000095,PGS000040,PSS000062,0.86,803,846,TRUE,TRUE,TRUE,rescued
PPM000096,PGS000040,PSS000063,0.87,778,1422,TRUE,TRUE,TRUE,rescued
PPM000097,PGS000040,PSS000060,0.87,5907,4397,TRUE,TRUE,TRUE,rescued
PPM000126,PGS000050,PSS000078,0.606,11905,11662,TRUE,TRUE,TRUE,rescued
PPM000383,PGS000013,PSS000219,0.86,126,10884,TRUE,TRUE,TRUE,rescued
PPM000385,PGS000016,PSS000217,0.78,239,10064,TRUE,TRUE,TRUE,rescued
PPM000386,PGS000007,PSS000218,0.78,828,8701,TRUE,TRUE,TRUE,rescued
PPM000387,PGS000013,PSS000219,0.6,126,10884,TRUE,TRUE,TRUE,rescued
PPM000388,PGS000007,PSS000218,0.63,828,8701,TRUE,TRUE,TRUE,rescued
PPM000389,PGS000016,PSS000217,0.57,239,10064,TRUE,TRUE,TRUE,rescued
PPM000405,PGS000126,PSS000233,0.67,4908,329972,TRUE,TRUE,TRUE,rescued
PPM000406,PGS000126,PSS000233,0.84,4908,329972,TRUE,TRUE,TRUE,rescued
PPM000422,PGS000137,PSS000245,0.8,74,1721,TRUE,TRUE,TRUE,rescued
PPM000430,PGS000138,PSS000250,0.5611035,14696,22013,TRUE,TRUE,TRUE,rescued
PPM000431,PGS000139,PSS000250,0.5487412,14696,22013,TRUE,TRUE,TRUE,rescued
PPM000432,PGS000140,PSS000250,0.5319298,14696,22013,TRUE,TRUE,TRUE,rescued
PPM000433,PGS000141,PSS000250,0.5298792,14696,22013,TRUE,TRUE,TRUE,rescued
PPM000434,PGS000142,PSS000250,0.5333024,14696,22013,TRUE,TRUE,TRUE,rescued
PPM000435,PGS000143,PSS000250,0.5344061,14696,22013,TRUE,TRUE,TRUE,rescued
PPM000436,PGS000144,PSS000250,0.5164074,14696,22013,TRUE,TRUE,TRUE,rescued
PPM000437,PGS000145,PSS000250,0.5251015,14696,22013,TRUE,TRUE,TRUE,rescued
PPM000563,PGS000192,PSS000292,0.8,238,3994,TRUE,TRUE,TRUE,rescued
PPM000598,PGS000011,PSS000333,0.75,8108,37537,TRUE,TRUE,TRUE,rescued
PPM000599,PGS000013,PSS000333,0.77,8108,37537,TRUE,TRUE,TRUE,rescued
PPM000600,PGS000018,PSS000333,0.772,8108,37537,TRUE,TRUE,TRUE,rescued
PPM000601,PGS000011,PSS000331,0.763,838,6759,TRUE,TRUE,TRUE,rescued
PPM000602,PGS000013,PSS000331,0.771,838,6759,TRUE,TRUE,TRUE,rescued
PPM000603,PGS000018,PSS000331,0.775,838,6759,TRUE,TRUE,TRUE,rescued
PPM000604,PGS000011,PSS000335,0.769,419,2074,TRUE,TRUE,TRUE,rescued
PPM000605,PGS000013,PSS000335,0.776,419,2074,TRUE,TRUE,TRUE,rescued
PPM000606,PGS000018,PSS000335,0.794,419,2074,TRUE,TRUE,TRUE,rescued
PPM000610,PGS000200,PSS000333,0.748,8108,37537,TRUE,TRUE,TRUE,rescued
PPM000611,PGS000200,PSS000331,0.763,838,6759,TRUE,TRUE,TRUE,rescued
PPM000612,PGS000200,PSS000335,0.771,419,2074,TRUE,TRUE,TRUE,rescued
PPM000649,PGS000212,PSS000360,0.6609,7325,20815,TRUE,TRUE,TRUE,rescued
PPM000650,PGS000004,PSS000360,0.6573,7325,20815,TRUE,TRUE,TRUE,rescued
PPM000651,PGS000005,PSS000360,0.6595,7325,20815,TRUE,TRUE,TRUE,rescued
PPM000652,PGS000213,PSS000361,0.633,1779,20815,TRUE,TRUE,TRUE,rescued
PPM000653,PGS000004,PSS000361,0.6335999999999999,1779,20815,TRUE,TRUE,TRUE,rescued
PPM000654,PGS000005,PSS000361,0.6323,1779,20815,TRUE,TRUE,TRUE,rescued
PPM000655,PGS000214,PSS000362,0.6431,1682,20815,TRUE,TRUE,TRUE,rescued
PPM000656,PGS000004,PSS000362,0.6432,1682,20815,TRUE,TRUE,TRUE,rescued
PPM000657,PGS000005,PSS000362,0.64,1682,20815,TRUE,TRUE,TRUE,rescued
PPM000658,PGS000215,PSS000359,0.6208,718,20815,TRUE,TRUE,TRUE,rescued
PPM000659,PGS000004,PSS000359,0.6093,718,20815,TRUE,TRUE,TRUE,rescued
PPM000660,PGS000005,PSS000359,0.6291,718,20815,TRUE,TRUE,TRUE,rescued
PPM000661,PGS000216,PSS000363,0.6358,2006,20815,TRUE,TRUE,TRUE,rescued
PPM000662,PGS000004,PSS000363,0.5877,2006,20815,TRUE,TRUE,TRUE,rescued
PPM000663,PGS000005,PSS000363,0.6276,2006,20815,TRUE,TRUE,TRUE,rescued
PPM000880,PGS000328,PSS000436,0.78,1001,2802,TRUE,TRUE,TRUE,rescued
PPM000882,PGS000328,PSS000438,0.71,5524,9859,TRUE,TRUE,TRUE,rescued
PPM000986,PGS000348,PSS000501,0.64,1972,1919,TRUE,TRUE,TRUE,rescued
PPM001340,PGS000655,PSS000583,0.596,1106,8571,TRUE,TRUE,TRUE,rescued
PPM001341,PGS000655,PSS000584,0.724,79,156,TRUE,TRUE,TRUE,rescued
PPM001342,PGS000656,PSS000584,0.76,79,156,TRUE,TRUE,TRUE,rescued
PPM001365,PGS000662,PSS000596,0.833,6852,193117,TRUE,TRUE,TRUE,rescued
PPM001369,PGS000663,PSS000598,0.65,500,1091,TRUE,TRUE,TRUE,rescued
PPM001370,PGS000663,PSS000597,0.67,304,652,TRUE,TRUE,TRUE,rescued
PPM001627,PGS000714,PSS000842,0.549,191,2400,TRUE,TRUE,TRUE,rescued
PPM001670,PGS000730,PSS000871,0.624,16184,72740,TRUE,TRUE,TRUE,rescued
PPM001671,PGS000731,PSS000873,0.605,7914,81010,TRUE,TRUE,TRUE,rescued
PPM001672,PGS000732,PSS000872,0.579,4179,84745,TRUE,TRUE,TRUE,rescued
PPM001920,PGS000754,PSS000960,0.65,910,430,TRUE,TRUE,TRUE,rescued
PPM001921,PGS000754,PSS000961,0.65,2354,5379,TRUE,TRUE,TRUE,rescued
PPM001922,PGS000754,PSS000962,0.62,406,706,TRUE,TRUE,TRUE,rescued
PPM001926,PGS000756,PSS000966,0.723,903,1981,TRUE,TRUE,TRUE,rescued
PPM001928,PGS000757,PSS000966,0.736,903,1981,TRUE,TRUE,TRUE,rescued
PPM001989,PGS000770,PSS000992,0.661,50,127,TRUE,TRUE,TRUE,rescued
PPM001990,PGS000770,PSS000991,0.619,39,102,TRUE,TRUE,TRUE,rescued
PPM002022,PGS000779,PSS001005,0.612,33,79,TRUE,TRUE,TRUE,rescued
PPM002023,PGS000779,PSS001006,0.717,464,2232,TRUE,TRUE,TRUE,rescued
PPM002037,PGS000071,PSS001010,0.803,890,390998,TRUE,TRUE,TRUE,rescued
PPM002038,PGS000072,PSS001011,0.637,4760,211513,TRUE,TRUE,TRUE,rescued
PPM002039,PGS000073,PSS001012,0.745,282,211513,TRUE,TRUE,TRUE,rescued
PPM002040,PGS000074,PSS001013,0.704,2725,390998,TRUE,TRUE,TRUE,rescued
PPM002041,PGS000075,PSS001014,0.755,643,211513,TRUE,TRUE,TRUE,rescued
PPM002042,PGS000076,PSS001015,0.722,612,390998,TRUE,TRUE,TRUE,rescued
PPM002043,PGS000077,PSS001016,0.719,340,390998,TRUE,TRUE,TRUE,rescued
PPM002044,PGS000078,PSS001017,0.846,1541,390998,TRUE,TRUE,TRUE,rescued
PPM002045,PGS000079,PSS001018,0.652,1805,390998,TRUE,TRUE,TRUE,rescued
PPM002046,PGS000080,PSS001019,0.677,970,390998,TRUE,TRUE,TRUE,rescued
PPM002047,PGS000081,PSS001020,0.702,481,390998,TRUE,TRUE,TRUE,rescued
PPM002048,PGS000082,PSS001021,0.656,445,211513,TRUE,TRUE,TRUE,rescued
PPM002049,PGS000083,PSS001022,0.745,493,390998,TRUE,TRUE,TRUE,rescued
PPM002050,PGS000084,PSS001023,0.74,4740,179485,TRUE,TRUE,TRUE,rescued
PPM002051,PGS000086,PSS001024,0.783,52,179485,TRUE,TRUE,TRUE,rescued
PPM002052,PGS000087,PSS001025,0.679,191,390998,TRUE,TRUE,TRUE,rescued
PPM002053,PGS000782,PSS001010,0.804,890,390998,TRUE,TRUE,TRUE,rescued
PPM002054,PGS000783,PSS001011,0.637,4760,211513,TRUE,TRUE,TRUE,rescued
PPM002055,PGS000784,PSS001012,0.745,282,211513,TRUE,TRUE,TRUE,rescued
PPM002056,PGS000785,PSS001013,0.716,2725,390998,TRUE,TRUE,TRUE,rescued
PPM002057,PGS000786,PSS001014,0.754,643,211513,TRUE,TRUE,TRUE,rescued
PPM002058,PGS000787,PSS001015,0.722,612,390998,TRUE,TRUE,TRUE,rescued
PPM002059,PGS000788,PSS001016,0.738,340,390998,TRUE,TRUE,TRUE,rescued
PPM002060,PGS000789,PSS001017,0.846,1541,390998,TRUE,TRUE,TRUE,rescued
PPM002061,PGS000790,PSS001018,0.654,1805,390998,TRUE,TRUE,TRUE,rescued
PPM002062,PGS000791,PSS001019,0.677,970,390998,TRUE,TRUE,TRUE,rescued
PPM002063,PGS000792,PSS001020,0.702,481,390998,TRUE,TRUE,TRUE,rescued
PPM002064,PGS000793,PSS001021,0.66,445,211513,TRUE,TRUE,TRUE,rescued
PPM002065,PGS000794,PSS001022,0.745,493,390998,TRUE,TRUE,TRUE,rescued
PPM002066,PGS000795,PSS001023,0.769,4740,179485,TRUE,TRUE,TRUE,rescued
PPM002067,PGS000796,PSS001024,0.787,52,179485,TRUE,TRUE,TRUE,rescued
PPM002068,PGS000797,PSS001025,0.701,191,390998,TRUE,TRUE,TRUE,rescued
PPM002069,PGS000795,PSS001023,0.766,4740,179485,TRUE,TRUE,TRUE,rescued
PPM002070,PGS000783,PSS001011,0.626,4760,211513,TRUE,TRUE,TRUE,rescued
PPM002071,PGS000785,PSS001013,0.708,2725,390998,TRUE,TRUE,TRUE,rescued
PPM002072,PGS000789,PSS001017,0.71,1541,390998,TRUE,TRUE,TRUE,rescued
PPM002073,PGS000789,PSS001017,0.723,1541,390998,TRUE,TRUE,TRUE,rescued
PPM002074,PGS000789,PSS001017,0.808,1541,390998,TRUE,TRUE,TRUE,rescued
PPM002078,PGS000799,PSS001029,0.66,792,1066,TRUE,TRUE,TRUE,rescued
PPM002080,PGS000799,PSS001028,0.69,215,212,TRUE,TRUE,TRUE,rescued
PPM002082,PGS000800,PSS001029,0.65,792,1066,TRUE,TRUE,TRUE,rescued
PPM002084,PGS000800,PSS001028,0.7,215,212,TRUE,TRUE,TRUE,rescued
PPM002137,PGS000809,PSS001050,0.705,80,645,TRUE,TRUE,TRUE,rescued
PPM002138,PGS000809,PSS001051,0.762,14,642,TRUE,TRUE,TRUE,rescued
PPM002139,PGS000809,PSS001049,0.765,29,8341,TRUE,TRUE,TRUE,rescued
PPM002440,PGS000872,PSS001094,0.65,1699,865,TRUE,TRUE,TRUE,rescued
PPM002441,PGS000865,PSS001094,0.64,1699,865,TRUE,TRUE,TRUE,rescued
PPM002442,PGS000865,PSS001100,0.63,188,358126,TRUE,TRUE,TRUE,rescued
PPM002443,PGS000872,PSS001097,0.63,197,356746,TRUE,TRUE,TRUE,rescued
PPM002444,PGS000865,PSS001102,0.55,95,356725,TRUE,TRUE,TRUE,rescued
PPM002445,PGS000872,PSS001101,0.54,95,355355,TRUE,TRUE,TRUE,rescued
PPM002446,PGS000865,PSS001099,0.69,88,86116,TRUE,TRUE,TRUE,rescued
PPM002447,PGS000872,PSS001098,0.69,87,85803,TRUE,TRUE,TRUE,rescued
PPM002448,PGS000865,PSS001104,0.7,81,25051,TRUE,TRUE,TRUE,rescued
PPM002449,PGS000872,PSS001103,0.71,80,24959,TRUE,TRUE,TRUE,rescued
PPM002516,PGS000878,PSS001135,0.637,514,124,TRUE,TRUE,TRUE,rescued
PPM005183,PGS001354,PSS003603,0.83,65,2305,TRUE,TRUE,TRUE,rescued
PPM005184,PGS001354,PSS003602,0.73,121,6295,TRUE,TRUE,TRUE,rescued
PPM005185,PGS001354,PSS003603,0.82,65,2305,TRUE,TRUE,TRUE,rescued
PPM005186,PGS001354,PSS003602,0.72,121,6295,TRUE,TRUE,TRUE,rescued
PPM005187,PGS001355,PSS003605,0.6425,3467,172771,TRUE,TRUE,TRUE,rescued
PPM005188,PGS001356,PSS003604,0.6321,4025,174626,TRUE,TRUE,TRUE,rescued
PPM005189,PGS001357,PSS003606,0.6446,4659,173479,TRUE,TRUE,TRUE,rescued
PPM009233,PGS001774,PSS007662,0.55,235,464,TRUE,TRUE,TRUE,rescued
PPM009235,PGS001774,PSS007662,0.55,235,464,TRUE,TRUE,TRUE,rescued
PPM009247,PGS001777,PSS007667,0.665,917,473,TRUE,TRUE,TRUE,rescued
PPM009248,PGS001777,PSS007668,0.606,1162,604,TRUE,TRUE,TRUE,rescued
PPM009249,PGS001777,PSS007669,0.619,594,6304,TRUE,TRUE,TRUE,rescued
PPM009250,PGS001777,PSS007669,0.636,594,6304,TRUE,TRUE,TRUE,rescued
PPM009251,PGS001777,PSS007667,0.671,917,473,TRUE,TRUE,TRUE,rescued
PPM009252,PGS001777,PSS007667,0.65,917,473,TRUE,TRUE,TRUE,rescued
PPM009253,PGS001777,PSS007668,0.592,1162,604,TRUE,TRUE,TRUE,rescued
PPM009254,PGS001777,PSS007668,0.635,1162,604,TRUE,TRUE,TRUE,rescued
PPM009255,PGS001777,PSS007669,0.635,594,6304,TRUE,TRUE,TRUE,rescued
PPM009256,PGS001777,PSS007669,0.554,594,6304,TRUE,TRUE,TRUE,rescued
PPM009262,PGS001778,PSS007670,0.548,880,900,TRUE,TRUE,TRUE,rescued
PPM009263,PGS001778,PSS007670,0.578,880,900,TRUE,TRUE,TRUE,rescued
PPM009264,PGS001778,PSS007670,0.578,880,900,TRUE,TRUE,TRUE,rescued
PPM009288,PGS001784,PSS007707,0.868,1099,349667,TRUE,TRUE,TRUE,rescued
PPM009289,PGS001785,PSS007708,0.584,2985,356045,TRUE,TRUE,TRUE,rescued
PPM009290,PGS001786,PSS007709,0.574,2173,354938,TRUE,TRUE,TRUE,rescued
PPM009291,PGS001787,PSS007710,0.64,26473,325104,TRUE,TRUE,TRUE,rescued
PPM009292,PGS001788,PSS007711,0.715,12063,325104,TRUE,TRUE,TRUE,rescued
PPM009293,PGS001789,PSS007712,0.807,3783,355561,TRUE,TRUE,TRUE,rescued
PPM009294,PGS001790,PSS007713,0.75,6285,352619,TRUE,TRUE,TRUE,rescued
PPM009295,PGS001791,PSS007714,0.758,1052,346297,TRUE,TRUE,TRUE,rescued
PPM009296,PGS001792,PSS007715,0.777,1266,346129,TRUE,TRUE,TRUE,rescued
PPM009297,PGS001793,PSS007716,0.706,1650,348757,TRUE,TRUE,TRUE,rescued
PPM009298,PGS001794,PSS007717,0.676,365,358110,TRUE,TRUE,TRUE,rescued
PPM009299,PGS001795,PSS007718,0.66,1323,168952,TRUE,TRUE,TRUE,rescued
PPM009300,PGS001796,PSS007719,0.675,6549,349719,TRUE,TRUE,TRUE,rescued
PPM009302,PGS001787,PSS007720,0.689,134,1394,TRUE,TRUE,TRUE,rescued
PPM009307,PGS001787,PSS007706,0.679,142,2490,TRUE,TRUE,TRUE,rescued
PPM009311,PGS001782,PSS007693,0.659,1061,6066,TRUE,TRUE,TRUE,rescued
PPM009312,PGS001783,PSS007694,0.74,132,6995,TRUE,TRUE,TRUE,rescued
PPM009313,PGS001797,PSS007695,0.749,224,6903,TRUE,TRUE,TRUE,rescued
PPM009314,PGS001798,PSS007696,0.704,70,7057,TRUE,TRUE,TRUE,rescued
PPM009315,PGS001799,PSS007697,0.685,72,7055,TRUE,TRUE,TRUE,rescued
PPM012722,PGS002237,PSS009508,0.75,23364,117883,TRUE,TRUE,TRUE,rescued
PPM012724,PGS002237,PSS009509,0.88,1386,2878,TRUE,TRUE,TRUE,rescued
PPM012727,PGS002239,PSS009512,0.679,2961,25584,TRUE,TRUE,TRUE,rescued
PPM012791,PGS002248,PSS009558,0.61,144,874,TRUE,TRUE,TRUE,rescued
PPM012792,PGS002248,PSS009557,0.61,116,782,TRUE,TRUE,TRUE,rescued
PPM012907,PGS002266,PSS009607,0.66,46,72496,TRUE,TRUE,TRUE,rescued
PPM013010,PGS002291,PSS009646,0.64,1304,1589,TRUE,TRUE,TRUE,rescued
PPM013011,PGS002291,PSS009646,0.69,1304,1589,TRUE,TRUE,TRUE,rescued
PPM013012,PGS002292,PSS009647,0.705,102,142493,TRUE,TRUE,TRUE,rescued
PPM013013,PGS002292,PSS009647,0.756,102,142493,TRUE,TRUE,TRUE,rescued
PPM013014,PGS002292,PSS009647,0.755,102,142493,TRUE,TRUE,TRUE,rescued
PPM013019,PGS000030,PSS009650,0.63,475,1516,TRUE,TRUE,TRUE,rescued
PPM013064,PGS002308,PSS009677,0.793,8389,46404,TRUE,TRUE,TRUE,rescued
PPM013065,PGS002308,PSS009676,0.848,2688,9784,TRUE,TRUE,TRUE,rescued
PPM013066,PGS002308,PSS009678,0.851,868,1506,TRUE,TRUE,TRUE,rescued
PPM013067,PGS002308,PSS009671,0.631,1659,5086,TRUE,TRUE,TRUE,rescued
PPM013068,PGS002308,PSS009669,0.633,2776,2722,TRUE,TRUE,TRUE,rescued
PPM013069,PGS002308,PSS009670,0.757,402,1494,TRUE,TRUE,TRUE,rescued
PPM013070,PGS002308,PSS009675,0.631,300,355,TRUE,TRUE,TRUE,rescued
PPM013071,PGS002308,PSS009672,0.81,1248,23862,TRUE,TRUE,TRUE,rescued
PPM013072,PGS002308,PSS009673,0.781,2806,51272,TRUE,TRUE,TRUE,rescued
PPM013073,PGS002308,PSS009674,0.802,516,9862,TRUE,TRUE,TRUE,rescued
PPM014742,PGS002724,PSS009880,0.548,1691,1743,TRUE,TRUE,TRUE,rescued
PPM014743,PGS000039,PSS009880,0.547,1691,1743,TRUE,TRUE,TRUE,rescued
PPM014744,PGS002725,PSS009875,0.653,1470,40459,TRUE,TRUE,TRUE,rescued
PPM014745,PGS002724,PSS009875,0.643,1470,40459,TRUE,TRUE,TRUE,rescued
PPM014746,PGS000039,PSS009875,0.641,1470,40459,TRUE,TRUE,TRUE,rescued
PPM014747,PGS002725,PSS009881,0.765,1399,86283,TRUE,TRUE,TRUE,rescued
PPM014748,PGS000039,PSS009881,0.763,1399,86283,TRUE,TRUE,TRUE,rescued
PPM014905,PGS000013,PSS009922,0.714,120,1999,TRUE,TRUE,TRUE,rescued
PPM014916,PGS002745,PSS009930,0.66,894,2993,TRUE,TRUE,TRUE,rescued
PPM014917,PGS002745,PSS009929,0.66,1378,20326,TRUE,TRUE,TRUE,rescued
PPM015602,PGS002814,PSS009995,0.74,2953,21194,TRUE,TRUE,TRUE,rescued
PPM016255,PGS003380,PSS010074,0.696,11469,142892,TRUE,TRUE,TRUE,rescued
PPM016256,PGS003381,PSS010086,0.761,1587,142892,TRUE,TRUE,TRUE,rescued
PPM016257,PGS003382,PSS010085,0.682,4242,269544,TRUE,TRUE,TRUE,rescued
PPM016258,PGS003383,PSS010084,0.813,7100,126652,TRUE,TRUE,TRUE,rescued
PPM016259,PGS003384,PSS010078,0.758,262,269544,TRUE,TRUE,TRUE,rescued
PPM016260,PGS003385,PSS010083,0.717,367,142892,TRUE,TRUE,TRUE,rescued
PPM016261,PGS003386,PSS010076,0.724,4525,269544,TRUE,TRUE,TRUE,rescued
PPM016262,PGS003387,PSS010077,0.819,482,269544,TRUE,TRUE,TRUE,rescued
PPM016263,PGS003388,PSS010077,0.814,482,269544,TRUE,TRUE,TRUE,rescued
PPM016264,PGS003389,PSS010075,0.563,1482,142892,TRUE,TRUE,TRUE,rescued
PPM016265,PGS003390,PSS010079,0.672,689,269544,TRUE,TRUE,TRUE,rescued
PPM016266,PGS003391,PSS010081,0.729,1996,269544,TRUE,TRUE,TRUE,rescued
PPM016267,PGS003392,PSS010082,0.778,510,269544,TRUE,TRUE,TRUE,rescued
PPM016268,PGS003393,PSS010080,0.743,868,269544,TRUE,TRUE,TRUE,rescued
PPM016269,PGS002250,PSS010091,0.588,657,198101,TRUE,TRUE,TRUE,rescued
PPM016270,PGS002250,PSS010087,0.592,2053,16862,TRUE,TRUE,TRUE,rescued
PPM016271,PGS002250,PSS010088,0.624,717,11620,TRUE,TRUE,TRUE,rescued
PPM016272,PGS002250,PSS010090,0.538,2841,4828,TRUE,TRUE,TRUE,rescued
PPM016274,PGS003394,PSS010091,0.595,657,198101,TRUE,TRUE,TRUE,rescued
PPM016275,PGS003394,PSS010090,0.542,2841,4828,TRUE,TRUE,TRUE,rescued
PPM016277,PGS003395,PSS010093,0.646,727,1452,TRUE,TRUE,TRUE,rescued
PPM016278,PGS003395,PSS010092,0.608,1289,1284,TRUE,TRUE,TRUE,rescued
PPM017073,PGS003420,PSS010115,0.7886,185,1112,TRUE,TRUE,TRUE,rescued
PPM017074,PGS003421,PSS010115,0.7876,185,1112,TRUE,TRUE,TRUE,rescued
PPM017075,PGS003422,PSS010115,0.7876,185,1112,TRUE,TRUE,TRUE,rescued
PPM017076,PGS003423,PSS010115,0.7754,185,1112,TRUE,TRUE,TRUE,rescued
PPM017077,PGS003424,PSS010115,0.7605,185,1112,TRUE,TRUE,TRUE,rescued
PPM017182,PGS003443,PSS010157,0.7475,399,1085,TRUE,TRUE,TRUE,rescued
PPM017183,PGS003444,PSS010157,0.7475,399,1085,TRUE,TRUE,TRUE,rescued
PPM017184,PGS003445,PSS010157,0.7475,399,1085,TRUE,TRUE,TRUE,rescued
PPM017213,PGS003447,PSS010171,0.57,2967,256222,TRUE,TRUE,TRUE,rescued
PPM017215,PGS003447,PSS010170,0.52,1883,256222,TRUE,TRUE,TRUE,rescued
PPM017220,PGS003447,PSS010172,0.55,105,256222,TRUE,TRUE,TRUE,rescued
PPM017221,PGS003447,PSS010174,0.6,1158,256222,TRUE,TRUE,TRUE,rescued
PPM017222,PGS003447,PSS010175,0.56,736,256222,TRUE,TRUE,TRUE,rescued
PPM017223,PGS003447,PSS010173,0.55,968,256222,TRUE,TRUE,TRUE,rescued
PPM017412,PGS003486,PSS010186,0.567,88,3124,TRUE,TRUE,TRUE,rescued
PPM017413,PGS003458,PSS010186,0.583,88,3124,TRUE,TRUE,TRUE,rescued
PPM017414,PGS003459,PSS010186,0.585,88,3124,TRUE,TRUE,TRUE,rescued
PPM018508,PGS003749,PSS011001,0.797,198,119075,TRUE,TRUE,TRUE,rescued
PPM018509,PGS003750,PSS010999,0.64,953,119075,TRUE,TRUE,TRUE,rescued
PPM018510,PGS003751,PSS011003,0.596,3069,119075,TRUE,TRUE,TRUE,rescued
PPM018511,PGS003752,PSS011002,0.578,6114,119075,TRUE,TRUE,TRUE,rescued
PPM018512,PGS003749,PSS011000,0.792,953,6114,TRUE,TRUE,TRUE,rescued
PPM018513,PGS003751,PSS011000,0.527,953,6114,TRUE,TRUE,TRUE,rescued
PPM018514,PGS003749,PSS010998,0.686,1070,1424,TRUE,TRUE,TRUE,rescued
PPM018668,PGS002265,PSS011061,0.591,573,37641,TRUE,TRUE,TRUE,rescued
PPM018751,PGS003861,PSS011090,0.765,646,8810,TRUE,TRUE,TRUE,rescued
PPM019134,PGS003972,PSS011199,0.69,1130,5810,TRUE,TRUE,TRUE,rescued
PPM019135,PGS003972,PSS011197,0.66,1887,5437,TRUE,TRUE,TRUE,rescued
PPM019136,PGS003972,PSS011198,0.64,663,3105,TRUE,TRUE,TRUE,rescued
PPM020258,PGS004237,PSS011313,0.766,32475,370947,TRUE,TRUE,TRUE,rescued
PPM020259,PGS004237,PSS011313,0.772,32475,370947,TRUE,TRUE,TRUE,rescued
PPM020260,PGS004237,PSS011313,0.789,32475,370947,TRUE,TRUE,TRUE,rescued
PPM020323,PGS004255,PSS011342,0.66208527990545,1563,65865,TRUE,TRUE,TRUE,rescued
PPM020324,PGS004256,PSS011342,0.662123906579303,1563,65865,TRUE,TRUE,TRUE,rescued
PPM020325,PGS004257,PSS011342,0.660865982537907,1563,65865,TRUE,TRUE,TRUE,rescued
PPM020326,PGS004258,PSS011342,0.66389958735560906,1563,65865,TRUE,TRUE,TRUE,rescued
PPM020327,PGS004259,PSS011342,0.661284309464302,1563,65865,TRUE,TRUE,TRUE,rescued
PPM020328,PGS004260,PSS011347,0.669081275537859,1277,66151,TRUE,TRUE,TRUE,rescued
PPM020329,PGS004261,PSS011347,0.677223091560755,1277,66151,TRUE,TRUE,TRUE,rescued
PPM020330,PGS004262,PSS011347,0.669162702162148,1277,66151,TRUE,TRUE,TRUE,rescued
PPM020331,PGS004263,PSS011347,0.672053587040788,1277,66151,TRUE,TRUE,TRUE,rescued
PPM020332,PGS004264,PSS011347,0.668416710696548,1277,66151,TRUE,TRUE,TRUE,rescued
PPM020333,PGS004265,PSS011346,0.797531686126722,1848,65580,TRUE,TRUE,TRUE,rescued
PPM020334,PGS004266,PSS011346,0.798325365800205,1848,65580,TRUE,TRUE,TRUE,rescued
PPM020335,PGS004267,PSS011346,0.796919743111417,1848,65580,TRUE,TRUE,TRUE,rescued
PPM020336,PGS004268,PSS011346,0.797830047798597,1848,65580,TRUE,TRUE,TRUE,rescued
PPM020337,PGS004269,PSS011346,0.798699446266349,1848,65580,TRUE,TRUE,TRUE,rescued
PPM020338,PGS004270,PSS011341,0.57092809364795,763,66665,TRUE,TRUE,TRUE,rescued
PPM020339,PGS004271,PSS011341,0.57757519626064,763,66665,TRUE,TRUE,TRUE,rescued
PPM020340,PGS004272,PSS011341,0.58325712402312,763,66665,TRUE,TRUE,TRUE,rescued
PPM020341,PGS004273,PSS011341,0.588726225364022,763,66665,TRUE,TRUE,TRUE,rescued
PPM020342,PGS004274,PSS011341,0.587903583565998,763,66665,TRUE,TRUE,TRUE,rescued
PPM020343,PGS004275,PSS011344,0.613002023210023,9565,57863,TRUE,TRUE,TRUE,rescued
PPM020344,PGS004276,PSS011344,0.608934108369735,9565,57863,TRUE,TRUE,TRUE,rescued
PPM020345,PGS004277,PSS011344,0.608623557244499,9565,57863,TRUE,TRUE,TRUE,rescued
PPM020346,PGS004278,PSS011344,0.610568197846493,9565,57863,TRUE,TRUE,TRUE,rescued
PPM020347,PGS004279,PSS011344,0.612619379197861,9565,57863,TRUE,TRUE,TRUE,rescued
PPM020348,PGS004280,PSS011345,0.819260819569429,1001,66427,TRUE,TRUE,TRUE,rescued
PPM020349,PGS004281,PSS011345,0.818965564821918,1001,66427,TRUE,TRUE,TRUE,rescued
PPM020350,PGS004282,PSS011345,0.818370039793557,1001,66427,TRUE,TRUE,TRUE,rescued
PPM020351,PGS004283,PSS011345,0.81816338026915,1001,66427,TRUE,TRUE,TRUE,rescued
PPM020352,PGS004284,PSS011345,0.818864171341326,1001,66427,TRUE,TRUE,TRUE,rescued
PPM020353,PGS004285,PSS011336,0.833604804388662,437,66991,TRUE,TRUE,TRUE,rescued
PPM020354,PGS004286,PSS011336,0.832096831751059,437,66991,TRUE,TRUE,TRUE,rescued
PPM020355,PGS004287,PSS011336,0.831790820495816,437,66991,TRUE,TRUE,TRUE,rescued
PPM020356,PGS004288,PSS011336,0.830039705801527,437,66991,TRUE,TRUE,TRUE,rescued
PPM020357,PGS004289,PSS011336,0.831624672285122,437,66991,TRUE,TRUE,TRUE,rescued
PPM020358,PGS004290,PSS011337,0.757529855409768,5085,62343,TRUE,TRUE,TRUE,rescued
PPM020359,PGS004291,PSS011337,0.755659353759771,5085,62343,TRUE,TRUE,TRUE,rescued
PPM020360,PGS004292,PSS011337,0.755911284150703,5085,62343,TRUE,TRUE,TRUE,rescued
PPM020361,PGS004293,PSS011337,0.756271477846154,5085,62343,TRUE,TRUE,TRUE,rescued
PPM020362,PGS004294,PSS011337,0.756480203541699,5085,62343,TRUE,TRUE,TRUE,rescued
PPM020363,PGS004295,PSS011338,0.641234354186233,2964,33416,TRUE,TRUE,TRUE,rescued
PPM020364,PGS004296,PSS011338,0.640366693232362,2964,33416,TRUE,TRUE,TRUE,rescued
PPM020365,PGS004297,PSS011338,0.641186643561215,2964,33416,TRUE,TRUE,TRUE,rescued
PPM020366,PGS004298,PSS011338,0.641685169362975,2964,33416,TRUE,TRUE,TRUE,rescued
PPM020367,PGS004299,PSS011338,0.63627332757272,2964,33416,TRUE,TRUE,TRUE,rescued
PPM020368,PGS004300,PSS011340,0.668605570296458,1306,66122,TRUE,TRUE,TRUE,rescued
PPM020369,PGS004301,PSS011340,0.667467835107159,1306,66122,TRUE,TRUE,TRUE,rescued
PPM020370,PGS004302,PSS011340,0.666583998542209,1306,66122,TRUE,TRUE,TRUE,rescued
PPM020371,PGS004303,PSS011340,0.669449513551751,1306,66122,TRUE,TRUE,TRUE,rescued
PPM020372,PGS004304,PSS011340,0.66807429447437,1306,66122,TRUE,TRUE,TRUE,rescued
PPM020373,PGS004305,PSS011339,0.755312829423568,4575,62853,TRUE,TRUE,TRUE,rescued
PPM020374,PGS004306,PSS011339,0.756192423661107,4575,62853,TRUE,TRUE,TRUE,rescued
PPM020375,PGS004307,PSS011339,0.756690725753621,4575,62853,TRUE,TRUE,TRUE,rescued
PPM020376,PGS004308,PSS011339,0.754539288872405,4575,62853,TRUE,TRUE,TRUE,rescued
PPM020377,PGS004309,PSS011339,0.757187523772834,4575,62853,TRUE,TRUE,TRUE,rescued
PPM020378,PGS004310,PSS011343,0.702952274108998,5089,62339,TRUE,TRUE,TRUE,rescued
PPM020379,PGS004311,PSS011343,0.700671791608084,5089,62339,TRUE,TRUE,TRUE,rescued
PPM020380,PGS004312,PSS011343,0.701100686577111,5089,62339,TRUE,TRUE,TRUE,rescued
PPM020381,PGS004313,PSS011343,0.702280100459593,5089,62339,TRUE,TRUE,TRUE,rescued
PPM020382,PGS004314,PSS011343,0.70377765200184506,5089,62339,TRUE,TRUE,TRUE,rescued
PPM020700,PGS004585,PSS011368,0.636,97,839,TRUE,TRUE,TRUE,rescued
PPM020722,PGS004592,PSS011383,0.74,432,566,TRUE,TRUE,TRUE,rescued
PPM020767,PGS004606,PSS011398,0.71,32567,130444,TRUE,TRUE,TRUE,rescued
PPM020768,PGS004607,PSS011398,0.65,32567,130444,TRUE,TRUE,TRUE,rescued
PPM020784,PGS000765,PSS011409,0.833,417,1642,TRUE,TRUE,TRUE,rescued
PPM020785,PGS000765,PSS011409,0.905,417,1642,TRUE,TRUE,TRUE,rescued
PPM020792,PGS004615,PSS011417,0.657,6000,20000,TRUE,TRUE,TRUE,rescued
PPM020793,PGS004615,PSS011417,0.639,6000,20000,TRUE,TRUE,TRUE,rescued
PPM020794,PGS004615,PSS011417,0.679,6000,20000,TRUE,TRUE,TRUE,rescued
PPM020795,PGS004616,PSS011417,0.617,6000,20000,TRUE,TRUE,TRUE,rescued
PPM020796,PGS004616,PSS011417,0.653,6000,20000,TRUE,TRUE,TRUE,rescued
PPM020797,PGS004617,PSS011417,0.632,6000,20000,TRUE,TRUE,TRUE,rescued
PPM020798,PGS004617,PSS011417,0.67,6000,20000,TRUE,TRUE,TRUE,rescued
PPM020799,PGS004618,PSS011416,0.661,11236,21860,TRUE,TRUE,TRUE,rescued
PPM020800,PGS004618,PSS011416,0.649,11236,21860,TRUE,TRUE,TRUE,rescued
PPM020801,PGS004618,PSS011416,0.693,11236,21860,TRUE,TRUE,TRUE,rescued
PPM020802,PGS004619,PSS011416,0.625,11236,21860,TRUE,TRUE,TRUE,rescued
PPM020803,PGS004619,PSS011416,0.659,11236,21860,TRUE,TRUE,TRUE,rescued
PPM020804,PGS004620,PSS011416,0.636,11236,21860,TRUE,TRUE,TRUE,rescued
PPM020805,PGS004620,PSS011416,0.682,11236,21860,TRUE,TRUE,TRUE,rescued
PPM020806,PGS004621,PSS011418,0.68,12910,1141085,TRUE,TRUE,TRUE,rescued
PPM020872,PGS004687,PSS011431,0.5582,257,40514,TRUE,TRUE,TRUE,rescued
PPM020873,PGS004688,PSS011432,0.665,817,20432,TRUE,TRUE,TRUE,rescued
PPM020874,PGS004689,PSS011433,0.556,519,40129,TRUE,TRUE,TRUE,rescued
PPM020875,PGS004690,PSS011434,0.5644,158,40683,TRUE,TRUE,TRUE,rescued
PPM020876,PGS004691,PSS011435,0.6178,439,40411,TRUE,TRUE,TRUE,rescued
PPM020877,PGS004692,PSS011436,0.5298,110,21915,TRUE,TRUE,TRUE,rescued
PPM020878,PGS004693,PSS011437,0.5426,134,40743,TRUE,TRUE,TRUE,rescued
PPM020879,PGS004694,PSS011438,0.6894,905,17609,TRUE,TRUE,TRUE,rescued
PPM020903,PGS004697,PSS011448,0.773,4970,47732,TRUE,TRUE,TRUE,rescued
PPM020904,PGS004696,PSS011448,0.774,4970,47732,TRUE,TRUE,TRUE,rescued
PPM020907,PGS004697,PSS011449,0.708,314,5824,TRUE,TRUE,TRUE,rescued
PPM020908,PGS004696,PSS011449,0.706,314,5824,TRUE,TRUE,TRUE,rescued
PPM020909,PGS004697,PSS011447,0.756,6321,16430,TRUE,TRUE,TRUE,rescued
PPM020910,PGS004696,PSS011447,0.762,6321,16430,TRUE,TRUE,TRUE,rescued
PPM020911,PGS004697,PSS011450,0.803,517,8661,TRUE,TRUE,TRUE,rescued
PPM020912,PGS004696,PSS011450,0.803,517,8661,TRUE,TRUE,TRUE,rescued
PPM020913,PGS004698,PSS011448,0.773,4970,47732,TRUE,TRUE,TRUE,rescued
PPM020915,PGS004698,PSS011449,0.699,314,5824,TRUE,TRUE,TRUE,rescued
PPM020916,PGS004698,PSS011447,0.748,6321,16430,TRUE,TRUE,TRUE,rescued
PPM020917,PGS004698,PSS011450,0.786,517,8661,TRUE,TRUE,TRUE,rescued
PPM020919,PGS004699,PSS011452,0.744,1903,97320,TRUE,TRUE,TRUE,rescued
PPM020923,PGS004700,PSS011452,0.744,1903,97320,TRUE,TRUE,TRUE,rescued
PPM021084,PGS004859,PSS011513,0.68,2,4,TRUE,TRUE,TRUE,rescued
PPM021092,PGS004861,PSS011521,0.7,755,346830,TRUE,TRUE,TRUE,rescued
PPM021093,PGS004862,PSS011521,0.71,755,346830,TRUE,TRUE,TRUE,rescued
PPM021124,PGS000024,PSS011531,0.87,3299,6166,TRUE,TRUE,TRUE,rescued
PPM021125,PGS000024,PSS011532,0.862,3293,6157,TRUE,TRUE,TRUE,rescued
PPM021127,PGS000126,PSS011534,0.804,561,11603,TRUE,TRUE,TRUE,rescued
PPM021296,PGS000013,PSS011679,0.72,382,80483,TRUE,TRUE,TRUE,rescued
PPM021297,PGS000013,PSS011679,0.793,382,80483,TRUE,TRUE,TRUE,rescued
PPM021298,PGS000013,PSS011679,0.912,382,80483,TRUE,TRUE,TRUE,rescued
PPM021299,PGS000013,PSS011679,0.921,382,80483,TRUE,TRUE,TRUE,rescued
PPM021366,PGS004910,PSS011704,0.73,366,342816,TRUE,TRUE,TRUE,rescued
PPM021367,PGS004911,PSS011704,0.8,366,342816,TRUE,TRUE,TRUE,rescued
PPM021368,PGS004912,PSS011706,0.591,672,1672,TRUE,TRUE,TRUE,rescued
PPM021369,PGS004912,PSS011706,0.556,672,1672,TRUE,TRUE,TRUE,rescued
PPM021370,PGS004912,PSS011705,0.582,6609,17713,TRUE,TRUE,TRUE,rescued
PPM021371,PGS004912,PSS011705,0.546,6609,17713,TRUE,TRUE,TRUE,rescued
PPM021384,PGS004918,PSS011719,0.731,56,80,TRUE,TRUE,TRUE,rescued
PPM021730,PGS004938,PSS011763,0.6,724,6400,TRUE,TRUE,TRUE,rescued
PPM021759,PGS004952,PSS011783,0.642,510,1065,TRUE,TRUE,TRUE,rescued
PPM021760,PGS004952,PSS011784,0.733,446,1065,TRUE,TRUE,TRUE,rescued
PPM021761,PGS004952,PSS011785,0.8420000000000001,167,1065,TRUE,TRUE,TRUE,rescued
PPM021762,PGS004952,PSS011786,0.599,203,1577,TRUE,TRUE,TRUE,rescued
PPM021763,PGS004952,PSS011787,0.763,119,1577,TRUE,TRUE,TRUE,rescued
PPM021764,PGS004952,PSS011788,0.8095,122,1577,TRUE,TRUE,TRUE,rescued
PPM022167,PGS005087,PSS011826,0.603,848,244529,TRUE,TRUE,TRUE,rescued
PPM022168,PGS005088,PSS011826,0.604,848,244529,TRUE,TRUE,TRUE,rescued
PPM022169,PGS005089,PSS011826,0.603,848,244529,TRUE,TRUE,TRUE,rescued
PPM022177,PGS005090,PSS011829,0.9,103,1759,TRUE,TRUE,TRUE,rescued
PPM022178,PGS005091,PSS011830,0.776,11344,89149,TRUE,TRUE,TRUE,rescued
PPM022179,PGS005091,PSS011832,0.8,8137,25577,TRUE,TRUE,TRUE,rescued
PPM022180,PGS005091,PSS011831,0.791,6761,21323,TRUE,TRUE,TRUE,rescued
PPM022181,PGS005092,PSS011830,0.774,11344,89149,TRUE,TRUE,TRUE,rescued
PPM022182,PGS005092,PSS011832,0.801,8137,25577,TRUE,TRUE,TRUE,rescued
PPM022183,PGS005092,PSS011831,0.793,6761,21323,TRUE,TRUE,TRUE,rescued
PPM022475,PGS005170,PSS011955,0.756,361,3341,TRUE,TRUE,TRUE,rescued
PPM022482,PGS005170,PSS011966,0.761,284,1748,TRUE,TRUE,TRUE,rescued
PPM022989,PGS005282,PSS012087,0.59,3365,8842,TRUE,TRUE,TRUE,rescued
PPM022990,PGS005283,PSS012087,0.63,3365,8842,TRUE,TRUE,TRUE,rescued
PPM022991,PGS005284,PSS012087,0.63,3365,8842,TRUE,TRUE,TRUE,rescued
PPM023036,PGS005314,PSS012101,0.74,402,1494,TRUE,TRUE,TRUE,rescued
PPM023037,PGS005314,PSS012102,0.63,300,355,TRUE,TRUE,TRUE,rescued
PPM023038,PGS005314,PSS012100,0.74,1235,3489,TRUE,TRUE,TRUE,rescued
PPM023074,PGS005323,PSS012111,0.77,237,44782,TRUE,TRUE,TRUE,rescued
PPM023078,PGS005103,PSS012129,0.729023652365236,404,900,TRUE,TRUE,TRUE,rescued
PPM023079,PGS005331,PSS012132,0.727728176155939,8689,25934,TRUE,TRUE,TRUE,rescued
PPM023080,PGS005332,PSS012135,0.726748449438854,1517,5088,TRUE,TRUE,TRUE,rescued
PPM023086,PGS005338,PSS012129,0.730742574257426,404,900,TRUE,TRUE,TRUE,rescued
PPM023087,PGS005339,PSS012132,0.724897588993824,8689,25934,TRUE,TRUE,TRUE,rescued
PPM023088,PGS005340,PSS012135,0.726332047072383,1517,5088,TRUE,TRUE,TRUE,rescued
PPM023118,PGS005334,PSS012130,0.772223715020537,109,1195,TRUE,TRUE,TRUE,rescued
PPM023119,PGS005335,PSS012133,0.745493508581762,2724,31899,TRUE,TRUE,TRUE,rescued
PPM023120,PGS005336,PSS012136,0.720068773052495,1722,4883,TRUE,TRUE,TRUE,rescued
PPM023122,PGS005342,PSS012130,0.777997005873095,109,1195,TRUE,TRUE,TRUE,rescued
PPM023123,PGS005343,PSS012133,0.734544774418561,2724,31899,TRUE,TRUE,TRUE,rescued
PPM023124,PGS005344,PSS012136,0.715952831685363,1722,4883,TRUE,TRUE,TRUE,rescued
PPM023199,PGS005353,PSS012148,0.68035189168604,5366,6986,TRUE,TRUE,TRUE,rescued
PPM023200,PGS005354,PSS012148,0.68035189168604,5366,6986,TRUE,TRUE,TRUE,rescued
PPM023201,PGS005355,PSS012148,0.68035189168604,5366,6986,TRUE,TRUE,TRUE,rescued
PPM023202,PGS005356,PSS012148,0.68035189168604,5366,6986,TRUE,TRUE,TRUE,rescued
PPM023203,PGS005357,PSS012148,0.68035189168604,5366,6986,TRUE,TRUE,TRUE,rescued
PPM023204,PGS005353,PSS012153,0.640334791595404,773,1509,TRUE,TRUE,TRUE,rescued
PPM023205,PGS005354,PSS012153,0.640334791595404,773,1509,TRUE,TRUE,TRUE,rescued
PPM023206,PGS005355,PSS012153,0.640334791595404,773,1509,TRUE,TRUE,TRUE,rescued
PPM023207,PGS005356,PSS012153,0.640334791595404,773,1509,TRUE,TRUE,TRUE,rescued
PPM023208,PGS005357,PSS012153,0.640334791595404,773,1509,TRUE,TRUE,TRUE,rescued
PPM023209,PGS005353,PSS012162,0.629241256929811,376,779,TRUE,TRUE,TRUE,rescued
PPM023210,PGS005354,PSS012162,0.629241256929811,376,779,TRUE,TRUE,TRUE,rescued
PPM023211,PGS005355,PSS012162,0.629241256929811,376,779,TRUE,TRUE,TRUE,rescued
PPM023212,PGS005356,PSS012162,0.629241256929811,376,779,TRUE,TRUE,TRUE,rescued
PPM023213,PGS005357,PSS012162,0.629241256929811,376,779,TRUE,TRUE,TRUE,rescued
PPM023249,PGS005358,PSS012151,0.765548748620214,3691,4917,TRUE,TRUE,TRUE,rescued
PPM023250,PGS005359,PSS012151,0.765548748620214,3691,4917,TRUE,TRUE,TRUE,rescued
PPM023251,PGS005360,PSS012151,0.765548748620214,3691,4917,TRUE,TRUE,TRUE,rescued
PPM023252,PGS005361,PSS012151,0.765548748620214,3691,4917,TRUE,TRUE,TRUE,rescued
PPM023253,PGS005362,PSS012151,0.765548748620214,3691,4917,TRUE,TRUE,TRUE,rescued
PPM023254,PGS005358,PSS012156,0.723358262527992,1340,2786,TRUE,TRUE,TRUE,rescued
PPM023255,PGS005359,PSS012156,0.723358262527992,1340,2786,TRUE,TRUE,TRUE,rescued
PPM023256,PGS005360,PSS012156,0.723358262527992,1340,2786,TRUE,TRUE,TRUE,rescued
PPM023257,PGS005361,PSS012156,0.723358262527992,1340,2786,TRUE,TRUE,TRUE,rescued
PPM023258,PGS005362,PSS012156,0.723358262527992,1340,2786,TRUE,TRUE,TRUE,rescued
PPM023259,PGS005358,PSS012164,0.721251776801549,307,779,TRUE,TRUE,TRUE,rescued
PPM023260,PGS005359,PSS012164,0.721251776801549,307,779,TRUE,TRUE,TRUE,rescued
PPM023261,PGS005360,PSS012164,0.721251776801549,307,779,TRUE,TRUE,TRUE,rescued
PPM023262,PGS005361,PSS012164,0.721251776801549,307,779,TRUE,TRUE,TRUE,rescued
PPM023263,PGS005362,PSS012164,0.721251776801549,307,779,TRUE,TRUE,TRUE,rescued
PPM023264,PGS005358,PSS012165,0.71248165333738,396,1287,TRUE,TRUE,TRUE,rescued
PPM023265,PGS005359,PSS012165,0.71248165333738,396,1287,TRUE,TRUE,TRUE,rescued
PPM023266,PGS005360,PSS012165,0.71248165333738,396,1287,TRUE,TRUE,TRUE,rescued
PPM023267,PGS005361,PSS012165,0.71248165333738,396,1287,TRUE,TRUE,TRUE,rescued
PPM023268,PGS005362,PSS012165,0.71248165333738,396,1287,TRUE,TRUE,TRUE,rescued
PPM023299,PGS005363,PSS012149,0.803544575725027,252,665,TRUE,TRUE,TRUE,rescued
PPM023300,PGS005364,PSS012149,0.803544575725027,252,665,TRUE,TRUE,TRUE,rescued
PPM023301,PGS005365,PSS012149,0.803544575725027,252,665,TRUE,TRUE,TRUE,rescued
PPM023302,PGS005366,PSS012149,0.803544575725027,252,665,TRUE,TRUE,TRUE,rescued
PPM023303,PGS005367,PSS012149,0.803544575725027,252,665,TRUE,TRUE,TRUE,rescued
PPM023304,PGS005363,PSS012152,0.722513540572109,922,1924,TRUE,TRUE,TRUE,rescued
PPM023305,PGS005364,PSS012152,0.722513540572109,922,1924,TRUE,TRUE,TRUE,rescued
PPM023306,PGS005365,PSS012152,0.722513540572109,922,1924,TRUE,TRUE,TRUE,rescued
PPM023307,PGS005366,PSS012152,0.722513540572109,922,1924,TRUE,TRUE,TRUE,rescued
PPM023308,PGS005367,PSS012152,0.722513540572109,922,1924,TRUE,TRUE,TRUE,rescued
PPM023309,PGS005363,PSS012154,0.749537116406652,190,614,TRUE,TRUE,TRUE,rescued
PPM023310,PGS005364,PSS012154,0.749537116406652,190,614,TRUE,TRUE,TRUE,rescued
PPM023311,PGS005365,PSS012154,0.749537116406652,190,614,TRUE,TRUE,TRUE,rescued
PPM023312,PGS005366,PSS012154,0.749537116406652,190,614,TRUE,TRUE,TRUE,rescued
PPM023313,PGS005367,PSS012154,0.749537116406652,190,614,TRUE,TRUE,TRUE,rescued
PPM023314,PGS005363,PSS012159,0.715149798590131,1200,7944,TRUE,TRUE,TRUE,rescued
PPM023315,PGS005364,PSS012159,0.715149798590131,1200,7944,TRUE,TRUE,TRUE,rescued
PPM023316,PGS005365,PSS012159,0.715149798590131,1200,7944,TRUE,TRUE,TRUE,rescued
PPM023317,PGS005366,PSS012159,0.715149798590131,1200,7944,TRUE,TRUE,TRUE,rescued
PPM023318,PGS005367,PSS012159,0.715149798590131,1200,7944,TRUE,TRUE,TRUE,rescued
PPM023319,PGS005363,PSS012160,0.791383618913031,1875,11322,TRUE,TRUE,TRUE,rescued
PPM023320,PGS005364,PSS012160,0.791383618913031,1875,11322,TRUE,TRUE,TRUE,rescued
PPM023321,PGS005365,PSS012160,0.791383618913031,1875,11322,TRUE,TRUE,TRUE,rescued
PPM023322,PGS005366,PSS012160,0.791383618913031,1875,11322,TRUE,TRUE,TRUE,rescued
PPM023323,PGS005367,PSS012160,0.791383618913031,1875,11322,TRUE,TRUE,TRUE,rescued
PPM023324,PGS005363,PSS012166,0.859999905863304,1057,603,TRUE,TRUE,TRUE,rescued
PPM023325,PGS005364,PSS012166,0.859999905863304,1057,603,TRUE,TRUE,TRUE,rescued
PPM023326,PGS005365,PSS012166,0.859999905863304,1057,603,TRUE,TRUE,TRUE,rescued
PPM023327,PGS005366,PSS012166,0.859999905863304,1057,603,TRUE,TRUE,TRUE,rescued
PPM023328,PGS005367,PSS012166,0.859999905863304,1057,603,TRUE,TRUE,TRUE,rescued
PPM023329,PGS005363,PSS012167,0.834288046941376,2354,1280,TRUE,TRUE,TRUE,rescued
PPM023330,PGS005364,PSS012167,0.834288046941376,2354,1280,TRUE,TRUE,TRUE,rescued
PPM023331,PGS005365,PSS012167,0.834288046941376,2354,1280,TRUE,TRUE,TRUE,rescued
PPM023332,PGS005366,PSS012167,0.834288046941376,2354,1280,TRUE,TRUE,TRUE,rescued
PPM023333,PGS005367,PSS012167,0.834288046941376,2354,1280,TRUE,TRUE,TRUE,rescued
PPM023334,PGS005368,PSS012150,0.757096822406426,8924,32812,TRUE,TRUE,TRUE,rescued
PPM023335,PGS005369,PSS012150,0.757096822406426,8924,32812,TRUE,TRUE,TRUE,rescued
PPM023336,PGS005370,PSS012150,0.757096822406426,8924,32812,TRUE,TRUE,TRUE,rescued
PPM023337,PGS005371,PSS012150,0.757096822406426,8924,32812,TRUE,TRUE,TRUE,rescued
PPM023338,PGS005372,PSS012150,0.757096822406426,8924,32812,TRUE,TRUE,TRUE,rescued
PPM023339,PGS005368,PSS012155,0.6923278573457,1165,6408,TRUE,TRUE,TRUE,rescued
PPM023340,PGS005369,PSS012155,0.6923278573457,1165,6408,TRUE,TRUE,TRUE,rescued
PPM023341,PGS005370,PSS012155,0.6923278573457,1165,6408,TRUE,TRUE,TRUE,rescued
PPM023342,PGS005371,PSS012155,0.6923278573457,1165,6408,TRUE,TRUE,TRUE,rescued
PPM023343,PGS005372,PSS012155,0.6923278573457,1165,6408,TRUE,TRUE,TRUE,rescued
PPM023344,PGS005368,PSS012158,0.721415251527467,3694,18075,TRUE,TRUE,TRUE,rescued
PPM023345,PGS005369,PSS012158,0.721415251527467,3694,18075,TRUE,TRUE,TRUE,rescued
PPM023346,PGS005370,PSS012158,0.721415251527467,3694,18075,TRUE,TRUE,TRUE,rescued
PPM023347,PGS005371,PSS012158,0.721415251527467,3694,18075,TRUE,TRUE,TRUE,rescued
PPM023348,PGS005372,PSS012158,0.721415251527467,3694,18075,TRUE,TRUE,TRUE,rescued
PPM023349,PGS005368,PSS012163,0.729716477355709,2530,20653,TRUE,TRUE,TRUE,rescued
PPM023350,PGS005369,PSS012163,0.729716477355709,2530,20653,TRUE,TRUE,TRUE,rescued
PPM023351,PGS005370,PSS012163,0.729716477355709,2530,20653,TRUE,TRUE,TRUE,rescued
PPM023352,PGS005371,PSS012163,0.729716477355709,2530,20653,TRUE,TRUE,TRUE,rescued
PPM023353,PGS005372,PSS012163,0.729716477355709,2530,20653,TRUE,TRUE,TRUE,rescued
PPM023384,PGS005373,PSS012146,0.718509641482174,793,604,TRUE,TRUE,TRUE,rescued
PPM023385,PGS005374,PSS012146,0.718509641482174,793,604,TRUE,TRUE,TRUE,rescued
PPM023386,PGS005375,PSS012146,0.718509641482174,793,604,TRUE,TRUE,TRUE,rescued
PPM023387,PGS005376,PSS012146,0.718509641482174,793,604,TRUE,TRUE,TRUE,rescued
PPM023388,PGS005377,PSS012146,0.718509641482174,793,604,TRUE,TRUE,TRUE,rescued
PPM023389,PGS005373,PSS012147,0.801444788441692,171,255,TRUE,TRUE,TRUE,rescued
PPM023390,PGS005374,PSS012147,0.801444788441692,171,255,TRUE,TRUE,TRUE,rescued
PPM023391,PGS005375,PSS012147,0.801444788441692,171,255,TRUE,TRUE,TRUE,rescued
PPM023392,PGS005376,PSS012147,0.801444788441692,171,255,TRUE,TRUE,TRUE,rescued
PPM023393,PGS005377,PSS012147,0.801444788441692,171,255,TRUE,TRUE,TRUE,rescued
PPM023394,PGS005373,PSS012157,0.6732169850213,247,383,TRUE,TRUE,TRUE,rescued
PPM023395,PGS005374,PSS012157,0.6732169850213,247,383,TRUE,TRUE,TRUE,rescued
PPM023396,PGS005375,PSS012157,0.6732169850213,247,383,TRUE,TRUE,TRUE,rescued
PPM023397,PGS005376,PSS012157,0.6732169850213,247,383,TRUE,TRUE,TRUE,rescued
PPM023398,PGS005377,PSS012157,0.6732169850213,247,383,TRUE,TRUE,TRUE,rescued
PPM023399,PGS005373,PSS012161,0.794071741194455,465,1393,TRUE,TRUE,TRUE,rescued
PPM023400,PGS005374,PSS012161,0.794071741194455,465,1393,TRUE,TRUE,TRUE,rescued
PPM023401,PGS005375,PSS012161,0.794071741194455,465,1393,TRUE,TRUE,TRUE,rescued
PPM023402,PGS005376,PSS012161,0.794071741194455,465,1393,TRUE,TRUE,TRUE,rescued
PPM023403,PGS005377,PSS012161,0.794071741194455,465,1393,TRUE,TRUE,TRUE,rescued
PPM023410,PGS005384,PSS012170,0.639,525,3760,TRUE,TRUE,TRUE,rescued
PPM023437,PGS005394,PSS012183,0.63,112,989,TRUE,TRUE,TRUE,rescued
PPM023438,PGS005395,PSS012184,0.89,250,2261,TRUE,TRUE,TRUE,rescued
PPM023439,PGS005396,PSS012182,0.77,166,1399,TRUE,TRUE,TRUE,rescued
PPM023446,PGS005402,PSS012191,0.629,415,2406,TRUE,TRUE,TRUE,rescued
PPM030615,PGS012530,PSS012203,0.786,2681,2562,TRUE,TRUE,TRUE,rescued
PPM030644,PGS012539,PSS012214,0.73,63,502,TRUE,TRUE,TRUE,rescued
PPM030687,PGS012558,PSS012247,0.669,56,2034,TRUE,TRUE,TRUE,rescued
PPM030689,PGS012560,PSS012250,0.59,6833,415748,TRUE,TRUE,TRUE,rescued
PPM030691,PGS012560,PSS012251,0.55,226,8716,TRUE,TRUE,TRUE,rescued
PPM030692,PGS012561,PSS012250,0.59,6833,415748,TRUE,TRUE,TRUE,rescued
PPM036559,PGS000329,PSS012311,0.561,670,273,TRUE,TRUE,TRUE,rescued
PPM036560,PGS000018,PSS012311,0.63,670,273,TRUE,TRUE,TRUE,rescued
PPM036561,PGS000013,PSS012311,0.64,670,273,TRUE,TRUE,TRUE,rescued
PPM036562,PGS000329,PSS012311,0.589,670,273,TRUE,TRUE,TRUE,rescued
PPM036563,PGS000018,PSS012311,0.635,670,273,TRUE,TRUE,TRUE,rescued
PPM036564,PGS000013,PSS012311,0.63,670,273,TRUE,TRUE,TRUE,rescued
PPM036601,PGS018419,PSS012338,0.665842593662742,3481,14911,TRUE,TRUE,TRUE,rescued
PPM036602,PGS018420,PSS012337,0.667064802824827,3481,14911,TRUE,TRUE,TRUE,rescued
PPM036603,PGS018421,PSS012339,0.658588348128803,3481,14911,TRUE,TRUE,TRUE,rescued
PPM036604,PGS018422,PSS012340,0.665241979361949,3481,14911,TRUE,TRUE,TRUE,rescued
PPM036605,PGS018423,PSS012341,0.662048695668994,3481,14911,TRUE,TRUE,TRUE,rescued
PPM036606,PGS018424,PSS012322,0.731494946255585,1504,14911,TRUE,TRUE,TRUE,rescued
PPM036607,PGS018425,PSS012321,0.732506399673524,1504,14911,TRUE,TRUE,TRUE,rescued
PPM036608,PGS018426,PSS012323,0.708744445768296,1504,14911,TRUE,TRUE,TRUE,rescued
PPM036609,PGS018427,PSS012324,0.728070683930327,1504,14911,TRUE,TRUE,TRUE,rescued
PPM036610,PGS018428,PSS012325,0.738332813701722,1504,14911,TRUE,TRUE,TRUE,rescued
PPM036611,PGS018429,PSS012326,0.713206693045403,1504,14911,TRUE,TRUE,TRUE,rescued
PPM036612,PGS018430,PSS012328,0.651989517649683,1720,14911,TRUE,TRUE,TRUE,rescued
PPM036613,PGS018431,PSS012327,0.653081617597747,1720,14911,TRUE,TRUE,TRUE,rescued
PPM036614,PGS018432,PSS012329,0.647705962353374,1720,14911,TRUE,TRUE,TRUE,rescued
PPM036615,PGS018433,PSS012330,0.652726643199261,1720,14911,TRUE,TRUE,TRUE,rescued
PPM036616,PGS018434,PSS012331,0.647464217925583,1720,14911,TRUE,TRUE,TRUE,rescued
PPM036617,PGS018435,PSS012333,0.672746520319629,535,14911,TRUE,TRUE,TRUE,rescued
PPM036618,PGS018436,PSS012332,0.670780963937431,535,14911,TRUE,TRUE,TRUE,rescued
PPM036619,PGS018437,PSS012334,0.664922778579698,535,14911,TRUE,TRUE,TRUE,rescued
PPM036620,PGS018438,PSS012335,0.670887765853096,535,14911,TRUE,TRUE,TRUE,rescued
PPM036621,PGS018439,PSS012336,0.670991935327178,535,14911,TRUE,TRUE,TRUE,rescued
PPM036622,PGS018440,PSS012343,0.683280878542083,339,14911,TRUE,TRUE,TRUE,rescued
PPM036623,PGS018441,PSS012342,0.68572784559082,339,14911,TRUE,TRUE,TRUE,rescued
PPM036624,PGS018442,PSS012344,0.687741563562289,339,14911,TRUE,TRUE,TRUE,rescued
PPM036625,PGS018443,PSS012345,0.691242770032379,339,14911,TRUE,TRUE,TRUE,rescued
PPM036626,PGS018444,PSS012346,0.68781436523372,339,14911,TRUE,TRUE,TRUE,rescued
PPM036627,PGS018445,PSS012348,0.644422604182718,519,18156,TRUE,TRUE,TRUE,rescued
PPM036628,PGS018446,PSS012347,0.640933043997621,519,18156,TRUE,TRUE,TRUE,rescued
PPM036629,PGS018447,PSS012349,0.637476806660834,519,18156,TRUE,TRUE,TRUE,rescued
PPM036630,PGS018448,PSS012350,0.644023578992767,519,18156,TRUE,TRUE,TRUE,rescued
PPM036631,PGS018449,PSS012351,0.642058698303421,519,18156,TRUE,TRUE,TRUE,rescued
PPM036632,PGS018450,PSS012353,0.662269015752368,224,18156,TRUE,TRUE,TRUE,rescued
PPM036633,PGS018451,PSS012352,0.662746278286595,224,18156,TRUE,TRUE,TRUE,rescued
PPM036634,PGS018452,PSS012354,0.662224018821012,224,18156,TRUE,TRUE,TRUE,rescued
PPM036635,PGS018453,PSS012355,0.662964869936739,224,18156,TRUE,TRUE,TRUE,rescued
PPM036636,PGS018454,PSS012356,0.662645219604696,224,18156,TRUE,TRUE,TRUE,rescued
PPM036637,PGS018455,PSS012363,0.707874519091975,360,18859,TRUE,TRUE,TRUE,rescued
PPM036638,PGS018456,PSS012362,0.710555967972851,360,18859,TRUE,TRUE,TRUE,rescued
PPM036639,PGS018457,PSS012364,0.711165756402779,360,18859,TRUE,TRUE,TRUE,rescued
PPM036640,PGS018458,PSS012365,0.710304835298207,360,18859,TRUE,TRUE,TRUE,rescued
PPM036641,PGS018459,PSS012366,0.712122417236686,360,18859,TRUE,TRUE,TRUE,rescued
PPM036642,PGS018460,PSS012358,0.686156681463566,201,18859,TRUE,TRUE,TRUE,rescued
PPM036643,PGS018461,PSS012357,0.685989955836175,201,18859,TRUE,TRUE,TRUE,rescued
PPM036644,PGS018462,PSS012359,0.686037177176844,201,18859,TRUE,TRUE,TRUE,rescued
PPM036645,PGS018463,PSS012360,0.68621841215472,201,18859,TRUE,TRUE,TRUE,rescued
PPM036646,PGS018464,PSS012361,0.685629860137775,201,18859,TRUE,TRUE,TRUE,rescued
PPM036647,PGS018465,PSS012373,0.72272710365137,335,18859,TRUE,TRUE,TRUE,rescued
PPM036648,PGS018466,PSS012372,0.721281972343068,335,18859,TRUE,TRUE,TRUE,rescued
PPM036649,PGS018467,PSS012374,0.720099750465552,335,18859,TRUE,TRUE,TRUE,rescued
PPM036650,PGS018468,PSS012375,0.719453635898138,335,18859,TRUE,TRUE,TRUE,rescued
PPM036651,PGS018469,PSS012376,0.718380946426466,335,18859,TRUE,TRUE,TRUE,rescued
PPM036652,PGS018470,PSS012368,0.707296024953452,211,18859,TRUE,TRUE,TRUE,rescued
PPM036653,PGS018471,PSS012367,0.711860454070605,211,18859,TRUE,TRUE,TRUE,rescued
PPM036654,PGS018472,PSS012369,0.695271394175132,211,18859,TRUE,TRUE,TRUE,rescued
PPM036655,PGS018473,PSS012370,0.709547203504983,211,18859,TRUE,TRUE,TRUE,rescued
PPM036656,PGS018474,PSS012371,0.698657208935656,211,18859,TRUE,TRUE,TRUE,rescued
PPM036657,PGS018475,PSS012378,0.674043484369921,157,15322,TRUE,TRUE,TRUE,rescued
PPM036658,PGS018476,PSS012377,0.674028103297619,157,15322,TRUE,TRUE,TRUE,rescued
PPM036659,PGS018477,PSS012379,0.678081639406141,157,15322,TRUE,TRUE,TRUE,rescued
PPM036660,PGS018478,PSS012380,0.677628937034878,157,15322,TRUE,TRUE,TRUE,rescued
PPM036661,PGS018479,PSS012381,0.673265285252378,157,15322,TRUE,TRUE,TRUE,rescued
PPM036662,PGS018480,PSS012383,0.616140190575643,230,15322,TRUE,TRUE,TRUE,rescued
PPM036663,PGS018481,PSS012382,0.615591107983406,230,15322,TRUE,TRUE,TRUE,rescued
PPM036664,PGS018482,PSS012384,0.615641050379392,230,15322,TRUE,TRUE,TRUE,rescued
PPM036665,PGS018483,PSS012385,0.615648428233345,230,15322,TRUE,TRUE,TRUE,rescued
PPM036666,PGS018484,PSS012386,0.617214803380192,230,15322,TRUE,TRUE,TRUE,rescued
PPM036667,PGS018485,PSS012398,0.64113209608989,638,16581,TRUE,TRUE,TRUE,rescued
PPM036668,PGS018486,PSS012397,0.646823449962273,638,16581,TRUE,TRUE,TRUE,rescued
PPM036669,PGS018487,PSS012399,0.644242598177201,638,16581,TRUE,TRUE,TRUE,rescued
PPM036670,PGS018488,PSS012400,0.642781262460205,638,16581,TRUE,TRUE,TRUE,rescued
PPM036671,PGS018489,PSS012401,0.640008042592846,638,16581,TRUE,TRUE,TRUE,rescued
PPM036672,PGS018490,PSS012388,0.628220273927444,442,16581,TRUE,TRUE,TRUE,rescued
PPM036673,PGS018491,PSS012387,0.639747260193412,442,16581,TRUE,TRUE,TRUE,rescued
PPM036674,PGS018492,PSS012389,0.624612863057291,442,16581,TRUE,TRUE,TRUE,rescued
PPM036675,PGS018493,PSS012390,0.630488993972003,442,16581,TRUE,TRUE,TRUE,rescued
PPM036676,PGS018494,PSS012391,0.628203217933845,442,16581,TRUE,TRUE,TRUE,rescued
PPM036677,PGS018495,PSS012393,0.648450006326286,337,16581,TRUE,TRUE,TRUE,rescued
PPM036678,PGS018496,PSS012392,0.649983884525512,337,16581,TRUE,TRUE,TRUE,rescued
PPM036679,PGS018497,PSS012394,0.648102284317057,337,16581,TRUE,TRUE,TRUE,rescued
PPM036680,PGS018498,PSS012395,0.64899208042096,337,16581,TRUE,TRUE,TRUE,rescued
PPM036681,PGS018499,PSS012396,0.648107295236387,337,16581,TRUE,TRUE,TRUE,rescued
PPM036682,PGS018500,PSS012408,0.650335390218044,417,15322,TRUE,TRUE,TRUE,rescued
PPM036683,PGS018501,PSS012407,0.651304514409618,417,15322,TRUE,TRUE,TRUE,rescued
PPM036684,PGS018502,PSS012409,0.642956930630929,417,15322,TRUE,TRUE,TRUE,rescued
PPM036685,PGS018503,PSS012410,0.650492372059799,417,15322,TRUE,TRUE,TRUE,rescued
PPM036686,PGS018504,PSS012411,0.641578213737586,417,15322,TRUE,TRUE,TRUE,rescued
PPM036687,PGS018505,PSS012403,0.652260701053287,390,15322,TRUE,TRUE,TRUE,rescued
PPM036688,PGS018506,PSS012402,0.65257983325468,390,15322,TRUE,TRUE,TRUE,rescued
PPM036689,PGS018507,PSS012404,0.641627925657426,390,15322,TRUE,TRUE,TRUE,rescued
PPM036690,PGS018508,PSS012405,0.647497314068258,390,15322,TRUE,TRUE,TRUE,rescued
PPM036691,PGS018509,PSS012406,0.641581570324554,390,15322,TRUE,TRUE,TRUE,rescued
PPM036692,PGS018510,PSS012413,0.589270758996415,274,15322,TRUE,TRUE,TRUE,rescued
PPM036693,PGS018511,PSS012412,0.589734764286266,274,15322,TRUE,TRUE,TRUE,rescued
PPM036694,PGS018512,PSS012414,0.590413145736725,274,15322,TRUE,TRUE,TRUE,rescued
PPM036695,PGS018513,PSS012415,0.589055906444338,274,15322,TRUE,TRUE,TRUE,rescued
PPM036696,PGS018514,PSS012416,0.588908939676454,274,15322,TRUE,TRUE,TRUE,rescued
PPM036697,PGS018515,PSS012423,0.604024490708683,515,19363,TRUE,TRUE,TRUE,rescued
PPM036698,PGS018516,PSS012422,0.619993692303758,515,19363,TRUE,TRUE,TRUE,rescued
PPM036699,PGS018517,PSS012424,0.588395944823201,515,19363,TRUE,TRUE,TRUE,rescued
PPM036700,PGS018518,PSS012425,0.603262352530023,515,19363,TRUE,TRUE,TRUE,rescued
PPM036701,PGS018519,PSS012426,0.613340927973429,515,19363,TRUE,TRUE,TRUE,rescued
PPM036702,PGS018520,PSS012418,0.60747412510329,512,19363,TRUE,TRUE,TRUE,rescued
PPM036703,PGS018521,PSS012417,0.621433173933533,512,19363,TRUE,TRUE,TRUE,rescued
PPM036704,PGS018522,PSS012419,0.594242240355317,512,19363,TRUE,TRUE,TRUE,rescued
PPM036705,PGS018523,PSS012420,0.621056630235501,512,19363,TRUE,TRUE,TRUE,rescued
PPM036706,PGS018524,PSS012421,0.615013774660435,512,19363,TRUE,TRUE,TRUE,rescued
PPM036707,PGS018525,PSS012438,0.820052320778386,1127,17400,TRUE,TRUE,TRUE,rescued
PPM036708,PGS018526,PSS012437,0.825052218788565,1127,17400,TRUE,TRUE,TRUE,rescued
PPM036709,PGS018527,PSS012439,0.817490642433885,1127,17400,TRUE,TRUE,TRUE,rescued
PPM036710,PGS018528,PSS012440,0.823481728523493,1127,17400,TRUE,TRUE,TRUE,rescued
PPM036711,PGS018529,PSS012441,0.821140399188161,1127,17400,TRUE,TRUE,TRUE,rescued
PPM036712,PGS018530,PSS012433,0.665853842834757,1026,8281,TRUE,TRUE,TRUE,rescued
PPM036713,PGS018531,PSS012432,0.676342871831594,1026,8281,TRUE,TRUE,TRUE,rescued
PPM036714,PGS018532,PSS012434,0.659294286246282,1026,8281,TRUE,TRUE,TRUE,rescued
PPM036715,PGS018533,PSS012435,0.664048470005671,1026,8281,TRUE,TRUE,TRUE,rescued
PPM036716,PGS018534,PSS012436,0.666290856285073,1026,8281,TRUE,TRUE,TRUE,rescued
PPM036717,PGS018535,PSS012428,0.666546212919839,925,8281,TRUE,TRUE,TRUE,rescued
PPM036718,PGS018536,PSS012427,0.675636249702184,925,8281,TRUE,TRUE,TRUE,rescued
PPM036719,PGS018537,PSS012429,0.663280645698228,925,8281,TRUE,TRUE,TRUE,rescued
PPM036720,PGS018538,PSS012430,0.674255296233318,925,8281,TRUE,TRUE,TRUE,rescued
PPM036721,PGS018539,PSS012431,0.66761423904281,925,8281,TRUE,TRUE,TRUE,rescued
PPM036722,PGS018540,PSS012453,0.714233834618562,404,7886,TRUE,TRUE,TRUE,rescued
PPM036723,PGS018541,PSS012452,0.713726920498289,404,7886,TRUE,TRUE,TRUE,rescued
PPM036724,PGS018542,PSS012454,0.713616749070291,404,7886,TRUE,TRUE,TRUE,rescued
PPM036725,PGS018543,PSS012455,0.713499358431912,404,7886,TRUE,TRUE,TRUE,rescued
PPM036726,PGS018544,PSS012456,0.714086939381232,404,7886,TRUE,TRUE,TRUE,rescued
PPM036727,PGS018545,PSS012443,0.679777012298674,158,7886,TRUE,TRUE,TRUE,rescued
PPM036728,PGS018546,PSS012442,0.679920673393323,158,7886,TRUE,TRUE,TRUE,rescued
PPM036729,PGS018547,PSS012444,0.677837988808881,158,7886,TRUE,TRUE,TRUE,rescued
PPM036730,PGS018548,PSS012445,0.68000414129189,158,7886,TRUE,TRUE,TRUE,rescued
PPM036731,PGS018549,PSS012446,0.683464046202692,158,7886,TRUE,TRUE,TRUE,rescued
PPM036732,PGS018550,PSS012448,0.74730699504983,270,7886,TRUE,TRUE,TRUE,rescued
PPM036733,PGS018551,PSS012447,0.747044927250355,270,7886,TRUE,TRUE,TRUE,rescued
PPM036734,PGS018552,PSS012449,0.746978236161599,270,7886,TRUE,TRUE,TRUE,rescued
PPM036735,PGS018553,PSS012450,0.746996552728229,270,7886,TRUE,TRUE,TRUE,rescued
PPM036736,PGS018554,PSS012451,0.747136979739059,270,7886,TRUE,TRUE,TRUE,rescued
PPM036737,PGS018555,PSS012458,0.650503838042369,279,7901,TRUE,TRUE,TRUE,rescued
PPM036738,PGS018556,PSS012457,0.651843897986689,279,7901,TRUE,TRUE,TRUE,rescued
PPM036739,PGS018557,PSS012459,0.645797297107258,279,7901,TRUE,TRUE,TRUE,rescued
PPM036740,PGS018558,PSS012460,0.6506408380773,279,7901,TRUE,TRUE,TRUE,rescued
PPM036741,PGS018559,PSS012461,0.650413563184915,279,7901,TRUE,TRUE,TRUE,rescued
PPM036742,PGS018560,PSS012463,0.74218541815962,285,6610,TRUE,TRUE,TRUE,rescued
PPM036743,PGS018561,PSS012462,0.747265440454389,285,6610,TRUE,TRUE,TRUE,rescued
PPM036744,PGS018562,PSS012464,0.706506356663216,285,6610,TRUE,TRUE,TRUE,rescued
PPM036745,PGS018563,PSS012465,0.733786129468907,285,6610,TRUE,TRUE,TRUE,rescued
PPM036746,PGS018564,PSS012466,0.67626668789978,285,6610,TRUE,TRUE,TRUE,rescued
PPM036747,PGS018565,PSS012473,0.646111074514505,221,19508,TRUE,TRUE,TRUE,rescued
PPM036748,PGS018566,PSS012472,0.646912462876351,221,19508,TRUE,TRUE,TRUE,rescued
PPM036749,PGS018567,PSS012474,0.648420371918424,221,19508,TRUE,TRUE,TRUE,rescued
PPM036750,PGS018568,PSS012475,0.646505853962222,221,19508,TRUE,TRUE,TRUE,rescued
PPM036751,PGS018569,PSS012476,0.643978987156447,221,19508,TRUE,TRUE,TRUE,rescued
PPM036752,PGS018570,PSS012468,0.647925842074479,217,19508,TRUE,TRUE,TRUE,rescued
PPM036753,PGS018571,PSS012467,0.649282251213965,217,19508,TRUE,TRUE,TRUE,rescued
PPM036754,PGS018572,PSS012469,0.648422152698314,217,19508,TRUE,TRUE,TRUE,rescued
PPM036755,PGS018573,PSS012470,0.646429823425861,217,19508,TRUE,TRUE,TRUE,rescued
PPM036756,PGS018574,PSS012471,0.645414524491429,217,19508,TRUE,TRUE,TRUE,rescued
PPM036757,PGS018575,PSS012478,0.694722136484407,197,19472,TRUE,TRUE,TRUE,rescued
PPM036758,PGS018576,PSS012477,0.694456494083396,197,19472,TRUE,TRUE,TRUE,rescued
PPM036759,PGS018577,PSS012479,0.694550342232919,197,19472,TRUE,TRUE,TRUE,rescued
PPM036760,PGS018578,PSS012480,0.695621514584002,197,19472,TRUE,TRUE,TRUE,rescued
PPM036761,PGS018579,PSS012481,0.696182778656011,197,19472,TRUE,TRUE,TRUE,rescued
PPM036762,PGS018580,PSS012483,0.748371612020489,439,19139,TRUE,TRUE,TRUE,rescued
PPM036763,PGS018581,PSS012482,0.751471461449573,439,19139,TRUE,TRUE,TRUE,rescued
PPM036764,PGS018582,PSS012484,0.736120154900827,439,19139,TRUE,TRUE,TRUE,rescued
PPM036765,PGS018583,PSS012485,0.750322214143478,439,19139,TRUE,TRUE,TRUE,rescued
PPM036766,PGS018584,PSS012486,0.750154040319585,439,19139,TRUE,TRUE,TRUE,rescued
PPM036767,PGS018585,PSS012493,0.608200857034125,992,16868,TRUE,TRUE,TRUE,rescued
PPM036768,PGS018586,PSS012492,0.60805563550376,992,16868,TRUE,TRUE,TRUE,rescued
PPM036769,PGS018587,PSS012494,0.607674174998279,992,16868,TRUE,TRUE,TRUE,rescued
PPM036770,PGS018588,PSS012495,0.608251774212672,992,16868,TRUE,TRUE,TRUE,rescued
PPM036771,PGS018589,PSS012496,0.607886329908894,992,16868,TRUE,TRUE,TRUE,rescued
PPM036772,PGS018590,PSS012488,0.608332166264685,977,16868,TRUE,TRUE,TRUE,rescued
PPM036773,PGS018591,PSS012487,0.608277615412976,977,16868,TRUE,TRUE,TRUE,rescued
PPM036774,PGS018592,PSS012489,0.607836961035765,977,16868,TRUE,TRUE,TRUE,rescued
PPM036775,PGS018593,PSS012490,0.608698670318439,977,16868,TRUE,TRUE,TRUE,rescued
PPM036776,PGS018594,PSS012491,0.608448792223512,977,16868,TRUE,TRUE,TRUE,rescued
PPM036777,PGS018595,PSS012503,0.676168595692798,438,16868,TRUE,TRUE,TRUE,rescued
PPM036778,PGS018596,PSS012502,0.67811711240543,438,16868,TRUE,TRUE,TRUE,rescued
PPM036779,PGS018597,PSS012504,0.677505730772271,438,16868,TRUE,TRUE,TRUE,rescued
PPM036780,PGS018598,PSS012505,0.67670945932045,438,16868,TRUE,TRUE,TRUE,rescued
PPM036781,PGS018599,PSS012506,0.676672508426969,438,16868,TRUE,TRUE,TRUE,rescued
PPM036782,PGS018600,PSS012498,0.692592161389214,166,16868,TRUE,TRUE,TRUE,rescued
PPM036783,PGS018601,PSS012497,0.691558265311662,166,16868,TRUE,TRUE,TRUE,rescued
PPM036784,PGS018602,PSS012499,0.690667579018945,166,16868,TRUE,TRUE,TRUE,rescued
PPM036785,PGS018603,PSS012500,0.69098899748865,166,16868,TRUE,TRUE,TRUE,rescued
PPM036786,PGS018604,PSS012501,0.690914356977352,166,16868,TRUE,TRUE,TRUE,rescued
PPM036787,PGS018605,PSS012508,0.607702923835349,1288,16868,TRUE,TRUE,TRUE,rescued
PPM036788,PGS018606,PSS012507,0.607673373965478,1288,16868,TRUE,TRUE,TRUE,rescued
PPM036789,PGS018607,PSS012509,0.607694362658096,1288,16868,TRUE,TRUE,TRUE,rescued
PPM036790,PGS018608,PSS012510,0.607920359326418,1288,16868,TRUE,TRUE,TRUE,rescued
PPM036791,PGS018609,PSS012511,0.607739561991761,1288,16868,TRUE,TRUE,TRUE,rescued
PPM036792,PGS018610,PSS012513,0.594002599186252,1308,17399,TRUE,TRUE,TRUE,rescued
PPM036793,PGS018611,PSS012512,0.59583523816705,1308,17399,TRUE,TRUE,TRUE,rescued
PPM036794,PGS018612,PSS012514,0.596313270139431,1308,17399,TRUE,TRUE,TRUE,rescued
PPM036795,PGS018613,PSS012515,0.594433350856925,1308,17399,TRUE,TRUE,TRUE,rescued
PPM036796,PGS018614,PSS012516,0.594939900409054,1308,17399,TRUE,TRUE,TRUE,rescued
PPM036797,PGS018615,PSS012518,0.587374233480707,1877,16014,TRUE,TRUE,TRUE,rescued
PPM036798,PGS018616,PSS012517,0.589696588740047,1877,16014,TRUE,TRUE,TRUE,rescued
PPM036799,PGS018617,PSS012519,0.588457895026455,1877,16014,TRUE,TRUE,TRUE,rescued
PPM036800,PGS018618,PSS012520,0.589456455223416,1877,16014,TRUE,TRUE,TRUE,rescued
PPM036801,PGS018619,PSS012521,0.587480194307871,1877,16014,TRUE,TRUE,TRUE,rescued
PPM036802,PGS018620,PSS012528,0.827623924497459,1075,8479,TRUE,TRUE,TRUE,rescued
PPM036803,PGS018621,PSS012527,0.827895676596352,1075,8479,TRUE,TRUE,TRUE,rescued
PPM036804,PGS018622,PSS012529,0.82716632336525,1075,8479,TRUE,TRUE,TRUE,rescued
PPM036805,PGS018623,PSS012530,0.828120582451309,1075,8479,TRUE,TRUE,TRUE,rescued
PPM036806,PGS018624,PSS012531,0.828241263641774,1075,8479,TRUE,TRUE,TRUE,rescued
PPM036807,PGS018625,PSS012523,0.830224226365351,938,8479,TRUE,TRUE,TRUE,rescued
PPM036808,PGS018626,PSS012522,0.831039485235189,938,8479,TRUE,TRUE,TRUE,rescued
PPM036809,PGS018627,PSS012524,0.830088936645434,938,8479,TRUE,TRUE,TRUE,rescued
PPM036810,PGS018628,PSS012525,0.830544973647423,938,8479,TRUE,TRUE,TRUE,rescued
PPM036811,PGS018629,PSS012526,0.830036379858328,938,8479,TRUE,TRUE,TRUE,rescued
PPM036812,PGS018630,PSS012533,0.660170382926,191,19472,TRUE,TRUE,TRUE,rescued
PPM036813,PGS018631,PSS012532,0.661563442419132,191,19472,TRUE,TRUE,TRUE,rescued
PPM036814,PGS018632,PSS012534,0.660913294213304,191,19472,TRUE,TRUE,TRUE,rescued
PPM036815,PGS018633,PSS012535,0.659072820901109,191,19472,TRUE,TRUE,TRUE,rescued
PPM036816,PGS018634,PSS012536,0.659157786506171,191,19472,TRUE,TRUE,TRUE,rescued
PPM036817,PGS018635,PSS012538,0.717753817993659,155,19139,TRUE,TRUE,TRUE,rescued
PPM036818,PGS018636,PSS012537,0.720373363626711,155,19139,TRUE,TRUE,TRUE,rescued
PPM036819,PGS018637,PSS012539,0.71458548580925,155,19139,TRUE,TRUE,TRUE,rescued
PPM036820,PGS018638,PSS012540,0.717680331833834,155,19139,TRUE,TRUE,TRUE,rescued
PPM036821,PGS018639,PSS012541,0.718897235673148,155,19139,TRUE,TRUE,TRUE,rescued
PPM036822,PGS018640,PSS012543,0.698213801768952,185,19746,TRUE,TRUE,TRUE,rescued
PPM036823,PGS018641,PSS012542,0.698221192934046,185,19746,TRUE,TRUE,TRUE,rescued
PPM036824,PGS018642,PSS012544,0.696217365953009,185,19746,TRUE,TRUE,TRUE,rescued
PPM036825,PGS018643,PSS012545,0.699285246960726,185,19746,TRUE,TRUE,TRUE,rescued
PPM036826,PGS018644,PSS012546,0.696981119679388,185,19746,TRUE,TRUE,TRUE,rescued
PPM036827,PGS018645,PSS012548,0.738843344079459,871,17080,TRUE,TRUE,TRUE,rescued
PPM036828,PGS018646,PSS012547,0.739483070147372,871,17080,TRUE,TRUE,TRUE,rescued
PPM036829,PGS018647,PSS012549,0.729513574265226,871,17080,TRUE,TRUE,TRUE,rescued
PPM036830,PGS018648,PSS012550,0.736669471952075,871,17080,TRUE,TRUE,TRUE,rescued
PPM036831,PGS018649,PSS012551,0.738536487979845,871,17080,TRUE,TRUE,TRUE,rescued
PPM036832,PGS018650,PSS012563,0.731218770346041,1205,17080,TRUE,TRUE,TRUE,rescued
PPM036833,PGS018651,PSS012562,0.734164148211492,1205,17080,TRUE,TRUE,TRUE,rescued
PPM036834,PGS018652,PSS012564,0.724352765118019,1205,17080,TRUE,TRUE,TRUE,rescued
PPM036835,PGS018653,PSS012565,0.733369304323321,1205,17080,TRUE,TRUE,TRUE,rescued
PPM036836,PGS018654,PSS012566,0.734143449911085,1205,17080,TRUE,TRUE,TRUE,rescued
PPM036837,PGS018655,PSS012553,0.71868734743442,189,17080,TRUE,TRUE,TRUE,rescued
PPM036838,PGS018656,PSS012552,0.719528704013481,189,17080,TRUE,TRUE,TRUE,rescued
PPM036839,PGS018657,PSS012554,0.715494777145831,189,17080,TRUE,TRUE,TRUE,rescued
PPM036840,PGS018658,PSS012555,0.715172298427568,189,17080,TRUE,TRUE,TRUE,rescued
PPM036841,PGS018659,PSS012556,0.719195692849089,189,17080,TRUE,TRUE,TRUE,rescued
PPM036842,PGS018660,PSS012558,0.706958645113383,246,17080,TRUE,TRUE,TRUE,rescued
PPM036843,PGS018661,PSS012557,0.707403467184555,246,17080,TRUE,TRUE,TRUE,rescued
PPM036844,PGS018662,PSS012559,0.699427133908341,246,17080,TRUE,TRUE,TRUE,rescued
PPM036845,PGS018663,PSS012560,0.706110650977704,246,17080,TRUE,TRUE,TRUE,rescued
PPM036846,PGS018664,PSS012561,0.707524847203976,246,17080,TRUE,TRUE,TRUE,rescued
PPM036847,PGS018665,PSS012574,0.778500404454215,718,17080,TRUE,TRUE,TRUE,rescued
PPM036848,PGS018666,PSS012573,0.78101160848832,718,17080,TRUE,TRUE,TRUE,rescued
PPM036849,PGS018667,PSS012575,0.772695834121584,718,17080,TRUE,TRUE,TRUE,rescued
PPM036850,PGS018668,PSS012576,0.779215701304039,718,17080,TRUE,TRUE,TRUE,rescued
PPM036851,PGS018669,PSS012577,0.782935212305846,718,17080,TRUE,TRUE,TRUE,rescued
PPM036852,PGS018670,PSS012578,0.773196020040054,718,17080,TRUE,TRUE,TRUE,rescued
PPM036853,PGS018671,PSS012568,0.74791933385376,225,17080,TRUE,TRUE,TRUE,rescued
PPM036854,PGS018672,PSS012567,0.753868852459016,225,17080,TRUE,TRUE,TRUE,rescued
PPM036855,PGS018673,PSS012569,0.750624251886547,225,17080,TRUE,TRUE,TRUE,rescued
PPM036856,PGS018674,PSS012570,0.745616705698673,225,17080,TRUE,TRUE,TRUE,rescued
PPM036857,PGS018675,PSS012571,0.759878740567265,225,17080,TRUE,TRUE,TRUE,rescued
PPM036858,PGS018676,PSS012572,0.740979963570128,225,17080,TRUE,TRUE,TRUE,rescued
PPM036859,PGS018677,PSS012586,0.739059256851488,598,17080,TRUE,TRUE,TRUE,rescued
PPM036860,PGS018678,PSS012585,0.741745611836489,598,17080,TRUE,TRUE,TRUE,rescued
PPM036861,PGS018679,PSS012587,0.737986398847055,598,17080,TRUE,TRUE,TRUE,rescued
PPM036862,PGS018680,PSS012588,0.738465748435456,598,17080,TRUE,TRUE,TRUE,rescued
PPM036863,PGS018681,PSS012589,0.748402951289623,598,17080,TRUE,TRUE,TRUE,rescued
PPM036864,PGS018682,PSS012590,0.73809282307144,598,17080,TRUE,TRUE,TRUE,rescued
PPM036865,PGS018683,PSS012580,0.744097808533056,509,17080,TRUE,TRUE,TRUE,rescued
PPM036866,PGS018684,PSS012579,0.74543072470703,509,17080,TRUE,TRUE,TRUE,rescued
PPM036867,PGS018685,PSS012581,0.74267275688658,509,17080,TRUE,TRUE,TRUE,rescued
PPM036868,PGS018686,PSS012582,0.741471775028411,509,17080,TRUE,TRUE,TRUE,rescued
PPM036869,PGS018687,PSS012583,0.749884859415762,509,17080,TRUE,TRUE,TRUE,rescued
PPM036870,PGS018688,PSS012584,0.738569220080702,509,17080,TRUE,TRUE,TRUE,rescued
PPM036871,PGS018689,PSS012604,0.802416945009662,366,17080,TRUE,TRUE,TRUE,rescued
PPM036872,PGS018690,PSS012603,0.806109468780794,366,17080,TRUE,TRUE,TRUE,rescued
PPM036873,PGS018691,PSS012605,0.801297174338695,366,17080,TRUE,TRUE,TRUE,rescued
PPM036874,PGS018692,PSS012606,0.805023451197195,366,17080,TRUE,TRUE,TRUE,rescued
PPM036875,PGS018693,PSS012607,0.810790270152673,366,17080,TRUE,TRUE,TRUE,rescued
PPM036876,PGS018694,PSS012608,0.797755819608144,366,17080,TRUE,TRUE,TRUE,rescued
PPM036877,PGS018695,PSS012598,0.807306566384435,260,17080,TRUE,TRUE,TRUE,rescued
PPM036878,PGS018696,PSS012597,0.812508782201405,260,17080,TRUE,TRUE,TRUE,rescued
PPM036879,PGS018697,PSS012599,0.805314582958026,260,17080,TRUE,TRUE,TRUE,rescued
PPM036880,PGS018698,PSS012600,0.810188929922537,260,17080,TRUE,TRUE,TRUE,rescued
PPM036881,PGS018699,PSS012601,0.81625315258512,260,17080,TRUE,TRUE,TRUE,rescued
PPM036882,PGS018700,PSS012602,0.804465186452891,260,17080,TRUE,TRUE,TRUE,rescued
PPM036883,PGS018701,PSS012592,0.808298312521406,253,17080,TRUE,TRUE,TRUE,rescued
PPM036884,PGS018702,PSS012591,0.814285020040544,253,17080,TRUE,TRUE,TRUE,rescued
PPM036885,PGS018703,PSS012593,0.806090844294693,253,17080,TRUE,TRUE,TRUE,rescued
PPM036886,PGS018704,PSS012594,0.808041210393313,253,17080,TRUE,TRUE,TRUE,rescued
PPM036887,PGS018705,PSS012595,0.817107358073146,253,17080,TRUE,TRUE,TRUE,rescued
PPM036888,PGS018706,PSS012596,0.805302644611269,253,17080,TRUE,TRUE,TRUE,rescued
PPM036889,PGS018707,PSS012615,0.709555147721131,416,17080,TRUE,TRUE,TRUE,rescued
PPM036890,PGS018708,PSS012614,0.71215968969555,416,17080,TRUE,TRUE,TRUE,rescued
PPM036891,PGS018709,PSS012616,0.707475848946136,416,17080,TRUE,TRUE,TRUE,rescued
PPM036892,PGS018710,PSS012617,0.709409199918933,416,17080,TRUE,TRUE,TRUE,rescued
PPM036893,PGS018711,PSS012618,0.707870203566925,416,17080,TRUE,TRUE,TRUE,rescued
PPM036894,PGS018712,PSS012610,0.716462063408124,186,17080,TRUE,TRUE,TRUE,rescued
PPM036895,PGS018713,PSS012609,0.712999231950845,186,17080,TRUE,TRUE,TRUE,rescued
PPM036896,PGS018714,PSS012611,0.714795648560852,186,17080,TRUE,TRUE,TRUE,rescued
PPM036897,PGS018715,PSS012612,0.719789227166276,186,17080,TRUE,TRUE,TRUE,rescued
PPM036898,PGS018716,PSS012613,0.713198484047241,186,17080,TRUE,TRUE,TRUE,rescued
PPM036899,PGS018717,PSS012678,0.653950633652492,5538,14006,TRUE,TRUE,TRUE,rescued
PPM036900,PGS018718,PSS012677,0.659788068952753,5538,14006,TRUE,TRUE,TRUE,rescued
PPM036901,PGS018719,PSS012679,0.65389324969173,5538,14006,TRUE,TRUE,TRUE,rescued
PPM036902,PGS018720,PSS012680,0.660822836748446,5538,14006,TRUE,TRUE,TRUE,rescued
PPM036903,PGS018721,PSS012681,0.677565931992103,5538,14006,TRUE,TRUE,TRUE,rescued
PPM036904,PGS018722,PSS012682,0.615979160146348,5538,14006,TRUE,TRUE,TRUE,rescued
PPM036905,PGS018723,PSS012650,0.670577876846211,4897,14006,TRUE,TRUE,TRUE,rescued
PPM036906,PGS018724,PSS012649,0.675758888129015,4897,14006,TRUE,TRUE,TRUE,rescued
PPM036907,PGS018725,PSS012651,0.668409941642036,4897,14006,TRUE,TRUE,TRUE,rescued
PPM036908,PGS018726,PSS012652,0.674349357728802,4897,14006,TRUE,TRUE,TRUE,rescued
PPM036909,PGS018727,PSS012653,0.692074381844754,4897,14006,TRUE,TRUE,TRUE,rescued
PPM036910,PGS018728,PSS012654,0.63615782856386,4897,14006,TRUE,TRUE,TRUE,rescued
PPM036911,PGS018729,PSS012661,0.584434823077919,818,14006,TRUE,TRUE,TRUE,rescued
PPM036912,PGS018730,PSS012660,0.587898584853784,818,14006,TRUE,TRUE,TRUE,rescued
PPM036913,PGS018731,PSS012662,0.579771872131643,818,14006,TRUE,TRUE,TRUE,rescued
PPM036914,PGS018732,PSS012663,0.589460262751521,818,14006,TRUE,TRUE,TRUE,rescued
PPM036915,PGS018733,PSS012664,0.58256381215595,818,14006,TRUE,TRUE,TRUE,rescued
PPM036916,PGS018734,PSS012666,0.646722833071541,421,14006,TRUE,TRUE,TRUE,rescued
PPM036917,PGS018735,PSS012665,0.661433528826974,421,14006,TRUE,TRUE,TRUE,rescued
PPM036918,PGS018736,PSS012667,0.636478665573594,421,14006,TRUE,TRUE,TRUE,rescued
PPM036919,PGS018737,PSS012668,0.660400886895097,421,14006,TRUE,TRUE,TRUE,rescued
PPM036920,PGS018738,PSS012669,0.726859170976266,421,14006,TRUE,TRUE,TRUE,rescued
PPM036921,PGS018739,PSS012670,0.652418898856717,421,14006,TRUE,TRUE,TRUE,rescued
PPM036922,PGS018740,PSS012672,0.621870134442665,496,17362,TRUE,TRUE,TRUE,rescued
PPM036923,PGS018741,PSS012671,0.637590297312261,496,17362,TRUE,TRUE,TRUE,rescued
PPM036924,PGS018742,PSS012673,0.636299473079882,496,17362,TRUE,TRUE,TRUE,rescued
PPM036925,PGS018743,PSS012674,0.641289049871614,496,17362,TRUE,TRUE,TRUE,rescued
PPM036926,PGS018744,PSS012675,0.697828103459167,496,17362,TRUE,TRUE,TRUE,rescued
PPM036927,PGS018745,PSS012676,0.630665761525913,496,17362,TRUE,TRUE,TRUE,rescued
PPM036928,PGS018746,PSS012620,0.645494039375159,1259,14006,TRUE,TRUE,TRUE,rescued
PPM036929,PGS018747,PSS012619,0.660587990373353,1259,14006,TRUE,TRUE,TRUE,rescued
PPM036930,PGS018748,PSS012621,0.641977504931791,1259,14006,TRUE,TRUE,TRUE,rescued
PPM036931,PGS018749,PSS012622,0.658629791816216,1259,14006,TRUE,TRUE,TRUE,rescued
PPM036932,PGS018750,PSS012623,0.693075258680128,1259,14006,TRUE,TRUE,TRUE,rescued
PPM036933,PGS018751,PSS012624,0.645009962257183,1259,14006,TRUE,TRUE,TRUE,rescued
PPM036934,PGS018752,PSS012626,0.662650027505388,1809,14006,TRUE,TRUE,TRUE,rescued
PPM036935,PGS018753,PSS012625,0.676850606630168,1809,14006,TRUE,TRUE,TRUE,rescued
PPM036936,PGS018754,PSS012627,0.662561224057257,1809,14006,TRUE,TRUE,TRUE,rescued
PPM036937,PGS018755,PSS012628,0.673575653867682,1809,14006,TRUE,TRUE,TRUE,rescued
PPM036938,PGS018756,PSS012629,0.703350187043743,1809,14006,TRUE,TRUE,TRUE,rescued
PPM036939,PGS018757,PSS012630,0.65498842121441,1809,14006,TRUE,TRUE,TRUE,rescued
PPM036940,PGS018758,PSS012632,0.656482930936736,1443,14006,TRUE,TRUE,TRUE,rescued
PPM036941,PGS018759,PSS012631,0.674459238289026,1443,14006,TRUE,TRUE,TRUE,rescued
PPM036942,PGS018760,PSS012633,0.654663296959456,1443,14006,TRUE,TRUE,TRUE,rescued
PPM036943,PGS018761,PSS012634,0.671000469158402,1443,14006,TRUE,TRUE,TRUE,rescued
PPM036944,PGS018762,PSS012635,0.707173561593096,1443,14006,TRUE,TRUE,TRUE,rescued
PPM036945,PGS018763,PSS012636,0.657239610902327,1443,14006,TRUE,TRUE,TRUE,rescued
PPM036946,PGS018764,PSS012638,0.646881495232202,1503,14006,TRUE,TRUE,TRUE,rescued
PPM036947,PGS018765,PSS012637,0.66574846879139,1503,14006,TRUE,TRUE,TRUE,rescued
PPM036948,PGS018766,PSS012639,0.647594287364155,1503,14006,TRUE,TRUE,TRUE,rescued
PPM036949,PGS018767,PSS012640,0.660421648017212,1503,14006,TRUE,TRUE,TRUE,rescued
PPM036950,PGS018768,PSS012641,0.7003371048374,1503,14006,TRUE,TRUE,TRUE,rescued
PPM036951,PGS018769,PSS012642,0.653580506177896,1503,14006,TRUE,TRUE,TRUE,rescued
PPM036952,PGS018770,PSS012644,0.637336333998594,1147,14006,TRUE,TRUE,TRUE,rescued
PPM036953,PGS018771,PSS012643,0.65416857714859,1147,14006,TRUE,TRUE,TRUE,rescued
PPM036954,PGS018772,PSS012645,0.634503322215501,1147,14006,TRUE,TRUE,TRUE,rescued
PPM036955,PGS018773,PSS012646,0.652212260258121,1147,14006,TRUE,TRUE,TRUE,rescued
PPM036956,PGS018774,PSS012647,0.69172067370305,1147,14006,TRUE,TRUE,TRUE,rescued
PPM036957,PGS018775,PSS012648,0.650491052470849,1147,14006,TRUE,TRUE,TRUE,rescued
PPM036958,PGS018776,PSS012656,0.59687555759492406,553,14006,TRUE,TRUE,TRUE,rescued
PPM036959,PGS018777,PSS012655,0.606829829323986,553,14006,TRUE,TRUE,TRUE,rescued
PPM036960,PGS018778,PSS012657,0.598771670833915,553,14006,TRUE,TRUE,TRUE,rescued
PPM036961,PGS018779,PSS012658,0.600722914152782,553,14006,TRUE,TRUE,TRUE,rescued
PPM036962,PGS018780,PSS012659,0.600041857545423,553,14006,TRUE,TRUE,TRUE,rescued
PPM036963,PGS018781,PSS012684,0.634818778882049,1113,18086,TRUE,TRUE,TRUE,rescued
PPM036964,PGS018782,PSS012683,0.64102731096382,1113,18086,TRUE,TRUE,TRUE,rescued
PPM036965,PGS018783,PSS012685,0.632217947613573,1113,18086,TRUE,TRUE,TRUE,rescued
PPM036966,PGS018784,PSS012686,0.638369598620309,1113,18086,TRUE,TRUE,TRUE,rescued
PPM036967,PGS018785,PSS012687,0.634194875457272,1113,18086,TRUE,TRUE,TRUE,rescued
PPM036968,PGS018786,PSS012714,0.607554945487613,7538,11877,TRUE,TRUE,TRUE,rescued
PPM036969,PGS018787,PSS012713,0.610484783973376,7538,11877,TRUE,TRUE,TRUE,rescued
PPM036970,PGS018788,PSS012715,0.600612522272994,7538,11877,TRUE,TRUE,TRUE,rescued
PPM036971,PGS018789,PSS012716,0.608752325200824,7538,11877,TRUE,TRUE,TRUE,rescued
PPM036972,PGS018790,PSS012717,0.60332171673959,7538,11877,TRUE,TRUE,TRUE,rescued
PPM036973,PGS018791,PSS012704,0.607964460748423,7443,11877,TRUE,TRUE,TRUE,rescued
PPM036974,PGS018792,PSS012703,0.610515339668116,7443,11877,TRUE,TRUE,TRUE,rescued
PPM036975,PGS018793,PSS012705,0.600940146149155,7443,11877,TRUE,TRUE,TRUE,rescued
PPM036976,PGS018794,PSS012706,0.609733296677437,7443,11877,TRUE,TRUE,TRUE,rescued
PPM036977,PGS018795,PSS012707,0.60354829849343306,7443,11877,TRUE,TRUE,TRUE,rescued
PPM036978,PGS018796,PSS012709,0.607880731456918,3620,11877,TRUE,TRUE,TRUE,rescued
PPM036979,PGS018797,PSS012708,0.606393340208593,3620,11877,TRUE,TRUE,TRUE,rescued
PPM036980,PGS018798,PSS012710,0.592190230711943,3620,11877,TRUE,TRUE,TRUE,rescued
PPM036981,PGS018799,PSS012711,0.604958862409681,3620,11877,TRUE,TRUE,TRUE,rescued
PPM036982,PGS018800,PSS012712,0.601560981645662,3620,11877,TRUE,TRUE,TRUE,rescued
PPM036983,PGS018801,PSS012689,0.601185337494709,1168,11877,TRUE,TRUE,TRUE,rescued
PPM036984,PGS018802,PSS012688,0.605235268234564,1168,11877,TRUE,TRUE,TRUE,rescued
PPM036985,PGS018803,PSS012690,0.590953967666296,1168,11877,TRUE,TRUE,TRUE,rescued
PPM036986,PGS018804,PSS012691,0.603484373504217,1168,11877,TRUE,TRUE,TRUE,rescued
PPM036987,PGS018805,PSS012692,0.603425335141825,1168,11877,TRUE,TRUE,TRUE,rescued
PPM036988,PGS018806,PSS012694,0.759857230304313,148,11877,TRUE,TRUE,TRUE,rescued
PPM036989,PGS018807,PSS012693,0.773163097424274,148,11877,TRUE,TRUE,TRUE,rescued
PPM036990,PGS018808,PSS012695,0.736371000958018,148,11877,TRUE,TRUE,TRUE,rescued
PPM036991,PGS018809,PSS012696,0.774328192805081,148,11877,TRUE,TRUE,TRUE,rescued
PPM036992,PGS018810,PSS012697,0.768014604652645,148,11877,TRUE,TRUE,TRUE,rescued
PPM036993,PGS018811,PSS012699,0.593564595808433,2649,11877,TRUE,TRUE,TRUE,rescued
PPM036994,PGS018812,PSS012698,0.600366891377782,2649,11877,TRUE,TRUE,TRUE,rescued
PPM036995,PGS018813,PSS012700,0.584509690414581,2649,11877,TRUE,TRUE,TRUE,rescued
PPM036996,PGS018814,PSS012701,0.596283066652771,2649,11877,TRUE,TRUE,TRUE,rescued
PPM036997,PGS018815,PSS012702,0.59441781087403,2649,11877,TRUE,TRUE,TRUE,rescued
PPM036998,PGS018816,PSS012731,0.725924981776111,1862,17819,TRUE,TRUE,TRUE,rescued
PPM036999,PGS018817,PSS012730,0.728013834543065,1862,17819,TRUE,TRUE,TRUE,rescued
PPM037000,PGS018818,PSS012732,0.719156901095627,1862,17819,TRUE,TRUE,TRUE,rescued
PPM037001,PGS018819,PSS012733,0.727638416107934,1862,17819,TRUE,TRUE,TRUE,rescued
PPM037002,PGS018820,PSS012734,0.732205253579541,1862,17819,TRUE,TRUE,TRUE,rescued
PPM037003,PGS018821,PSS012735,0.7242780956062,1862,17819,TRUE,TRUE,TRUE,rescued
PPM037004,PGS018822,PSS012725,0.725353467317205,1852,17819,TRUE,TRUE,TRUE,rescued
PPM037005,PGS018823,PSS012724,0.727595928921455,1852,17819,TRUE,TRUE,TRUE,rescued
PPM037006,PGS018824,PSS012726,0.718914348348288,1852,17819,TRUE,TRUE,TRUE,rescued
PPM037007,PGS018825,PSS012727,0.726799978230823,1852,17819,TRUE,TRUE,TRUE,rescued
PPM037008,PGS018826,PSS012728,0.732221000298538,1852,17819,TRUE,TRUE,TRUE,rescued
PPM037009,PGS018827,PSS012729,0.724002832902051,1852,17819,TRUE,TRUE,TRUE,rescued
PPM037010,PGS018828,PSS012719,0.712592270866242,1266,17819,TRUE,TRUE,TRUE,rescued
PPM037011,PGS018829,PSS012718,0.71587781010507,1266,17819,TRUE,TRUE,TRUE,rescued
PPM037012,PGS018830,PSS012720,0.709416666289875,1266,17819,TRUE,TRUE,TRUE,rescued
PPM037013,PGS018831,PSS012721,0.716202161687823,1266,17819,TRUE,TRUE,TRUE,rescued
PPM037014,PGS018832,PSS012722,0.722230304784099,1266,17819,TRUE,TRUE,TRUE,rescued
PPM037015,PGS018833,PSS012723,0.714091371840077,1266,17819,TRUE,TRUE,TRUE,rescued
PPM037016,PGS018834,PSS012742,0.632905241841016,491,19386,TRUE,TRUE,TRUE,rescued
PPM037017,PGS018835,PSS012741,0.633091930410234,491,19386,TRUE,TRUE,TRUE,rescued
PPM037018,PGS018836,PSS012743,0.631181655647103,491,19386,TRUE,TRUE,TRUE,rescued
PPM037019,PGS018837,PSS012744,0.631287974629685,491,19386,TRUE,TRUE,TRUE,rescued
PPM037020,PGS018838,PSS012745,0.630339718565669,491,19386,TRUE,TRUE,TRUE,rescued
PPM037021,PGS018839,PSS012737,0.683802164191689,249,19386,TRUE,TRUE,TRUE,rescued
PPM037022,PGS018840,PSS012736,0.685949617100404,249,19386,TRUE,TRUE,TRUE,rescued
PPM037023,PGS018841,PSS012738,0.672712308016757,249,19386,TRUE,TRUE,TRUE,rescued
PPM037024,PGS018842,PSS012739,0.678203788019094,249,19386,TRUE,TRUE,TRUE,rescued
PPM037025,PGS018843,PSS012740,0.683250903127624,249,19386,TRUE,TRUE,TRUE,rescued
PPM037026,PGS018844,PSS012753,0.773835403326366,337,19566,TRUE,TRUE,TRUE,rescued
PPM037027,PGS018845,PSS012752,0.776535235985879,337,19566,TRUE,TRUE,TRUE,rescued
PPM037028,PGS018846,PSS012754,0.775655917383483,337,19566,TRUE,TRUE,TRUE,rescued
PPM037029,PGS018847,PSS012755,0.773234227241527,337,19566,TRUE,TRUE,TRUE,rescued
PPM037030,PGS018848,PSS012756,0.786497105892223,337,19566,TRUE,TRUE,TRUE,rescued
PPM037031,PGS018849,PSS012757,0.772261031747982,337,19566,TRUE,TRUE,TRUE,rescued
PPM037032,PGS018850,PSS012747,0.761749273310255,277,19566,TRUE,TRUE,TRUE,rescued
PPM037033,PGS018851,PSS012746,0.764125014622359,277,19566,TRUE,TRUE,TRUE,rescued
PPM037034,PGS018852,PSS012748,0.763092685277747,277,19566,TRUE,TRUE,TRUE,rescued
PPM037035,PGS018853,PSS012749,0.761576757146321,277,19566,TRUE,TRUE,TRUE,rescued
PPM037036,PGS018854,PSS012750,0.775976413811478,277,19566,TRUE,TRUE,TRUE,rescued
PPM037037,PGS018855,PSS012751,0.763338636129645,277,19566,TRUE,TRUE,TRUE,rescued
PPM037038,PGS018856,PSS012764,0.702177421547605,705,19041,TRUE,TRUE,TRUE,rescued
PPM037039,PGS018857,PSS012763,0.702379449199022,705,19041,TRUE,TRUE,TRUE,rescued
PPM037040,PGS018858,PSS012765,0.702355015176284,705,19041,TRUE,TRUE,TRUE,rescued
PPM037041,PGS018859,PSS012766,0.702490072747088,705,19041,TRUE,TRUE,TRUE,rescued
PPM037042,PGS018860,PSS012767,0.702335348767739,705,19041,TRUE,TRUE,TRUE,rescued
PPM037043,PGS018861,PSS012759,0.717335057830901,354,19041,TRUE,TRUE,TRUE,rescued
PPM037044,PGS018862,PSS012758,0.712241232641902,354,19041,TRUE,TRUE,TRUE,rescued
PPM037045,PGS018863,PSS012760,0.712478306550509,354,19041,TRUE,TRUE,TRUE,rescued
PPM037046,PGS018864,PSS012761,0.71397937902065,354,19041,TRUE,TRUE,TRUE,rescued
PPM037047,PGS018865,PSS012762,0.717939314420236,354,19041,TRUE,TRUE,TRUE,rescued
PPM037048,PGS018866,PSS012779,0.838910517315454,679,18072,TRUE,TRUE,TRUE,rescued
PPM037049,PGS018867,PSS012778,0.839560266543057,679,18072,TRUE,TRUE,TRUE,rescued
PPM037050,PGS018868,PSS012780,0.839651783962171,679,18072,TRUE,TRUE,TRUE,rescued
PPM037051,PGS018869,PSS012781,0.839533862585984,679,18072,TRUE,TRUE,TRUE,rescued
PPM037052,PGS018870,PSS012782,0.839184173142156,679,18072,TRUE,TRUE,TRUE,rescued
PPM037053,PGS018871,PSS012769,0.835886957524654,664,18072,TRUE,TRUE,TRUE,rescued
PPM037054,PGS018872,PSS012768,0.836349798263439,664,18072,TRUE,TRUE,TRUE,rescued
PPM037055,PGS018873,PSS012770,0.836146295007387,664,18072,TRUE,TRUE,TRUE,rescued
PPM037056,PGS018874,PSS012771,0.835303031515171,664,18072,TRUE,TRUE,TRUE,rescued
PPM037057,PGS018875,PSS012772,0.836156878510056,664,18072,TRUE,TRUE,TRUE,rescued
PPM037058,PGS018876,PSS012774,0.860304881837174,114,18072,TRUE,TRUE,TRUE,rescued
PPM037059,PGS018877,PSS012773,0.861529030078516,114,18072,TRUE,TRUE,TRUE,rescued
PPM037060,PGS018878,PSS012775,0.861985294688692,114,18072,TRUE,TRUE,TRUE,rescued
PPM037061,PGS018879,PSS012776,0.861458163447574,114,18072,TRUE,TRUE,TRUE,rescued
PPM037062,PGS018880,PSS012777,0.859665140607162,114,18072,TRUE,TRUE,TRUE,rescued
PPM037063,PGS018881,PSS012784,0.82601001888139,98,18072,TRUE,TRUE,TRUE,rescued
PPM037064,PGS018882,PSS012783,0.848971461094398,98,18072,TRUE,TRUE,TRUE,rescued
PPM037065,PGS018883,PSS012785,0.784518953663803,98,18072,TRUE,TRUE,TRUE,rescued
PPM037066,PGS018884,PSS012786,0.8171367816715,98,18072,TRUE,TRUE,TRUE,rescued
PPM037067,PGS018885,PSS012787,0.816392592893731,98,18072,TRUE,TRUE,TRUE,rescued
PPM037068,PGS018886,PSS012789,0.732421469353053,957,18072,TRUE,TRUE,TRUE,rescued
PPM037069,PGS018887,PSS012788,0.732425690249567,957,18072,TRUE,TRUE,TRUE,rescued
PPM037070,PGS018888,PSS012790,0.731951562148018,957,18072,TRUE,TRUE,TRUE,rescued
PPM037071,PGS018889,PSS012791,0.73168593477015,957,18072,TRUE,TRUE,TRUE,rescued
PPM037072,PGS018890,PSS012792,0.731533346470151,957,18072,TRUE,TRUE,TRUE,rescued
PPM037073,PGS018891,PSS012814,0.622511545317935,526,19015,TRUE,TRUE,TRUE,rescued
PPM037074,PGS018892,PSS012813,0.624373393428642,526,19015,TRUE,TRUE,TRUE,rescued
PPM037075,PGS018893,PSS012815,0.622977257298371,526,19015,TRUE,TRUE,TRUE,rescued
PPM037076,PGS018894,PSS012816,0.625316315216424,526,19015,TRUE,TRUE,TRUE,rescued
PPM037077,PGS018895,PSS012817,0.620770374399239,526,19015,TRUE,TRUE,TRUE,rescued
PPM037078,PGS018896,PSS012804,0.648094149692888,390,19015,TRUE,TRUE,TRUE,rescued
PPM037079,PGS018897,PSS012803,0.651535697189129,390,19015,TRUE,TRUE,TRUE,rescued
PPM037080,PGS018898,PSS012805,0.650538239042052,390,19015,TRUE,TRUE,TRUE,rescued
PPM037081,PGS018899,PSS012806,0.650261669262458,390,19015,TRUE,TRUE,TRUE,rescued
PPM037082,PGS018900,PSS012807,0.650780692705489,390,19015,TRUE,TRUE,TRUE,rescued
PPM037083,PGS018901,PSS012809,0.616919433162384,278,19015,TRUE,TRUE,TRUE,rescued
PPM037084,PGS018902,PSS012808,0.616410179770987,278,19015,TRUE,TRUE,TRUE,rescued
PPM037085,PGS018903,PSS012810,0.614755673767586,278,19015,TRUE,TRUE,TRUE,rescued
PPM037086,PGS018904,PSS012811,0.617802870509272,278,19015,TRUE,TRUE,TRUE,rescued
PPM037087,PGS018905,PSS012812,0.614700813632554,278,19015,TRUE,TRUE,TRUE,rescued
PPM037088,PGS018906,PSS012794,0.761442370058726,75,19015,TRUE,TRUE,TRUE,rescued
PPM037089,PGS018907,PSS012793,0.755854500832676,75,19015,TRUE,TRUE,TRUE,rescued
PPM037090,PGS018908,PSS012795,0.764197388026996,75,19015,TRUE,TRUE,TRUE,rescued
PPM037091,PGS018909,PSS012796,0.759895521079849,75,19015,TRUE,TRUE,TRUE,rescued
PPM037092,PGS018910,PSS012797,0.761736173196599,75,19015,TRUE,TRUE,TRUE,rescued
PPM037093,PGS018911,PSS012799,0.658317337189938,240,19015,TRUE,TRUE,TRUE,rescued
PPM037094,PGS018912,PSS012798,0.652637391533,240,19015,TRUE,TRUE,TRUE,rescued
PPM037095,PGS018913,PSS012800,0.651713997721097,240,19015,TRUE,TRUE,TRUE,rescued
PPM037096,PGS018914,PSS012801,0.654726750810763,240,19015,TRUE,TRUE,TRUE,rescued
PPM037097,PGS018915,PSS012802,0.651296564116049,240,19015,TRUE,TRUE,TRUE,rescued
PPM037098,PGS018916,PSS012824,0.584532972514426,398,19015,TRUE,TRUE,TRUE,rescued
PPM037099,PGS018917,PSS012823,0.586018972062521,398,19015,TRUE,TRUE,TRUE,rescued
PPM037100,PGS018918,PSS012825,0.585326316039836,398,19015,TRUE,TRUE,TRUE,rescued
PPM037101,PGS018919,PSS012826,0.585951847060704,398,19015,TRUE,TRUE,TRUE,rescued
PPM037102,PGS018920,PSS012827,0.585075786505496,398,19015,TRUE,TRUE,TRUE,rescued
PPM037103,PGS018921,PSS012819,0.632273266188989,281,19015,TRUE,TRUE,TRUE,rescued
PPM037104,PGS018922,PSS012818,0.631934893130821,281,19015,TRUE,TRUE,TRUE,rescued
PPM037105,PGS018923,PSS012820,0.631788913603514,281,19015,TRUE,TRUE,TRUE,rescued
PPM037106,PGS018924,PSS012821,0.631996840853306,281,19015,TRUE,TRUE,TRUE,rescued
PPM037107,PGS018925,PSS012822,0.63183776059919,281,19015,TRUE,TRUE,TRUE,rescued
PPM037108,PGS018926,PSS012834,0.611370465511933,234,19015,TRUE,TRUE,TRUE,rescued
PPM037109,PGS018927,PSS012833,0.611513177855539,234,19015,TRUE,TRUE,TRUE,rescued
PPM037110,PGS018928,PSS012835,0.614085595942025,234,19015,TRUE,TRUE,TRUE,rescued
PPM037111,PGS018929,PSS012836,0.611391591433664,234,19015,TRUE,TRUE,TRUE,rescued
PPM037112,PGS018930,PSS012837,0.611257644100137,234,19015,TRUE,TRUE,TRUE,rescued
PPM037113,PGS018931,PSS012829,0.682541019327767,143,19015,TRUE,TRUE,TRUE,rescued
PPM037114,PGS018932,PSS012828,0.682285056515927,143,19015,TRUE,TRUE,TRUE,rescued
PPM037115,PGS018933,PSS012830,0.684182711845084,143,19015,TRUE,TRUE,TRUE,rescued
PPM037116,PGS018934,PSS012831,0.681997098352607,143,19015,TRUE,TRUE,TRUE,rescued
PPM037117,PGS018935,PSS012832,0.680578637770329,143,19015,TRUE,TRUE,TRUE,rescued
PPM037118,PGS018936,PSS012839,0.671172877820259,506,14188,TRUE,TRUE,TRUE,rescued
PPM037119,PGS018937,PSS012838,0.669110092479198,506,14188,TRUE,TRUE,TRUE,rescued
PPM037120,PGS018938,PSS012840,0.665853290260321,506,14188,TRUE,TRUE,TRUE,rescued
PPM037121,PGS018939,PSS012841,0.672542821356577,506,14188,TRUE,TRUE,TRUE,rescued
PPM037122,PGS018940,PSS012842,0.668331167796423,506,14188,TRUE,TRUE,TRUE,rescued
PPM037123,PGS018941,PSS012844,0.591452695024274,454,14188,TRUE,TRUE,TRUE,rescued
PPM037124,PGS018942,PSS012843,0.5935045934456,454,14188,TRUE,TRUE,TRUE,rescued
PPM037125,PGS018943,PSS012845,0.596117243709085,454,14188,TRUE,TRUE,TRUE,rescued
PPM037126,PGS018944,PSS012846,0.59421593479133,454,14188,TRUE,TRUE,TRUE,rescued
PPM037127,PGS018945,PSS012847,0.592363528650507,454,14188,TRUE,TRUE,TRUE,rescued
PPM037128,PGS018946,PSS012849,0.635427879515585,2518,14188,TRUE,TRUE,TRUE,rescued
PPM037129,PGS018947,PSS012848,0.635455227017294,2518,14188,TRUE,TRUE,TRUE,rescued
PPM037130,PGS018948,PSS012850,0.635330441794551,2518,14188,TRUE,TRUE,TRUE,rescued
PPM037131,PGS018949,PSS012851,0.635752718571199,2518,14188,TRUE,TRUE,TRUE,rescued
PPM037132,PGS018950,PSS012852,0.636129173587049,2518,14188,TRUE,TRUE,TRUE,rescued
PPM037133,PGS018951,PSS012854,0.665435551771694,103,19831,TRUE,TRUE,TRUE,rescued
PPM037134,PGS018952,PSS012853,0.665189296154447,103,19831,TRUE,TRUE,TRUE,rescued
PPM037135,PGS018953,PSS012855,0.663528172279059,103,19831,TRUE,TRUE,TRUE,rescued
PPM037136,PGS018954,PSS012856,0.661806341253495,103,19831,TRUE,TRUE,TRUE,rescued
PPM037137,PGS018955,PSS012857,0.662380121737419,103,19831,TRUE,TRUE,TRUE,rescued
PPM037138,PGS018956,PSS012864,0.795132704420966,185,19347,TRUE,TRUE,TRUE,rescued
PPM037139,PGS018957,PSS012863,0.79610471069612,185,19347,TRUE,TRUE,TRUE,rescued
PPM037140,PGS018958,PSS012865,0.78417018351892,185,19347,TRUE,TRUE,TRUE,rescued
PPM037141,PGS018959,PSS012866,0.813385970867751,185,19347,TRUE,TRUE,TRUE,rescued
PPM037142,PGS018960,PSS012867,0.797293246107016,185,19347,TRUE,TRUE,TRUE,rescued
PPM037143,PGS018961,PSS012859,0.796775621477126,156,19347,TRUE,TRUE,TRUE,rescued
PPM037144,PGS018962,PSS012858,0.796239859621779,156,19347,TRUE,TRUE,TRUE,rescued
PPM037145,PGS018963,PSS012860,0.782413426583065,156,19347,TRUE,TRUE,TRUE,rescued
PPM037146,PGS018964,PSS012861,0.815851327907461,156,19347,TRUE,TRUE,TRUE,rescued
PPM037147,PGS018965,PSS012862,0.797508856471486,156,19347,TRUE,TRUE,TRUE,rescued
PPM037148,PGS018966,PSS012874,0.58291669258522,160,16076,TRUE,TRUE,TRUE,rescued
PPM037149,PGS018967,PSS012873,0.582975398108982,160,16076,TRUE,TRUE,TRUE,rescued
PPM037150,PGS018968,PSS012875,0.584121127768102,160,16076,TRUE,TRUE,TRUE,rescued
PPM037151,PGS018969,PSS012876,0.583521242846479,160,16076,TRUE,TRUE,TRUE,rescued
PPM037152,PGS018970,PSS012877,0.583339294600647,160,16076,TRUE,TRUE,TRUE,rescued
PPM037153,PGS018971,PSS012879,0.59938193969271,128,16076,TRUE,TRUE,TRUE,rescued
PPM037154,PGS018972,PSS012878,0.593661066963175,128,16076,TRUE,TRUE,TRUE,rescued
PPM037155,PGS018973,PSS012880,0.592863099496143,128,16076,TRUE,TRUE,TRUE,rescued
PPM037156,PGS018974,PSS012881,0.593622675105748,128,16076,TRUE,TRUE,TRUE,rescued
PPM037157,PGS018975,PSS012882,0.594296719488679,128,16076,TRUE,TRUE,TRUE,rescued
PPM037158,PGS018976,PSS012869,0.636931010753315,1195,16076,TRUE,TRUE,TRUE,rescued
PPM037159,PGS018977,PSS012868,0.637669865211376,1195,16076,TRUE,TRUE,TRUE,rescued
PPM037160,PGS018978,PSS012870,0.638866794858314,1195,16076,TRUE,TRUE,TRUE,rescued
PPM037161,PGS018979,PSS012871,0.637370762934638,1195,16076,TRUE,TRUE,TRUE,rescued
PPM037162,PGS018980,PSS012872,0.636650804078118,1195,16076,TRUE,TRUE,TRUE,rescued
PPM037163,PGS018981,PSS012884,0.643311642868211,282,18353,TRUE,TRUE,TRUE,rescued
PPM037164,PGS018982,PSS012883,0.639317668126223,282,18353,TRUE,TRUE,TRUE,rescued
PPM037165,PGS018983,PSS012885,0.638507705273994,282,18353,TRUE,TRUE,TRUE,rescued
PPM037166,PGS018984,PSS012886,0.638565283740112,282,18353,TRUE,TRUE,TRUE,rescued
PPM037167,PGS018985,PSS012887,0.639414276290849,282,18353,TRUE,TRUE,TRUE,rescued
PPM037168,PGS018986,PSS012889,0.763748987565522,654,18010,TRUE,TRUE,TRUE,rescued
PPM037169,PGS018987,PSS012888,0.763716640602316,654,18010,TRUE,TRUE,TRUE,rescued
PPM037170,PGS018988,PSS012890,0.760134532802877,654,18010,TRUE,TRUE,TRUE,rescued
PPM037171,PGS018989,PSS012891,0.762855243519146,654,18010,TRUE,TRUE,TRUE,rescued
PPM037172,PGS018990,PSS012892,0.763348173882332,654,18010,TRUE,TRUE,TRUE,rescued
PPM037173,PGS018991,PSS012894,0.700836220480115,123,18353,TRUE,TRUE,TRUE,rescued
PPM037174,PGS018992,PSS012893,0.700663899789981,123,18353,TRUE,TRUE,TRUE,rescued
PPM037175,PGS018993,PSS012895,0.701523288321751,123,18353,TRUE,TRUE,TRUE,rescued
PPM037176,PGS018994,PSS012896,0.700272302129113,123,18353,TRUE,TRUE,TRUE,rescued
PPM037177,PGS018995,PSS012897,0.700600553109547,123,18353,TRUE,TRUE,TRUE,rescued
PPM037178,PGS018996,PSS012899,0.673065892095392,178,18119,TRUE,TRUE,TRUE,rescued
PPM037179,PGS018997,PSS012898,0.671759299165132,178,18119,TRUE,TRUE,TRUE,rescued
PPM037180,PGS018998,PSS012900,0.67501244890986,178,18119,TRUE,TRUE,TRUE,rescued
PPM037181,PGS018999,PSS012901,0.673033645853164,178,18119,TRUE,TRUE,TRUE,rescued
PPM037182,PGS019000,PSS012902,0.671711859981855,178,18119,TRUE,TRUE,TRUE,rescued
PPM037183,PGS019001,PSS012904,0.605420538319962,669,18375,TRUE,TRUE,TRUE,rescued
PPM037184,PGS019002,PSS012903,0.606184720824055,669,18375,TRUE,TRUE,TRUE,rescued
PPM037185,PGS019003,PSS012905,0.60195243179484,669,18375,TRUE,TRUE,TRUE,rescued
PPM037186,PGS019004,PSS012906,0.604800097617522,669,18375,TRUE,TRUE,TRUE,rescued
PPM037187,PGS019005,PSS012907,0.606759850726539,669,18375,TRUE,TRUE,TRUE,rescued
PPM037188,PGS019006,PSS012909,0.64518254909714,216,17422,TRUE,TRUE,TRUE,rescued
PPM037189,PGS019007,PSS012908,0.644045204658223,216,17422,TRUE,TRUE,TRUE,rescued
PPM037190,PGS019008,PSS012910,0.64402208574089,216,17422,TRUE,TRUE,TRUE,rescued
PPM037191,PGS019009,PSS012911,0.644183918162221,216,17422,TRUE,TRUE,TRUE,rescued
PPM037192,PGS019010,PSS012912,0.644560995675965,216,17422,TRUE,TRUE,TRUE,rescued
PPM037193,PGS019011,PSS012934,0.560049174662585,1281,17362,TRUE,TRUE,TRUE,rescued
PPM037194,PGS019012,PSS012933,0.566211429646933,1281,17362,TRUE,TRUE,TRUE,rescued
PPM037195,PGS019013,PSS012935,0.563231355528836,1281,17362,TRUE,TRUE,TRUE,rescued
PPM037196,PGS019014,PSS012936,0.563366557974152,1281,17362,TRUE,TRUE,TRUE,rescued
PPM037197,PGS019015,PSS012937,0.562314478819528,1281,17362,TRUE,TRUE,TRUE,rescued
PPM037198,PGS019016,PSS012924,0.58428402568808,563,17362,TRUE,TRUE,TRUE,rescued
PPM037199,PGS019017,PSS012923,0.585983087541584,563,17362,TRUE,TRUE,TRUE,rescued
PPM037200,PGS019018,PSS012925,0.584256812871785,563,17362,TRUE,TRUE,TRUE,rescued
PPM037201,PGS019019,PSS012926,0.586620440344289,563,17362,TRUE,TRUE,TRUE,rescued
PPM037202,PGS019020,PSS012927,0.585466657854898,563,17362,TRUE,TRUE,TRUE,rescued
PPM037203,PGS019021,PSS012929,0.666011500211189,168,17362,TRUE,TRUE,TRUE,rescued
PPM037204,PGS019022,PSS012928,0.665875735733759,168,17362,TRUE,TRUE,TRUE,rescued
PPM037205,PGS019023,PSS012930,0.665985444402389,168,17362,TRUE,TRUE,TRUE,rescued
PPM037206,PGS019024,PSS012931,0.665918590682443,168,17362,TRUE,TRUE,TRUE,rescued
PPM037207,PGS019025,PSS012932,0.667175097777851,168,17362,TRUE,TRUE,TRUE,rescued
PPM037208,PGS019026,PSS012914,0.658450087355527,192,17362,TRUE,TRUE,TRUE,rescued
PPM037209,PGS019027,PSS012913,0.66466906894367,192,17362,TRUE,TRUE,TRUE,rescued
PPM037210,PGS019028,PSS012915,0.656237100660446,192,17362,TRUE,TRUE,TRUE,rescued
PPM037211,PGS019029,PSS012916,0.661637424163883,192,17362,TRUE,TRUE,TRUE,rescued
PPM037212,PGS019030,PSS012917,0.657937713589064,192,17362,TRUE,TRUE,TRUE,rescued
PPM037213,PGS019031,PSS012919,0.590182876514273,539,17362,TRUE,TRUE,TRUE,rescued
PPM037214,PGS019032,PSS012918,0.5932178884686,539,17362,TRUE,TRUE,TRUE,rescued
PPM037215,PGS019033,PSS012920,0.588564068117115,539,17362,TRUE,TRUE,TRUE,rescued
PPM037216,PGS019034,PSS012921,0.591099941248871,539,17362,TRUE,TRUE,TRUE,rescued
PPM037217,PGS019035,PSS012922,0.592572138970678,539,17362,TRUE,TRUE,TRUE,rescued
PPM037218,PGS019036,PSS012944,0.590976715217446,818,17422,TRUE,TRUE,TRUE,rescued
PPM037219,PGS019037,PSS012943,0.601179858869389,818,17422,TRUE,TRUE,TRUE,rescued
PPM037220,PGS019038,PSS012945,0.599811482488908,818,17422,TRUE,TRUE,TRUE,rescued
PPM037221,PGS019039,PSS012946,0.595840166677941,818,17422,TRUE,TRUE,TRUE,rescued
PPM037222,PGS019040,PSS012947,0.587688850816451,818,17422,TRUE,TRUE,TRUE,rescued
PPM037223,PGS019041,PSS012939,0.672616997665787,192,17422,TRUE,TRUE,TRUE,rescued
PPM037224,PGS019042,PSS012938,0.676837595186163,192,17422,TRUE,TRUE,TRUE,rescued
PPM037225,PGS019043,PSS012940,0.668541092679754,192,17422,TRUE,TRUE,TRUE,rescued
PPM037226,PGS019044,PSS012941,0.678667178471664,192,17422,TRUE,TRUE,TRUE,rescued
PPM037227,PGS019045,PSS012942,0.661720812765469,192,17422,TRUE,TRUE,TRUE,rescued
PPM037228,PGS019046,PSS012949,0.587379975059685,1749,17544,TRUE,TRUE,TRUE,rescued
PPM037229,PGS019047,PSS012948,0.587410120616119,1749,17544,TRUE,TRUE,TRUE,rescued
PPM037230,PGS019048,PSS012950,0.587208943837883,1749,17544,TRUE,TRUE,TRUE,rescued
PPM037231,PGS019049,PSS012951,0.587287289694821,1749,17544,TRUE,TRUE,TRUE,rescued
PPM037232,PGS019050,PSS012952,0.587366482886319,1749,17544,TRUE,TRUE,TRUE,rescued
PPM037233,PGS019051,PSS012954,0.591821974701867,496,19165,TRUE,TRUE,TRUE,rescued
PPM037234,PGS019052,PSS012953,0.593723121786186,496,19165,TRUE,TRUE,TRUE,rescued
PPM037235,PGS019053,PSS012955,0.592283059676999,496,19165,TRUE,TRUE,TRUE,rescued
PPM037236,PGS019054,PSS012956,0.59266440419784,496,19165,TRUE,TRUE,TRUE,rescued
PPM037237,PGS019055,PSS012957,0.602757041986821,496,19165,TRUE,TRUE,TRUE,rescued
PPM037238,PGS019056,PSS012959,0.642501650394357,340,16930,TRUE,TRUE,TRUE,rescued
PPM037239,PGS019057,PSS012958,0.645163823355686,340,16930,TRUE,TRUE,TRUE,rescued
PPM037240,PGS019058,PSS012960,0.642394114172544,340,16930,TRUE,TRUE,TRUE,rescued
PPM037241,PGS019059,PSS012961,0.641930787672423,340,16930,TRUE,TRUE,TRUE,rescued
PPM037242,PGS019060,PSS012962,0.643035509537542,340,16930,TRUE,TRUE,TRUE,rescued
PPM037243,PGS019061,PSS012964,0.694775823242764,128,16930,TRUE,TRUE,TRUE,rescued
PPM037244,PGS019062,PSS012963,0.684144731984643,128,16930,TRUE,TRUE,TRUE,rescued
PPM037245,PGS019063,PSS012965,0.696228957471943,128,16930,TRUE,TRUE,TRUE,rescued
PPM037246,PGS019064,PSS012966,0.69329130980508,128,16930,TRUE,TRUE,TRUE,rescued
PPM037247,PGS019065,PSS012967,0.695750886001181,128,16930,TRUE,TRUE,TRUE,rescued
PPM037248,PGS019066,PSS012974,0.608422229227848,854,16774,TRUE,TRUE,TRUE,rescued
PPM037249,PGS019067,PSS012973,0.611286802453557,854,16774,TRUE,TRUE,TRUE,rescued
PPM037250,PGS019068,PSS012975,0.608756121118638,854,16774,TRUE,TRUE,TRUE,rescued
PPM037251,PGS019069,PSS012976,0.607877656649957,854,16774,TRUE,TRUE,TRUE,rescued
PPM037252,PGS019070,PSS012977,0.607985161042977,854,16774,TRUE,TRUE,TRUE,rescued
PPM037253,PGS019071,PSS012969,0.701897673718098,114,16774,TRUE,TRUE,TRUE,rescued
PPM037254,PGS019072,PSS012968,0.682921459485126,114,16774,TRUE,TRUE,TRUE,rescued
PPM037255,PGS019073,PSS012970,0.695772383743429,114,16774,TRUE,TRUE,TRUE,rescued
PPM037256,PGS019074,PSS012971,0.706012751564137,114,16774,TRUE,TRUE,TRUE,rescued
PPM037257,PGS019075,PSS012972,0.700674498335979,114,16774,TRUE,TRUE,TRUE,rescued
PPM037258,PGS019076,PSS012979,0.63417938001211,175,19346,TRUE,TRUE,TRUE,rescued
PPM037259,PGS019077,PSS012978,0.639922316905673,175,19346,TRUE,TRUE,TRUE,rescued
PPM037260,PGS019078,PSS012980,0.636137112138353,175,19346,TRUE,TRUE,TRUE,rescued
PPM037261,PGS019079,PSS012981,0.632575209345601,175,19346,TRUE,TRUE,TRUE,rescued
PPM037262,PGS019080,PSS012982,0.631874289258762,175,19346,TRUE,TRUE,TRUE,rescued
PPM037263,PGS019081,PSS013009,0.593188687593313,2051,17181,TRUE,TRUE,TRUE,rescued
PPM037264,PGS019082,PSS013008,0.594250233503492,2051,17181,TRUE,TRUE,TRUE,rescued
PPM037265,PGS019083,PSS013010,0.592173114478987,2051,17181,TRUE,TRUE,TRUE,rescued
PPM037266,PGS019084,PSS013011,0.593404844868631,2051,17181,TRUE,TRUE,TRUE,rescued
PPM037267,PGS019085,PSS013012,0.592036955544108,2051,17181,TRUE,TRUE,TRUE,rescued
PPM037268,PGS019086,PSS012984,0.617066474330795,398,17181,TRUE,TRUE,TRUE,rescued
PPM037269,PGS019087,PSS012983,0.617307332892856,398,17181,TRUE,TRUE,TRUE,rescued
PPM037270,PGS019088,PSS012985,0.617491888755225,398,17181,TRUE,TRUE,TRUE,rescued
PPM037271,PGS019089,PSS012986,0.616816841322028,398,17181,TRUE,TRUE,TRUE,rescued
PPM037272,PGS019090,PSS012987,0.617465857896666,398,17181,TRUE,TRUE,TRUE,rescued
PPM037273,PGS019091,PSS012994,0.593981021770258,862,17181,TRUE,TRUE,TRUE,rescued
PPM037274,PGS019092,PSS012993,0.596627878067973,862,17181,TRUE,TRUE,TRUE,rescued
PPM037275,PGS019093,PSS012995,0.596992023374442,862,17181,TRUE,TRUE,TRUE,rescued
PPM037276,PGS019094,PSS012996,0.595477846015354,862,17181,TRUE,TRUE,TRUE,rescued
PPM037277,PGS019095,PSS012997,0.593571771871777,862,17181,TRUE,TRUE,TRUE,rescued
PPM037278,PGS019096,PSS012999,0.578168744486188,814,17181,TRUE,TRUE,TRUE,rescued
PPM037279,PGS019097,PSS012998,0.582462242231755,814,17181,TRUE,TRUE,TRUE,rescued
PPM037280,PGS019098,PSS013000,0.581343713349999,814,17181,TRUE,TRUE,TRUE,rescued
PPM037281,PGS019099,PSS013001,0.583877653547638,814,17181,TRUE,TRUE,TRUE,rescued
PPM037282,PGS019100,PSS013002,0.579122171840873,814,17181,TRUE,TRUE,TRUE,rescued
PPM037283,PGS019101,PSS013004,0.594874134536898,1369,17181,TRUE,TRUE,TRUE,rescued
PPM037284,PGS019102,PSS013003,0.596517574304161,1369,17181,TRUE,TRUE,TRUE,rescued
PPM037285,PGS019103,PSS013005,0.593051576628658,1369,17181,TRUE,TRUE,TRUE,rescued
PPM037286,PGS019104,PSS013006,0.596077155404948,1369,17181,TRUE,TRUE,TRUE,rescued
PPM037287,PGS019105,PSS013007,0.593204037500613,1369,17181,TRUE,TRUE,TRUE,rescued
PPM037288,PGS019106,PSS012989,0.581038500532569,783,17181,TRUE,TRUE,TRUE,rescued
PPM037289,PGS019107,PSS012988,0.582300178186974,783,17181,TRUE,TRUE,TRUE,rescued
PPM037290,PGS019108,PSS012990,0.582786176449184,783,17181,TRUE,TRUE,TRUE,rescued
PPM037291,PGS019109,PSS012991,0.581895576085228,783,17181,TRUE,TRUE,TRUE,rescued
PPM037292,PGS019110,PSS012992,0.580293000903981,783,17181,TRUE,TRUE,TRUE,rescued
PPM037293,PGS019111,PSS013024,0.593298917525571,1308,17951,TRUE,TRUE,TRUE,rescued
PPM037294,PGS019112,PSS013023,0.592356196625643,1308,17951,TRUE,TRUE,TRUE,rescued
PPM037295,PGS019113,PSS013025,0.588853286818671,1308,17951,TRUE,TRUE,TRUE,rescued
PPM037296,PGS019114,PSS013026,0.590150651356896,1308,17951,TRUE,TRUE,TRUE,rescued
PPM037297,PGS019115,PSS013027,0.585852423271846,1308,17951,TRUE,TRUE,TRUE,rescued
PPM037298,PGS019116,PSS013014,0.601278928886104,267,17951,TRUE,TRUE,TRUE,rescued
PPM037299,PGS019117,PSS013013,0.603837078756006,267,17951,TRUE,TRUE,TRUE,rescued
PPM037300,PGS019118,PSS013015,0.601451266525166,267,17951,TRUE,TRUE,TRUE,rescued
PPM037301,PGS019119,PSS013016,0.599784014619907,267,17951,TRUE,TRUE,TRUE,rescued
PPM037302,PGS019120,PSS013017,0.598038104978659,267,17951,TRUE,TRUE,TRUE,rescued
PPM037303,PGS019121,PSS013019,0.603936798862065,783,17951,TRUE,TRUE,TRUE,rescued
PPM037304,PGS019122,PSS013018,0.604178410179036,783,17951,TRUE,TRUE,TRUE,rescued
PPM037305,PGS019123,PSS013020,0.595706504289063,783,17951,TRUE,TRUE,TRUE,rescued
PPM037306,PGS019124,PSS013021,0.607863053908707,783,17951,TRUE,TRUE,TRUE,rescued
PPM037307,PGS019125,PSS013022,0.600144298019164,783,17951,TRUE,TRUE,TRUE,rescued
PPM037308,PGS019126,PSS013052,0.647030959121037,6675,12729,TRUE,TRUE,TRUE,rescued
PPM037309,PGS019127,PSS013051,0.654380292369631,6675,12729,TRUE,TRUE,TRUE,rescued
PPM037310,PGS019128,PSS013053,0.644768361960936,6675,12729,TRUE,TRUE,TRUE,rescued
PPM037311,PGS019129,PSS013054,0.65292551174101,6675,12729,TRUE,TRUE,TRUE,rescued
PPM037312,PGS019130,PSS013055,0.667007143733543,6675,12729,TRUE,TRUE,TRUE,rescued
PPM037313,PGS019131,PSS013056,0.639409376036259,6675,12729,TRUE,TRUE,TRUE,rescued
PPM037314,PGS019132,PSS013029,0.645174946813228,5411,12729,TRUE,TRUE,TRUE,rescued
PPM037315,PGS019133,PSS013028,0.654103811338358,5411,12729,TRUE,TRUE,TRUE,rescued
PPM037316,PGS019134,PSS013030,0.646634295449374,5411,12729,TRUE,TRUE,TRUE,rescued
PPM037317,PGS019135,PSS013031,0.651390292546154,5411,12729,TRUE,TRUE,TRUE,rescued
PPM037318,PGS019136,PSS013032,0.670444799272159,5411,12729,TRUE,TRUE,TRUE,rescued
PPM037319,PGS019137,PSS013033,0.637215409774977,5411,12729,TRUE,TRUE,TRUE,rescued
PPM037320,PGS019138,PSS013041,0.638488034232155,2333,12729,TRUE,TRUE,TRUE,rescued
PPM037321,PGS019139,PSS013040,0.643078939562323,2333,12729,TRUE,TRUE,TRUE,rescued
PPM037322,PGS019140,PSS013042,0.633985219328831,2333,12729,TRUE,TRUE,TRUE,rescued
PPM037323,PGS019141,PSS013043,0.639211076145452,2333,12729,TRUE,TRUE,TRUE,rescued
PPM037324,PGS019142,PSS013044,0.666356228728948,2333,12729,TRUE,TRUE,TRUE,rescued
PPM037325,PGS019143,PSS013045,0.63492508626447,2333,12729,TRUE,TRUE,TRUE,rescued
PPM037326,PGS019144,PSS013047,0.64011174977051,5246,12729,TRUE,TRUE,TRUE,rescued
PPM037327,PGS019145,PSS013046,0.649626033678339,5246,12729,TRUE,TRUE,TRUE,rescued
PPM037328,PGS019146,PSS013048,0.640844763954847,5246,12729,TRUE,TRUE,TRUE,rescued
PPM037329,PGS019147,PSS013049,0.646087220062126,5246,12729,TRUE,TRUE,TRUE,rescued
PPM037330,PGS019148,PSS013050,0.62767620636377,5246,12729,TRUE,TRUE,TRUE,rescued
PPM037331,PGS019149,PSS013035,0.640198574370131,2122,12729,TRUE,TRUE,TRUE,rescued
PPM037332,PGS019150,PSS013034,0.64355688054965,2122,12729,TRUE,TRUE,TRUE,rescued
PPM037333,PGS019151,PSS013036,0.633415174252742,2122,12729,TRUE,TRUE,TRUE,rescued
PPM037334,PGS019152,PSS013037,0.637601441312405,2122,12729,TRUE,TRUE,TRUE,rescued
PPM037335,PGS019153,PSS013038,0.666442979507043,2122,12729,TRUE,TRUE,TRUE,rescued
PPM037336,PGS019154,PSS013039,0.633225436302879,2122,12729,TRUE,TRUE,TRUE,rescued
PPM037337,PGS019155,PSS013073,0.631216620523119,2855,16630,TRUE,TRUE,TRUE,rescued
PPM037338,PGS019156,PSS013072,0.634110405413802,2855,16630,TRUE,TRUE,TRUE,rescued
PPM037339,PGS019157,PSS013074,0.632333522541184,2855,16630,TRUE,TRUE,TRUE,rescued
PPM037340,PGS019158,PSS013075,0.632935098196768,2855,16630,TRUE,TRUE,TRUE,rescued
PPM037341,PGS019159,PSS013076,0.633105701194116,2855,16630,TRUE,TRUE,TRUE,rescued
PPM037342,PGS019160,PSS013058,0.75539147364512,387,16630,TRUE,TRUE,TRUE,rescued
PPM037343,PGS019161,PSS013057,0.766525736465185,387,16630,TRUE,TRUE,TRUE,rescued
PPM037344,PGS019162,PSS013059,0.75986519179404,387,16630,TRUE,TRUE,TRUE,rescued
PPM037345,PGS019163,PSS013060,0.759579291495554,387,16630,TRUE,TRUE,TRUE,rescued
PPM037346,PGS019164,PSS013061,0.756928032368886,387,16630,TRUE,TRUE,TRUE,rescued
PPM037347,PGS019165,PSS013063,0.655833021326163,1431,16630,TRUE,TRUE,TRUE,rescued
PPM037348,PGS019166,PSS013062,0.658976456800349,1431,16630,TRUE,TRUE,TRUE,rescued
PPM037349,PGS019167,PSS013064,0.657201314590212,1431,16630,TRUE,TRUE,TRUE,rescued
PPM037350,PGS019168,PSS013065,0.659353680823178,1431,16630,TRUE,TRUE,TRUE,rescued
PPM037351,PGS019169,PSS013066,0.653766840508238,1431,16630,TRUE,TRUE,TRUE,rescued
PPM037352,PGS019170,PSS013068,0.643987937813933,2087,16630,TRUE,TRUE,TRUE,rescued
PPM037353,PGS019171,PSS013067,0.646199348197083,2087,16630,TRUE,TRUE,TRUE,rescued
PPM037354,PGS019172,PSS013069,0.644615653239235,2087,16630,TRUE,TRUE,TRUE,rescued
PPM037355,PGS019173,PSS013070,0.646337390270094,2087,16630,TRUE,TRUE,TRUE,rescued
PPM037356,PGS019174,PSS013071,0.645526656007856,2087,16630,TRUE,TRUE,TRUE,rescued
PPM037357,PGS019175,PSS013083,0.667921044555283,964,16630,TRUE,TRUE,TRUE,rescued
PPM037358,PGS019176,PSS013082,0.667841076093547,964,16630,TRUE,TRUE,TRUE,rescued
PPM037359,PGS019177,PSS013084,0.668949094647228,964,16630,TRUE,TRUE,TRUE,rescued
PPM037360,PGS019178,PSS013085,0.668622109720223,964,16630,TRUE,TRUE,TRUE,rescued
PPM037361,PGS019179,PSS013086,0.667856171544202,964,16630,TRUE,TRUE,TRUE,rescued
PPM037362,PGS019180,PSS013078,0.681357772250808,889,16630,TRUE,TRUE,TRUE,rescued
PPM037363,PGS019181,PSS013077,0.681777480761387,889,16630,TRUE,TRUE,TRUE,rescued
PPM037364,PGS019182,PSS013079,0.68306183615202,889,16630,TRUE,TRUE,TRUE,rescued
PPM037365,PGS019183,PSS013080,0.682048786294978,889,16630,TRUE,TRUE,TRUE,rescued
PPM037366,PGS019184,PSS013081,0.682147947080878,889,16630,TRUE,TRUE,TRUE,rescued
PPM037367,PGS019185,PSS013113,0.597708984138494,1948,17517,TRUE,TRUE,TRUE,rescued
PPM037368,PGS019186,PSS013112,0.600283866221362,1948,17517,TRUE,TRUE,TRUE,rescued
PPM037369,PGS019187,PSS013114,0.596394479331841,1948,17517,TRUE,TRUE,TRUE,rescued
PPM037370,PGS019188,PSS013115,0.599333659915466,1948,17517,TRUE,TRUE,TRUE,rescued
PPM037371,PGS019189,PSS013116,0.596404179501075,1948,17517,TRUE,TRUE,TRUE,rescued
PPM037372,PGS019190,PSS013088,0.607963716500595,237,17517,TRUE,TRUE,TRUE,rescued
PPM037373,PGS019191,PSS013087,0.608220489366689,237,17517,TRUE,TRUE,TRUE,rescued
PPM037374,PGS019192,PSS013089,0.609403427026524,237,17517,TRUE,TRUE,TRUE,rescued
PPM037375,PGS019193,PSS013090,0.606887727389114,237,17517,TRUE,TRUE,TRUE,rescued
PPM037376,PGS019194,PSS013091,0.608752100732044,237,17517,TRUE,TRUE,TRUE,rescued
PPM037377,PGS019195,PSS013098,0.732920418124434,448,17517,TRUE,TRUE,TRUE,rescued
PPM037378,PGS019196,PSS013097,0.742701350320913,448,17517,TRUE,TRUE,TRUE,rescued
PPM037379,PGS019197,PSS013099,0.705956942847356,448,17517,TRUE,TRUE,TRUE,rescued
PPM037380,PGS019198,PSS013100,0.741595536784674,448,17517,TRUE,TRUE,TRUE,rescued
PPM037381,PGS019199,PSS013101,0.716587177558127,448,17517,TRUE,TRUE,TRUE,rescued
PPM037382,PGS019200,PSS013103,0.638737991197857,684,17517,TRUE,TRUE,TRUE,rescued
PPM037383,PGS019201,PSS013102,0.638592101173563,684,17517,TRUE,TRUE,TRUE,rescued
PPM037384,PGS019202,PSS013104,0.640416811471696,684,17517,TRUE,TRUE,TRUE,rescued
PPM037385,PGS019203,PSS013105,0.637398523806615,684,17517,TRUE,TRUE,TRUE,rescued
PPM037386,PGS019204,PSS013106,0.637094224591182,684,17517,TRUE,TRUE,TRUE,rescued
PPM037387,PGS019205,PSS013108,0.649741588414416,235,17517,TRUE,TRUE,TRUE,rescued
PPM037388,PGS019206,PSS013107,0.648402342283909,235,17517,TRUE,TRUE,TRUE,rescued
PPM037389,PGS019207,PSS013109,0.648419589966707,235,17517,TRUE,TRUE,TRUE,rescued
PPM037390,PGS019208,PSS013110,0.651456882614943,235,17517,TRUE,TRUE,TRUE,rescued
PPM037391,PGS019209,PSS013111,0.647482870743193,235,17517,TRUE,TRUE,TRUE,rescued
PPM037392,PGS019210,PSS013093,0.734684958331583,424,17517,TRUE,TRUE,TRUE,rescued
PPM037393,PGS019211,PSS013092,0.744191356967517,424,17517,TRUE,TRUE,TRUE,rescued
PPM037394,PGS019212,PSS013094,0.705157308102856,424,17517,TRUE,TRUE,TRUE,rescued
PPM037395,PGS019213,PSS013095,0.738050152897293,424,17517,TRUE,TRUE,TRUE,rescued
PPM037396,PGS019214,PSS013096,0.718004935367368,424,17517,TRUE,TRUE,TRUE,rescued
PPM037397,PGS019215,PSS013123,0.660636924408111,236,17316,TRUE,TRUE,TRUE,rescued
PPM037398,PGS019216,PSS013122,0.66428300856267,236,17316,TRUE,TRUE,TRUE,rescued
PPM037399,PGS019217,PSS013124,0.659462102258712,236,17316,TRUE,TRUE,TRUE,rescued
PPM037400,PGS019218,PSS013125,0.661049250032301,236,17316,TRUE,TRUE,TRUE,rescued
PPM037401,PGS019219,PSS013126,0.659682335529793,236,17316,TRUE,TRUE,TRUE,rescued
PPM037402,PGS019220,PSS013118,0.662041566453331,170,17316,TRUE,TRUE,TRUE,rescued
PPM037403,PGS019221,PSS013117,0.664507154213037,170,17316,TRUE,TRUE,TRUE,rescued
PPM037404,PGS019222,PSS013119,0.669422703246233,170,17316,TRUE,TRUE,TRUE,rescued
PPM037405,PGS019223,PSS013120,0.662668664139252,170,17316,TRUE,TRUE,TRUE,rescued
PPM037406,PGS019224,PSS013121,0.660981683040507,170,17316,TRUE,TRUE,TRUE,rescued
PPM037407,PGS019225,PSS013153,0.58402698671686,2212,17316,TRUE,TRUE,TRUE,rescued
PPM037408,PGS019226,PSS013152,0.585830161779529,2212,17316,TRUE,TRUE,TRUE,rescued
PPM037409,PGS019227,PSS013154,0.5830745023783,2212,17316,TRUE,TRUE,TRUE,rescued
PPM037410,PGS019228,PSS013155,0.584664743683731,2212,17316,TRUE,TRUE,TRUE,rescued
PPM037411,PGS019229,PSS013156,0.585586264383733,2212,17316,TRUE,TRUE,TRUE,rescued
PPM037412,PGS019230,PSS013133,0.649043920245334,849,17316,TRUE,TRUE,TRUE,rescued
PPM037413,PGS019231,PSS013132,0.649623461460917,849,17316,TRUE,TRUE,TRUE,rescued
PPM037414,PGS019232,PSS013134,0.643214361412241,849,17316,TRUE,TRUE,TRUE,rescued
PPM037415,PGS019233,PSS013135,0.651544042003406,849,17316,TRUE,TRUE,TRUE,rescued
PPM037416,PGS019234,PSS013136,0.64637673824953,849,17316,TRUE,TRUE,TRUE,rescued
PPM037417,PGS019235,PSS013138,0.578448261413561,951,17316,TRUE,TRUE,TRUE,rescued
PPM037418,PGS019236,PSS013137,0.578167466180085,951,17316,TRUE,TRUE,TRUE,rescued
PPM037419,PGS019237,PSS013139,0.575845500924365,951,17316,TRUE,TRUE,TRUE,rescued
PPM037420,PGS019238,PSS013140,0.579693379377922,951,17316,TRUE,TRUE,TRUE,rescued
PPM037421,PGS019239,PSS013141,0.574201233507227,951,17316,TRUE,TRUE,TRUE,rescued
PPM037422,PGS019240,PSS013143,0.671184962229738,268,17316,TRUE,TRUE,TRUE,rescued
PPM037423,PGS019241,PSS013142,0.672223385842789,268,17316,TRUE,TRUE,TRUE,rescued
PPM037424,PGS019242,PSS013144,0.671599124957334,268,17316,TRUE,TRUE,TRUE,rescued
PPM037425,PGS019243,PSS013145,0.672585832100758,268,17316,TRUE,TRUE,TRUE,rescued
PPM037426,PGS019244,PSS013146,0.671999927596942,268,17316,TRUE,TRUE,TRUE,rescued
PPM037427,PGS019245,PSS013148,0.637594280942905,218,17316,TRUE,TRUE,TRUE,rescued
PPM037428,PGS019246,PSS013147,0.637157976607518,218,17316,TRUE,TRUE,TRUE,rescued
PPM037429,PGS019247,PSS013149,0.637813360290424,218,17316,TRUE,TRUE,TRUE,rescued
PPM037430,PGS019248,PSS013150,0.639246250484783,218,17316,TRUE,TRUE,TRUE,rescued
PPM037431,PGS019249,PSS013151,0.635847474150226,218,17316,TRUE,TRUE,TRUE,rescued
PPM037432,PGS019250,PSS013128,0.663979668930164,606,17316,TRUE,TRUE,TRUE,rescued
PPM037433,PGS019251,PSS013127,0.665058622979415,606,17316,TRUE,TRUE,TRUE,rescued
PPM037434,PGS019252,PSS013129,0.662876318816913,606,17316,TRUE,TRUE,TRUE,rescued
PPM037435,PGS019253,PSS013130,0.670659425609921,606,17316,TRUE,TRUE,TRUE,rescued
PPM037436,PGS019254,PSS013131,0.663353280927538,606,17316,TRUE,TRUE,TRUE,rescued
PPM037437,PGS019255,PSS013158,0.583518237464239,156,17334,TRUE,TRUE,TRUE,rescued
PPM037438,PGS019256,PSS013157,0.586094321816025,156,17334,TRUE,TRUE,TRUE,rescued
PPM037439,PGS019257,PSS013159,0.587232591645883,156,17334,TRUE,TRUE,TRUE,rescued
PPM037440,PGS019258,PSS013160,0.596710777396136,156,17334,TRUE,TRUE,TRUE,rescued
PPM037441,PGS019259,PSS013161,0.589927754257972,156,17334,TRUE,TRUE,TRUE,rescued
PPM037442,PGS019260,PSS013163,0.71614645861999,1534,17126,TRUE,TRUE,TRUE,rescued
PPM037443,PGS019261,PSS013162,0.716050612524306,1534,17126,TRUE,TRUE,TRUE,rescued
PPM037444,PGS019262,PSS013164,0.716071662123557,1534,17126,TRUE,TRUE,TRUE,rescued
PPM037445,PGS019263,PSS013165,0.71617850882355,1534,17126,TRUE,TRUE,TRUE,rescued
PPM037446,PGS019264,PSS013166,0.715962607689826,1534,17126,TRUE,TRUE,TRUE,rescued
PPM037447,PGS019265,PSS013168,0.654568159020655,570,15426,TRUE,TRUE,TRUE,rescued
PPM037448,PGS019266,PSS013167,0.652888379382269,570,15426,TRUE,TRUE,TRUE,rescued
PPM037449,PGS019267,PSS013169,0.652811612201774,570,15426,TRUE,TRUE,TRUE,rescued
PPM037450,PGS019268,PSS013170,0.65155126569178,570,15426,TRUE,TRUE,TRUE,rescued
PPM037451,PGS019269,PSS013171,0.652856535218508,570,15426,TRUE,TRUE,TRUE,rescued
PPM037452,PGS019270,PSS013173,0.642563703951827,634,15426,TRUE,TRUE,TRUE,rescued
PPM037453,PGS019271,PSS013172,0.643596414918318,634,15426,TRUE,TRUE,TRUE,rescued
PPM037454,PGS019272,PSS013174,0.639767715696511,634,15426,TRUE,TRUE,TRUE,rescued
PPM037455,PGS019273,PSS013175,0.641746328559141,634,15426,TRUE,TRUE,TRUE,rescued
PPM037456,PGS019274,PSS013176,0.640710447885724,634,15426,TRUE,TRUE,TRUE,rescued
PPM037457,PGS019275,PSS013178,0.66158652603264,2157,15426,TRUE,TRUE,TRUE,rescued
PPM037458,PGS019276,PSS013177,0.662282837932767,2157,15426,TRUE,TRUE,TRUE,rescued
PPM037459,PGS019277,PSS013179,0.662332907233367,2157,15426,TRUE,TRUE,TRUE,rescued
PPM037460,PGS019278,PSS013180,0.661807119469859,2157,15426,TRUE,TRUE,TRUE,rescued
PPM037461,PGS019279,PSS013181,0.662456367429565,2157,15426,TRUE,TRUE,TRUE,rescued
PPM037462,PGS019280,PSS013183,0.611922001865032,736,18137,TRUE,TRUE,TRUE,rescued
PPM037463,PGS019281,PSS013182,0.611843118558987,736,18137,TRUE,TRUE,TRUE,rescued
PPM037464,PGS019282,PSS013184,0.612095949668106,736,18137,TRUE,TRUE,TRUE,rescued
PPM037465,PGS019283,PSS013185,0.611890838089804,736,18137,TRUE,TRUE,TRUE,rescued
PPM037466,PGS019284,PSS013186,0.611872259685342,736,18137,TRUE,TRUE,TRUE,rescued
PPM037467,PGS019285,PSS013188,0.686782671172379,532,17110,TRUE,TRUE,TRUE,rescued
PPM037468,PGS019286,PSS013187,0.686688631280129,532,17110,TRUE,TRUE,TRUE,rescued
PPM037469,PGS019287,PSS013189,0.686529554453053,532,17110,TRUE,TRUE,TRUE,rescued
PPM037470,PGS019288,PSS013190,0.686977232678423,532,17110,TRUE,TRUE,TRUE,rescued
PPM037471,PGS019289,PSS013191,0.687445234945927,532,17110,TRUE,TRUE,TRUE,rescued
PPM037472,PGS019290,PSS013193,0.569501741082172,595,17110,TRUE,TRUE,TRUE,rescued
PPM037473,PGS019291,PSS013192,0.566665324224371,595,17110,TRUE,TRUE,TRUE,rescued
PPM037474,PGS019292,PSS013194,0.567542986803137,595,17110,TRUE,TRUE,TRUE,rescued
PPM037475,PGS019293,PSS013195,0.569872648065655,595,17110,TRUE,TRUE,TRUE,rescued
PPM037476,PGS019294,PSS013196,0.566788894400542,595,17110,TRUE,TRUE,TRUE,rescued
PPM037477,PGS019295,PSS013198,0.613508840412768,847,17748,TRUE,TRUE,TRUE,rescued
PPM037478,PGS019296,PSS013197,0.613284061606024,847,17748,TRUE,TRUE,TRUE,rescued
PPM037479,PGS019297,PSS013199,0.61250162646991,847,17748,TRUE,TRUE,TRUE,rescued
PPM037480,PGS019298,PSS013200,0.614478868397364,847,17748,TRUE,TRUE,TRUE,rescued
PPM037481,PGS019299,PSS013201,0.612604669492001,847,17748,TRUE,TRUE,TRUE,rescued
PPM037482,PGS019300,PSS013213,0.656996247496308,1839,16622,TRUE,TRUE,TRUE,rescued
PPM037483,PGS019301,PSS013212,0.656796462480295,1839,16622,TRUE,TRUE,TRUE,rescued
PPM037484,PGS019302,PSS013214,0.655996668134221,1839,16622,TRUE,TRUE,TRUE,rescued
PPM037485,PGS019303,PSS013215,0.656690697791124,1839,16622,TRUE,TRUE,TRUE,rescued
PPM037486,PGS019304,PSS013216,0.657561645307303,1839,16622,TRUE,TRUE,TRUE,rescued
PPM037487,PGS019305,PSS013203,0.708995914134627,472,16622,TRUE,TRUE,TRUE,rescued
PPM037488,PGS019306,PSS013202,0.708952450193638,472,16622,TRUE,TRUE,TRUE,rescued
PPM037489,PGS019307,PSS013204,0.709041927280366,472,16622,TRUE,TRUE,TRUE,rescued
PPM037490,PGS019308,PSS013205,0.708984697633726,472,16622,TRUE,TRUE,TRUE,rescued
PPM037491,PGS019309,PSS013206,0.70940480657654,472,16622,TRUE,TRUE,TRUE,rescued
PPM037492,PGS019310,PSS013208,0.656003979053858,1559,16622,TRUE,TRUE,TRUE,rescued
PPM037493,PGS019311,PSS013207,0.655606930357836,1559,16622,TRUE,TRUE,TRUE,rescued
PPM037494,PGS019312,PSS013209,0.655361075829471,1559,16622,TRUE,TRUE,TRUE,rescued
PPM037495,PGS019313,PSS013210,0.655635370914641,1559,16622,TRUE,TRUE,TRUE,rescued
PPM037496,PGS019314,PSS013211,0.655848887333641,1559,16622,TRUE,TRUE,TRUE,rescued
PPM037497,PGS019315,PSS013223,0.643848976796276,208,16622,TRUE,TRUE,TRUE,rescued
PPM037498,PGS019316,PSS013222,0.649171221180456,208,16622,TRUE,TRUE,TRUE,rescued
PPM037499,PGS019317,PSS013224,0.6412013041104,208,16622,TRUE,TRUE,TRUE,rescued
PPM037500,PGS019318,PSS013225,0.644925805003563,208,16622,TRUE,TRUE,TRUE,rescued
PPM037501,PGS019319,PSS013226,0.646952486510001,208,16622,TRUE,TRUE,TRUE,rescued
PPM037502,PGS019320,PSS013218,0.656640908746552,162,16622,TRUE,TRUE,TRUE,rescued
PPM037503,PGS019321,PSS013217,0.66217797029372,162,16622,TRUE,TRUE,TRUE,rescued
PPM037504,PGS019322,PSS013219,0.654310218051044,162,16622,TRUE,TRUE,TRUE,rescued
PPM037505,PGS019323,PSS013220,0.660170367696538,162,16622,TRUE,TRUE,TRUE,rescued
PPM037506,PGS019324,PSS013221,0.656147735189567,162,16622,TRUE,TRUE,TRUE,rescued
PPM037507,PGS019325,PSS013228,0.618413304418384,614,18149,TRUE,TRUE,TRUE,rescued
PPM037508,PGS019326,PSS013227,0.621140637678371,614,18149,TRUE,TRUE,TRUE,rescued
PPM037509,PGS019327,PSS013229,0.61820717502584,614,18149,TRUE,TRUE,TRUE,rescued
PPM037510,PGS019328,PSS013230,0.620364309696266,614,18149,TRUE,TRUE,TRUE,rescued
PPM037511,PGS019329,PSS013231,0.619642094044898,614,18149,TRUE,TRUE,TRUE,rescued
PPM037512,PGS019330,PSS013238,0.599729065246034,3269,15998,TRUE,TRUE,TRUE,rescued
PPM037513,PGS019331,PSS013237,0.601664952689291,3269,15998,TRUE,TRUE,TRUE,rescued
PPM037514,PGS019332,PSS013239,0.600052407896964,3269,15998,TRUE,TRUE,TRUE,rescued
PPM037515,PGS019333,PSS013240,0.601669866885701,3269,15998,TRUE,TRUE,TRUE,rescued
PPM037516,PGS019334,PSS013241,0.60059235761766006,3269,15998,TRUE,TRUE,TRUE,rescued
PPM037517,PGS019335,PSS013233,0.639882084794036,643,15998,TRUE,TRUE,TRUE,rescued
PPM037518,PGS019336,PSS013232,0.640138434878232,643,15998,TRUE,TRUE,TRUE,rescued
PPM037519,PGS019337,PSS013234,0.638255715090358,643,15998,TRUE,TRUE,TRUE,rescued
PPM037520,PGS019338,PSS013235,0.638400950974237,643,15998,TRUE,TRUE,TRUE,rescued
PPM037521,PGS019339,PSS013236,0.63913208824509,643,15998,TRUE,TRUE,TRUE,rescued
PPM037522,PGS019340,PSS013248,0.737383361219304,284,19639,TRUE,TRUE,TRUE,rescued
PPM037523,PGS019341,PSS013247,0.743984734313514,284,19639,TRUE,TRUE,TRUE,rescued
PPM037524,PGS019342,PSS013249,0.733596522871636,284,19639,TRUE,TRUE,TRUE,rescued
PPM037525,PGS019343,PSS013250,0.746529075158728,284,19639,TRUE,TRUE,TRUE,rescued
PPM037526,PGS019344,PSS013251,0.739277228624561,284,19639,TRUE,TRUE,TRUE,rescued
PPM037527,PGS019345,PSS013243,0.781599386788678,224,19639,TRUE,TRUE,TRUE,rescued
PPM037528,PGS019346,PSS013242,0.790313143308141,224,19639,TRUE,TRUE,TRUE,rescued
PPM037529,PGS019347,PSS013244,0.780501671237261,224,19639,TRUE,TRUE,TRUE,rescued
PPM037530,PGS019348,PSS013245,0.792790447942505,224,19639,TRUE,TRUE,TRUE,rescued
PPM037531,PGS019349,PSS013246,0.791706826067664,224,19639,TRUE,TRUE,TRUE,rescued
PPM037532,PGS019350,PSS013253,0.726268457586269,303,17677,TRUE,TRUE,TRUE,rescued
PPM037533,PGS019351,PSS013252,0.726548697184591,303,17677,TRUE,TRUE,TRUE,rescued
PPM037534,PGS019352,PSS013254,0.725873022896565,303,17677,TRUE,TRUE,TRUE,rescued
PPM037535,PGS019353,PSS013255,0.725957412169344,303,17677,TRUE,TRUE,TRUE,rescued
PPM037536,PGS019354,PSS013256,0.726228690074981,303,17677,TRUE,TRUE,TRUE,rescued
PPM037537,PGS019355,PSS013268,0.642805581049246,3031,15699,TRUE,TRUE,TRUE,rescued
PPM037538,PGS019356,PSS013267,0.644237648004823,3031,15699,TRUE,TRUE,TRUE,rescued
PPM037539,PGS019357,PSS013269,0.639609946849622,3031,15699,TRUE,TRUE,TRUE,rescued
PPM037540,PGS019358,PSS013270,0.644168044292675,3031,15699,TRUE,TRUE,TRUE,rescued
PPM037541,PGS019359,PSS013271,0.64094551010768,3031,15699,TRUE,TRUE,TRUE,rescued
PPM037542,PGS019360,PSS013263,0.637407834301782,1549,15699,TRUE,TRUE,TRUE,rescued
PPM037543,PGS019361,PSS013262,0.640972308664564,1549,15699,TRUE,TRUE,TRUE,rescued
PPM037544,PGS019362,PSS013264,0.636359752182675,1549,15699,TRUE,TRUE,TRUE,rescued
PPM037545,PGS019363,PSS013265,0.639904775733578,1549,15699,TRUE,TRUE,TRUE,rescued
PPM037546,PGS019364,PSS013266,0.637482224404716,1549,15699,TRUE,TRUE,TRUE,rescued
PPM037547,PGS019365,PSS013258,0.672604336656574,478,15699,TRUE,TRUE,TRUE,rescued
PPM037548,PGS019366,PSS013257,0.675680912437191,478,15699,TRUE,TRUE,TRUE,rescued
PPM037549,PGS019367,PSS013259,0.658317655283323,478,15699,TRUE,TRUE,TRUE,rescued
PPM037550,PGS019368,PSS013260,0.672100746762912,478,15699,TRUE,TRUE,TRUE,rescued
PPM037551,PGS019369,PSS013261,0.665878299953013,478,15699,TRUE,TRUE,TRUE,rescued
PPM037552,PGS019370,PSS013278,0.65123753111692,1991,15699,TRUE,TRUE,TRUE,rescued
PPM037553,PGS019371,PSS013277,0.651088347144928,1991,15699,TRUE,TRUE,TRUE,rescued
PPM037554,PGS019372,PSS013279,0.648656933140338,1991,15699,TRUE,TRUE,TRUE,rescued
PPM037555,PGS019373,PSS013280,0.652403424813534,1991,15699,TRUE,TRUE,TRUE,rescued
PPM037556,PGS019374,PSS013281,0.651426162619999,1991,15699,TRUE,TRUE,TRUE,rescued
PPM037557,PGS019375,PSS013273,0.728690399589359,463,15699,TRUE,TRUE,TRUE,rescued
PPM037558,PGS019376,PSS013272,0.728848063261379,463,15699,TRUE,TRUE,TRUE,rescued
PPM037559,PGS019377,PSS013274,0.729256805643204,463,15699,TRUE,TRUE,TRUE,rescued
PPM037560,PGS019378,PSS013275,0.729123355589225,463,15699,TRUE,TRUE,TRUE,rescued
PPM037561,PGS019379,PSS013276,0.729831741494313,463,15699,TRUE,TRUE,TRUE,rescued
PPM037562,PGS019380,PSS013288,0.59197070856713,875,18611,TRUE,TRUE,TRUE,rescued
PPM037563,PGS019381,PSS013287,0.593715421755183,875,18611,TRUE,TRUE,TRUE,rescued
PPM037564,PGS019382,PSS013289,0.589606208309986,875,18611,TRUE,TRUE,TRUE,rescued
PPM037565,PGS019383,PSS013290,0.590239689277463,875,18611,TRUE,TRUE,TRUE,rescued
PPM037566,PGS019384,PSS013291,0.588552637840908,875,18611,TRUE,TRUE,TRUE,rescued
PPM037567,PGS019385,PSS013283,0.587574263559465,827,18611,TRUE,TRUE,TRUE,rescued
PPM037568,PGS019386,PSS013282,0.591152129674322,827,18611,TRUE,TRUE,TRUE,rescued
PPM037569,PGS019387,PSS013284,0.585831785326474,827,18611,TRUE,TRUE,TRUE,rescued
PPM037570,PGS019388,PSS013285,0.591329567612138,827,18611,TRUE,TRUE,TRUE,rescued
PPM037571,PGS019389,PSS013286,0.587577057346109,827,18611,TRUE,TRUE,TRUE,rescued
PPM037572,PGS019390,PSS013298,0.631617634166551,475,18611,TRUE,TRUE,TRUE,rescued
PPM037573,PGS019391,PSS013297,0.630752497815384,475,18611,TRUE,TRUE,TRUE,rescued
PPM037574,PGS019392,PSS013299,0.626306683370616,475,18611,TRUE,TRUE,TRUE,rescued
PPM037575,PGS019393,PSS013300,0.62879304542588,475,18611,TRUE,TRUE,TRUE,rescued
PPM037576,PGS019394,PSS013301,0.625730227454618,475,18611,TRUE,TRUE,TRUE,rescued
PPM037577,PGS019395,PSS013293,0.721801866931092,154,18611,TRUE,TRUE,TRUE,rescued
PPM037578,PGS019396,PSS013292,0.7110129674742,154,18611,TRUE,TRUE,TRUE,rescued
PPM037579,PGS019397,PSS013294,0.711153228051836,154,18611,TRUE,TRUE,TRUE,rescued
PPM037580,PGS019398,PSS013295,0.7124790743081,154,18611,TRUE,TRUE,TRUE,rescued
PPM037581,PGS019399,PSS013296,0.712775994088121,154,18611,TRUE,TRUE,TRUE,rescued
PPM037582,PGS019400,PSS013303,0.609108466244063,253,19676,TRUE,TRUE,TRUE,rescued
PPM037583,PGS019401,PSS013302,0.609008627512742,253,19676,TRUE,TRUE,TRUE,rescued
PPM037584,PGS019402,PSS013304,0.609113287430284,253,19676,TRUE,TRUE,TRUE,rescued
PPM037585,PGS019403,PSS013305,0.60907411529224,253,19676,TRUE,TRUE,TRUE,rescued
PPM037586,PGS019404,PSS013306,0.608753707291321,253,19676,TRUE,TRUE,TRUE,rescued
PPM037587,PGS019405,PSS013325,0.641630482134909,1213,16583,TRUE,TRUE,TRUE,rescued
PPM037588,PGS019406,PSS013324,0.644786357605866,1213,16583,TRUE,TRUE,TRUE,rescued
PPM037589,PGS019407,PSS013326,0.641585192953043,1213,16583,TRUE,TRUE,TRUE,rescued
PPM037590,PGS019408,PSS013327,0.644357228936417,1213,16583,TRUE,TRUE,TRUE,rescued
PPM037591,PGS019409,PSS013328,0.641911265119739,1213,16583,TRUE,TRUE,TRUE,rescued
PPM037592,PGS019410,PSS013320,0.645889927573878,873,16583,TRUE,TRUE,TRUE,rescued
PPM037593,PGS019411,PSS013319,0.651112778588376,873,16583,TRUE,TRUE,TRUE,rescued
PPM037594,PGS019412,PSS013321,0.642998436342881,873,16583,TRUE,TRUE,TRUE,rescued
PPM037595,PGS019413,PSS013322,0.650171835120898,873,16583,TRUE,TRUE,TRUE,rescued
PPM037596,PGS019414,PSS013323,0.647368829323893,873,16583,TRUE,TRUE,TRUE,rescued
PPM037597,PGS019415,PSS013308,0.658503051574046,729,16583,TRUE,TRUE,TRUE,rescued
PPM037598,PGS019416,PSS013307,0.662448702362402,729,16583,TRUE,TRUE,TRUE,rescued
PPM037599,PGS019417,PSS013309,0.654247201610521,729,16583,TRUE,TRUE,TRUE,rescued
PPM037600,PGS019418,PSS013310,0.66253663348859,729,16583,TRUE,TRUE,TRUE,rescued
PPM037601,PGS019419,PSS013311,0.695521311221013,729,16583,TRUE,TRUE,TRUE,rescued
PPM037602,PGS019420,PSS013312,0.657152899324155,729,16583,TRUE,TRUE,TRUE,rescued
PPM037603,PGS019421,PSS013314,0.636524487179089,797,16583,TRUE,TRUE,TRUE,rescued
PPM037604,PGS019422,PSS013313,0.642815944825962,797,16583,TRUE,TRUE,TRUE,rescued
PPM037605,PGS019423,PSS013315,0.631753838396731,797,16583,TRUE,TRUE,TRUE,rescued
PPM037606,PGS019424,PSS013316,0.643047470951605,797,16583,TRUE,TRUE,TRUE,rescued
PPM037607,PGS019425,PSS013317,0.670135044044062,797,16583,TRUE,TRUE,TRUE,rescued
PPM037608,PGS019426,PSS013318,0.636945319960404,797,16583,TRUE,TRUE,TRUE,rescued
PPM037609,PGS019427,PSS013346,0.654390225654779,1928,16583,TRUE,TRUE,TRUE,rescued
PPM037610,PGS019428,PSS013345,0.659373738741094,1928,16583,TRUE,TRUE,TRUE,rescued
PPM037611,PGS019429,PSS013347,0.656576324351564,1928,16583,TRUE,TRUE,TRUE,rescued
PPM037612,PGS019430,PSS013348,0.657428913477608,1928,16583,TRUE,TRUE,TRUE,rescued
PPM037613,PGS019431,PSS013349,0.65503857372307706,1928,16583,TRUE,TRUE,TRUE,rescued
PPM037614,PGS019432,PSS013341,0.656133605006252,1831,16583,TRUE,TRUE,TRUE,rescued
PPM037615,PGS019433,PSS013340,0.659547377864186,1831,16583,TRUE,TRUE,TRUE,rescued
PPM037616,PGS019434,PSS013342,0.657077699906068,1831,16583,TRUE,TRUE,TRUE,rescued
PPM037617,PGS019435,PSS013343,0.657286305818837,1831,16583,TRUE,TRUE,TRUE,rescued
PPM037618,PGS019436,PSS013344,0.656814324237547,1831,16583,TRUE,TRUE,TRUE,rescued
PPM037619,PGS019437,PSS013330,0.656000662387686,512,16583,TRUE,TRUE,TRUE,rescued
PPM037620,PGS019438,PSS013329,0.65353119535066,512,16583,TRUE,TRUE,TRUE,rescued
PPM037621,PGS019439,PSS013331,0.649827524799493,512,16583,TRUE,TRUE,TRUE,rescued
PPM037622,PGS019440,PSS013332,0.651579954810649,512,16583,TRUE,TRUE,TRUE,rescued
PPM037623,PGS019441,PSS013333,0.64914758807966,512,16583,TRUE,TRUE,TRUE,rescued
PPM037624,PGS019442,PSS013335,0.658201995500012,661,16583,TRUE,TRUE,TRUE,rescued
PPM037625,PGS019443,PSS013334,0.661420025958451,661,16583,TRUE,TRUE,TRUE,rescued
PPM037626,PGS019444,PSS013336,0.657943086092487,661,16583,TRUE,TRUE,TRUE,rescued
PPM037627,PGS019445,PSS013337,0.663441033747354,661,16583,TRUE,TRUE,TRUE,rescued
PPM037628,PGS019446,PSS013338,0.672655763703839,661,16583,TRUE,TRUE,TRUE,rescued
PPM037629,PGS019447,PSS013339,0.658850272543661,661,16583,TRUE,TRUE,TRUE,rescued
PPM037630,PGS019448,PSS013356,0.642071199844527,1652,16583,TRUE,TRUE,TRUE,rescued
PPM037631,PGS019449,PSS013355,0.643955732839386,1652,16583,TRUE,TRUE,TRUE,rescued
PPM037632,PGS019450,PSS013357,0.640482449499392,1652,16583,TRUE,TRUE,TRUE,rescued
PPM037633,PGS019451,PSS013358,0.642582349350154,1652,16583,TRUE,TRUE,TRUE,rescued
PPM037634,PGS019452,PSS013359,0.640254014620708,1652,16583,TRUE,TRUE,TRUE,rescued
PPM037635,PGS019453,PSS013351,0.61941727962175,123,16583,TRUE,TRUE,TRUE,rescued
PPM037636,PGS019454,PSS013350,0.620495374585296,123,16583,TRUE,TRUE,TRUE,rescued
PPM037637,PGS019455,PSS013352,0.616718855483797,123,16583,TRUE,TRUE,TRUE,rescued
PPM037638,PGS019456,PSS013353,0.619489838991738,123,16583,TRUE,TRUE,TRUE,rescued
PPM037639,PGS019457,PSS013354,0.619195189117663,123,16583,TRUE,TRUE,TRUE,rescued
PPM037640,PGS019458,PSS013361,0.663530825933954,1581,16692,TRUE,TRUE,TRUE,rescued
PPM037641,PGS019459,PSS013360,0.665454088533058,1581,16692,TRUE,TRUE,TRUE,rescued
PPM037642,PGS019460,PSS013362,0.663693235617724,1581,16692,TRUE,TRUE,TRUE,rescued
PPM037643,PGS019461,PSS013363,0.665035332253229,1581,16692,TRUE,TRUE,TRUE,rescued
PPM037644,PGS019462,PSS013364,0.664525367361913,1581,16692,TRUE,TRUE,TRUE,rescued
PPM037645,PGS019463,PSS013371,0.596038841807358,921,16692,TRUE,TRUE,TRUE,rescued
PPM037646,PGS019464,PSS013370,0.597730602578543,921,16692,TRUE,TRUE,TRUE,rescued
PPM037647,PGS019465,PSS013372,0.593127761763032,921,16692,TRUE,TRUE,TRUE,rescued
PPM037648,PGS019466,PSS013373,0.597634527114877,921,16692,TRUE,TRUE,TRUE,rescued
PPM037649,PGS019467,PSS013374,0.592672297716591,921,16692,TRUE,TRUE,TRUE,rescued
PPM037650,PGS019468,PSS013366,0.689301309628412,126,16692,TRUE,TRUE,TRUE,rescued
PPM037651,PGS019469,PSS013365,0.688347521291446,126,16692,TRUE,TRUE,TRUE,rescued
PPM037652,PGS019470,PSS013367,0.688401724616678,126,16692,TRUE,TRUE,TRUE,rescued
PPM037653,PGS019471,PSS013368,0.688537708397521,126,16692,TRUE,TRUE,TRUE,rescued
PPM037654,PGS019472,PSS013369,0.688438335634597,126,16692,TRUE,TRUE,TRUE,rescued
PPM037655,PGS019473,PSS013388,0.67803505975123,1423,18077,TRUE,TRUE,TRUE,rescued
PPM037656,PGS019474,PSS013387,0.68376066448939,1423,18077,TRUE,TRUE,TRUE,rescued
PPM037657,PGS019475,PSS013389,0.681126387934241,1423,18077,TRUE,TRUE,TRUE,rescued
PPM037658,PGS019476,PSS013390,0.683597467863229,1423,18077,TRUE,TRUE,TRUE,rescued
PPM037659,PGS019477,PSS013391,0.682434060185501,1423,18077,TRUE,TRUE,TRUE,rescued
PPM037660,PGS019478,PSS013392,0.677714147852956,1423,18077,TRUE,TRUE,TRUE,rescued
PPM037661,PGS019479,PSS013376,0.670367719592894,805,18077,TRUE,TRUE,TRUE,rescued
PPM037662,PGS019480,PSS013375,0.675941117311487,805,18077,TRUE,TRUE,TRUE,rescued
PPM037663,PGS019481,PSS013377,0.670510861576617,805,18077,TRUE,TRUE,TRUE,rescued
PPM037664,PGS019482,PSS013378,0.671675032650185,805,18077,TRUE,TRUE,TRUE,rescued
PPM037665,PGS019483,PSS013379,0.68199087615882,805,18077,TRUE,TRUE,TRUE,rescued
PPM037666,PGS019484,PSS013380,0.671000279343334,805,18077,TRUE,TRUE,TRUE,rescued
PPM037667,PGS019485,PSS013382,0.678826631609661,510,18077,TRUE,TRUE,TRUE,rescued
PPM037668,PGS019486,PSS013381,0.685618601038911,510,18077,TRUE,TRUE,TRUE,rescued
PPM037669,PGS019487,PSS013383,0.683340329548869,510,18077,TRUE,TRUE,TRUE,rescued
PPM037670,PGS019488,PSS013384,0.684820815530948,510,18077,TRUE,TRUE,TRUE,rescued
PPM037671,PGS019489,PSS013385,0.690047476644029,510,18077,TRUE,TRUE,TRUE,rescued
PPM037672,PGS019490,PSS013386,0.68139375460313,510,18077,TRUE,TRUE,TRUE,rescued
PPM037673,PGS019491,PSS013394,0.624972905021941,392,18077,TRUE,TRUE,TRUE,rescued
PPM037674,PGS019492,PSS013393,0.624698003890387,392,18077,TRUE,TRUE,TRUE,rescued
PPM037675,PGS019493,PSS013395,0.627825074821653,392,18077,TRUE,TRUE,TRUE,rescued
PPM037676,PGS019494,PSS013396,0.624089354721808,392,18077,TRUE,TRUE,TRUE,rescued
PPM037677,PGS019495,PSS013397,0.647067448432047,392,18077,TRUE,TRUE,TRUE,rescued
PPM037678,PGS019496,PSS013398,0.629897981762822,392,18077,TRUE,TRUE,TRUE,rescued
PPM037679,PGS019497,PSS013400,0.62265951989739,2288,16509,TRUE,TRUE,TRUE,rescued
PPM037680,PGS019498,PSS013399,0.624026516369329,2288,16509,TRUE,TRUE,TRUE,rescued
PPM037681,PGS019499,PSS013401,0.623400109793895,2288,16509,TRUE,TRUE,TRUE,rescued
PPM037682,PGS019500,PSS013402,0.624725700582052,2288,16509,TRUE,TRUE,TRUE,rescued
PPM037683,PGS019501,PSS013403,0.622819556571601,2288,16509,TRUE,TRUE,TRUE,rescued
PPM037684,PGS019502,PSS013410,0.624209481077519,1708,17691,TRUE,TRUE,TRUE,rescued
PPM037685,PGS019503,PSS013409,0.625434485072061,1708,17691,TRUE,TRUE,TRUE,rescued
PPM037686,PGS019504,PSS013411,0.624122342471072,1708,17691,TRUE,TRUE,TRUE,rescued
PPM037687,PGS019505,PSS013412,0.625875175418984,1708,17691,TRUE,TRUE,TRUE,rescued
PPM037688,PGS019506,PSS013413,0.624300491775479,1708,17691,TRUE,TRUE,TRUE,rescued
PPM037689,PGS019507,PSS013405,0.633396237484879,1371,17691,TRUE,TRUE,TRUE,rescued
PPM037690,PGS019508,PSS013404,0.635276971427942,1371,17691,TRUE,TRUE,TRUE,rescued
PPM037691,PGS019509,PSS013406,0.632818485714796,1371,17691,TRUE,TRUE,TRUE,rescued
PPM037692,PGS019510,PSS013407,0.636191528607989,1371,17691,TRUE,TRUE,TRUE,rescued
PPM037693,PGS019511,PSS013408,0.634521189818194,1371,17691,TRUE,TRUE,TRUE,rescued
PPM037694,PGS019512,PSS013415,0.637050020292208,112,17600,TRUE,TRUE,TRUE,rescued
PPM037695,PGS019513,PSS013414,0.637900263798701,112,17600,TRUE,TRUE,TRUE,rescued
PPM037696,PGS019514,PSS013416,0.63691507711039,112,17600,TRUE,TRUE,TRUE,rescued
PPM037697,PGS019515,PSS013417,0.639225344967532,112,17600,TRUE,TRUE,TRUE,rescued
PPM037698,PGS019516,PSS013418,0.635906047077922,112,17600,TRUE,TRUE,TRUE,rescued
PPM037699,PGS019517,PSS013420,0.556742452259279,676,17600,TRUE,TRUE,TRUE,rescued
PPM037700,PGS019518,PSS013419,0.561318080957504,676,17600,TRUE,TRUE,TRUE,rescued
PPM037701,PGS019519,PSS013421,0.557303321678322,676,17600,TRUE,TRUE,TRUE,rescued
PPM037702,PGS019520,PSS013422,0.556997293571813,676,17600,TRUE,TRUE,TRUE,rescued
PPM037703,PGS019521,PSS013423,0.560159612022593,676,17600,TRUE,TRUE,TRUE,rescued
PPM037704,PGS019522,PSS013425,0.57055132915496,2100,6610,TRUE,TRUE,TRUE,rescued
PPM037705,PGS019523,PSS013424,0.574947482169872,2100,6610,TRUE,TRUE,TRUE,rescued
PPM037706,PGS019524,PSS013426,0.572867300626756,2100,6610,TRUE,TRUE,TRUE,rescued
PPM037707,PGS019525,PSS013427,0.574616670268713,2100,6610,TRUE,TRUE,TRUE,rescued
PPM037708,PGS019526,PSS013428,0.568734889417189,2100,6610,TRUE,TRUE,TRUE,rescued
PPM037709,PGS019527,PSS013430,0.593775886313518,269,6588,TRUE,TRUE,TRUE,rescued
PPM037710,PGS019528,PSS013429,0.596512076705873,269,6588,TRUE,TRUE,TRUE,rescued
PPM037711,PGS019529,PSS013431,0.602978153362089,269,6588,TRUE,TRUE,TRUE,rescued
PPM037712,PGS019530,PSS013432,0.594554591766488,269,6588,TRUE,TRUE,TRUE,rescued
PPM037713,PGS019531,PSS013433,0.590851226630372,269,6588,TRUE,TRUE,TRUE,rescued
PPM037714,PGS019532,PSS013435,0.827579150904559,302,8172,TRUE,TRUE,TRUE,rescued
PPM037715,PGS019533,PSS013434,0.82745232468808,302,8172,TRUE,TRUE,TRUE,rescued
PPM037716,PGS019534,PSS013436,0.82693975227963,302,8172,TRUE,TRUE,TRUE,rescued
PPM037717,PGS019535,PSS013437,0.827521613132227,302,8172,TRUE,TRUE,TRUE,rescued
PPM037718,PGS019536,PSS013438,0.82726917628601,302,8172,TRUE,TRUE,TRUE,rescued
PPM037719,PGS019537,PSS013440,0.852975089298489,920,17321,TRUE,TRUE,TRUE,rescued
PPM037720,PGS019538,PSS013439,0.853537425040727,920,17321,TRUE,TRUE,TRUE,rescued
PPM037721,PGS019539,PSS013441,0.853271474937435,920,17321,TRUE,TRUE,TRUE,rescued
PPM037722,PGS019540,PSS013442,0.853459861490074,920,17321,TRUE,TRUE,TRUE,rescued
PPM037723,PGS019541,PSS013443,0.853128835818798,920,17321,TRUE,TRUE,TRUE,rescued
PPM037724,PGS019542,PSS013450,0.845276076601224,1384,18019,TRUE,TRUE,TRUE,rescued
PPM037725,PGS019543,PSS013449,0.846350608718414,1384,18019,TRUE,TRUE,TRUE,rescued
PPM037726,PGS019544,PSS013451,0.846045856541281,1384,18019,TRUE,TRUE,TRUE,rescued
PPM037727,PGS019545,PSS013452,0.845609098552684,1384,18019,TRUE,TRUE,TRUE,rescued
PPM037728,PGS019546,PSS013453,0.846017225876219,1384,18019,TRUE,TRUE,TRUE,rescued
PPM037729,PGS019547,PSS013445,0.84294605322595,1046,18019,TRUE,TRUE,TRUE,rescued
PPM037730,PGS019548,PSS013444,0.843545112833416,1046,18019,TRUE,TRUE,TRUE,rescued
PPM037731,PGS019549,PSS013446,0.843019058807375,1046,18019,TRUE,TRUE,TRUE,rescued
PPM037732,PGS019550,PSS013447,0.843541345830304,1046,18019,TRUE,TRUE,TRUE,rescued
PPM037733,PGS019551,PSS013448,0.843635733133615,1046,18019,TRUE,TRUE,TRUE,rescued
PPM037734,PGS019552,PSS013455,0.905401854711181,598,8961,TRUE,TRUE,TRUE,rescued
PPM037735,PGS019553,PSS013454,0.90549366840105,598,8961,TRUE,TRUE,TRUE,rescued
PPM037736,PGS019554,PSS013456,0.904679288436439,598,8961,TRUE,TRUE,TRUE,rescued
PPM037737,PGS019555,PSS013457,0.905031987367033,598,8961,TRUE,TRUE,TRUE,rescued
PPM037738,PGS019556,PSS013458,0.904759905334861,598,8961,TRUE,TRUE,TRUE,rescued
PPM037739,PGS019557,PSS013460,0.815699216478862,95,9505,TRUE,TRUE,TRUE,rescued
PPM037740,PGS019558,PSS013459,0.815415709183532,95,9505,TRUE,TRUE,TRUE,rescued
PPM037741,PGS019559,PSS013461,0.814980481187187,95,9505,TRUE,TRUE,TRUE,rescued
PPM037742,PGS019560,PSS013462,0.816326033389629,95,9505,TRUE,TRUE,TRUE,rescued
PPM037743,PGS019561,PSS013463,0.815299426894432,95,9505,TRUE,TRUE,TRUE,rescued
PPM037744,PGS019562,PSS013470,0.903331410049451,921,8152,TRUE,TRUE,TRUE,rescued
PPM037745,PGS019563,PSS013469,0.903339268342321,921,8152,TRUE,TRUE,TRUE,rescued
PPM037746,PGS019564,PSS013471,0.90332235303394,921,8152,TRUE,TRUE,TRUE,rescued
PPM037747,PGS019565,PSS013472,0.903456743161154,921,8152,TRUE,TRUE,TRUE,rescued
PPM037748,PGS019566,PSS013473,0.903372033427846,921,8152,TRUE,TRUE,TRUE,rescued
PPM037749,PGS019567,PSS013465,0.90398309142423,248,8152,TRUE,TRUE,TRUE,rescued
PPM037750,PGS019568,PSS013464,0.905442756972364,248,8152,TRUE,TRUE,TRUE,rescued
PPM037751,PGS019569,PSS013466,0.905401207698883,248,8152,TRUE,TRUE,TRUE,rescued
PPM037752,PGS019570,PSS013467,0.904211117794169,248,8152,TRUE,TRUE,TRUE,rescued
PPM037753,PGS019571,PSS013468,0.904006339232011,248,8152,TRUE,TRUE,TRUE,rescued
PPM037754,PGS019572,PSS013475,0.576107946026987,145,17825,TRUE,TRUE,TRUE,rescued
PPM037755,PGS019573,PSS013474,0.582246554142284,145,17825,TRUE,TRUE,TRUE,rescued
PPM037756,PGS019574,PSS013476,0.574573487449824,145,17825,TRUE,TRUE,TRUE,rescued
PPM037757,PGS019575,PSS013477,0.577967790298399,145,17825,TRUE,TRUE,TRUE,rescued
PPM037758,PGS019576,PSS013478,0.57414673308507,145,17825,TRUE,TRUE,TRUE,rescued
PPM037759,PGS019577,PSS013480,0.681523183942151,199,17825,TRUE,TRUE,TRUE,rescued
PPM037760,PGS019578,PSS013479,0.678931826030574,199,17825,TRUE,TRUE,TRUE,rescued
PPM037761,PGS019579,PSS013481,0.676144819469014,199,17825,TRUE,TRUE,TRUE,rescued
PPM037762,PGS019580,PSS013482,0.678059582625611,199,17825,TRUE,TRUE,TRUE,rescued
PPM037763,PGS019581,PSS013483,0.678203359011044,199,17825,TRUE,TRUE,TRUE,rescued
PPM037764,PGS019582,PSS013485,0.74983027045241,414,19326,TRUE,TRUE,TRUE,rescued
PPM037765,PGS019583,PSS013484,0.750779406081567,414,19326,TRUE,TRUE,TRUE,rescued
PPM037766,PGS019584,PSS013486,0.750496940118716,414,19326,TRUE,TRUE,TRUE,rescued
PPM037767,PGS019585,PSS013487,0.750652796338041,414,19326,TRUE,TRUE,TRUE,rescued
PPM037768,PGS019586,PSS013488,0.749813647455482,414,19326,TRUE,TRUE,TRUE,rescued
PPM037769,PGS019587,PSS013502,0.747315921940216,844,17934,TRUE,TRUE,TRUE,rescued
PPM037770,PGS019588,PSS013501,0.748491440706498,844,17934,TRUE,TRUE,TRUE,rescued
PPM037771,PGS019589,PSS013503,0.746115430089369,844,17934,TRUE,TRUE,TRUE,rescued
PPM037772,PGS019590,PSS013504,0.74866374177672,844,17934,TRUE,TRUE,TRUE,rescued
PPM037773,PGS019591,PSS013505,0.754151544076569,844,17934,TRUE,TRUE,TRUE,rescued
PPM037774,PGS019592,PSS013506,0.746895872015188,844,17934,TRUE,TRUE,TRUE,rescued
PPM037775,PGS019593,PSS013496,0.869279296686563,427,17914,TRUE,TRUE,TRUE,rescued
PPM037776,PGS019594,PSS013495,0.872166366551196,427,17914,TRUE,TRUE,TRUE,rescued
PPM037777,PGS019595,PSS013497,0.864020107518644,427,17914,TRUE,TRUE,TRUE,rescued
PPM037778,PGS019596,PSS013498,0.867504880852807,427,17914,TRUE,TRUE,TRUE,rescued
PPM037779,PGS019597,PSS013499,0.877848079256631,427,17914,TRUE,TRUE,TRUE,rescued
PPM037780,PGS019598,PSS013500,0.866763372961474,427,17914,TRUE,TRUE,TRUE,rescued
PPM037781,PGS019599,PSS013490,0.873026602139368,414,17914,TRUE,TRUE,TRUE,rescued
PPM037782,PGS019600,PSS013489,0.875347136264029,414,17914,TRUE,TRUE,TRUE,rescued
PPM037783,PGS019601,PSS013491,0.867433319364284,414,17914,TRUE,TRUE,TRUE,rescued
PPM037784,PGS019602,PSS013492,0.870124653537918,414,17914,TRUE,TRUE,TRUE,rescued
PPM037785,PGS019603,PSS013493,0.882129406250691,414,17914,TRUE,TRUE,TRUE,rescued
PPM037786,PGS019604,PSS013494,0.871858649403295,414,17914,TRUE,TRUE,TRUE,rescued
PPM037787,PGS019605,PSS013526,0.794097573980272,330,17050,TRUE,TRUE,TRUE,rescued
PPM037788,PGS019606,PSS013525,0.796052608193371,330,17050,TRUE,TRUE,TRUE,rescued
PPM037789,PGS019607,PSS013527,0.769051275215498,330,17050,TRUE,TRUE,TRUE,rescued
PPM037790,PGS019608,PSS013528,0.786003021416511,330,17050,TRUE,TRUE,TRUE,rescued
PPM037791,PGS019609,PSS013529,0.809224029147783,330,17050,TRUE,TRUE,TRUE,rescued
PPM037792,PGS019610,PSS013530,0.789532391362303,330,17050,TRUE,TRUE,TRUE,rescued
PPM037793,PGS019611,PSS013520,0.798245784457478,320,17050,TRUE,TRUE,TRUE,rescued
PPM037794,PGS019612,PSS013519,0.800852089442815,320,17050,TRUE,TRUE,TRUE,rescued
PPM037795,PGS019613,PSS013521,0.770259897360704,320,17050,TRUE,TRUE,TRUE,rescued
PPM037796,PGS019614,PSS013522,0.792084494134897,320,17050,TRUE,TRUE,TRUE,rescued
PPM037797,PGS019615,PSS013523,0.812739369501466,320,17050,TRUE,TRUE,TRUE,rescued
PPM037798,PGS019616,PSS013524,0.792362903225806,320,17050,TRUE,TRUE,TRUE,rescued
PPM037799,PGS019617,PSS013508,0.811239882697947,275,17050,TRUE,TRUE,TRUE,rescued
PPM037800,PGS019618,PSS013507,0.810093521727539,275,17050,TRUE,TRUE,TRUE,rescued
PPM037801,PGS019619,PSS013509,0.773482697947214,275,17050,TRUE,TRUE,TRUE,rescued
PPM037802,PGS019620,PSS013510,0.798701786190349,275,17050,TRUE,TRUE,TRUE,rescued
PPM037803,PGS019621,PSS013511,0.822064516129032,275,17050,TRUE,TRUE,TRUE,rescued
PPM037804,PGS019622,PSS013512,0.802947054118902,275,17050,TRUE,TRUE,TRUE,rescued
PPM037805,PGS019623,PSS013514,0.831742848613623,167,17050,TRUE,TRUE,TRUE,rescued
PPM037806,PGS019624,PSS013513,0.837107134704199,167,17050,TRUE,TRUE,TRUE,rescued
PPM037807,PGS019625,PSS013515,0.795241540379651,167,17050,TRUE,TRUE,TRUE,rescued
PPM037808,PGS019626,PSS013516,0.835644371081883,167,17050,TRUE,TRUE,TRUE,rescued
PPM037809,PGS019627,PSS013517,0.839831422199589,167,17050,TRUE,TRUE,TRUE,rescued
PPM037810,PGS019628,PSS013518,0.819446502888651,167,17050,TRUE,TRUE,TRUE,rescued
PPM037811,PGS019629,PSS013537,0.693676130478582,615,18909,TRUE,TRUE,TRUE,rescued
PPM037812,PGS019630,PSS013536,0.693702529917573,615,18909,TRUE,TRUE,TRUE,rescued
PPM037813,PGS019631,PSS013538,0.693687739352405,615,18909,TRUE,TRUE,TRUE,rescued
PPM037814,PGS019632,PSS013539,0.694017861327273,615,18909,TRUE,TRUE,TRUE,rescued
PPM037815,PGS019633,PSS013540,0.693397087548537,615,18909,TRUE,TRUE,TRUE,rescued
PPM037816,PGS019634,PSS013532,0.764022037329455,233,18909,TRUE,TRUE,TRUE,rescued
PPM037817,PGS019635,PSS013531,0.764133481410968,233,18909,TRUE,TRUE,TRUE,rescued
PPM037818,PGS019636,PSS013533,0.764541126157197,233,18909,TRUE,TRUE,TRUE,rescued
PPM037819,PGS019637,PSS013534,0.763922849827171,233,18909,TRUE,TRUE,TRUE,rescued
PPM037820,PGS019638,PSS013535,0.763899698510848,233,18909,TRUE,TRUE,TRUE,rescued
PPM037821,PGS019639,PSS013553,0.781314222200103,1420,16980,TRUE,TRUE,TRUE,rescued
PPM037822,PGS019640,PSS013552,0.78471922228305,1420,16980,TRUE,TRUE,TRUE,rescued
PPM037823,PGS019641,PSS013554,0.782432688000796,1420,16980,TRUE,TRUE,TRUE,rescued
PPM037824,PGS019642,PSS013555,0.78295795384794,1420,16980,TRUE,TRUE,TRUE,rescued
PPM037825,PGS019643,PSS013556,0.78844850611324,1420,16980,TRUE,TRUE,TRUE,rescued
PPM037826,PGS019644,PSS013557,0.779954876490984,1420,16980,TRUE,TRUE,TRUE,rescued
PPM037827,PGS019645,PSS013542,0.779265506158636,1032,16980,TRUE,TRUE,TRUE,rescued
PPM037828,PGS019646,PSS013541,0.783962664694442,1032,16980,TRUE,TRUE,TRUE,rescued
PPM037829,PGS019647,PSS013543,0.778154589074242,1032,16980,TRUE,TRUE,TRUE,rescued
PPM037830,PGS019648,PSS013544,0.783465214433762,1032,16980,TRUE,TRUE,TRUE,rescued
PPM037831,PGS019649,PSS013545,0.787593018690479,1032,16980,TRUE,TRUE,TRUE,rescued
PPM037832,PGS019650,PSS013546,0.778773420165996,1032,16980,TRUE,TRUE,TRUE,rescued
PPM037833,PGS019651,PSS013548,0.790408568904594,240,16980,TRUE,TRUE,TRUE,rescued
PPM037834,PGS019652,PSS013547,0.790719473890852,240,16980,TRUE,TRUE,TRUE,rescued
PPM037835,PGS019653,PSS013549,0.789390950137417,240,16980,TRUE,TRUE,TRUE,rescued
PPM037836,PGS019654,PSS013550,0.788936739301139,240,16980,TRUE,TRUE,TRUE,rescued
PPM037837,PGS019655,PSS013551,0.789685659599529,240,16980,TRUE,TRUE,TRUE,rescued
PPM037838,PGS019656,PSS013564,0.759488398051757,1038,18028,TRUE,TRUE,TRUE,rescued
PPM037839,PGS019657,PSS013563,0.762804263374507,1038,18028,TRUE,TRUE,TRUE,rescued
PPM037840,PGS019658,PSS013565,0.753433163056568,1038,18028,TRUE,TRUE,TRUE,rescued
PPM037841,PGS019659,PSS013566,0.762643520056363,1038,18028,TRUE,TRUE,TRUE,rescued
PPM037842,PGS019660,PSS013567,0.753050168588105,1038,18028,TRUE,TRUE,TRUE,rescued
PPM037843,PGS019661,PSS013559,0.775752785013658,778,18028,TRUE,TRUE,TRUE,rescued
PPM037844,PGS019662,PSS013558,0.780369425338363,778,18028,TRUE,TRUE,TRUE,rescued
PPM037845,PGS019663,PSS013560,0.762239601009113,778,18028,TRUE,TRUE,TRUE,rescued
PPM037846,PGS019664,PSS013561,0.774974646693547,778,18028,TRUE,TRUE,TRUE,rescued
PPM037847,PGS019665,PSS013562,0.768267285450853,778,18028,TRUE,TRUE,TRUE,rescued
PPM037848,PGS019666,PSS013575,0.771547891823538,419,18028,TRUE,TRUE,TRUE,rescued
PPM037849,PGS019667,PSS013574,0.771349446869442,419,18028,TRUE,TRUE,TRUE,rescued
PPM037850,PGS019668,PSS013576,0.757629738518655,419,18028,TRUE,TRUE,TRUE,rescued
PPM037851,PGS019669,PSS013577,0.782045616656773,419,18028,TRUE,TRUE,TRUE,rescued
PPM037852,PGS019670,PSS013578,0.775801550809587,419,18028,TRUE,TRUE,TRUE,rescued
PPM037853,PGS019671,PSS013569,0.869466940315065,268,18028,TRUE,TRUE,TRUE,rescued
PPM037854,PGS019672,PSS013568,0.862981589169749,268,18028,TRUE,TRUE,TRUE,rescued
PPM037855,PGS019673,PSS013570,0.853822743394189,268,18028,TRUE,TRUE,TRUE,rescued
PPM037856,PGS019674,PSS013571,0.867138058873593,268,18028,TRUE,TRUE,TRUE,rescued
PPM037857,PGS019675,PSS013572,0.862883276097878,268,18028,TRUE,TRUE,TRUE,rescued
PPM037858,PGS019676,PSS013573,0.860994630243502,268,18028,TRUE,TRUE,TRUE,rescued
PPM037859,PGS019677,PSS013595,0.71145465448314,1073,17388,TRUE,TRUE,TRUE,rescued
PPM037860,PGS019678,PSS013594,0.712243299199821,1073,17388,TRUE,TRUE,TRUE,rescued
PPM037861,PGS019679,PSS013596,0.710789768136095,1073,17388,TRUE,TRUE,TRUE,rescued
PPM037862,PGS019680,PSS013597,0.71059927993961,1073,17388,TRUE,TRUE,TRUE,rescued
PPM037863,PGS019681,PSS013598,0.710410828476795,1073,17388,TRUE,TRUE,TRUE,rescued
PPM037864,PGS019682,PSS013580,0.827445496378058,323,17388,TRUE,TRUE,TRUE,rescued
PPM037865,PGS019683,PSS013579,0.827200140162854,323,17388,TRUE,TRUE,TRUE,rescued
PPM037866,PGS019684,PSS013581,0.826671324517603,323,17388,TRUE,TRUE,TRUE,rescued
PPM037867,PGS019685,PSS013582,0.826591200934989,323,17388,TRUE,TRUE,TRUE,rescued
PPM037868,PGS019686,PSS013583,0.827048973670322,323,17388,TRUE,TRUE,TRUE,rescued
PPM037869,PGS019687,PSS013585,0.881967216628302,161,17388,TRUE,TRUE,TRUE,rescued
PPM037870,PGS019688,PSS013584,0.882992768626039,161,17388,TRUE,TRUE,TRUE,rescued
PPM037871,PGS019689,PSS013586,0.878919137493267,161,17388,TRUE,TRUE,TRUE,rescued
PPM037872,PGS019690,PSS013587,0.880865221534949,161,17388,TRUE,TRUE,TRUE,rescued
PPM037873,PGS019691,PSS013588,0.879224195454279,161,17388,TRUE,TRUE,TRUE,rescued
PPM037874,PGS019692,PSS013590,0.706376135636387,1055,17388,TRUE,TRUE,TRUE,rescued
PPM037875,PGS019693,PSS013589,0.705803315900163,1055,17388,TRUE,TRUE,TRUE,rescued
PPM037876,PGS019694,PSS013591,0.705221447051243,1055,17388,TRUE,TRUE,TRUE,rescued
PPM037877,PGS019695,PSS013592,0.705799663547448,1055,17388,TRUE,TRUE,TRUE,rescued
PPM037878,PGS019696,PSS013593,0.705833406925515,1055,17388,TRUE,TRUE,TRUE,rescued
PPM037879,PGS019697,PSS013600,0.62715390997208,366,15327,TRUE,TRUE,TRUE,rescued
PPM037880,PGS019698,PSS013599,0.627266572329768,366,15327,TRUE,TRUE,TRUE,rescued
PPM037881,PGS019699,PSS013601,0.622437065060016,366,15327,TRUE,TRUE,TRUE,rescued
PPM037882,PGS019700,PSS013602,0.627761252776895,366,15327,TRUE,TRUE,TRUE,rescued
PPM037883,PGS019701,PSS013603,0.623517161935382,366,15327,TRUE,TRUE,TRUE,rescued
PPM037884,PGS019702,PSS013605,0.596731034548418,1398,15327,TRUE,TRUE,TRUE,rescued
PPM037885,PGS019703,PSS013604,0.59859936549646,1398,15327,TRUE,TRUE,TRUE,rescued
PPM037886,PGS019704,PSS013606,0.596331027939979,1398,15327,TRUE,TRUE,TRUE,rescued
PPM037887,PGS019705,PSS013607,0.598040121628891,1398,15327,TRUE,TRUE,TRUE,rescued
PPM037888,PGS019706,PSS013608,0.59653418145375,1398,15327,TRUE,TRUE,TRUE,rescued
PPM037889,PGS019707,PSS013615,0.653716086738909,627,14690,TRUE,TRUE,TRUE,rescued
PPM037890,PGS019708,PSS013614,0.653140121794058,627,14690,TRUE,TRUE,TRUE,rescued
PPM037891,PGS019709,PSS013616,0.653685361370503,627,14690,TRUE,TRUE,TRUE,rescued
PPM037892,PGS019710,PSS013617,0.652876296192551,627,14690,TRUE,TRUE,TRUE,rescued
PPM037893,PGS019711,PSS013618,0.653107985012969,627,14690,TRUE,TRUE,TRUE,rescued
PPM037894,PGS019712,PSS013610,0.683904190649891,371,14690,TRUE,TRUE,TRUE,rescued
PPM037895,PGS019713,PSS013609,0.684440888882365,371,14690,TRUE,TRUE,TRUE,rescued
PPM037896,PGS019714,PSS013611,0.685794652834225,371,14690,TRUE,TRUE,TRUE,rescued
PPM037897,PGS019715,PSS013612,0.68426162249839,371,14690,TRUE,TRUE,TRUE,rescued
PPM037898,PGS019716,PSS013613,0.683511712865528,371,14690,TRUE,TRUE,TRUE,rescued
PPM037899,PGS019717,PSS013620,0.782226917625148,231,14690,TRUE,TRUE,TRUE,rescued
PPM037900,PGS019718,PSS013619,0.783270416898735,231,14690,TRUE,TRUE,TRUE,rescued
PPM037901,PGS019719,PSS013621,0.781878888073578,231,14690,TRUE,TRUE,TRUE,rescued
PPM037902,PGS019720,PSS013622,0.781824370319946,231,14690,TRUE,TRUE,TRUE,rescued
PPM037903,PGS019721,PSS013623,0.781878593383018,231,14690,TRUE,TRUE,TRUE,rescued
PPM037904,PGS019722,PSS013630,0.700626060264954,1081,18632,TRUE,TRUE,TRUE,rescued
PPM037905,PGS019723,PSS013629,0.703053870893043,1081,18632,TRUE,TRUE,TRUE,rescued
PPM037906,PGS019724,PSS013631,0.700861150621075,1081,18632,TRUE,TRUE,TRUE,rescued
PPM037907,PGS019725,PSS013632,0.703087185703805,1081,18632,TRUE,TRUE,TRUE,rescued
PPM037908,PGS019726,PSS013633,0.701259687112858,1081,18632,TRUE,TRUE,TRUE,rescued
PPM037909,PGS019727,PSS013625,0.728627083930779,813,18632,TRUE,TRUE,TRUE,rescued
PPM037910,PGS019728,PSS013624,0.732067777955581,813,18632,TRUE,TRUE,TRUE,rescued
PPM037911,PGS019729,PSS013626,0.730313861747462,813,18632,TRUE,TRUE,TRUE,rescued
PPM037912,PGS019730,PSS013627,0.73127360406279,813,18632,TRUE,TRUE,TRUE,rescued
PPM037913,PGS019731,PSS013628,0.73139606396064,813,18632,TRUE,TRUE,TRUE,rescued
PPM037914,PGS019732,PSS013635,0.615575438840728,254,18778,TRUE,TRUE,TRUE,rescued
PPM037915,PGS019733,PSS013634,0.618171247472541,254,18778,TRUE,TRUE,TRUE,rescued
PPM037916,PGS019734,PSS013636,0.618097027598891,254,18778,TRUE,TRUE,TRUE,rescued
PPM037917,PGS019735,PSS013637,0.619315156033656,254,18778,TRUE,TRUE,TRUE,rescued
PPM037918,PGS019736,PSS013638,0.619236533286146,254,18778,TRUE,TRUE,TRUE,rescued
PPM037919,PGS019737,PSS013640,0.636041494309358,246,19605,TRUE,TRUE,TRUE,rescued
PPM037920,PGS019738,PSS013639,0.636587439325044,246,19605,TRUE,TRUE,TRUE,rescued
PPM037921,PGS019739,PSS013641,0.637059983453698,246,19605,TRUE,TRUE,TRUE,rescued
PPM037922,PGS019740,PSS013642,0.636074877198657,246,19605,TRUE,TRUE,TRUE,rescued
PPM037923,PGS019741,PSS013643,0.638999301240143,246,19605,TRUE,TRUE,TRUE,rescued
PPM037924,PGS019742,PSS013645,0.682048313498407,209,19606,TRUE,TRUE,TRUE,rescued
PPM037925,PGS019743,PSS013644,0.681597079694869,209,19606,TRUE,TRUE,TRUE,rescued
PPM037926,PGS019744,PSS013646,0.681561693593456,209,19606,TRUE,TRUE,TRUE,rescued
PPM037927,PGS019745,PSS013647,0.681609037756726,209,19606,TRUE,TRUE,TRUE,rescued
PPM037928,PGS019746,PSS013648,0.682445125918391,209,19606,TRUE,TRUE,TRUE,rescued
PPM037929,PGS019747,PSS013650,0.651952696821525,458,18959,TRUE,TRUE,TRUE,rescued
PPM037930,PGS019748,PSS013649,0.651975038758654,458,18959,TRUE,TRUE,TRUE,rescued
PPM037931,PGS019749,PSS013651,0.651279329262801,458,18959,TRUE,TRUE,TRUE,rescued
PPM037932,PGS019750,PSS013652,0.651306968772651,458,18959,TRUE,TRUE,TRUE,rescued
PPM037933,PGS019751,PSS013653,0.651342900135457,458,18959,TRUE,TRUE,TRUE,rescued
PPM037934,PGS019752,PSS013661,0.621203250229642,1476,18038,TRUE,TRUE,TRUE,rescued
PPM037935,PGS019753,PSS013660,0.623406217707814,1476,18038,TRUE,TRUE,TRUE,rescued
PPM037936,PGS019754,PSS013662,0.62079549917353,1476,18038,TRUE,TRUE,TRUE,rescued
PPM037937,PGS019755,PSS013663,0.622403666934995,1476,18038,TRUE,TRUE,TRUE,rescued
PPM037938,PGS019756,PSS013664,0.622133047336683,1476,18038,TRUE,TRUE,TRUE,rescued
PPM037939,PGS019757,PSS013655,0.654148655033288,628,18038,TRUE,TRUE,TRUE,rescued
PPM037940,PGS019758,PSS013654,0.655213816126324,628,18038,TRUE,TRUE,TRUE,rescued
PPM037941,PGS019759,PSS013656,0.651369402033781,628,18038,TRUE,TRUE,TRUE,rescued
PPM037942,PGS019760,PSS013657,0.654306495911321,628,18038,TRUE,TRUE,TRUE,rescued
PPM037943,PGS019761,PSS013658,0.652322008809428,628,18038,TRUE,TRUE,TRUE,rescued
PPM037944,PGS019762,PSS013659,0.654476342583209,628,18038,TRUE,TRUE,TRUE,rescued
PPM037945,PGS019763,PSS013671,0.614205965957738,405,19466,TRUE,TRUE,TRUE,rescued
PPM037946,PGS019764,PSS013670,0.614828767601123,405,19466,TRUE,TRUE,TRUE,rescued
PPM037947,PGS019765,PSS013672,0.613409008172528,405,19466,TRUE,TRUE,TRUE,rescued
PPM037948,PGS019766,PSS013673,0.616008665948732,405,19466,TRUE,TRUE,TRUE,rescued
PPM037949,PGS019767,PSS013674,0.613795373509747,405,19466,TRUE,TRUE,TRUE,rescued
PPM037950,PGS019768,PSS013666,0.739503196895573,195,19466,TRUE,TRUE,TRUE,rescued
PPM037951,PGS019769,PSS013665,0.744565804413744,195,19466,TRUE,TRUE,TRUE,rescued
PPM037952,PGS019770,PSS013667,0.737163021915924,195,19466,TRUE,TRUE,TRUE,rescued
PPM037953,PGS019771,PSS013668,0.741548577796394,195,19466,TRUE,TRUE,TRUE,rescued
PPM037954,PGS019772,PSS013669,0.740976113512844,195,19466,TRUE,TRUE,TRUE,rescued
PPM037955,PGS019773,PSS013676,0.684320365490778,151,6610,TRUE,TRUE,TRUE,rescued
PPM037956,PGS019774,PSS013675,0.691942771838775,151,6610,TRUE,TRUE,TRUE,rescued
PPM037957,PGS019775,PSS013677,0.674021901393634,151,6610,TRUE,TRUE,TRUE,rescued
PPM037958,PGS019776,PSS013678,0.68548256204226,151,6610,TRUE,TRUE,TRUE,rescued
PPM037959,PGS019777,PSS013679,0.676595765997736,151,6610,TRUE,TRUE,TRUE,rescued
PPM037960,PGS019778,PSS013681,0.647728206618158,1973,16590,TRUE,TRUE,TRUE,rescued
PPM037961,PGS019779,PSS013680,0.650399562264165,1973,16590,TRUE,TRUE,TRUE,rescued
PPM037962,PGS019780,PSS013682,0.64859237439001,1973,16590,TRUE,TRUE,TRUE,rescued
PPM037963,PGS019781,PSS013683,0.649406652252668,1973,16590,TRUE,TRUE,TRUE,rescued
PPM037964,PGS019782,PSS013684,0.647933815368231,1973,16590,TRUE,TRUE,TRUE,rescued
PPM037965,PGS019783,PSS013686,0.698797868106853,671,16590,TRUE,TRUE,TRUE,rescued
PPM037966,PGS019784,PSS013685,0.700106181430107,671,16590,TRUE,TRUE,TRUE,rescued
PPM037967,PGS019785,PSS013687,0.701738159467979,671,16590,TRUE,TRUE,TRUE,rescued
PPM037968,PGS019786,PSS013688,0.699148033262995,671,16590,TRUE,TRUE,TRUE,rescued
PPM037969,PGS019787,PSS013689,0.69940055102952,671,16590,TRUE,TRUE,TRUE,rescued
PPM038137,PGS000036,PSS013832,0.83,2469,2469,TRUE,TRUE,TRUE,rescued
PPM038138,PGS000804,PSS013832,0.83,2469,2469,TRUE,TRUE,TRUE,rescued
