pgs_id,pss_id,ancestry_eval,ppm_id,metric_type_std,estimate,interval_lower,interval_upper,Neff,n,cases,ctrls,rtight_rank
PGS000001,PSS000484,European,PPM000961,NA,NA,NA,NA,4032.7535849325814,56068,1027,55041,2
PGS000001,PSS000486,European,PPM000962,NA,NA,NA,NA,3631.221730755511,56068,923,55145,2
PGS000001,PSS001054,European,PPM002151,NA,NA,NA,NA,587.5736842105263,760,561,199,2
PGS000001,PSS001054,European,PPM002152,NA,NA,NA,NA,587.5736842105263,760,561,199,3
PGS000001,PSS001054,European,PPM002153,NA,NA,NA,NA,587.5736842105263,760,561,199,4
PGS000001,PSS001054,European,PPM002154,NA,NA,NA,NA,587.5736842105263,760,561,199,5
PGS000001,PSS012310,East Asian,PPM036555,NA,NA,NA,NA,436.220363062352,6335,111,6224,2
PGS000004,PSS000450,European,PPM001347,NA,NA,NA,NA,31308.40888614224,122978,8401,114577,2
PGS000004,PSS000482,European,PPM000940,NA,NA,NA,NA,13812.899641873604,84607,3607,81000,2
PGS000004,PSS000482,European,PPM000955,NA,NA,NA,NA,13812.899641873604,84607,3607,81000,3
PGS000004,PSS000482,European,PPM000957,NA,NA,NA,NA,13812.899641873604,84607,3607,81000,4
PGS000004,PSS000483,European,PPM000941,NA,NA,NA,NA,141534.5894458736,143830,81000,62830,2
PGS000004,PSS000483,European,PPM000956,NA,NA,NA,NA,141534.5894458736,143830,81000,62830,3
PGS000004,PSS000483,European,PPM000958,NA,NA,NA,NA,141534.5894458736,143830,81000,62830,4
PGS000004,PSS000484,European,PPM000952,C-index,0.623,0.591,0.629,4032.7535849325814,56068,1027,55041,2
PGS000004,PSS000484,European,PPM000934,C-index,0.563,0.547,0.586,4032.7535849325814,56068,1027,55041,3
PGS000004,PSS000484,European,PPM000951,C-index,0.563,0.547,0.586,4032.7535849325814,56068,1027,55041,4
PGS000004,PSS000485,European,PPM000954,NA,NA,NA,NA,1094.6047656417206,56068,275,55793,2
PGS000004,PSS000486,European,PPM000953,NA,NA,NA,NA,3631.221730755511,56068,923,55145,2
PGS000004,PSS000854,European,PPM001646,AUC,0.628,0.62,0.637,17172.025588056247,400812,4340,396472,2
PGS000004,PSS000974,European,PPM001946,NA,NA,NA,NA,5687.6534826741345,5714,3051,2663,2
PGS000004,PSS000979,European,PPM001959,NA,NA,NA,NA,4949.5997088791855,13740,1375,12365,2
PGS000004,PSS000995,African American or Afro-Caribbean,PPM001999,NA,NA,NA,NA,9488.573464682457,9542,4414,5128,2
PGS000004,PSS000995,Sub-Saharan African,PPM001999,NA,NA,NA,NA,2317.7066034005534,2529,899,1630,2
PGS000004,PSS003581,European,PPM005119,NA,NA,NA,NA,121.45278450363196,413,33,380,2
PGS000004,PSS003581,European,PPM005120,NA,NA,NA,NA,121.45278450363196,413,33,380,3
PGS000004,PSS003582,European,PPM005122,NA,NA,NA,NA,773.6686491079014,1177,244,933,2
PGS000004,PSS003582,European,PPM005123,NA,NA,NA,NA,773.6686491079014,1177,244,933,3
PGS000004,PSS003595,European,PPM005149,AUC,0.62,0.59,0.65,2124.0511121628015,6339,585,5754,2
PGS000004,PSS003595,European,PPM005148,NA,NA,NA,NA,2124.0511121628015,6339,585,5754,3
PGS000004,PSS003595,European,PPM005150,NA,NA,NA,NA,2124.0511121628015,6339,585,5754,4
PGS000004,PSS003595,European,PPM005151,NA,NA,NA,NA,2124.0511121628015,6339,585,5754,5
PGS000004,PSS003599,European,PPM005159,NA,NA,NA,NA,13992.606467573778,33954,3960,29994,2
PGS000004,PSS003600,Hispanic or Latin American,PPM005165,NA,NA,NA,NA,548.6393442622951,2196,147,2049,2
PGS000004,PSS009609,European,PPM012909,AUC,0.631,0.61,0.651,3506.2096125498183,54949,891,54058,2
PGS000004,PSS009610,European,PPM012910,AUC,0.622,0.614,0.63,23092.62114362092,238663,5920,232743,2
PGS000004,PSS011356,European,PPM020423,NA,NA,NA,NA,NA,17835,NA,NA,2
PGS000004,PSS011356,European,PPM020424,NA,NA,NA,NA,NA,17835,NA,NA,3
PGS000004,PSS011356,European,PPM020425,NA,NA,NA,NA,NA,17835,NA,NA,4
PGS000004,PSS011385,European,PPM020725,NA,NA,NA,NA,NA,683,NA,NA,2
PGS000004,PSS011385,European,PPM020727,NA,NA,NA,NA,NA,683,NA,NA,3
PGS000004,PSS011677,European,PPM021294,C-index,0.636,0.59,0.68,627.7194425405529,4377,163,4214,2
PGS000004,PSS011678,European,PPM021291,C-index,0.632,0.58,0.69,1217.1971787795155,6522,320,6202,2
PGS000004,PSS011678,European,PPM021293,C-index,0.562,0.48,0.62,1217.1971787795155,6522,320,6202,3
PGS000004,PSS011678,European,PPM021285,NA,NA,NA,NA,1217.1971787795155,6522,320,6202,4
PGS000004,PSS011678,European,PPM021286,NA,NA,NA,NA,1217.1971787795155,6522,320,6202,5
PGS000004,PSS011678,European,PPM021287,NA,NA,NA,NA,1217.1971787795155,6522,320,6202,6
PGS000004,PSS011678,European,PPM021288,NA,NA,NA,NA,1217.1971787795155,6522,320,6202,7
PGS000004,PSS011678,European,PPM021289,NA,NA,NA,NA,1217.1971787795155,6522,320,6202,8
PGS000004,PSS011678,European,PPM021290,NA,NA,NA,NA,1217.1971787795155,6522,320,6202,9
PGS000005,PSS000484,European,PPM000963,NA,NA,NA,NA,4032.7535849325814,56068,1027,55041,2
PGS000005,PSS000485,European,PPM000965,NA,NA,NA,NA,1094.6047656417206,56068,275,55793,2
PGS000005,PSS000486,European,PPM000964,NA,NA,NA,NA,3631.221730755511,56068,923,55145,2
PGS000005,PSS000974,European,PPM001948,NA,NA,NA,NA,5687.6534826741345,5714,3051,2663,2
PGS000005,PSS000995,African American or Afro-Caribbean,PPM002001,NA,NA,NA,NA,9488.573464682457,9542,4414,5128,2
PGS000005,PSS000995,Sub-Saharan African,PPM002001,NA,NA,NA,NA,2317.7066034005534,2529,899,1630,2
PGS000005,PSS003581,European,PPM005128,NA,NA,NA,NA,121.45278450363196,413,33,380,2
PGS000005,PSS003581,European,PPM005129,NA,NA,NA,NA,121.45278450363196,413,33,380,3
PGS000005,PSS003582,European,PPM005131,NA,NA,NA,NA,773.6686491079014,1177,244,933,2
PGS000005,PSS003582,European,PPM005132,NA,NA,NA,NA,773.6686491079014,1177,244,933,3
PGS000006,PSS000484,European,PPM000966,NA,NA,NA,NA,4032.7535849325814,56068,1027,55041,2
PGS000006,PSS000486,European,PPM000967,NA,NA,NA,NA,3631.221730755511,56068,923,55145,2
PGS000006,PSS000974,European,PPM001950,NA,NA,NA,NA,5687.6534826741345,5714,3051,2663,2
PGS000006,PSS000995,African American or Afro-Caribbean,PPM002003,NA,NA,NA,NA,9488.573464682457,9542,4414,5128,2
PGS000006,PSS000995,Sub-Saharan African,PPM002003,NA,NA,NA,NA,2317.7066034005534,2529,899,1630,2
PGS000006,PSS003582,European,PPM005125,NA,NA,NA,NA,773.6686491079014,1177,244,933,2
PGS000006,PSS003582,European,PPM005126,NA,NA,NA,NA,773.6686491079014,1177,244,933,3
PGS000007,PSS000218,European,PPM000388,AUC,0.63,NA,NA,3024.21156469724,9529,828,8701,2
PGS000007,PSS000218,European,PPM000384,NA,NA,NA,NA,3024.21156469724,9529,828,8701,3
PGS000007,PSS003599,European,PPM005160,NA,NA,NA,NA,13992.606467573778,33954,3960,29994,2
PGS000010,PSS000008,European,PPM000014,NA,NA,NA,NA,426.66727626014404,8749,108,8641,2
PGS000010,PSS000008,European,PPM000014,NA,NA,NA,NA,NA,27271,NA,NA,3
PGS000010,PSS000009,European,PPM000015,NA,NA,NA,NA,811.0655327663832,1999,229,1770,2
PGS000011,PSS000332,African American or Afro-Caribbean,PPM000592,C-index,0.649,NA,NA,1189.2780763790665,7070,311,6759,2
PGS000011,PSS000334,European,PPM000589,C-index,0.698,NA,NA,8387.713365863474,39758,2221,37537,2
PGS000011,PSS000336,Hispanic or Latin American,PPM000595,C-index,0.654,NA,NA,453.7465815861441,2194,120,2074,2
PGS000011,PSS011680,European,PPM021304,NA,NA,NA,NA,7602.308132656566,26203,2063,24140,2
PGS000011,PSS011680,European,PPM021305,NA,NA,NA,NA,7602.308132656566,26203,2063,24140,3
PGS000012,PSS011680,European,PPM021301,NA,NA,NA,NA,7602.308132656566,26203,2063,24140,2
PGS000012,PSS011680,European,PPM021302,NA,NA,NA,NA,7602.308132656566,26203,2063,24140,3
PGS000013,PSS000020,European,PPM000033,NA,NA,NA,NA,860.9559164733179,862,446,416,2
PGS000013,PSS000219,European,PPM000387,AUC,0.6,NA,NA,498.2321525885559,11010,126,10884,2
PGS000013,PSS000332,African American or Afro-Caribbean,PPM000593,C-index,0.656,NA,NA,1189.2780763790665,7070,311,6759,2
PGS000013,PSS000334,European,PPM000590,C-index,0.719,NA,NA,8387.713365863474,39758,2221,37537,2
PGS000013,PSS000336,Hispanic or Latin American,PPM000596,C-index,0.659,NA,NA,453.7465815861441,2194,120,2074,2
PGS000013,PSS000365,South Asian,PPM000748,AUC,0.6482,NA,NA,NA,244,NA,244,2
PGS000013,PSS000366,South Asian,PPM000749,AUC,0.7066,NA,NA,NA,1163,NA,1163,2
PGS000013,PSS000367,South Asian,PPM000747,AUC,0.8021,NA,NA,NA,398,398,NA,2
PGS000013,PSS000516,European,PPM001006,NA,NA,NA,NA,NA,10344,NA,NA,2
PGS000013,PSS000517,Hispanic or Latin American,PPM001007,NA,NA,NA,NA,NA,7048,NA,NA,2
PGS000013,PSS000837,European,PPM001618,C-index,0.669,0.644,0.691,2384.2343717763565,4847,696,4151,2
PGS000013,PSS000837,European,PPM001622,C-index,0.549,0.521,0.571,2384.2343717763565,4847,696,4151,3
PGS000013,PSS000838,European,PPM001619,C-index,0.672,0.627,0.705,821.7589958158995,2390,227,2163,2
PGS000013,PSS000838,European,PPM001623,C-index,0.587,0.532,0.623,821.7589958158995,2390,227,2163,3
PGS000013,PSS001063,European,PPM002183,C-index,0.7752,0.7443,0.8029,604.7988999656238,2909,160,2749,2
PGS000013,PSS001063,European,PPM002182,C-index,0.573,0.5254,0.6212,604.7988999656238,2909,160,2749,3
PGS000013,PSS007665,European,PPM009241,AUC,0.794,0.728,0.84,234.41696113074204,1132,62,1070,2
PGS000013,PSS007665,European,PPM009242,NA,NA,NA,NA,234.41696113074204,1132,62,1070,3
PGS000013,PSS007666,European,PPM009244,AUC,0.804,0.751,0.845,319.81900452488685,663,93,570,2
PGS000013,PSS007666,European,PPM009245,NA,NA,NA,NA,319.81900452488685,663,93,570,3
PGS000013,PSS009922,European,PPM014904,NA,NA,NA,NA,452.8173666823974,2119,120,1999,2
PGS000013,PSS010160,African American or Afro-Caribbean,PPM017193,NA,NA,NA,NA,53377.79994524762,76709,17202,59507,2
PGS000013,PSS010160,African American or Afro-Caribbean,PPM017196,NA,NA,NA,NA,53377.79994524762,76709,17202,59507,3
PGS000013,PSS010160,African American or Afro-Caribbean,PPM017199,NA,NA,NA,NA,53377.79994524762,76709,17202,59507,4
PGS000013,PSS010161,Hispanic or Latin American,PPM017192,NA,NA,NA,NA,20202.82693813626,30648,6378,24270,2
PGS000013,PSS010161,Hispanic or Latin American,PPM017195,NA,NA,NA,NA,20202.82693813626,30648,6378,24270,3
PGS000013,PSS010161,Hispanic or Latin American,PPM017198,NA,NA,NA,NA,20202.82693813626,30648,6378,24270,4
PGS000013,PSS010162,European,PPM017191,NA,NA,NA,NA,256766.2935323043,292438,95151,197287,2
PGS000013,PSS010162,European,PPM017194,NA,NA,NA,NA,256766.2935323043,292438,95151,197287,3
PGS000013,PSS010162,European,PPM017197,NA,NA,NA,NA,256766.2935323043,292438,95151,197287,4
PGS000013,PSS011315,East Asian,PPM020267,AUC,0.65,0.61,0.69,748.235294117647,901,265,636,2
PGS000013,PSS011316,East Asian,PPM020270,NA,NA,NA,NA,101.7258883248731,197,30,167,2
PGS000013,PSS011378,European,PPM020715,NA,NA,NA,NA,NA,5740,NA,NA,2
PGS000013,PSS011379,European,PPM020714,NA,NA,NA,NA,NA,2154,NA,NA,2
PGS000013,PSS011380,European,PPM020713,NA,NA,NA,NA,NA,1863,NA,NA,2
PGS000013,PSS011679,European,PPM021298,AUC,0.912,NA,NA,1520.7818462870214,80865,382,80483,2
PGS000013,PSS011679,European,PPM021297,AUC,0.793,NA,NA,1520.7818462870214,80865,382,80483,3
PGS000013,PSS011679,European,PPM021296,AUC,0.72,NA,NA,1520.7818462870214,80865,382,80483,4
PGS000013,PSS012311,European,PPM036564,AUC,0.63,NA,NA,775.864262990456,943,670,273,2
PGS000013,PSS012311,European,PPM036558,NA,NA,NA,NA,775.864262990456,943,670,273,3
PGS000014,PSS001117,European,PPM002485,C-index,0.859,0.842,0.876,5027.796860572484,68229,1281,66948,2
PGS000014,PSS001117,European,PPM002482,C-index,0.855,0.845,0.865,5027.796860572484,68229,1281,66948,3
PGS000014,PSS001117,European,PPM002481,C-index,0.844,0.834,0.854,5027.796860572484,68229,1281,66948,4
PGS000014,PSS001117,European,PPM002488,C-index,0.834,0.821,0.847,5027.796860572484,68229,1281,66948,5
PGS000014,PSS001117,European,PPM002487,C-index,0.821,0.808,0.834,5027.796860572484,68229,1281,66948,6
PGS000014,PSS001117,European,PPM002483,C-index,0.786,0.765,0.807,5027.796860572484,68229,1281,66948,7
PGS000014,PSS001117,European,PPM002480,C-index,0.776,0.764,0.788,5027.796860572484,68229,1281,66948,8
PGS000014,PSS001117,European,PPM002486,C-index,0.749,0.734,0.764,5027.796860572484,68229,1281,66948,9
PGS000014,PSS001117,European,PPM002477,C-index,0.709,0.696,0.722,5027.796860572484,68229,1281,66948,10
PGS000014,PSS001117,European,PPM002479,C-index,0.705,0.682,0.728,5027.796860572484,68229,1281,66948,11
PGS000014,PSS001117,European,PPM002478,C-index,0.68,0.663,0.697,5027.796860572484,68229,1281,66948,12
PGS000015,PSS003599,European,PPM005161,NA,NA,NA,NA,13992.606467573778,33954,3960,29994,2
PGS000015,PSS003600,Hispanic or Latin American,PPM005166,NA,NA,NA,NA,548.6393442622951,2196,147,2049,2
PGS000016,PSS000217,European,PPM000389,AUC,0.57,NA,NA,933.8235465398428,10303,239,10064,2
PGS000016,PSS011375,East Asian,PPM020705,NA,NA,NA,NA,NA,1,NA,NA,2
PGS000016,PSS011375,East Asian,PPM020706,NA,NA,NA,NA,NA,1,NA,NA,3
PGS000016,PSS011375,European,PPM020705,NA,NA,NA,NA,NA,93,NA,NA,2
PGS000016,PSS011375,European,PPM020706,NA,NA,NA,NA,NA,93,NA,NA,3
PGS000016,PSS011375,South Asian,PPM020705,NA,NA,NA,NA,NA,1,NA,NA,2
PGS000016,PSS011375,South Asian,PPM020706,NA,NA,NA,NA,NA,1,NA,NA,3
PGS000016,PSS011698,European,PPM021346,NA,NA,NA,NA,NA,1567,NA,NA,2
PGS000016,PSS011698,European,PPM021347,NA,NA,NA,NA,NA,1567,NA,NA,3
PGS000018,PSS000020,European,PPM000037,NA,NA,NA,NA,860.9559164733179,862,446,416,2
PGS000018,PSS000287,European,PPM000499,NA,NA,NA,NA,NA,1319,NA,NA,2
PGS000018,PSS000287,European,PPM000500,NA,NA,NA,NA,NA,1319,NA,NA,3
PGS000018,PSS000287,European,PPM000501,NA,NA,NA,NA,NA,1319,NA,NA,4
PGS000018,PSS000287,European,PPM000502,NA,NA,NA,NA,NA,1319,NA,NA,5
PGS000018,PSS000287,European,PPM000503,NA,NA,NA,NA,NA,1319,NA,NA,6
PGS000018,PSS000287,European,PPM000504,NA,NA,NA,NA,NA,1319,NA,NA,7
PGS000018,PSS000287,European,PPM000505,NA,NA,NA,NA,NA,1319,NA,NA,8
PGS000018,PSS000287,European,PPM000506,NA,NA,NA,NA,NA,1319,NA,NA,9
PGS000018,PSS000287,European,PPM000507,NA,NA,NA,NA,NA,1319,NA,NA,10
PGS000018,PSS000287,European,PPM000508,NA,NA,NA,NA,NA,1319,NA,NA,11
PGS000018,PSS000287,European,PPM000509,NA,NA,NA,NA,NA,1319,NA,NA,12
PGS000018,PSS000287,European,PPM000510,NA,NA,NA,NA,NA,1319,NA,NA,13
PGS000018,PSS000287,European,PPM000511,NA,NA,NA,NA,NA,1319,NA,NA,14
PGS000018,PSS000287,European,PPM000512,NA,NA,NA,NA,NA,1319,NA,NA,15
PGS000018,PSS000287,European,PPM000513,NA,NA,NA,NA,NA,1319,NA,NA,16
PGS000018,PSS000287,European,PPM000514,NA,NA,NA,NA,NA,1319,NA,NA,17
PGS000018,PSS000287,European,PPM000515,NA,NA,NA,NA,NA,1319,NA,NA,18
PGS000018,PSS000287,European,PPM000516,NA,NA,NA,NA,NA,1319,NA,NA,19
PGS000018,PSS000287,European,PPM000517,NA,NA,NA,NA,NA,1319,NA,NA,20
PGS000018,PSS000287,European,PPM000518,NA,NA,NA,NA,NA,1319,NA,NA,21
PGS000018,PSS000332,African American or Afro-Caribbean,PPM000594,C-index,0.663,NA,NA,1189.2780763790665,7070,311,6759,2
PGS000018,PSS000334,European,PPM000591,C-index,0.719,NA,NA,8387.713365863474,39758,2221,37537,2
PGS000018,PSS000336,Hispanic or Latin American,PPM000597,C-index,0.683,NA,NA,453.7465815861441,2194,120,2074,2
PGS000018,PSS003596,European,PPM005154,NA,NA,NA,NA,1644.555331991952,8946,432,8514,2
PGS000018,PSS003596,European,PPM005155,NA,NA,NA,NA,1644.555331991952,8946,432,8514,3
PGS000018,PSS003596,European,PPM005156,NA,NA,NA,NA,1644.555331991952,8946,432,8514,4
PGS000018,PSS003596,European,PPM005157,NA,NA,NA,NA,1644.555331991952,8946,432,8514,5
PGS000018,PSS009958,European,PPM015452,NA,NA,NA,NA,NA,21863,NA,NA,2
PGS000018,PSS009958,European,PPM015453,NA,NA,NA,NA,NA,21863,NA,NA,3
PGS000018,PSS009958,European,PPM015454,NA,NA,NA,NA,NA,21863,NA,NA,4
PGS000018,PSS009958,European,PPM015455,NA,NA,NA,NA,NA,21863,NA,NA,5
PGS000018,PSS009958,European,PPM015456,NA,NA,NA,NA,NA,21863,NA,NA,6
PGS000018,PSS009958,European,PPM015457,NA,NA,NA,NA,NA,21863,NA,NA,7
PGS000018,PSS009958,European,PPM015458,NA,NA,NA,NA,NA,21863,NA,NA,8
PGS000018,PSS009958,European,PPM015459,NA,NA,NA,NA,NA,21863,NA,NA,9
PGS000018,PSS009958,European,PPM015460,NA,NA,NA,NA,NA,21863,NA,NA,10
PGS000018,PSS009958,European,PPM015461,NA,NA,NA,NA,NA,21863,NA,NA,11
PGS000018,PSS009958,European,PPM015462,NA,NA,NA,NA,NA,21863,NA,NA,12
PGS000018,PSS009958,European,PPM015463,NA,NA,NA,NA,NA,21863,NA,NA,13
PGS000018,PSS009958,European,PPM015464,NA,NA,NA,NA,NA,21863,NA,NA,14
PGS000018,PSS009958,European,PPM015465,NA,NA,NA,NA,NA,21863,NA,NA,15
PGS000018,PSS009958,European,PPM015466,NA,NA,NA,NA,NA,21863,NA,NA,16
PGS000018,PSS009958,European,PPM015467,NA,NA,NA,NA,NA,21863,NA,NA,17
PGS000018,PSS009958,European,PPM015468,NA,NA,NA,NA,NA,21863,NA,NA,18
PGS000018,PSS009958,European,PPM015469,NA,NA,NA,NA,NA,21863,NA,NA,19
PGS000018,PSS009958,European,PPM015470,NA,NA,NA,NA,NA,21863,NA,NA,20
PGS000018,PSS009958,European,PPM015471,NA,NA,NA,NA,NA,21863,NA,NA,21
PGS000018,PSS009958,European,PPM015472,NA,NA,NA,NA,NA,21863,NA,NA,22
PGS000018,PSS009958,European,PPM015473,NA,NA,NA,NA,NA,21863,NA,NA,23
PGS000018,PSS009958,European,PPM015474,NA,NA,NA,NA,NA,21863,NA,NA,24
PGS000018,PSS009958,European,PPM015475,NA,NA,NA,NA,NA,21863,NA,NA,25
PGS000018,PSS009958,European,PPM015476,NA,NA,NA,NA,NA,21863,NA,NA,26
PGS000018,PSS009958,European,PPM015477,NA,NA,NA,NA,NA,21863,NA,NA,27
PGS000018,PSS009958,European,PPM015478,NA,NA,NA,NA,NA,21863,NA,NA,28
PGS000018,PSS009958,European,PPM015479,NA,NA,NA,NA,NA,21863,NA,NA,29
PGS000018,PSS009958,European,PPM015480,NA,NA,NA,NA,NA,21863,NA,NA,30
PGS000018,PSS009965,European,PPM015504,NA,NA,NA,NA,729.775119617225,836,269,567,2
PGS000018,PSS010160,African American or Afro-Caribbean,PPM017205,NA,NA,NA,NA,53377.79994524762,76709,17202,59507,2
PGS000018,PSS010160,African American or Afro-Caribbean,PPM017208,NA,NA,NA,NA,53377.79994524762,76709,17202,59507,3
PGS000018,PSS010160,African American or Afro-Caribbean,PPM017211,NA,NA,NA,NA,53377.79994524762,76709,17202,59507,4
PGS000018,PSS010161,Hispanic or Latin American,PPM017204,NA,NA,NA,NA,20202.82693813626,30648,6378,24270,2
PGS000018,PSS010161,Hispanic or Latin American,PPM017207,NA,NA,NA,NA,20202.82693813626,30648,6378,24270,3
PGS000018,PSS010161,Hispanic or Latin American,PPM017210,NA,NA,NA,NA,20202.82693813626,30648,6378,24270,4
PGS000018,PSS010162,European,PPM017203,NA,NA,NA,NA,256766.2935323043,292438,95151,197287,2
PGS000018,PSS010162,European,PPM017206,NA,NA,NA,NA,256766.2935323043,292438,95151,197287,3
PGS000018,PSS010162,European,PPM017209,NA,NA,NA,NA,256766.2935323043,292438,95151,197287,4
PGS000018,PSS011681,European,PPM021307,NA,NA,NA,NA,22299.168704794327,306654,5680,300974,2
PGS000018,PSS011681,European,PPM021308,NA,NA,NA,NA,22299.168704794327,306654,5680,300974,3
PGS000018,PSS011681,European,PPM021309,NA,NA,NA,NA,22299.168704794327,306654,5680,300974,4
PGS000018,PSS011681,European,PPM021310,NA,NA,NA,NA,22299.168704794327,306654,5680,300974,5
PGS000018,PSS011775,East Asian,PPM021743,NA,NA,NA,NA,NA,1230,NA,NA,2
PGS000018,PSS011775,European,PPM021743,NA,NA,NA,NA,NA,190489,NA,NA,2
PGS000018,PSS011775,South Asian,PPM021743,NA,NA,NA,NA,NA,4412,NA,NA,2
PGS000018,PSS012311,European,PPM036560,AUC,0.63,NA,NA,775.864262990456,943,670,273,2
PGS000018,PSS012311,European,PPM036557,NA,NA,NA,NA,775.864262990456,943,670,273,3
PGS000021,PSS000083,European,PPM000132,AUC,0.87,0.86,0.89,NA,805,805,0,2
PGS000021,PSS012104,European,PPM023045,NA,NA,NA,NA,NA,73872,NA,NA,2
PGS000021,PSS012104,European,PPM023046,NA,NA,NA,NA,NA,73872,NA,NA,3
PGS000021,PSS012104,European,PPM023047,NA,NA,NA,NA,NA,73872,NA,NA,4
PGS000021,PSS012104,European,PPM023048,NA,NA,NA,NA,NA,73872,NA,NA,5
PGS000021,PSS012104,European,PPM023049,NA,NA,NA,NA,NA,73872,NA,NA,6
PGS000021,PSS012104,European,PPM023050,NA,NA,NA,NA,NA,73872,NA,NA,7
PGS000021,PSS012104,European,PPM023051,NA,NA,NA,NA,NA,73872,NA,NA,8
PGS000021,PSS012104,European,PPM023052,NA,NA,NA,NA,NA,73872,NA,NA,9
PGS000021,PSS012104,European,PPM023053,NA,NA,NA,NA,NA,73872,NA,NA,10
PGS000021,PSS012104,Hispanic or Latin American,PPM023045,NA,NA,NA,NA,NA,9537,NA,NA,2
PGS000021,PSS012104,Hispanic or Latin American,PPM023046,NA,NA,NA,NA,NA,9537,NA,NA,3
PGS000021,PSS012104,Hispanic or Latin American,PPM023047,NA,NA,NA,NA,NA,9537,NA,NA,4
PGS000021,PSS012104,Hispanic or Latin American,PPM023048,NA,NA,NA,NA,NA,9537,NA,NA,5
PGS000021,PSS012104,Hispanic or Latin American,PPM023049,NA,NA,NA,NA,NA,9537,NA,NA,6
PGS000021,PSS012104,Hispanic or Latin American,PPM023050,NA,NA,NA,NA,NA,9537,NA,NA,7
PGS000021,PSS012104,Hispanic or Latin American,PPM023051,NA,NA,NA,NA,NA,9537,NA,NA,8
PGS000021,PSS012104,Hispanic or Latin American,PPM023052,NA,NA,NA,NA,NA,9537,NA,NA,9
PGS000021,PSS012104,Hispanic or Latin American,PPM023053,NA,NA,NA,NA,NA,9537,NA,NA,10
PGS000024,PSS011014,European,PPM018535,AUC,0.858,NA,NA,NA,34939,NA,NA,2
PGS000024,PSS011014,European,PPM018542,NA,NA,NA,NA,NA,34939,NA,NA,3
PGS000027,PSS000885,European,PPM001725,NA,NA,NA,NA,NA,19588,19588,NA,2
PGS000027,PSS000886,European,PPM001727,NA,NA,NA,NA,NA,21499,21499,NA,2
PGS000027,PSS000887,European,PPM001729,NA,NA,NA,NA,NA,26323,26336,NA,2
PGS000027,PSS000888,European,PPM001731,NA,NA,NA,NA,NA,29527,29545,NA,2
PGS000027,PSS000889,European,PPM001733,NA,NA,NA,NA,NA,21187,21192,NA,2
PGS000027,PSS000890,European,PPM001735,NA,NA,NA,NA,NA,25096,25108,NA,2
PGS000027,PSS000891,European,PPM001737,NA,NA,NA,NA,NA,14487,14487,NA,2
PGS000027,PSS000892,European,PPM001739,NA,NA,NA,NA,NA,17740,17740,NA,2
PGS000027,PSS009917,European,PPM014879,NA,NA,NA,NA,NA,832,NA,NA,2
PGS000027,PSS009917,European,PPM014880,NA,NA,NA,NA,NA,832,NA,NA,3
PGS000027,PSS009917,European,PPM014881,NA,NA,NA,NA,NA,832,NA,NA,4
PGS000027,PSS009917,European,PPM014882,NA,NA,NA,NA,NA,832,NA,NA,5
PGS000027,PSS009937,African American or Afro-Caribbean,PPM014949,NA,NA,NA,NA,NA,449,NA,NA,2
PGS000027,PSS009937,African American or Afro-Caribbean,PPM014950,NA,NA,NA,NA,NA,449,NA,NA,3
PGS000027,PSS009937,African American or Afro-Caribbean,PPM014951,NA,NA,NA,NA,NA,449,NA,NA,4
PGS000027,PSS009938,European,PPM014946,NA,NA,NA,NA,NA,6064,NA,NA,2
PGS000027,PSS009938,European,PPM014947,NA,NA,NA,NA,NA,6064,NA,NA,3
PGS000027,PSS010096,European,PPM016831,NA,NA,NA,NA,NA,52760,NA,NA,2
PGS000027,PSS010096,European,PPM016832,NA,NA,NA,NA,NA,52760,NA,NA,3
PGS000027,PSS010096,European,PPM016833,NA,NA,NA,NA,NA,52760,NA,NA,4
PGS000027,PSS010096,European,PPM016834,NA,NA,NA,NA,NA,52760,NA,NA,5
PGS000027,PSS010096,European,PPM016835,NA,NA,NA,NA,NA,52760,NA,NA,6
PGS000027,PSS010096,European,PPM016836,NA,NA,NA,NA,NA,52760,NA,NA,7
PGS000027,PSS010096,European,PPM016837,NA,NA,NA,NA,NA,52760,NA,NA,8
PGS000027,PSS010096,European,PPM016838,NA,NA,NA,NA,NA,52760,NA,NA,9
PGS000027,PSS010096,European,PPM016839,NA,NA,NA,NA,NA,52760,NA,NA,10
PGS000027,PSS010096,European,PPM016840,NA,NA,NA,NA,NA,52760,NA,NA,11
PGS000027,PSS010096,European,PPM016841,NA,NA,NA,NA,NA,52760,NA,NA,12
PGS000027,PSS010096,European,PPM016842,NA,NA,NA,NA,NA,52760,NA,NA,13
PGS000027,PSS010096,European,PPM016843,NA,NA,NA,NA,NA,52760,NA,NA,14
PGS000027,PSS010096,European,PPM016844,NA,NA,NA,NA,NA,52760,NA,NA,15
PGS000027,PSS010096,European,PPM016845,NA,NA,NA,NA,NA,52760,NA,NA,16
PGS000027,PSS010096,European,PPM016846,NA,NA,NA,NA,NA,52760,NA,NA,17
PGS000027,PSS010096,European,PPM016847,NA,NA,NA,NA,NA,52760,NA,NA,18
PGS000027,PSS010096,European,PPM016848,NA,NA,NA,NA,NA,52760,NA,NA,19
PGS000027,PSS010096,European,PPM016849,NA,NA,NA,NA,NA,52760,NA,NA,20
PGS000027,PSS010096,European,PPM016850,NA,NA,NA,NA,NA,52760,NA,NA,21
PGS000027,PSS010096,European,PPM016851,NA,NA,NA,NA,NA,52760,NA,NA,22
PGS000027,PSS010096,European,PPM016852,NA,NA,NA,NA,NA,52760,NA,NA,23
PGS000027,PSS010096,European,PPM016853,NA,NA,NA,NA,NA,52760,NA,NA,24
PGS000027,PSS010096,European,PPM016854,NA,NA,NA,NA,NA,52760,NA,NA,25
PGS000027,PSS010096,European,PPM016855,NA,NA,NA,NA,NA,52760,NA,NA,26
PGS000027,PSS010096,European,PPM016856,NA,NA,NA,NA,NA,52760,NA,NA,27
PGS000027,PSS010096,European,PPM016857,NA,NA,NA,NA,NA,52760,NA,NA,28
PGS000027,PSS010096,European,PPM016858,NA,NA,NA,NA,NA,52760,NA,NA,29
PGS000027,PSS010096,European,PPM016859,NA,NA,NA,NA,NA,52760,NA,NA,30
PGS000027,PSS010096,European,PPM016860,NA,NA,NA,NA,NA,52760,NA,NA,31
PGS000027,PSS010096,European,PPM016861,NA,NA,NA,NA,NA,52760,NA,NA,32
PGS000027,PSS010096,European,PPM016862,NA,NA,NA,NA,NA,52760,NA,NA,33
PGS000027,PSS010096,European,PPM016863,NA,NA,NA,NA,NA,52760,NA,NA,34
PGS000027,PSS010096,European,PPM016864,NA,NA,NA,NA,NA,52760,NA,NA,35
PGS000027,PSS010096,European,PPM016865,NA,NA,NA,NA,NA,52760,NA,NA,36
PGS000027,PSS010096,European,PPM016866,NA,NA,NA,NA,NA,52760,NA,NA,37
PGS000027,PSS010096,European,PPM016867,NA,NA,NA,NA,NA,52760,NA,NA,38
PGS000027,PSS010096,European,PPM016868,NA,NA,NA,NA,NA,52760,NA,NA,39
PGS000027,PSS010096,European,PPM016869,NA,NA,NA,NA,NA,52760,NA,NA,40
PGS000027,PSS010096,European,PPM016870,NA,NA,NA,NA,NA,52760,NA,NA,41
PGS000027,PSS010096,European,PPM016871,NA,NA,NA,NA,NA,52760,NA,NA,42
PGS000027,PSS010096,European,PPM016872,NA,NA,NA,NA,NA,52760,NA,NA,43
PGS000027,PSS010096,European,PPM016873,NA,NA,NA,NA,NA,52760,NA,NA,44
PGS000027,PSS010096,European,PPM016874,NA,NA,NA,NA,NA,52760,NA,NA,45
PGS000027,PSS010096,European,PPM016875,NA,NA,NA,NA,NA,52760,NA,NA,46
PGS000027,PSS010096,European,PPM016876,NA,NA,NA,NA,NA,52760,NA,NA,47
PGS000027,PSS010096,European,PPM016877,NA,NA,NA,NA,NA,52760,NA,NA,48
PGS000027,PSS010096,European,PPM016878,NA,NA,NA,NA,NA,52760,NA,NA,49
PGS000027,PSS010096,European,PPM016879,NA,NA,NA,NA,NA,52760,NA,NA,50
PGS000027,PSS010096,European,PPM016880,NA,NA,NA,NA,NA,52760,NA,NA,51
PGS000027,PSS010096,European,PPM016881,NA,NA,NA,NA,NA,52760,NA,NA,52
PGS000027,PSS010096,European,PPM016882,NA,NA,NA,NA,NA,52760,NA,NA,53
PGS000027,PSS010096,European,PPM016883,NA,NA,NA,NA,NA,52760,NA,NA,54
PGS000027,PSS010096,European,PPM016884,NA,NA,NA,NA,NA,52760,NA,NA,55
PGS000027,PSS010096,European,PPM016885,NA,NA,NA,NA,NA,52760,NA,NA,56
PGS000027,PSS010096,European,PPM016886,NA,NA,NA,NA,NA,52760,NA,NA,57
PGS000027,PSS010096,European,PPM016887,NA,NA,NA,NA,NA,52760,NA,NA,58
PGS000027,PSS010096,European,PPM016888,NA,NA,NA,NA,NA,52760,NA,NA,59
PGS000027,PSS010096,European,PPM016889,NA,NA,NA,NA,NA,52760,NA,NA,60
PGS000027,PSS010096,European,PPM016890,NA,NA,NA,NA,NA,52760,NA,NA,61
PGS000027,PSS010096,European,PPM016891,NA,NA,NA,NA,NA,52760,NA,NA,62
PGS000027,PSS010096,European,PPM016892,NA,NA,NA,NA,NA,52760,NA,NA,63
PGS000027,PSS010096,European,PPM016893,NA,NA,NA,NA,NA,52760,NA,NA,64
PGS000027,PSS010096,European,PPM016894,NA,NA,NA,NA,NA,52760,NA,NA,65
PGS000027,PSS010096,European,PPM016895,NA,NA,NA,NA,NA,52760,NA,NA,66
PGS000027,PSS010096,European,PPM016896,NA,NA,NA,NA,NA,52760,NA,NA,67
PGS000027,PSS010096,European,PPM016897,NA,NA,NA,NA,NA,52760,NA,NA,68
PGS000027,PSS010096,European,PPM016898,NA,NA,NA,NA,NA,52760,NA,NA,69
PGS000027,PSS010096,European,PPM016899,NA,NA,NA,NA,NA,52760,NA,NA,70
PGS000027,PSS010096,European,PPM016900,NA,NA,NA,NA,NA,52760,NA,NA,71
PGS000027,PSS010096,European,PPM016901,NA,NA,NA,NA,NA,52760,NA,NA,72
PGS000027,PSS010096,European,PPM016902,NA,NA,NA,NA,NA,52760,NA,NA,73
PGS000027,PSS010096,European,PPM016903,NA,NA,NA,NA,NA,52760,NA,NA,74
PGS000027,PSS010096,European,PPM016904,NA,NA,NA,NA,NA,52760,NA,NA,75
PGS000027,PSS010096,European,PPM016905,NA,NA,NA,NA,NA,52760,NA,NA,76
PGS000027,PSS010096,European,PPM016906,NA,NA,NA,NA,NA,52760,NA,NA,77
PGS000027,PSS010096,European,PPM016907,NA,NA,NA,NA,NA,52760,NA,NA,78
PGS000027,PSS010096,European,PPM016908,NA,NA,NA,NA,NA,52760,NA,NA,79
PGS000027,PSS010096,European,PPM016909,NA,NA,NA,NA,NA,52760,NA,NA,80
PGS000027,PSS010096,European,PPM016910,NA,NA,NA,NA,NA,52760,NA,NA,81
PGS000027,PSS010096,European,PPM016911,NA,NA,NA,NA,NA,52760,NA,NA,82
PGS000027,PSS010096,European,PPM016912,NA,NA,NA,NA,NA,52760,NA,NA,83
PGS000027,PSS010096,European,PPM016913,NA,NA,NA,NA,NA,52760,NA,NA,84
PGS000027,PSS010096,European,PPM016914,NA,NA,NA,NA,NA,52760,NA,NA,85
PGS000027,PSS010096,European,PPM016915,NA,NA,NA,NA,NA,52760,NA,NA,86
PGS000027,PSS010096,European,PPM016916,NA,NA,NA,NA,NA,52760,NA,NA,87
PGS000027,PSS010096,European,PPM016917,NA,NA,NA,NA,NA,52760,NA,NA,88
PGS000027,PSS010096,European,PPM016918,NA,NA,NA,NA,NA,52760,NA,NA,89
PGS000027,PSS010096,European,PPM016919,NA,NA,NA,NA,NA,52760,NA,NA,90
PGS000027,PSS010096,European,PPM016920,NA,NA,NA,NA,NA,52760,NA,NA,91
PGS000027,PSS010096,European,PPM016921,NA,NA,NA,NA,NA,52760,NA,NA,92
PGS000027,PSS010096,European,PPM016922,NA,NA,NA,NA,NA,52760,NA,NA,93
PGS000027,PSS010096,European,PPM016923,NA,NA,NA,NA,NA,52760,NA,NA,94
PGS000027,PSS010096,European,PPM016924,NA,NA,NA,NA,NA,52760,NA,NA,95
PGS000027,PSS010096,European,PPM016925,NA,NA,NA,NA,NA,52760,NA,NA,96
PGS000027,PSS010096,European,PPM016926,NA,NA,NA,NA,NA,52760,NA,NA,97
PGS000027,PSS010096,European,PPM016927,NA,NA,NA,NA,NA,52760,NA,NA,98
PGS000027,PSS010096,European,PPM016928,NA,NA,NA,NA,NA,52760,NA,NA,99
PGS000027,PSS010096,European,PPM016929,NA,NA,NA,NA,NA,52760,NA,NA,100
PGS000027,PSS010096,European,PPM016930,NA,NA,NA,NA,NA,52760,NA,NA,101
PGS000027,PSS010096,European,PPM016931,NA,NA,NA,NA,NA,52760,NA,NA,102
PGS000027,PSS010096,European,PPM016932,NA,NA,NA,NA,NA,52760,NA,NA,103
PGS000027,PSS010096,European,PPM016933,NA,NA,NA,NA,NA,52760,NA,NA,104
PGS000027,PSS010096,European,PPM016934,NA,NA,NA,NA,NA,52760,NA,NA,105
PGS000027,PSS010096,European,PPM016935,NA,NA,NA,NA,NA,52760,NA,NA,106
PGS000027,PSS010096,European,PPM016936,NA,NA,NA,NA,NA,52760,NA,NA,107
PGS000027,PSS010096,European,PPM016937,NA,NA,NA,NA,NA,52760,NA,NA,108
PGS000027,PSS010096,European,PPM016938,NA,NA,NA,NA,NA,52760,NA,NA,109
PGS000027,PSS010096,European,PPM016939,NA,NA,NA,NA,NA,52760,NA,NA,110
PGS000027,PSS010096,European,PPM016940,NA,NA,NA,NA,NA,52760,NA,NA,111
PGS000027,PSS010096,European,PPM016941,NA,NA,NA,NA,NA,52760,NA,NA,112
PGS000027,PSS010096,European,PPM016942,NA,NA,NA,NA,NA,52760,NA,NA,113
PGS000027,PSS010096,European,PPM016943,NA,NA,NA,NA,NA,52760,NA,NA,114
PGS000027,PSS010096,European,PPM016944,NA,NA,NA,NA,NA,52760,NA,NA,115
PGS000027,PSS010096,European,PPM016945,NA,NA,NA,NA,NA,52760,NA,NA,116
PGS000027,PSS010096,European,PPM016946,NA,NA,NA,NA,NA,52760,NA,NA,117
PGS000027,PSS010096,European,PPM016947,NA,NA,NA,NA,NA,52760,NA,NA,118
PGS000027,PSS010096,European,PPM016948,NA,NA,NA,NA,NA,52760,NA,NA,119
PGS000027,PSS010096,European,PPM016949,NA,NA,NA,NA,NA,52760,NA,NA,120
PGS000027,PSS010096,European,PPM016950,NA,NA,NA,NA,NA,52760,NA,NA,121
PGS000027,PSS010096,European,PPM016951,NA,NA,NA,NA,NA,52760,NA,NA,122
PGS000027,PSS010096,European,PPM016952,NA,NA,NA,NA,NA,52760,NA,NA,123
PGS000027,PSS010096,European,PPM016953,NA,NA,NA,NA,NA,52760,NA,NA,124
PGS000027,PSS010096,European,PPM016954,NA,NA,NA,NA,NA,52760,NA,NA,125
PGS000027,PSS010096,European,PPM016955,NA,NA,NA,NA,NA,52760,NA,NA,126
PGS000027,PSS010096,European,PPM016956,NA,NA,NA,NA,NA,52760,NA,NA,127
PGS000027,PSS010096,European,PPM016957,NA,NA,NA,NA,NA,52760,NA,NA,128
PGS000027,PSS010096,European,PPM016958,NA,NA,NA,NA,NA,52760,NA,NA,129
PGS000027,PSS010096,European,PPM016959,NA,NA,NA,NA,NA,52760,NA,NA,130
PGS000027,PSS010096,European,PPM016960,NA,NA,NA,NA,NA,52760,NA,NA,131
PGS000027,PSS010096,European,PPM016961,NA,NA,NA,NA,NA,52760,NA,NA,132
PGS000027,PSS010096,European,PPM016962,NA,NA,NA,NA,NA,52760,NA,NA,133
PGS000027,PSS010096,European,PPM016963,NA,NA,NA,NA,NA,52760,NA,NA,134
PGS000027,PSS010096,European,PPM016964,NA,NA,NA,NA,NA,52760,NA,NA,135
PGS000027,PSS010096,European,PPM016965,NA,NA,NA,NA,NA,52760,NA,NA,136
PGS000027,PSS010096,European,PPM016966,NA,NA,NA,NA,NA,52760,NA,NA,137
PGS000027,PSS010096,European,PPM016967,NA,NA,NA,NA,NA,52760,NA,NA,138
PGS000027,PSS010096,European,PPM016968,NA,NA,NA,NA,NA,52760,NA,NA,139
PGS000027,PSS010096,European,PPM016969,NA,NA,NA,NA,NA,52760,NA,NA,140
PGS000027,PSS010096,European,PPM016970,NA,NA,NA,NA,NA,52760,NA,NA,141
PGS000027,PSS010096,European,PPM016971,NA,NA,NA,NA,NA,52760,NA,NA,142
PGS000027,PSS010096,European,PPM016972,NA,NA,NA,NA,NA,52760,NA,NA,143
PGS000027,PSS010096,European,PPM016973,NA,NA,NA,NA,NA,52760,NA,NA,144
PGS000027,PSS010096,European,PPM016974,NA,NA,NA,NA,NA,52760,NA,NA,145
PGS000027,PSS010096,European,PPM016975,NA,NA,NA,NA,NA,52760,NA,NA,146
PGS000027,PSS010096,European,PPM016976,NA,NA,NA,NA,NA,52760,NA,NA,147
PGS000027,PSS010096,European,PPM016977,NA,NA,NA,NA,NA,52760,NA,NA,148
PGS000027,PSS010096,European,PPM016978,NA,NA,NA,NA,NA,52760,NA,NA,149
PGS000027,PSS010096,European,PPM016979,NA,NA,NA,NA,NA,52760,NA,NA,150
PGS000027,PSS010096,European,PPM016980,NA,NA,NA,NA,NA,52760,NA,NA,151
PGS000027,PSS010096,European,PPM016981,NA,NA,NA,NA,NA,52760,NA,NA,152
PGS000027,PSS010096,European,PPM016982,NA,NA,NA,NA,NA,52760,NA,NA,153
PGS000027,PSS010096,European,PPM016983,NA,NA,NA,NA,NA,52760,NA,NA,154
PGS000027,PSS010096,European,PPM016984,NA,NA,NA,NA,NA,52760,NA,NA,155
PGS000027,PSS010096,European,PPM016985,NA,NA,NA,NA,NA,52760,NA,NA,156
PGS000027,PSS010096,European,PPM016986,NA,NA,NA,NA,NA,52760,NA,NA,157
PGS000027,PSS010096,European,PPM016987,NA,NA,NA,NA,NA,52760,NA,NA,158
PGS000027,PSS010096,European,PPM016988,NA,NA,NA,NA,NA,52760,NA,NA,159
PGS000027,PSS010096,European,PPM016989,NA,NA,NA,NA,NA,52760,NA,NA,160
PGS000027,PSS010096,European,PPM016990,NA,NA,NA,NA,NA,52760,NA,NA,161
PGS000027,PSS010096,European,PPM016991,NA,NA,NA,NA,NA,52760,NA,NA,162
PGS000027,PSS010096,European,PPM016992,NA,NA,NA,NA,NA,52760,NA,NA,163
PGS000027,PSS010096,European,PPM016993,NA,NA,NA,NA,NA,52760,NA,NA,164
PGS000027,PSS010096,European,PPM016994,NA,NA,NA,NA,NA,52760,NA,NA,165
PGS000027,PSS010096,European,PPM016995,NA,NA,NA,NA,NA,52760,NA,NA,166
PGS000027,PSS010096,European,PPM016996,NA,NA,NA,NA,NA,52760,NA,NA,167
PGS000027,PSS010096,European,PPM016997,NA,NA,NA,NA,NA,52760,NA,NA,168
PGS000027,PSS010096,European,PPM016998,NA,NA,NA,NA,NA,52760,NA,NA,169
PGS000027,PSS010096,European,PPM016999,NA,NA,NA,NA,NA,52760,NA,NA,170
PGS000027,PSS010096,European,PPM017000,NA,NA,NA,NA,NA,52760,NA,NA,171
PGS000027,PSS010096,European,PPM017001,NA,NA,NA,NA,NA,52760,NA,NA,172
PGS000027,PSS010096,European,PPM017002,NA,NA,NA,NA,NA,52760,NA,NA,173
PGS000027,PSS010096,European,PPM017003,NA,NA,NA,NA,NA,52760,NA,NA,174
PGS000027,PSS010096,European,PPM017004,NA,NA,NA,NA,NA,52760,NA,NA,175
PGS000027,PSS010096,European,PPM017005,NA,NA,NA,NA,NA,52760,NA,NA,176
PGS000027,PSS010096,European,PPM017006,NA,NA,NA,NA,NA,52760,NA,NA,177
PGS000027,PSS010096,European,PPM017007,NA,NA,NA,NA,NA,52760,NA,NA,178
PGS000027,PSS010096,European,PPM017008,NA,NA,NA,NA,NA,52760,NA,NA,179
PGS000027,PSS010096,European,PPM017009,NA,NA,NA,NA,NA,52760,NA,NA,180
PGS000027,PSS010096,European,PPM017010,NA,NA,NA,NA,NA,52760,NA,NA,181
PGS000027,PSS010096,European,PPM017011,NA,NA,NA,NA,NA,52760,NA,NA,182
PGS000027,PSS010096,European,PPM017012,NA,NA,NA,NA,NA,52760,NA,NA,183
PGS000027,PSS010096,European,PPM017013,NA,NA,NA,NA,NA,52760,NA,NA,184
PGS000027,PSS010096,European,PPM017014,NA,NA,NA,NA,NA,52760,NA,NA,185
PGS000027,PSS010096,European,PPM017015,NA,NA,NA,NA,NA,52760,NA,NA,186
PGS000027,PSS010096,European,PPM017016,NA,NA,NA,NA,NA,52760,NA,NA,187
PGS000027,PSS010096,European,PPM017017,NA,NA,NA,NA,NA,52760,NA,NA,188
PGS000027,PSS010096,European,PPM017018,NA,NA,NA,NA,NA,52760,NA,NA,189
PGS000027,PSS010096,European,PPM017019,NA,NA,NA,NA,NA,52760,NA,NA,190
PGS000027,PSS010096,European,PPM017020,NA,NA,NA,NA,NA,52760,NA,NA,191
PGS000027,PSS010096,European,PPM017021,NA,NA,NA,NA,NA,52760,NA,NA,192
PGS000027,PSS010096,European,PPM017022,NA,NA,NA,NA,NA,52760,NA,NA,193
PGS000027,PSS010096,European,PPM017023,NA,NA,NA,NA,NA,52760,NA,NA,194
PGS000027,PSS010096,European,PPM017024,NA,NA,NA,NA,NA,52760,NA,NA,195
PGS000027,PSS010096,European,PPM017025,NA,NA,NA,NA,NA,52760,NA,NA,196
PGS000027,PSS010096,European,PPM017026,NA,NA,NA,NA,NA,52760,NA,NA,197
PGS000027,PSS010096,European,PPM017027,NA,NA,NA,NA,NA,52760,NA,NA,198
PGS000027,PSS010096,European,PPM017028,NA,NA,NA,NA,NA,52760,NA,NA,199
PGS000027,PSS010097,European,PPM016534,NA,NA,NA,NA,NA,390459,NA,NA,2
PGS000027,PSS010097,European,PPM016535,NA,NA,NA,NA,NA,390459,NA,NA,3
PGS000027,PSS010097,European,PPM016536,NA,NA,NA,NA,NA,390459,NA,NA,4
PGS000027,PSS010097,European,PPM016537,NA,NA,NA,NA,NA,390459,NA,NA,5
PGS000027,PSS010097,European,PPM016538,NA,NA,NA,NA,NA,390459,NA,NA,6
PGS000027,PSS010097,European,PPM016539,NA,NA,NA,NA,NA,390459,NA,NA,7
PGS000027,PSS010097,European,PPM016540,NA,NA,NA,NA,NA,390459,NA,NA,8
PGS000027,PSS010097,European,PPM016541,NA,NA,NA,NA,NA,390459,NA,NA,9
PGS000027,PSS010097,European,PPM016542,NA,NA,NA,NA,NA,390459,NA,NA,10
PGS000027,PSS010097,European,PPM016543,NA,NA,NA,NA,NA,390459,NA,NA,11
PGS000027,PSS010097,European,PPM016544,NA,NA,NA,NA,NA,390459,NA,NA,12
PGS000027,PSS010097,European,PPM016545,NA,NA,NA,NA,NA,390459,NA,NA,13
PGS000027,PSS010097,European,PPM016546,NA,NA,NA,NA,NA,390459,NA,NA,14
PGS000027,PSS010097,European,PPM016547,NA,NA,NA,NA,NA,390459,NA,NA,15
PGS000027,PSS010097,European,PPM016548,NA,NA,NA,NA,NA,390459,NA,NA,16
PGS000027,PSS010097,European,PPM016549,NA,NA,NA,NA,NA,390459,NA,NA,17
PGS000027,PSS010097,European,PPM016550,NA,NA,NA,NA,NA,390459,NA,NA,18
PGS000027,PSS010097,European,PPM016551,NA,NA,NA,NA,NA,390459,NA,NA,19
PGS000027,PSS010097,European,PPM016552,NA,NA,NA,NA,NA,390459,NA,NA,20
PGS000027,PSS010097,European,PPM016553,NA,NA,NA,NA,NA,390459,NA,NA,21
PGS000027,PSS010097,European,PPM016554,NA,NA,NA,NA,NA,390459,NA,NA,22
PGS000027,PSS010097,European,PPM016555,NA,NA,NA,NA,NA,390459,NA,NA,23
PGS000027,PSS010097,European,PPM016556,NA,NA,NA,NA,NA,390459,NA,NA,24
PGS000027,PSS010097,European,PPM016557,NA,NA,NA,NA,NA,390459,NA,NA,25
PGS000027,PSS010097,European,PPM016558,NA,NA,NA,NA,NA,390459,NA,NA,26
PGS000027,PSS010097,European,PPM016559,NA,NA,NA,NA,NA,390459,NA,NA,27
PGS000027,PSS010097,European,PPM016560,NA,NA,NA,NA,NA,390459,NA,NA,28
PGS000027,PSS010097,European,PPM016561,NA,NA,NA,NA,NA,390459,NA,NA,29
PGS000027,PSS010097,European,PPM016562,NA,NA,NA,NA,NA,390459,NA,NA,30
PGS000027,PSS010097,European,PPM016563,NA,NA,NA,NA,NA,390459,NA,NA,31
PGS000027,PSS010097,European,PPM016564,NA,NA,NA,NA,NA,390459,NA,NA,32
PGS000027,PSS010097,European,PPM016565,NA,NA,NA,NA,NA,390459,NA,NA,33
PGS000027,PSS010097,European,PPM016566,NA,NA,NA,NA,NA,390459,NA,NA,34
PGS000027,PSS010097,European,PPM016567,NA,NA,NA,NA,NA,390459,NA,NA,35
PGS000027,PSS010097,European,PPM016568,NA,NA,NA,NA,NA,390459,NA,NA,36
PGS000027,PSS010097,European,PPM016569,NA,NA,NA,NA,NA,390459,NA,NA,37
PGS000027,PSS010097,European,PPM016570,NA,NA,NA,NA,NA,390459,NA,NA,38
PGS000027,PSS010097,European,PPM016571,NA,NA,NA,NA,NA,390459,NA,NA,39
PGS000027,PSS010097,European,PPM016572,NA,NA,NA,NA,NA,390459,NA,NA,40
PGS000027,PSS010097,European,PPM016573,NA,NA,NA,NA,NA,390459,NA,NA,41
PGS000027,PSS010097,European,PPM016574,NA,NA,NA,NA,NA,390459,NA,NA,42
PGS000027,PSS010097,European,PPM016575,NA,NA,NA,NA,NA,390459,NA,NA,43
PGS000027,PSS010097,European,PPM016576,NA,NA,NA,NA,NA,390459,NA,NA,44
PGS000027,PSS010097,European,PPM016577,NA,NA,NA,NA,NA,390459,NA,NA,45
PGS000027,PSS010097,European,PPM016578,NA,NA,NA,NA,NA,390459,NA,NA,46
PGS000027,PSS010097,European,PPM016579,NA,NA,NA,NA,NA,390459,NA,NA,47
PGS000027,PSS010097,European,PPM016580,NA,NA,NA,NA,NA,390459,NA,NA,48
PGS000027,PSS010097,European,PPM016581,NA,NA,NA,NA,NA,390459,NA,NA,49
PGS000027,PSS010097,European,PPM016582,NA,NA,NA,NA,NA,390459,NA,NA,50
PGS000027,PSS010097,European,PPM016583,NA,NA,NA,NA,NA,390459,NA,NA,51
PGS000027,PSS010097,European,PPM016584,NA,NA,NA,NA,NA,390459,NA,NA,52
PGS000027,PSS010097,European,PPM016585,NA,NA,NA,NA,NA,390459,NA,NA,53
PGS000027,PSS010097,European,PPM016586,NA,NA,NA,NA,NA,390459,NA,NA,54
PGS000027,PSS010097,European,PPM016587,NA,NA,NA,NA,NA,390459,NA,NA,55
PGS000027,PSS010097,European,PPM016588,NA,NA,NA,NA,NA,390459,NA,NA,56
PGS000027,PSS010097,European,PPM016589,NA,NA,NA,NA,NA,390459,NA,NA,57
PGS000027,PSS010097,European,PPM016590,NA,NA,NA,NA,NA,390459,NA,NA,58
PGS000027,PSS010097,European,PPM016591,NA,NA,NA,NA,NA,390459,NA,NA,59
PGS000027,PSS010097,European,PPM016592,NA,NA,NA,NA,NA,390459,NA,NA,60
PGS000027,PSS010097,European,PPM016593,NA,NA,NA,NA,NA,390459,NA,NA,61
PGS000027,PSS010097,European,PPM016594,NA,NA,NA,NA,NA,390459,NA,NA,62
PGS000027,PSS010097,European,PPM016595,NA,NA,NA,NA,NA,390459,NA,NA,63
PGS000027,PSS010097,European,PPM016596,NA,NA,NA,NA,NA,390459,NA,NA,64
PGS000027,PSS010097,European,PPM016597,NA,NA,NA,NA,NA,390459,NA,NA,65
PGS000027,PSS010097,European,PPM016598,NA,NA,NA,NA,NA,390459,NA,NA,66
PGS000027,PSS010097,European,PPM016599,NA,NA,NA,NA,NA,390459,NA,NA,67
PGS000027,PSS010097,European,PPM016600,NA,NA,NA,NA,NA,390459,NA,NA,68
PGS000027,PSS010097,European,PPM016601,NA,NA,NA,NA,NA,390459,NA,NA,69
PGS000027,PSS010097,European,PPM016602,NA,NA,NA,NA,NA,390459,NA,NA,70
PGS000027,PSS010097,European,PPM016603,NA,NA,NA,NA,NA,390459,NA,NA,71
PGS000027,PSS010097,European,PPM016604,NA,NA,NA,NA,NA,390459,NA,NA,72
PGS000027,PSS010097,European,PPM016605,NA,NA,NA,NA,NA,390459,NA,NA,73
PGS000027,PSS010097,European,PPM016606,NA,NA,NA,NA,NA,390459,NA,NA,74
PGS000027,PSS010097,European,PPM016607,NA,NA,NA,NA,NA,390459,NA,NA,75
PGS000027,PSS010097,European,PPM016608,NA,NA,NA,NA,NA,390459,NA,NA,76
PGS000027,PSS010097,European,PPM016609,NA,NA,NA,NA,NA,390459,NA,NA,77
PGS000027,PSS010097,European,PPM016610,NA,NA,NA,NA,NA,390459,NA,NA,78
PGS000027,PSS010097,European,PPM016611,NA,NA,NA,NA,NA,390459,NA,NA,79
PGS000027,PSS010097,European,PPM016612,NA,NA,NA,NA,NA,390459,NA,NA,80
PGS000027,PSS010097,European,PPM016613,NA,NA,NA,NA,NA,390459,NA,NA,81
PGS000027,PSS010097,European,PPM016614,NA,NA,NA,NA,NA,390459,NA,NA,82
PGS000027,PSS010097,European,PPM016615,NA,NA,NA,NA,NA,390459,NA,NA,83
PGS000027,PSS010097,European,PPM016616,NA,NA,NA,NA,NA,390459,NA,NA,84
PGS000027,PSS010097,European,PPM016617,NA,NA,NA,NA,NA,390459,NA,NA,85
PGS000027,PSS010097,European,PPM016618,NA,NA,NA,NA,NA,390459,NA,NA,86
PGS000027,PSS010097,European,PPM016619,NA,NA,NA,NA,NA,390459,NA,NA,87
PGS000027,PSS010097,European,PPM016620,NA,NA,NA,NA,NA,390459,NA,NA,88
PGS000027,PSS010097,European,PPM016621,NA,NA,NA,NA,NA,390459,NA,NA,89
PGS000027,PSS010097,European,PPM016622,NA,NA,NA,NA,NA,390459,NA,NA,90
PGS000027,PSS010097,European,PPM016623,NA,NA,NA,NA,NA,390459,NA,NA,91
PGS000027,PSS010097,European,PPM016624,NA,NA,NA,NA,NA,390459,NA,NA,92
PGS000027,PSS010097,European,PPM016625,NA,NA,NA,NA,NA,390459,NA,NA,93
PGS000027,PSS010097,European,PPM016626,NA,NA,NA,NA,NA,390459,NA,NA,94
PGS000027,PSS010097,European,PPM016627,NA,NA,NA,NA,NA,390459,NA,NA,95
PGS000027,PSS010097,European,PPM016628,NA,NA,NA,NA,NA,390459,NA,NA,96
PGS000027,PSS010097,European,PPM016629,NA,NA,NA,NA,NA,390459,NA,NA,97
PGS000027,PSS010097,European,PPM016630,NA,NA,NA,NA,NA,390459,NA,NA,98
PGS000027,PSS010097,European,PPM016631,NA,NA,NA,NA,NA,390459,NA,NA,99
PGS000027,PSS010097,European,PPM016632,NA,NA,NA,NA,NA,390459,NA,NA,100
PGS000027,PSS010097,European,PPM016633,NA,NA,NA,NA,NA,390459,NA,NA,101
PGS000027,PSS010097,European,PPM016634,NA,NA,NA,NA,NA,390459,NA,NA,102
PGS000027,PSS010097,European,PPM016635,NA,NA,NA,NA,NA,390459,NA,NA,103
PGS000027,PSS010097,European,PPM016636,NA,NA,NA,NA,NA,390459,NA,NA,104
PGS000027,PSS010097,European,PPM016637,NA,NA,NA,NA,NA,390459,NA,NA,105
PGS000027,PSS010097,European,PPM016638,NA,NA,NA,NA,NA,390459,NA,NA,106
PGS000027,PSS010097,European,PPM016639,NA,NA,NA,NA,NA,390459,NA,NA,107
PGS000027,PSS010097,European,PPM016640,NA,NA,NA,NA,NA,390459,NA,NA,108
PGS000027,PSS010097,European,PPM016641,NA,NA,NA,NA,NA,390459,NA,NA,109
PGS000027,PSS010097,European,PPM016642,NA,NA,NA,NA,NA,390459,NA,NA,110
PGS000027,PSS010097,European,PPM016643,NA,NA,NA,NA,NA,390459,NA,NA,111
PGS000027,PSS010097,European,PPM016644,NA,NA,NA,NA,NA,390459,NA,NA,112
PGS000027,PSS010097,European,PPM016645,NA,NA,NA,NA,NA,390459,NA,NA,113
PGS000027,PSS010097,European,PPM016646,NA,NA,NA,NA,NA,390459,NA,NA,114
PGS000027,PSS010097,European,PPM016647,NA,NA,NA,NA,NA,390459,NA,NA,115
PGS000027,PSS010097,European,PPM016648,NA,NA,NA,NA,NA,390459,NA,NA,116
PGS000027,PSS010097,European,PPM016649,NA,NA,NA,NA,NA,390459,NA,NA,117
PGS000027,PSS010097,European,PPM016650,NA,NA,NA,NA,NA,390459,NA,NA,118
PGS000027,PSS010097,European,PPM016651,NA,NA,NA,NA,NA,390459,NA,NA,119
PGS000027,PSS010097,European,PPM016652,NA,NA,NA,NA,NA,390459,NA,NA,120
PGS000027,PSS010097,European,PPM016653,NA,NA,NA,NA,NA,390459,NA,NA,121
PGS000027,PSS010097,European,PPM016654,NA,NA,NA,NA,NA,390459,NA,NA,122
PGS000027,PSS010097,European,PPM016655,NA,NA,NA,NA,NA,390459,NA,NA,123
PGS000027,PSS010097,European,PPM016656,NA,NA,NA,NA,NA,390459,NA,NA,124
PGS000027,PSS010097,European,PPM016657,NA,NA,NA,NA,NA,390459,NA,NA,125
PGS000027,PSS010097,European,PPM016658,NA,NA,NA,NA,NA,390459,NA,NA,126
PGS000027,PSS010097,European,PPM016659,NA,NA,NA,NA,NA,390459,NA,NA,127
PGS000027,PSS010097,European,PPM016660,NA,NA,NA,NA,NA,390459,NA,NA,128
PGS000027,PSS010097,European,PPM016661,NA,NA,NA,NA,NA,390459,NA,NA,129
PGS000027,PSS010097,European,PPM016662,NA,NA,NA,NA,NA,390459,NA,NA,130
PGS000027,PSS010097,European,PPM016663,NA,NA,NA,NA,NA,390459,NA,NA,131
PGS000027,PSS010097,European,PPM016664,NA,NA,NA,NA,NA,390459,NA,NA,132
PGS000027,PSS010097,European,PPM016665,NA,NA,NA,NA,NA,390459,NA,NA,133
PGS000027,PSS010097,European,PPM016666,NA,NA,NA,NA,NA,390459,NA,NA,134
PGS000027,PSS010097,European,PPM016667,NA,NA,NA,NA,NA,390459,NA,NA,135
PGS000027,PSS010097,European,PPM016668,NA,NA,NA,NA,NA,390459,NA,NA,136
PGS000027,PSS010097,European,PPM016669,NA,NA,NA,NA,NA,390459,NA,NA,137
PGS000027,PSS010097,European,PPM016670,NA,NA,NA,NA,NA,390459,NA,NA,138
PGS000027,PSS010097,European,PPM016671,NA,NA,NA,NA,NA,390459,NA,NA,139
PGS000027,PSS010097,European,PPM016672,NA,NA,NA,NA,NA,390459,NA,NA,140
PGS000027,PSS010097,European,PPM016673,NA,NA,NA,NA,NA,390459,NA,NA,141
PGS000027,PSS010097,European,PPM016674,NA,NA,NA,NA,NA,390459,NA,NA,142
PGS000027,PSS010097,European,PPM016675,NA,NA,NA,NA,NA,390459,NA,NA,143
PGS000027,PSS010097,European,PPM016676,NA,NA,NA,NA,NA,390459,NA,NA,144
PGS000027,PSS010097,European,PPM016677,NA,NA,NA,NA,NA,390459,NA,NA,145
PGS000027,PSS010097,European,PPM016678,NA,NA,NA,NA,NA,390459,NA,NA,146
PGS000027,PSS010097,European,PPM016679,NA,NA,NA,NA,NA,390459,NA,NA,147
PGS000027,PSS010097,European,PPM016680,NA,NA,NA,NA,NA,390459,NA,NA,148
PGS000027,PSS010097,European,PPM016681,NA,NA,NA,NA,NA,390459,NA,NA,149
PGS000027,PSS010097,European,PPM016682,NA,NA,NA,NA,NA,390459,NA,NA,150
PGS000027,PSS010097,European,PPM016683,NA,NA,NA,NA,NA,390459,NA,NA,151
PGS000027,PSS010097,European,PPM016684,NA,NA,NA,NA,NA,390459,NA,NA,152
PGS000027,PSS010097,European,PPM016685,NA,NA,NA,NA,NA,390459,NA,NA,153
PGS000027,PSS010097,European,PPM016686,NA,NA,NA,NA,NA,390459,NA,NA,154
PGS000027,PSS010097,European,PPM016687,NA,NA,NA,NA,NA,390459,NA,NA,155
PGS000027,PSS010097,European,PPM016688,NA,NA,NA,NA,NA,390459,NA,NA,156
PGS000027,PSS010097,European,PPM016689,NA,NA,NA,NA,NA,390459,NA,NA,157
PGS000027,PSS010097,European,PPM016690,NA,NA,NA,NA,NA,390459,NA,NA,158
PGS000027,PSS010097,European,PPM016691,NA,NA,NA,NA,NA,390459,NA,NA,159
PGS000027,PSS010097,European,PPM016692,NA,NA,NA,NA,NA,390459,NA,NA,160
PGS000027,PSS010097,European,PPM016693,NA,NA,NA,NA,NA,390459,NA,NA,161
PGS000027,PSS010097,European,PPM016694,NA,NA,NA,NA,NA,390459,NA,NA,162
PGS000027,PSS010097,European,PPM016695,NA,NA,NA,NA,NA,390459,NA,NA,163
PGS000027,PSS010097,European,PPM016696,NA,NA,NA,NA,NA,390459,NA,NA,164
PGS000027,PSS010097,European,PPM016697,NA,NA,NA,NA,NA,390459,NA,NA,165
PGS000027,PSS010097,European,PPM016698,NA,NA,NA,NA,NA,390459,NA,NA,166
PGS000027,PSS010097,European,PPM016699,NA,NA,NA,NA,NA,390459,NA,NA,167
PGS000027,PSS010097,European,PPM016700,NA,NA,NA,NA,NA,390459,NA,NA,168
PGS000027,PSS010097,European,PPM016701,NA,NA,NA,NA,NA,390459,NA,NA,169
PGS000027,PSS010097,European,PPM016702,NA,NA,NA,NA,NA,390459,NA,NA,170
PGS000027,PSS010097,European,PPM016703,NA,NA,NA,NA,NA,390459,NA,NA,171
PGS000027,PSS010097,European,PPM016704,NA,NA,NA,NA,NA,390459,NA,NA,172
PGS000027,PSS010097,European,PPM016705,NA,NA,NA,NA,NA,390459,NA,NA,173
PGS000027,PSS010097,European,PPM016706,NA,NA,NA,NA,NA,390459,NA,NA,174
PGS000027,PSS010097,European,PPM016707,NA,NA,NA,NA,NA,390459,NA,NA,175
PGS000027,PSS010097,European,PPM016708,NA,NA,NA,NA,NA,390459,NA,NA,176
PGS000027,PSS010097,European,PPM016709,NA,NA,NA,NA,NA,390459,NA,NA,177
PGS000027,PSS010097,European,PPM016710,NA,NA,NA,NA,NA,390459,NA,NA,178
PGS000027,PSS010097,European,PPM016711,NA,NA,NA,NA,NA,390459,NA,NA,179
PGS000027,PSS010097,European,PPM016712,NA,NA,NA,NA,NA,390459,NA,NA,180
PGS000027,PSS010097,European,PPM016713,NA,NA,NA,NA,NA,390459,NA,NA,181
PGS000027,PSS010097,European,PPM016714,NA,NA,NA,NA,NA,390459,NA,NA,182
PGS000027,PSS010097,European,PPM016715,NA,NA,NA,NA,NA,390459,NA,NA,183
PGS000027,PSS010097,European,PPM016716,NA,NA,NA,NA,NA,390459,NA,NA,184
PGS000027,PSS010097,European,PPM016717,NA,NA,NA,NA,NA,390459,NA,NA,185
PGS000027,PSS010097,European,PPM016718,NA,NA,NA,NA,NA,390459,NA,NA,186
PGS000027,PSS010097,European,PPM016719,NA,NA,NA,NA,NA,390459,NA,NA,187
PGS000027,PSS010097,European,PPM016720,NA,NA,NA,NA,NA,390459,NA,NA,188
PGS000027,PSS010097,European,PPM016721,NA,NA,NA,NA,NA,390459,NA,NA,189
PGS000027,PSS010097,European,PPM016722,NA,NA,NA,NA,NA,390459,NA,NA,190
PGS000027,PSS010097,European,PPM016723,NA,NA,NA,NA,NA,390459,NA,NA,191
PGS000027,PSS010097,European,PPM016724,NA,NA,NA,NA,NA,390459,NA,NA,192
PGS000027,PSS010097,European,PPM016725,NA,NA,NA,NA,NA,390459,NA,NA,193
PGS000027,PSS010097,European,PPM016726,NA,NA,NA,NA,NA,390459,NA,NA,194
PGS000027,PSS010097,European,PPM016727,NA,NA,NA,NA,NA,390459,NA,NA,195
PGS000027,PSS010097,European,PPM016728,NA,NA,NA,NA,NA,390459,NA,NA,196
PGS000027,PSS010097,European,PPM016729,NA,NA,NA,NA,NA,390459,NA,NA,197
PGS000027,PSS010097,European,PPM016730,NA,NA,NA,NA,NA,390459,NA,NA,198
PGS000027,PSS010097,European,PPM016731,NA,NA,NA,NA,NA,390459,NA,NA,199
PGS000027,PSS010097,European,PPM016732,NA,NA,NA,NA,NA,390459,NA,NA,200
PGS000027,PSS010097,European,PPM016733,NA,NA,NA,NA,NA,390459,NA,NA,201
PGS000027,PSS010097,European,PPM016734,NA,NA,NA,NA,NA,390459,NA,NA,202
PGS000027,PSS010097,European,PPM016735,NA,NA,NA,NA,NA,390459,NA,NA,203
PGS000027,PSS010097,European,PPM016736,NA,NA,NA,NA,NA,390459,NA,NA,204
PGS000027,PSS010097,European,PPM016737,NA,NA,NA,NA,NA,390459,NA,NA,205
PGS000027,PSS010097,European,PPM016738,NA,NA,NA,NA,NA,390459,NA,NA,206
PGS000027,PSS010097,European,PPM016739,NA,NA,NA,NA,NA,390459,NA,NA,207
PGS000027,PSS010097,European,PPM016740,NA,NA,NA,NA,NA,390459,NA,NA,208
PGS000027,PSS010097,European,PPM016741,NA,NA,NA,NA,NA,390459,NA,NA,209
PGS000027,PSS010097,European,PPM016742,NA,NA,NA,NA,NA,390459,NA,NA,210
PGS000027,PSS010097,European,PPM016743,NA,NA,NA,NA,NA,390459,NA,NA,211
PGS000027,PSS010097,European,PPM016744,NA,NA,NA,NA,NA,390459,NA,NA,212
PGS000027,PSS010097,European,PPM016745,NA,NA,NA,NA,NA,390459,NA,NA,213
PGS000027,PSS010097,European,PPM016746,NA,NA,NA,NA,NA,390459,NA,NA,214
PGS000027,PSS010097,European,PPM016747,NA,NA,NA,NA,NA,390459,NA,NA,215
PGS000027,PSS010097,European,PPM016748,NA,NA,NA,NA,NA,390459,NA,NA,216
PGS000027,PSS010097,European,PPM016749,NA,NA,NA,NA,NA,390459,NA,NA,217
PGS000027,PSS010097,European,PPM016750,NA,NA,NA,NA,NA,390459,NA,NA,218
PGS000027,PSS010097,European,PPM016751,NA,NA,NA,NA,NA,390459,NA,NA,219
PGS000027,PSS010097,European,PPM016752,NA,NA,NA,NA,NA,390459,NA,NA,220
PGS000027,PSS010097,European,PPM016753,NA,NA,NA,NA,NA,390459,NA,NA,221
PGS000027,PSS010097,European,PPM016754,NA,NA,NA,NA,NA,390459,NA,NA,222
PGS000027,PSS010097,European,PPM016755,NA,NA,NA,NA,NA,390459,NA,NA,223
PGS000027,PSS010097,European,PPM016756,NA,NA,NA,NA,NA,390459,NA,NA,224
PGS000027,PSS010097,European,PPM016757,NA,NA,NA,NA,NA,390459,NA,NA,225
PGS000027,PSS010097,European,PPM016758,NA,NA,NA,NA,NA,390459,NA,NA,226
PGS000027,PSS010097,European,PPM016759,NA,NA,NA,NA,NA,390459,NA,NA,227
PGS000027,PSS010097,European,PPM016760,NA,NA,NA,NA,NA,390459,NA,NA,228
PGS000027,PSS010097,European,PPM016761,NA,NA,NA,NA,NA,390459,NA,NA,229
PGS000027,PSS010097,European,PPM016762,NA,NA,NA,NA,NA,390459,NA,NA,230
PGS000027,PSS010097,European,PPM016763,NA,NA,NA,NA,NA,390459,NA,NA,231
PGS000027,PSS010097,European,PPM016764,NA,NA,NA,NA,NA,390459,NA,NA,232
PGS000027,PSS010097,European,PPM016765,NA,NA,NA,NA,NA,390459,NA,NA,233
PGS000027,PSS010097,European,PPM016766,NA,NA,NA,NA,NA,390459,NA,NA,234
PGS000027,PSS010097,European,PPM016767,NA,NA,NA,NA,NA,390459,NA,NA,235
PGS000027,PSS010097,European,PPM016768,NA,NA,NA,NA,NA,390459,NA,NA,236
PGS000027,PSS010097,European,PPM016769,NA,NA,NA,NA,NA,390459,NA,NA,237
PGS000027,PSS010097,European,PPM016770,NA,NA,NA,NA,NA,390459,NA,NA,238
PGS000027,PSS010097,European,PPM016771,NA,NA,NA,NA,NA,390459,NA,NA,239
PGS000027,PSS010097,European,PPM016772,NA,NA,NA,NA,NA,390459,NA,NA,240
PGS000027,PSS010097,European,PPM016773,NA,NA,NA,NA,NA,390459,NA,NA,241
PGS000027,PSS010097,European,PPM016774,NA,NA,NA,NA,NA,390459,NA,NA,242
PGS000027,PSS010097,European,PPM016775,NA,NA,NA,NA,NA,390459,NA,NA,243
PGS000027,PSS010097,European,PPM016776,NA,NA,NA,NA,NA,390459,NA,NA,244
PGS000027,PSS010097,European,PPM016777,NA,NA,NA,NA,NA,390459,NA,NA,245
PGS000027,PSS010097,European,PPM016778,NA,NA,NA,NA,NA,390459,NA,NA,246
PGS000027,PSS010097,European,PPM016779,NA,NA,NA,NA,NA,390459,NA,NA,247
PGS000027,PSS010097,European,PPM016780,NA,NA,NA,NA,NA,390459,NA,NA,248
PGS000027,PSS010097,European,PPM016781,NA,NA,NA,NA,NA,390459,NA,NA,249
PGS000027,PSS010097,European,PPM016782,NA,NA,NA,NA,NA,390459,NA,NA,250
PGS000027,PSS010097,European,PPM016783,NA,NA,NA,NA,NA,390459,NA,NA,251
PGS000027,PSS010097,European,PPM016784,NA,NA,NA,NA,NA,390459,NA,NA,252
PGS000027,PSS010097,European,PPM016785,NA,NA,NA,NA,NA,390459,NA,NA,253
PGS000027,PSS010097,European,PPM016786,NA,NA,NA,NA,NA,390459,NA,NA,254
PGS000027,PSS010097,European,PPM016787,NA,NA,NA,NA,NA,390459,NA,NA,255
PGS000027,PSS010097,European,PPM016788,NA,NA,NA,NA,NA,390459,NA,NA,256
PGS000027,PSS010097,European,PPM016789,NA,NA,NA,NA,NA,390459,NA,NA,257
PGS000027,PSS010097,European,PPM016790,NA,NA,NA,NA,NA,390459,NA,NA,258
PGS000027,PSS010097,European,PPM016791,NA,NA,NA,NA,NA,390459,NA,NA,259
PGS000027,PSS010097,European,PPM016792,NA,NA,NA,NA,NA,390459,NA,NA,260
PGS000027,PSS010097,European,PPM016793,NA,NA,NA,NA,NA,390459,NA,NA,261
PGS000027,PSS010097,European,PPM016794,NA,NA,NA,NA,NA,390459,NA,NA,262
PGS000027,PSS010097,European,PPM016795,NA,NA,NA,NA,NA,390459,NA,NA,263
PGS000027,PSS010097,European,PPM016796,NA,NA,NA,NA,NA,390459,NA,NA,264
PGS000027,PSS010097,European,PPM016797,NA,NA,NA,NA,NA,390459,NA,NA,265
PGS000027,PSS010097,European,PPM016798,NA,NA,NA,NA,NA,390459,NA,NA,266
PGS000027,PSS010097,European,PPM016799,NA,NA,NA,NA,NA,390459,NA,NA,267
PGS000027,PSS010097,European,PPM016800,NA,NA,NA,NA,NA,390459,NA,NA,268
PGS000027,PSS010097,European,PPM016801,NA,NA,NA,NA,NA,390459,NA,NA,269
PGS000027,PSS010097,European,PPM016802,NA,NA,NA,NA,NA,390459,NA,NA,270
PGS000027,PSS010097,European,PPM016803,NA,NA,NA,NA,NA,390459,NA,NA,271
PGS000027,PSS010097,European,PPM016804,NA,NA,NA,NA,NA,390459,NA,NA,272
PGS000027,PSS010097,European,PPM016805,NA,NA,NA,NA,NA,390459,NA,NA,273
PGS000027,PSS010097,European,PPM016806,NA,NA,NA,NA,NA,390459,NA,NA,274
PGS000027,PSS010097,European,PPM016807,NA,NA,NA,NA,NA,390459,NA,NA,275
PGS000027,PSS010097,European,PPM016808,NA,NA,NA,NA,NA,390459,NA,NA,276
PGS000027,PSS010097,European,PPM016809,NA,NA,NA,NA,NA,390459,NA,NA,277
PGS000027,PSS010097,European,PPM016810,NA,NA,NA,NA,NA,390459,NA,NA,278
PGS000027,PSS010097,European,PPM016811,NA,NA,NA,NA,NA,390459,NA,NA,279
PGS000027,PSS010097,European,PPM016812,NA,NA,NA,NA,NA,390459,NA,NA,280
PGS000027,PSS010097,European,PPM016813,NA,NA,NA,NA,NA,390459,NA,NA,281
PGS000027,PSS010097,European,PPM016814,NA,NA,NA,NA,NA,390459,NA,NA,282
PGS000027,PSS010097,European,PPM016815,NA,NA,NA,NA,NA,390459,NA,NA,283
PGS000027,PSS010097,European,PPM016816,NA,NA,NA,NA,NA,390459,NA,NA,284
PGS000027,PSS010097,European,PPM016817,NA,NA,NA,NA,NA,390459,NA,NA,285
PGS000027,PSS010097,European,PPM016818,NA,NA,NA,NA,NA,390459,NA,NA,286
PGS000027,PSS010097,European,PPM016819,NA,NA,NA,NA,NA,390459,NA,NA,287
PGS000027,PSS010097,European,PPM016820,NA,NA,NA,NA,NA,390459,NA,NA,288
PGS000027,PSS010097,European,PPM016821,NA,NA,NA,NA,NA,390459,NA,NA,289
PGS000027,PSS010097,European,PPM016822,NA,NA,NA,NA,NA,390459,NA,NA,290
PGS000027,PSS010097,European,PPM016823,NA,NA,NA,NA,NA,390459,NA,NA,291
PGS000027,PSS010097,European,PPM016824,NA,NA,NA,NA,NA,390459,NA,NA,292
PGS000027,PSS010097,European,PPM016825,NA,NA,NA,NA,NA,390459,NA,NA,293
PGS000027,PSS010097,European,PPM016826,NA,NA,NA,NA,NA,390459,NA,NA,294
PGS000027,PSS010097,European,PPM016827,NA,NA,NA,NA,NA,390459,NA,NA,295
PGS000027,PSS010097,European,PPM016828,NA,NA,NA,NA,NA,390459,NA,NA,296
PGS000027,PSS010097,European,PPM016829,NA,NA,NA,NA,NA,390459,NA,NA,297
PGS000027,PSS011974,European,PPM022496,NA,NA,NA,NA,NA,6251,NA,NA,2
PGS000027,PSS011974,European,PPM022497,NA,NA,NA,NA,NA,6251,NA,NA,3
PGS000027,PSS011974,European,PPM022501,NA,NA,NA,NA,NA,6251,NA,NA,4
PGS000027,PSS011974,European,PPM022502,NA,NA,NA,NA,NA,6251,NA,NA,5
PGS000027,PSS011974,European,PPM022503,NA,NA,NA,NA,NA,6251,NA,NA,6
PGS000027,PSS011974,European,PPM022504,NA,NA,NA,NA,NA,6251,NA,NA,7
PGS000027,PSS011974,European,PPM022505,NA,NA,NA,NA,NA,6251,NA,NA,8
PGS000027,PSS011974,European,PPM022506,NA,NA,NA,NA,NA,6251,NA,NA,9
PGS000027,PSS011974,European,PPM022507,NA,NA,NA,NA,NA,6251,NA,NA,10
PGS000029,PSS000038,East Asian,PPM000057,AUC,0.64,0.53,0.74,102,102,51,51,2
PGS000030,PSS003583,European,PPM005134,NA,NA,NA,NA,236.44444444444446,450,70,380,2
PGS000030,PSS003584,European,PPM005136,NA,NA,NA,NA,489.9553072625698,1074,141,933,2
PGS000030,PSS009648,European,PPM013017,NA,NA,NA,NA,727.5075681130171,991,240,751,2
PGS000030,PSS009649,European,PPM013018,NA,NA,NA,NA,719.1,1000,235,765,2
PGS000036,PSS000054,European,PPM000080,AUC,0.66,NA,NA,51682.669375442485,324870,13480,311390,2
PGS000037,PSS000055,European,PPM000083,NA,NA,NA,NA,797.1590909090909,880,305,575,2
PGS000037,PSS000055,European,PPM000086,NA,NA,NA,NA,797.1590909090909,880,305,575,3
PGS000037,PSS000055,European,PPM000087,NA,NA,NA,NA,797.1590909090909,880,305,575,4
PGS000037,PSS000055,European,PPM000088,NA,NA,NA,NA,797.1590909090909,880,305,575,5
PGS000037,PSS000055,European,PPM000089,NA,NA,NA,NA,797.1590909090909,880,305,575,6
PGS000037,PSS000056,European,PPM000085,NA,NA,NA,NA,NA,187,NA,NA,2
PGS000039,PSS001082,European,PPM002227,AUC,0.582,0.537,0.628,682.6413383364603,12792,173,12619,2
PGS000039,PSS001082,European,PPM002222,NA,NA,NA,NA,682.6413383364603,12792,173,12619,3
PGS000039,PSS001082,European,PPM002223,NA,NA,NA,NA,682.6413383364603,12792,173,12619,4
PGS000039,PSS001082,European,PPM002224,NA,NA,NA,NA,682.6413383364603,12792,173,12619,5
PGS000039,PSS001082,European,PPM002225,NA,NA,NA,NA,682.6413383364603,12792,173,12619,6
PGS000039,PSS001082,European,PPM002226,NA,NA,NA,NA,682.6413383364603,12792,173,12619,7
PGS000039,PSS001082,European,PPM002228,NA,NA,NA,NA,682.6413383364603,12792,173,12619,8
PGS000039,PSS001082,European,PPM002229,NA,NA,NA,NA,682.6413383364603,12792,173,12619,9
PGS000039,PSS011681,European,PPM021312,NA,NA,NA,NA,22299.168704794327,306654,5680,300974,2
PGS000039,PSS011681,European,PPM021313,NA,NA,NA,NA,22299.168704794327,306654,5680,300974,3
PGS000039,PSS011681,European,PPM021314,NA,NA,NA,NA,22299.168704794327,306654,5680,300974,4
PGS000039,PSS011681,European,PPM021315,NA,NA,NA,NA,22299.168704794327,306654,5680,300974,5
PGS000043,PSS000850,European,PPM001640,NA,NA,NA,NA,229.79580419580418,715,63,652,2
PGS000043,PSS000850,European,PPM001641,NA,NA,NA,NA,229.79580419580418,715,63,652,3
PGS000043,PSS000973,European,PPM001942,C-index,0.67,0.63,0.71,691.9173380979671,29663,174,29489,2
PGS000043,PSS000973,European,PPM001939,NA,NA,NA,NA,691.9173380979671,29663,174,29489,3
PGS000043,PSS000973,European,PPM001940,NA,NA,NA,NA,691.9173380979671,29663,174,29489,4
PGS000043,PSS000973,European,PPM001943,NA,NA,NA,NA,691.9173380979671,29663,174,29489,5
PGS000043,PSS000973,European,PPM001944,NA,NA,NA,NA,691.9173380979671,29663,174,29489,6
PGS000044,PSS000068,European,PPM000104,NA,NA,NA,NA,3111.318442379917,5059,4099,960,2
PGS000044,PSS000068,European,PPM000104,NA,NA,NA,NA,NA,3157,3157,0,3
PGS000045,PSS001054,European,PPM002156,NA,NA,NA,NA,587.5736842105263,760,561,199,2
PGS000045,PSS001054,European,PPM002157,NA,NA,NA,NA,587.5736842105263,760,561,199,3
PGS000045,PSS001054,European,PPM002158,NA,NA,NA,NA,587.5736842105263,760,561,199,4
PGS000045,PSS001054,European,PPM002159,NA,NA,NA,NA,587.5736842105263,760,561,199,5
PGS000053,PSS000085,European,PPM000134,NA,NA,NA,NA,4732.046744574291,4792,2128,2664,2
PGS000053,PSS000085,European,PPM000137,NA,NA,NA,NA,4732.046744574291,4792,2128,2664,3
PGS000054,PSS000084,Hispanic or Latin American,PPM000136,NA,NA,NA,NA,3031.5222623345367,3324,2155,1169,2
PGS000054,PSS000084,Hispanic or Latin American,PPM000138,NA,NA,NA,NA,3031.5222623345367,3324,2155,1169,3
PGS000056,PSS000088,European,PPM000142,NA,NA,NA,NA,NA,285,285,0,2
PGS000056,PSS000088,European,PPM000143,NA,NA,NA,NA,NA,285,285,0,3
PGS000067,PSS000105,European,PPM000183,NA,NA,NA,NA,NA,4828,NA,4828,2
PGS000067,PSS000105,European,PPM000182,NA,NA,NA,NA,NA,628,628,NA,3
PGS000067,PSS000105,European,PPM000183,NA,NA,NA,NA,NA,628,628,NA,4
PGS000067,PSS000106,European,PPM000185,NA,NA,NA,NA,NA,4828,NA,4828,2
PGS000067,PSS000106,European,PPM000184,NA,NA,NA,NA,NA,1583,1583,NA,3
PGS000067,PSS000106,European,PPM000185,NA,NA,NA,NA,NA,1583,1583,NA,4
PGS000067,PSS000107,European,PPM000187,NA,NA,NA,NA,NA,4828,NA,4828,2
PGS000067,PSS000107,European,PPM000186,NA,NA,NA,NA,NA,220,220,NA,3
PGS000067,PSS000107,European,PPM000187,NA,NA,NA,NA,NA,220,220,NA,4
PGS000067,PSS000926,European,PPM001812,NA,NA,NA,NA,4768.50662923101,6411,1583,4828,2
PGS000067,PSS000926,European,PPM001813,NA,NA,NA,NA,4768.50662923101,6411,1583,4828,3
PGS000067,PSS000926,European,PPM001817,NA,NA,NA,NA,4768.50662923101,6411,1583,4828,4
PGS000067,PSS000926,European,PPM001818,NA,NA,NA,NA,4768.50662923101,6411,1583,4828,5
PGS000067,PSS000926,European,PPM001819,NA,NA,NA,NA,4768.50662923101,6411,1583,4828,6
PGS000067,PSS000926,European,PPM001823,NA,NA,NA,NA,4768.50662923101,6411,1583,4828,7
PGS000067,PSS000926,European,PPM001824,NA,NA,NA,NA,4768.50662923101,6411,1583,4828,8
PGS000067,PSS000926,European,PPM001825,NA,NA,NA,NA,4768.50662923101,6411,1583,4828,9
PGS000068,PSS000108,European,PPM000188,C-index,0.58,0.55,0.6,1457.0516431924882,1917,489,1428,2
PGS000069,PSS000108,European,PPM000189,C-index,0.6,0.57,0.63,1457.0516431924882,1917,489,1428,2
PGS000070,PSS009987,East Asian,PPM015575,NA,NA,NA,NA,19499.826869947814,19546,10248,9298,2
PGS000114,PSS000179,European,PPM000260,AUC,0.657,0.631,0.683,1880.2003985197834,3513,559,2954,2
PGS000114,PSS000180,European,PPM000261,AUC,0.671,0.635,0.706,890.3659574468085,940,362,578,2
PGS000121,PSS000212,European,PPM000350,NA,NA,NA,NA,NA,902,NA,NA,2
PGS000121,PSS000212,European,PPM000349,NA,NA,NA,NA,NA,557,NA,NA,3
PGS000121,PSS000212,European,PPM000350,NA,NA,NA,NA,NA,557,NA,NA,4
PGS000121,PSS000213,European,PPM000360,NA,NA,NA,NA,409.12028725314184,557,135,422,2
PGS000121,PSS000213,European,PPM000361,NA,NA,NA,NA,409.12028725314184,557,135,422,3
PGS000121,PSS000213,European,PPM000362,NA,NA,NA,NA,409.12028725314184,557,135,422,4
PGS000121,PSS000213,European,PPM000359,NA,NA,NA,NA,339.9778270509978,902,95,807,5
PGS000121,PSS000213,European,PPM000360,NA,NA,NA,NA,339.9778270509978,902,95,807,6
PGS000121,PSS000213,European,PPM000361,NA,NA,NA,NA,339.9778270509978,902,95,807,7
PGS000121,PSS000213,European,PPM000362,NA,NA,NA,NA,339.9778270509978,902,95,807,8
PGS000121,PSS000214,European,PPM000352,NA,NA,NA,NA,888.0931263858092,902,395,507,2
PGS000121,PSS000214,European,PPM000353,NA,NA,NA,NA,888.0931263858092,902,395,507,3
PGS000121,PSS000214,European,PPM000354,NA,NA,NA,NA,888.0931263858092,902,395,507,4
PGS000121,PSS000214,European,PPM000351,NA,NA,NA,NA,409.12028725314184,557,135,422,5
PGS000121,PSS000214,European,PPM000352,NA,NA,NA,NA,409.12028725314184,557,135,422,6
PGS000121,PSS000214,European,PPM000353,NA,NA,NA,NA,409.12028725314184,557,135,422,7
PGS000121,PSS000214,European,PPM000354,NA,NA,NA,NA,409.12028725314184,557,135,422,8
PGS000121,PSS000215,European,PPM000368,NA,NA,NA,NA,541.80044345898,902,166,736,2
PGS000121,PSS000215,European,PPM000369,NA,NA,NA,NA,541.80044345898,902,166,736,3
PGS000121,PSS000215,European,PPM000370,NA,NA,NA,NA,541.80044345898,902,166,736,4
PGS000121,PSS000215,European,PPM000367,NA,NA,NA,NA,191.82764811490125,557,53,504,5
PGS000121,PSS000215,European,PPM000368,NA,NA,NA,NA,191.82764811490125,557,53,504,6
PGS000121,PSS000215,European,PPM000369,NA,NA,NA,NA,191.82764811490125,557,53,504,7
PGS000121,PSS000215,European,PPM000370,NA,NA,NA,NA,191.82764811490125,557,53,504,8
PGS000121,PSS000216,European,PPM000376,NA,NA,NA,NA,364.95343680709533,902,103,799,2
PGS000121,PSS000216,European,PPM000377,NA,NA,NA,NA,364.95343680709533,902,103,799,3
PGS000121,PSS000216,European,PPM000378,NA,NA,NA,NA,364.95343680709533,902,103,799,4
PGS000121,PSS000216,European,PPM000375,NA,NA,NA,NA,35.418312387791744,557,9,548,5
PGS000121,PSS000216,European,PPM000376,NA,NA,NA,NA,35.418312387791744,557,9,548,6
PGS000121,PSS000216,European,PPM000377,NA,NA,NA,NA,35.418312387791744,557,9,548,7
PGS000121,PSS000216,European,PPM000378,NA,NA,NA,NA,35.418312387791744,557,9,548,8
PGS000122,PSS000213,European,PPM000364,NA,NA,NA,NA,409.12028725314184,557,135,422,2
PGS000122,PSS000213,European,PPM000365,NA,NA,NA,NA,409.12028725314184,557,135,422,3
PGS000122,PSS000213,European,PPM000366,NA,NA,NA,NA,409.12028725314184,557,135,422,4
PGS000122,PSS000213,European,PPM000363,NA,NA,NA,NA,339.9778270509978,902,95,807,5
PGS000122,PSS000213,European,PPM000364,NA,NA,NA,NA,339.9778270509978,902,95,807,6
PGS000122,PSS000213,European,PPM000365,NA,NA,NA,NA,339.9778270509978,902,95,807,7
PGS000122,PSS000213,European,PPM000366,NA,NA,NA,NA,339.9778270509978,902,95,807,8
PGS000122,PSS000214,European,PPM000356,NA,NA,NA,NA,888.0931263858092,902,395,507,2
PGS000122,PSS000214,European,PPM000357,NA,NA,NA,NA,888.0931263858092,902,395,507,3
PGS000122,PSS000214,European,PPM000358,NA,NA,NA,NA,888.0931263858092,902,395,507,4
PGS000122,PSS000214,European,PPM000355,NA,NA,NA,NA,409.12028725314184,557,135,422,5
PGS000122,PSS000214,European,PPM000356,NA,NA,NA,NA,409.12028725314184,557,135,422,6
PGS000122,PSS000214,European,PPM000357,NA,NA,NA,NA,409.12028725314184,557,135,422,7
PGS000122,PSS000214,European,PPM000358,NA,NA,NA,NA,409.12028725314184,557,135,422,8
PGS000122,PSS000215,European,PPM000372,NA,NA,NA,NA,541.80044345898,902,166,736,2
PGS000122,PSS000215,European,PPM000373,NA,NA,NA,NA,541.80044345898,902,166,736,3
PGS000122,PSS000215,European,PPM000374,NA,NA,NA,NA,541.80044345898,902,166,736,4
PGS000122,PSS000215,European,PPM000371,NA,NA,NA,NA,191.82764811490125,557,53,504,5
PGS000122,PSS000215,European,PPM000372,NA,NA,NA,NA,191.82764811490125,557,53,504,6
PGS000122,PSS000215,European,PPM000373,NA,NA,NA,NA,191.82764811490125,557,53,504,7
PGS000122,PSS000215,European,PPM000374,NA,NA,NA,NA,191.82764811490125,557,53,504,8
PGS000122,PSS000216,European,PPM000380,NA,NA,NA,NA,364.95343680709533,902,103,799,2
PGS000122,PSS000216,European,PPM000381,NA,NA,NA,NA,364.95343680709533,902,103,799,3
PGS000122,PSS000216,European,PPM000382,NA,NA,NA,NA,364.95343680709533,902,103,799,4
PGS000122,PSS000216,European,PPM000379,NA,NA,NA,NA,35.418312387791744,557,9,548,5
PGS000122,PSS000216,European,PPM000380,NA,NA,NA,NA,35.418312387791744,557,9,548,6
PGS000122,PSS000216,European,PPM000381,NA,NA,NA,NA,35.418312387791744,557,9,548,7
PGS000122,PSS000216,European,PPM000382,NA,NA,NA,NA,35.418312387791744,557,9,548,8
PGS000123,PSS000225,European,PPM000396,NA,NA,NA,NA,384.5628997867804,469,334,135,2
PGS000123,PSS000226,European,PPM000398,NA,NA,NA,NA,735.1094147582696,786,493,293,2
PGS000126,PSS000233,European,PPM000405,AUC,0.67,NA,NA,19344.2734830387,334880,4908,329972,2
PGS000126,PSS009549,European,PPM012774,NA,NA,NA,NA,5746.530124908156,10888,1703,9185,2
PGS000126,PSS009550,European,PPM012772,NA,NA,NA,NA,734.8552025224352,8246,188,8058,2
PGS000137,PSS000245,European,PPM000421,AUC,0.71,0.66,0.77,283.79721448467967,1795,74,1721,2
PGS000137,PSS000247,European,PPM000428,AUC,0.67,0.63,0.72,431.87660668380465,3112,112,3000,2
PGS000137,PSS000248,European,PPM000423,AUC,0.66,0.64,0.68,431.87660668380465,3112,112,3000,2
PGS000137,PSS000249,South Asian,PPM000425,AUC,0.64,0.59,0.68,747.0336982795394,7033,192,6841,2
PGS000137,PSS011408,European,PPM020781,NA,NA,NA,NA,NA,903,NA,NA,2
PGS000137,PSS011837,European,PPM022191,NA,NA,NA,NA,NA,429,NA,NA,2
PGS000137,PSS011837,"Greater Middle Eastern (Middle Eastern, North African or Persian)",PPM022191,NA,NA,NA,NA,NA,1,NA,NA,2
PGS000137,PSS011837,Hispanic or Latin American,PPM022191,NA,NA,NA,NA,NA,1,NA,NA,2
PGS000137,PSS012272,African American or Afro-Caribbean,PPM030738,NA,NA,NA,NA,NA,160,NA,NA,2
PGS000137,PSS012272,East Asian,PPM030738,NA,NA,NA,NA,NA,205,NA,NA,2
PGS000137,PSS012272,European,PPM030738,NA,NA,NA,NA,NA,24043,NA,NA,2
PGS000137,PSS012272,"Greater Middle Eastern (Middle Eastern, North African or Persian)",PPM030738,NA,NA,NA,NA,NA,99,NA,NA,2
PGS000137,PSS012272,Hispanic or Latin American,PPM030738,NA,NA,NA,NA,NA,82,NA,NA,2
PGS000147,PSS000259,European,PPM000449,AUC,0.56,0.54,0.58,3594.1019607843136,4080,1336,2744,2
PGS000147,PSS000259,European,PPM000446,NA,NA,NA,NA,3594.1019607843136,4080,1336,2744,3
PGS000147,PSS000259,European,PPM000447,NA,NA,NA,NA,3594.1019607843136,4080,1336,2744,4
PGS000148,PSS000260,European,PPM000452,AUC,0.59,0.58,0.6,5475.909818181818,5500,2568,2932,2
PGS000148,PSS000261,European,PPM000450,AUC,0.59,0.58,0.6,4665.420488641234,4666,2307,2359,2
PGS000149,PSS000262,European,PPM000457,C-index,0.68,0.67,0.7,6462.856810946416,361543,1623,359920,2
PGS000149,PSS000262,European,PPM000459,C-index,0.66,0.62,0.69,6462.856810946416,361543,1623,359920,3
PGS000149,PSS000262,European,PPM000455,C-index,0.57,0.55,0.58,6462.856810946416,361543,1623,359920,4
PGS000149,PSS000262,European,PPM000454,C-index,0.56,0.55,0.58,6462.856810946416,361543,1623,359920,5
PGS000149,PSS000262,European,PPM000456,C-index,0.55,0.52,0.59,6462.856810946416,361543,1623,359920,6
PGS000149,PSS000263,European,PPM000464,C-index,0.68,0.67,0.7,5152.652906994984,286877,1294,285583,2
PGS000149,PSS000263,European,PPM000465,C-index,0.67,0.63,0.71,5152.652906994984,286877,1294,285583,3
PGS000149,PSS000263,European,PPM000460,C-index,0.57,0.55,0.58,5152.652906994984,286877,1294,285583,4
PGS000149,PSS000263,European,PPM000462,C-index,0.57,0.53,0.6,5152.652906994984,286877,1294,285583,5
PGS000149,PSS000263,European,PPM000461,C-index,0.56,0.55,0.58,5152.652906994984,286877,1294,285583,6
PGS000150,PSS000268,European,PPM000466,C-index,0.584,NA,NA,844.510067114094,1043,294,749,2
PGS000150,PSS000269,European,PPM000468,C-index,0.599,NA,NA,664.8865153538051,749,249,500,2
PGS000151,PSS000271,East Asian,PPM000470,AUC,0.6,0.579,0.622,3297.6576781152426,3523,1316,2207,2
PGS000152,PSS000272,European,PPM000483,NA,NA,NA,NA,NA,13427,0,13427,2
PGS000152,PSS000272,European,PPM000472,NA,NA,NA,NA,NA,343,343,0,3
PGS000152,PSS000272,European,PPM000483,NA,NA,NA,NA,NA,343,343,0,4
PGS000153,PSS000273,European,PPM000484,NA,NA,NA,NA,NA,7020,0,7020,2
PGS000153,PSS000273,European,PPM000473,NA,NA,NA,NA,NA,827,827,0,3
PGS000153,PSS000273,European,PPM000484,NA,NA,NA,NA,NA,827,827,0,4
PGS000154,PSS000274,European,PPM000485,NA,NA,NA,NA,NA,13427,0,13427,2
PGS000154,PSS000274,European,PPM000474,NA,NA,NA,NA,NA,387,387,0,3
PGS000154,PSS000274,European,PPM000485,NA,NA,NA,NA,NA,387,387,0,4
PGS000155,PSS000275,European,PPM000486,NA,NA,NA,NA,NA,13427,0,13427,2
PGS000155,PSS000275,European,PPM000475,NA,NA,NA,NA,NA,992,992,0,3
PGS000155,PSS000275,European,PPM000486,NA,NA,NA,NA,NA,992,992,0,4
PGS000156,PSS000276,European,PPM000487,NA,NA,NA,NA,NA,13427,0,13427,2
PGS000156,PSS000276,European,PPM000476,NA,NA,NA,NA,NA,908,908,0,3
PGS000156,PSS000276,European,PPM000487,NA,NA,NA,NA,NA,908,908,0,4
PGS000157,PSS000277,European,PPM000488,NA,NA,NA,NA,NA,13427,0,13427,2
PGS000157,PSS000277,European,PPM000477,NA,NA,NA,NA,NA,450,450,0,3
PGS000157,PSS000277,European,PPM000488,NA,NA,NA,NA,NA,450,450,0,4
PGS000158,PSS000278,European,PPM000489,NA,NA,NA,NA,NA,7020,0,7020,2
PGS000158,PSS000278,European,PPM000478,NA,NA,NA,NA,NA,531,531,0,3
PGS000158,PSS000278,European,PPM000489,NA,NA,NA,NA,NA,531,531,0,4
PGS000159,PSS000279,European,PPM000490,NA,NA,NA,NA,NA,13427,0,13427,2
PGS000159,PSS000279,European,PPM000479,NA,NA,NA,NA,NA,163,163,0,3
PGS000159,PSS000279,European,PPM000490,NA,NA,NA,NA,NA,163,163,0,4
PGS000160,PSS000280,European,PPM000491,NA,NA,NA,NA,NA,6407,0,6407,2
PGS000160,PSS000280,European,PPM000480,NA,NA,NA,NA,NA,421,421,0,3
PGS000160,PSS000280,European,PPM000491,NA,NA,NA,NA,NA,421,421,0,4
PGS000161,PSS000281,European,PPM000492,NA,NA,NA,NA,NA,13427,0,13427,2
PGS000161,PSS000281,European,PPM000481,NA,NA,NA,NA,NA,453,453,0,3
PGS000161,PSS000281,European,PPM000492,NA,NA,NA,NA,NA,453,453,0,4
PGS000162,PSS000282,European,PPM000493,NA,NA,NA,NA,NA,13427,0,13427,2
PGS000162,PSS000282,European,PPM000482,NA,NA,NA,NA,NA,387,387,0,3
PGS000162,PSS000282,European,PPM000493,NA,NA,NA,NA,NA,387,387,0,4
PGS000192,PSS000292,European,PPM000561,NA,NA,NA,NA,898.461247637051,4232,238,3994,2
PGS000192,PSS000292,European,PPM000562,NA,NA,NA,NA,898.461247637051,4232,238,3994,3
PGS000200,PSS000328,European,PPM000585,NA,NA,NA,NA,896.7202194357368,5104,235,4869,2
PGS000200,PSS000328,European,PPM000588,C-index,0.859,NA,NA,884.0578650829907,6567,229,6338,3
PGS000200,PSS000328,European,PPM000585,NA,NA,NA,NA,884.0578650829907,6567,229,6338,4
PGS000200,PSS000328,European,PPM000588,C-index,0.859,NA,NA,580.0469304229194,7330,148,7182,5
PGS000200,PSS000328,European,PPM000585,NA,NA,NA,NA,580.0469304229194,7330,148,7182,6
PGS000200,PSS000328,European,PPM000588,C-index,0.859,NA,NA,464.9431973453055,5123,119,5004,7
PGS000200,PSS000328,European,PPM000585,NA,NA,NA,NA,464.9431973453055,5123,119,5004,8
PGS000200,PSS000329,European,PPM000584,NA,NA,NA,NA,1303.9208162022233,6567,344,6223,2
PGS000200,PSS000329,European,PPM000587,C-index,0.856,NA,NA,1279.7985893416928,5104,343,4761,3
PGS000200,PSS000329,European,PPM000584,NA,NA,NA,NA,1279.7985893416928,5104,343,4761,4
PGS000200,PSS000329,European,PPM000587,C-index,0.856,NA,NA,812.1631650750342,7330,209,7121,5
PGS000200,PSS000329,European,PPM000584,NA,NA,NA,NA,812.1631650750342,7330,209,7121,6
PGS000200,PSS000329,European,PPM000587,C-index,0.856,NA,NA,757.6982236970525,5123,197,4926,7
PGS000200,PSS000329,European,PPM000584,NA,NA,NA,NA,757.6982236970525,5123,197,4926,8
PGS000200,PSS000330,European,PPM000583,NA,NA,NA,NA,1844.3319628445258,6567,499,6068,2
PGS000200,PSS000330,European,PPM000586,C-index,0.84,NA,NA,1807.2907523510974,5104,501,4603,3
PGS000200,PSS000330,European,PPM000583,NA,NA,NA,NA,1807.2907523510974,5104,501,4603,4
PGS000200,PSS000330,European,PPM000586,C-index,0.84,NA,NA,1117.7893587994542,7330,291,7039,5
PGS000200,PSS000330,European,PPM000583,NA,NA,NA,NA,1117.7893587994542,7330,291,7039,6
PGS000200,PSS000330,European,PPM000586,C-index,0.84,NA,NA,990.8116338083154,5123,261,4862,7
PGS000200,PSS000330,European,PPM000583,NA,NA,NA,NA,990.8116338083154,5123,261,4862,8
PGS000200,PSS000332,African American or Afro-Caribbean,PPM000608,C-index,0.652,NA,NA,1189.2780763790665,7070,311,6759,2
PGS000200,PSS000334,European,PPM000607,C-index,0.697,NA,NA,8387.713365863474,39758,2221,37537,2
PGS000200,PSS000336,Hispanic or Latin American,PPM000609,C-index,0.655,NA,NA,453.7465815861441,2194,120,2074,2
PGS000210,PSS009914,African American or Afro-Caribbean,PPM014848,NA,NA,NA,NA,NA,3627,NA,NA,2
PGS000210,PSS009914,African American or Afro-Caribbean,PPM014850,NA,NA,NA,NA,NA,3627,NA,NA,3
PGS000210,PSS009914,African American or Afro-Caribbean,PPM014852,NA,NA,NA,NA,NA,3627,NA,NA,4
PGS000210,PSS009914,African American or Afro-Caribbean,PPM014854,NA,NA,NA,NA,NA,3627,NA,NA,5
PGS000210,PSS009914,African American or Afro-Caribbean,PPM014856,NA,NA,NA,NA,NA,3627,NA,NA,6
PGS000210,PSS009914,African American or Afro-Caribbean,PPM014858,NA,NA,NA,NA,NA,3627,NA,NA,7
PGS000210,PSS009914,African American or Afro-Caribbean,PPM014860,NA,NA,NA,NA,NA,3627,NA,NA,8
PGS000210,PSS009914,African American or Afro-Caribbean,PPM014862,NA,NA,NA,NA,NA,3627,NA,NA,9
PGS000210,PSS009914,African American or Afro-Caribbean,PPM014864,NA,NA,NA,NA,NA,3627,NA,NA,10
PGS000210,PSS009914,African American or Afro-Caribbean,PPM014866,NA,NA,NA,NA,NA,3627,NA,NA,11
PGS000210,PSS009914,African American or Afro-Caribbean,PPM014868,NA,NA,NA,NA,NA,3627,NA,NA,12
PGS000210,PSS009914,African American or Afro-Caribbean,PPM014870,NA,NA,NA,NA,NA,3627,NA,NA,13
PGS000210,PSS009914,African American or Afro-Caribbean,PPM014872,NA,NA,NA,NA,NA,3627,NA,NA,14
PGS000210,PSS009914,African American or Afro-Caribbean,PPM014874,NA,NA,NA,NA,NA,3627,NA,NA,15
PGS000210,PSS009914,African American or Afro-Caribbean,PPM014876,NA,NA,NA,NA,NA,3627,NA,NA,16
PGS000210,PSS009915,European,PPM014847,NA,NA,NA,NA,NA,8144,NA,NA,2
PGS000210,PSS009915,European,PPM014849,NA,NA,NA,NA,NA,8144,NA,NA,3
PGS000210,PSS009915,European,PPM014851,NA,NA,NA,NA,NA,8144,NA,NA,4
PGS000210,PSS009915,European,PPM014853,NA,NA,NA,NA,NA,8144,NA,NA,5
PGS000210,PSS009915,European,PPM014855,NA,NA,NA,NA,NA,8144,NA,NA,6
PGS000210,PSS009915,European,PPM014857,NA,NA,NA,NA,NA,8144,NA,NA,7
PGS000210,PSS009915,European,PPM014859,NA,NA,NA,NA,NA,8144,NA,NA,8
PGS000210,PSS009915,European,PPM014861,NA,NA,NA,NA,NA,8144,NA,NA,9
PGS000210,PSS009915,European,PPM014863,NA,NA,NA,NA,NA,8144,NA,NA,10
PGS000210,PSS009915,European,PPM014865,NA,NA,NA,NA,NA,8144,NA,NA,11
PGS000210,PSS009915,European,PPM014867,NA,NA,NA,NA,NA,8144,NA,NA,12
PGS000210,PSS009915,European,PPM014869,NA,NA,NA,NA,NA,8144,NA,NA,13
PGS000210,PSS009915,European,PPM014871,NA,NA,NA,NA,NA,8144,NA,NA,14
PGS000210,PSS009915,European,PPM014873,NA,NA,NA,NA,NA,8144,NA,NA,15
PGS000210,PSS009915,European,PPM014875,NA,NA,NA,NA,NA,8144,NA,NA,16
PGS000296,PSS000365,South Asian,PPM000744,NA,NA,NA,NA,NA,247,247,NA,2
PGS000296,PSS000365,South Asian,PPM000743,AUC,0.6632,NA,NA,NA,244,NA,244,3
PGS000296,PSS000365,South Asian,PPM000744,NA,NA,NA,NA,NA,244,NA,244,4
PGS000296,PSS000366,South Asian,PPM000746,NA,NA,NA,NA,NA,1800,1800,NA,2
PGS000296,PSS000366,South Asian,PPM000745,AUC,0.712,NA,NA,NA,1163,NA,1163,3
PGS000296,PSS000366,South Asian,PPM000746,NA,NA,NA,NA,NA,1163,NA,1163,4
PGS000317,PSS000406,Hispanic or Latin American,PPM000847,NA,NA,NA,NA,11564.585016286646,12280,4658,7622,2
PGS000317,PSS003600,Hispanic or Latin American,PPM005167,NA,NA,NA,NA,548.6393442622951,2196,147,2049,2
PGS000318,PSS000409,European,PPM000852,NA,NA,NA,NA,6683.780592956158,60308,1720,58588,2
PGS000318,PSS000409,European,PPM000854,NA,NA,NA,NA,6683.780592956158,60308,1720,58588,3
PGS000318,PSS000409,European,PPM000856,NA,NA,NA,NA,6683.780592956158,60308,1720,58588,4
PGS000319,PSS000410,European,PPM000853,NA,NA,NA,NA,10540.642931213273,52074,2784,49290,2
PGS000319,PSS000410,European,PPM000855,NA,NA,NA,NA,10540.642931213273,52074,2784,49290,3
PGS000319,PSS000410,European,PPM000857,NA,NA,NA,NA,10540.642931213273,52074,2784,49290,4
PGS000320,PSS000413,European,PPM000858,NA,NA,NA,NA,NA,206612,NA,NA,2
PGS000323,PSS012020,European,PPM022569,NA,NA,NA,NA,NA,233,NA,NA,2
PGS000323,PSS012020,European,PPM022570,NA,NA,NA,NA,NA,233,NA,NA,3
PGS000324,PSS000429,European,PPM000867,AUC,0.7,0.63,0.77,258.23046357615897,3020,66,2954,2
PGS000324,PSS000432,European,PPM000868,AUC,0.84,0.71,0.97,62.27609427609428,594,16,578,2
PGS000325,PSS000430,European,PPM000869,AUC,0.77,0.73,0.8,759.7871396895787,3157,203,2954,2
PGS000325,PSS000433,European,PPM000870,AUC,0.74,0.7,0.79,498.7896879240162,737,159,578,2
PGS000326,PSS000431,European,PPM000871,AUC,0.64,0.59,0.69,516.4001294917449,3089,135,2954,2
PGS000326,PSS000434,European,PPM000872,AUC,0.66,0.59,0.73,265.54364471669214,653,75,578,2
PGS000328,PSS000436,European,PPM000883,NA,NA,NA,NA,2950.0941362082567,3803,1001,2802,2
PGS000328,PSS000436,European,PPM000884,NA,NA,NA,NA,2950.0941362082567,3803,1001,2802,3
PGS000328,PSS000437,European,PPM000885,NA,NA,NA,NA,NA,1001,1001,0,2
PGS000329,PSS000440,European,PPM000896,C-index,0.82,NA,NA,4546.055839325564,20165,1209,18956,2
PGS000329,PSS012311,European,PPM036559,AUC,0.561,NA,NA,775.864262990456,943,670,273,2
PGS000329,PSS012311,European,PPM036556,NA,NA,NA,NA,775.864262990456,943,670,273,3
PGS000330,PSS000441,European,PPM000892,C-index,0.763,NA,NA,5039.403518782691,21030,1346,19684,2
PGS000331,PSS000439,European,PPM000898,C-index,0.734,NA,NA,896.1378657324118,10561,229,10332,2
PGS000332,PSS000444,European,PPM000894,C-index,0.737,NA,NA,2909.8023836579373,37841,742,37099,2
PGS000332,PSS000450,European,PPM001348,NA,NA,NA,NA,31308.40888614224,122978,8401,114577,2
PGS000333,PSS000447,European,PPM000895,C-index,0.857,NA,NA,4575.528689279647,48851,1172,47679,2
PGS000334,PSS000449,European,PPM000901,NA,NA,NA,NA,643.6646989374262,847,216,631,2
PGS000334,PSS000449,European,PPM000901,NA,NA,NA,NA,272.33684210526314,665,77,588,3
PGS000335,PSS000450,European,PPM000903,NA,NA,NA,NA,31308.40888614224,122978,8401,114577,2
PGS000335,PSS012022,European,PPM022574,NA,NA,NA,NA,41668.30334663801,117252,11556,105696,2
PGS000335,PSS012022,European,PPM022575,NA,NA,NA,NA,41668.30334663801,117252,11556,105696,3
PGS000335,PSS012022,European,PPM022576,NA,NA,NA,NA,41668.30334663801,117252,11556,105696,4
PGS000335,PSS012022,European,PPM022577,NA,NA,NA,NA,41668.30334663801,117252,11556,105696,5
PGS000335,PSS012022,European,PPM022578,NA,NA,NA,NA,41668.30334663801,117252,11556,105696,6
PGS000335,PSS012022,European,PPM022579,NA,NA,NA,NA,41668.30334663801,117252,11556,105696,7
PGS000335,PSS012022,European,PPM022580,NA,NA,NA,NA,41668.30334663801,117252,11556,105696,8
PGS000335,PSS012022,European,PPM022581,NA,NA,NA,NA,41668.30334663801,117252,11556,105696,9
PGS000335,PSS012022,European,PPM022582,NA,NA,NA,NA,41668.30334663801,117252,11556,105696,10
PGS000335,PSS012022,European,PPM022583,NA,NA,NA,NA,41668.30334663801,117252,11556,105696,11
PGS000338,PSS000460,European,PPM000918,NA,NA,NA,NA,516.6867924528301,530,307,223,2
PGS000338,PSS000461,European,PPM000917,NA,NA,NA,NA,2261.9363395225464,2262,1125,1137,2
PGS000338,PSS000462,European,PPM000919,AUC,0.606,0.588,0.624,3749.090715615855,3759,1976,1783,2
PGS000338,PSS000462,European,PPM000913,NA,NA,NA,NA,3749.090715615855,3759,1976,1783,3
PGS000338,PSS000462,European,PPM000916,NA,NA,NA,NA,3749.090715615855,3759,1976,1783,4
PGS000341,PSS000489,European,PPM000969,AUC,0.722,NA,NA,NA,339,NA,NA,2
PGS000341,PSS000489,European,PPM000968,AUC,0.644,NA,NA,NA,339,NA,NA,3
PGS000348,PSS000501,European,PPM000986,AUC,0.64,NA,NA,3890.27807761501,3891,1972,1919,2
PGS000446,PSS010980,European,PPM018453,NA,NA,NA,NA,NA,4797,NA,NA,2
PGS000446,PSS010980,European,PPM018454,NA,NA,NA,NA,NA,4797,NA,NA,3
PGS000446,PSS010980,European,PPM018455,NA,NA,NA,NA,NA,4797,NA,NA,4
PGS000446,PSS010980,European,PPM018456,NA,NA,NA,NA,NA,4797,NA,NA,5
PGS000446,PSS010980,European,PPM018457,NA,NA,NA,NA,NA,4797,NA,NA,6
PGS000446,PSS010980,European,PPM018458,NA,NA,NA,NA,NA,4797,NA,NA,7
PGS000657,PSS000585,European,PPM001344,NA,NA,NA,NA,NA,4657,NA,NA,2
PGS000657,PSS000585,European,PPM001344,NA,NA,NA,NA,NA,1880,NA,NA,3
PGS000657,PSS000936,European,PPM001855,NA,NA,NA,NA,833.8163321418753,80014,209,79805,2
PGS000657,PSS000936,European,PPM001856,NA,NA,NA,NA,833.8163321418753,80014,209,79805,3
PGS000657,PSS000937,European,PPM001852,NA,NA,NA,NA,4685.326317894368,80014,1189,78825,2
PGS000657,PSS000937,European,PPM001853,NA,NA,NA,NA,4685.326317894368,80014,1189,78825,3
PGS000657,PSS000938,East Asian,PPM001874,NA,NA,NA,NA,1275.3300311576256,25034,323,24711,2
PGS000657,PSS000939,European,PPM001880,NA,NA,NA,NA,480.59361702127654,1880,129,1751,2
PGS000657,PSS000939,European,PPM001888,NA,NA,NA,NA,480.59361702127654,1880,129,1751,3
PGS000657,PSS000940,European,PPM001870,NA,NA,NA,NA,1106.363829787234,1880,337,1543,2
PGS000657,PSS000940,European,PPM001885,NA,NA,NA,NA,1106.363829787234,1880,337,1543,3
PGS000657,PSS000940,European,PPM001892,NA,NA,NA,NA,1106.363829787234,1880,337,1543,4
PGS000657,PSS000940,European,PPM001898,NA,NA,NA,NA,1106.363829787234,1880,337,1543,5
PGS000657,PSS000941,European,PPM001878,NA,NA,NA,NA,1028.067767531632,4663,273,4390,2
PGS000657,PSS000941,European,PPM001887,NA,NA,NA,NA,1028.067767531632,4663,273,4390,3
PGS000657,PSS000941,European,PPM001894,NA,NA,NA,NA,1028.067767531632,4663,273,4390,4
PGS000657,PSS000941,European,PPM001900,NA,NA,NA,NA,1028.067767531632,4663,273,4390,5
PGS000657,PSS000942,European,PPM001868,NA,NA,NA,NA,1970.9886339266568,4663,560,4103,2
PGS000657,PSS000942,European,PPM001884,NA,NA,NA,NA,1970.9886339266568,4663,560,4103,3
PGS000657,PSS000942,European,PPM001891,NA,NA,NA,NA,1970.9886339266568,4663,560,4103,4
PGS000657,PSS000942,European,PPM001897,NA,NA,NA,NA,1970.9886339266568,4663,560,4103,5
PGS000657,PSS000943,European,PPM001864,C-index,0.672,0.65,0.695,2983.919304179754,8278,829,7449,2
PGS000657,PSS000944,European,PPM001863,C-index,0.623,0.603,0.642,4292.310703068374,8278,1267,7011,2
PGS000657,PSS000945,European,PPM001882,NA,NA,NA,NA,1881.9408022130012,3615,556,3059,2
PGS000657,PSS000945,European,PPM001889,NA,NA,NA,NA,1881.9408022130012,3615,556,3059,3
PGS000657,PSS000945,European,PPM001895,NA,NA,NA,NA,1881.9408022130012,3615,556,3059,4
PGS000657,PSS000945,European,PPM001901,NA,NA,NA,NA,1881.9408022130012,3615,556,3059,5
PGS000657,PSS000946,European,PPM001872,NA,NA,NA,NA,2274.9167358229597,3615,707,2908,2
PGS000657,PSS000946,European,PPM001886,NA,NA,NA,NA,2274.9167358229597,3615,707,2908,3
PGS000657,PSS000946,European,PPM001893,NA,NA,NA,NA,2274.9167358229597,3615,707,2908,4
PGS000657,PSS000946,European,PPM001899,NA,NA,NA,NA,2274.9167358229597,3615,707,2908,5
PGS000657,PSS000947,European,PPM001876,NA,NA,NA,NA,833.8163321418753,80014,209,79805,2
PGS000657,PSS000948,European,PPM001866,NA,NA,NA,NA,4685.326317894368,80014,1189,78825,2
PGS000657,PSS000949,European,PPM001890,NA,NA,NA,NA,486.750052999788,4717,125,4592,2
PGS000657,PSS000949,European,PPM001896,NA,NA,NA,NA,486.750052999788,4717,125,4592,3
PGS000662,PSS000976,European,PPM001952,NA,NA,NA,NA,5441.491982039769,12472,1554,10918,2
PGS000662,PSS000976,European,PPM001953,NA,NA,NA,NA,5441.491982039769,12472,1554,10918,3
PGS000662,PSS009945,European,PPM014986,AUC,0.772,0.744,0.8,951.6580789277737,6715,247,6468,2
PGS000662,PSS009945,European,PPM014985,NA,NA,NA,NA,951.6580789277737,6715,247,6468,3
PGS000662,PSS009970,African American or Afro-Caribbean,PPM015515,AUC,0.948,0.922,0.974,931.5708154506439,932,476,456,2
PGS000662,PSS009970,African American or Afro-Caribbean,PPM015512,AUC,0.943,0.928,0.959,931.5708154506439,932,476,456,3
PGS000662,PSS009970,African American or Afro-Caribbean,PPM015513,AUC,0.942,0.919,0.964,931.5708154506439,932,476,456,4
PGS000662,PSS009970,African American or Afro-Caribbean,PPM015514,AUC,0.936,0.918,0.953,931.5708154506439,932,476,456,5
PGS000662,PSS009970,African American or Afro-Caribbean,PPM015511,AUC,0.932,0.918,0.947,931.5708154506439,932,476,456,6
PGS000662,PSS009970,African American or Afro-Caribbean,PPM015510,NA,NA,NA,NA,931.5708154506439,932,476,456,7
PGS000662,PSS009970,East Asian,PPM015515,AUC,0.948,0.922,0.974,1504.9461794019935,1505,757,748,2
PGS000662,PSS009970,East Asian,PPM015512,AUC,0.943,0.928,0.959,1504.9461794019935,1505,757,748,3
PGS000662,PSS009970,East Asian,PPM015513,AUC,0.942,0.919,0.964,1504.9461794019935,1505,757,748,4
PGS000662,PSS009970,East Asian,PPM015514,AUC,0.936,0.918,0.953,1504.9461794019935,1505,757,748,5
PGS000662,PSS009970,East Asian,PPM015511,AUC,0.932,0.918,0.947,1504.9461794019935,1505,757,748,6
PGS000662,PSS009970,East Asian,PPM015510,NA,NA,NA,NA,1504.9461794019935,1505,757,748,7
PGS000662,PSS009970,European,PPM015515,AUC,0.948,0.922,0.974,853.8829039812646,854,432,422,2
PGS000662,PSS009970,European,PPM015512,AUC,0.943,0.928,0.959,853.8829039812646,854,432,422,3
PGS000662,PSS009970,European,PPM015513,AUC,0.942,0.919,0.964,853.8829039812646,854,432,422,4
PGS000662,PSS009970,European,PPM015514,AUC,0.936,0.918,0.953,853.8829039812646,854,432,422,5
PGS000662,PSS009970,European,PPM015511,AUC,0.932,0.918,0.947,853.8829039812646,854,432,422,6
PGS000662,PSS009970,European,PPM015510,NA,NA,NA,NA,853.8829039812646,854,432,422,7
PGS000662,PSS009970,Hispanic or Latin American,PPM015515,AUC,0.948,0.922,0.974,879.9818181818181,880,442,438,2
PGS000662,PSS009970,Hispanic or Latin American,PPM015512,AUC,0.943,0.928,0.959,879.9818181818181,880,442,438,3
PGS000662,PSS009970,Hispanic or Latin American,PPM015513,AUC,0.942,0.919,0.964,879.9818181818181,880,442,438,4
PGS000662,PSS009970,Hispanic or Latin American,PPM015514,AUC,0.936,0.918,0.953,879.9818181818181,880,442,438,5
PGS000662,PSS009970,Hispanic or Latin American,PPM015511,AUC,0.932,0.918,0.947,879.9818181818181,880,442,438,6
PGS000662,PSS009970,Hispanic or Latin American,PPM015510,NA,NA,NA,NA,879.9818181818181,880,442,438,7
PGS000662,PSS010181,European,PPM017262,NA,NA,NA,NA,NA,575,NA,NA,2
PGS000662,PSS011949,African American or Afro-Caribbean,PPM022456,NA,NA,NA,NA,2205.224344735673,2251,1286,965,2
PGS000662,PSS011949,African American or Afro-Caribbean,PPM022457,NA,NA,NA,NA,2205.224344735673,2251,1286,965,3
PGS000662,PSS011949,African American or Afro-Caribbean,PPM022458,NA,NA,NA,NA,2205.224344735673,2251,1286,965,4
PGS000662,PSS011949,African American or Afro-Caribbean,PPM022459,NA,NA,NA,NA,2205.224344735673,2251,1286,965,5
PGS000662,PSS011949,African American or Afro-Caribbean,PPM022460,NA,NA,NA,NA,2205.224344735673,2251,1286,965,6
PGS000662,PSS011949,African American or Afro-Caribbean,PPM022461,NA,NA,NA,NA,2205.224344735673,2251,1286,965,7
PGS000662,PSS011949,Sub-Saharan African,PPM022456,NA,NA,NA,NA,180.35363457760312,509,50,459,2
PGS000662,PSS011949,Sub-Saharan African,PPM022457,NA,NA,NA,NA,180.35363457760312,509,50,459,3
PGS000662,PSS011949,Sub-Saharan African,PPM022458,NA,NA,NA,NA,180.35363457760312,509,50,459,4
PGS000662,PSS011949,Sub-Saharan African,PPM022459,NA,NA,NA,NA,180.35363457760312,509,50,459,5
PGS000662,PSS011949,Sub-Saharan African,PPM022460,NA,NA,NA,NA,180.35363457760312,509,50,459,6
PGS000662,PSS011949,Sub-Saharan African,PPM022461,NA,NA,NA,NA,180.35363457760312,509,50,459,7
PGS000663,PSS000597,European,PPM001368,NA,NA,NA,NA,829.3221757322176,956,304,652,2
PGS000663,PSS000598,European,PPM001367,NA,NA,NA,NA,1371.4644877435576,1591,500,1091,2
PGS000664,PSS010042,European,PPM016132,NA,NA,NA,NA,NA,1601,NA,NA,2
PGS000664,PSS010042,European,PPM016133,NA,NA,NA,NA,NA,1601,NA,NA,3
PGS000665,PSS000602,European,PPM001373,NA,NA,NA,NA,3768.1235376696304,51288,960,50328,2
PGS000667,PSS000605,European,PPM001395,AUC,0.611,0.603,0.617,22511.580872976087,113703,5938,107765,2
PGS000667,PSS000606,European,PPM001393,AUC,0.642,0.635,0.649,21180.234845860756,144350,5505,138845,2
PGS000667,PSS000607,European,PPM001390,NA,NA,NA,NA,30232.078704944626,283540,7771,275769,2
PGS000667,PSS000609,European,PPM001389,NA,NA,NA,NA,22211.103674966493,283540,5666,277874,2
PGS000667,PSS000610,European,PPM001391,NA,NA,NA,NA,9058.471199830712,283540,2283,281257,2
PGS000667,PSS000611,European,PPM001388,NA,NA,NA,NA,55740.785370670805,283540,14697,268843,2
PGS000667,PSS011311,European,PPM020251,NA,NA,NA,NA,NA,12815,NA,NA,2
PGS000702,PSS011828,"Greater Middle Eastern (Middle Eastern, North African or Persian)",PPM022176,AUC,0.6385,NA,NA,NA,5885,NA,NA,2
PGS000704,PSS011933,European,PPM022383,NA,NA,NA,NA,NA,294816,NA,NA,2
PGS000704,PSS011933,European,PPM022384,NA,NA,NA,NA,NA,294816,NA,NA,3
PGS000708,PSS000682,European,PPM001611,C-index,0.706,NA,NA,5146.113791574279,135300,1299,134001,2
PGS000716,PSS000875,European,PPM001685,AUC,0.735,0.663,0.806,146.247119078105,3124,37,3087,2
PGS000716,PSS000876,European,PPM001709,AUC,0.656,0.626,0.686,1224.481434058899,3124,344,2780,2
PGS000716,PSS000877,European,PPM001706,AUC,0.66,0.566,0.754,118.75690607734806,2896,30,2866,2
PGS000716,PSS000878,European,PPM001710,AUC,0.623,0.589,0.657,992.303867403315,2896,274,2622,2
PGS000716,PSS000879,European,PPM001707,AUC,0.618,0.594,0.641,2071.517858609081,12179,542,11637,2
PGS000716,PSS000880,European,PPM001711,AUC,0.601,0.589,0.612,8833.676984974136,12179,2898,9281,2
PGS000716,PSS000882,European,PPM001712,AUC,0.591,0.582,0.6,15316.436198144582,17139,5775,11364,2
PGS000716,PSS000883,European,PPM001708,AUC,0.569,0.564,0.574,45841.738891287314,62541,15112,47429,2
PGS000716,PSS000884,European,PPM001713,AUC,0.568,0.563,0.573,53118.770982235656,62541,43408,19133,2
PGS000717,PSS000875,European,PPM001695,AUC,0.66,0.57,0.75,146.247119078105,3124,37,3087,2
PGS000717,PSS000876,European,PPM001719,AUC,0.587,0.556,0.618,1224.481434058899,3124,344,2780,2
PGS000717,PSS000877,European,PPM001696,AUC,0.661,0.551,0.77,118.75690607734806,2896,30,2866,2
PGS000717,PSS000878,European,PPM001720,AUC,0.615,0.58,0.649,992.303867403315,2896,274,2622,2
PGS000717,PSS000879,European,PPM001716,AUC,0.624,0.601,0.646,2071.517858609081,12179,542,11637,2
PGS000717,PSS000880,European,PPM001721,AUC,0.592,0.58,0.604,8833.676984974136,12179,2898,9281,2
PGS000717,PSS000881,European,PPM001717,AUC,0.623,0.607,0.639,4601.1459244996795,17139,1240,15899,2
PGS000717,PSS000882,European,PPM001722,AUC,0.598,0.589,0.607,15316.436198144582,17139,5775,11364,2
PGS000717,PSS000883,European,PPM001718,AUC,0.597,0.591,0.602,45841.738891287314,62541,15112,47429,2
PGS000717,PSS000884,European,PPM001723,AUC,0.582,0.578,0.587,53118.770982235656,62541,43408,19133,2
PGS000719,PSS000860,European,PPM001644,AUC,0.662,0.655,0.67,17524.148578385877,400812,4430,396382,2
PGS000720,PSS000855,European,PPM001648,AUC,0.609,0.598,0.62,9771.704759338543,400812,2458,398354,2
PGS000721,PSS000857,European,PPM001650,AUC,0.591,0.576,0.606,6009.305429977147,400812,1508,399304,2
PGS000726,PSS000861,European,PPM001657,NA,NA,NA,NA,4378.284026387476,30469,1137,29332,2
PGS000726,PSS000861,European,PPM001658,NA,NA,NA,NA,4378.284026387476,30469,1137,29332,3
PGS000726,PSS000861,European,PPM001659,NA,NA,NA,NA,4378.284026387476,30469,1137,29332,4
PGS000726,PSS000861,European,PPM001660,NA,NA,NA,NA,4378.284026387476,30469,1137,29332,5
PGS000726,PSS012276,European,PPM030745,NA,NA,NA,NA,10659.915826544371,448645,2681,445964,2
PGS000726,PSS012276,European,PPM030746,NA,NA,NA,NA,10659.915826544371,448645,2681,445964,3
PGS000726,PSS012276,European,PPM030747,NA,NA,NA,NA,10659.915826544371,448645,2681,445964,4
PGS000726,PSS012276,European,PPM030748,NA,NA,NA,NA,10659.915826544371,448645,2681,445964,5
PGS000735,PSS000906,European,PPM001752,NA,NA,NA,NA,NA,1193,NA,NA,2
PGS000736,PSS000906,European,PPM001753,NA,NA,NA,NA,NA,1193,NA,NA,2
PGS000737,PSS000905,European,PPM001757,NA,NA,NA,NA,NA,1185,NA,NA,2
PGS000738,PSS000907,European,PPM001762,NA,NA,NA,NA,3976.7335329341313,4008,1827,2181,2
PGS000738,PSS000907,European,PPM001763,NA,NA,NA,NA,3976.7335329341313,4008,1827,2181,3
PGS000738,PSS000907,European,PPM001764,NA,NA,NA,NA,3976.7335329341313,4008,1827,2181,4
PGS000739,PSS011008,European,PPM018530,AUC,0.725,0.678,0.771,NA,184511,NA,NA,2
PGS000739,PSS011008,European,PPM018527,NA,NA,NA,NA,NA,184511,NA,NA,3
PGS000739,PSS011008,European,PPM018528,NA,NA,NA,NA,NA,184511,NA,NA,4
PGS000740,PSS000913,European,PPM001787,NA,NA,NA,NA,NA,167955,NA,NA,2
PGS000742,PSS000926,European,PPM001809,NA,NA,NA,NA,4768.50662923101,6411,1583,4828,2
PGS000742,PSS000926,European,PPM001810,NA,NA,NA,NA,4768.50662923101,6411,1583,4828,3
PGS000742,PSS000926,European,PPM001814,NA,NA,NA,NA,4768.50662923101,6411,1583,4828,4
PGS000742,PSS000926,European,PPM001815,NA,NA,NA,NA,4768.50662923101,6411,1583,4828,5
PGS000742,PSS000926,European,PPM001816,NA,NA,NA,NA,4768.50662923101,6411,1583,4828,6
PGS000742,PSS000926,European,PPM001820,NA,NA,NA,NA,4768.50662923101,6411,1583,4828,7
PGS000742,PSS000926,European,PPM001821,NA,NA,NA,NA,4768.50662923101,6411,1583,4828,8
PGS000742,PSS000926,European,PPM001822,NA,NA,NA,NA,4768.50662923101,6411,1583,4828,9
PGS000743,PSS000927,European,PPM001826,NA,NA,NA,NA,1020.8541062801932,1035,578,457,2
PGS000743,PSS000928,European,PPM001827,NA,NA,NA,NA,1309.9835616438356,1460,964,496,2
PGS000751,PSS000953,Hispanic or Latin American,PPM001908,NA,NA,NA,NA,4320.210915818687,4324,2226,2098,2
PGS000751,PSS000953,Hispanic or Latin American,PPM001909,NA,NA,NA,NA,4320.210915818687,4324,2226,2098,3
PGS000751,PSS000953,Hispanic or Latin American,PPM001910,NA,NA,NA,NA,4320.210915818687,4324,2226,2098,4
PGS000753,PSS000957,European,PPM001918,NA,NA,NA,NA,760.1948556430445,9525,194,9331,2
PGS000753,PSS000958,European,PPM001916,NA,NA,NA,NA,6388.424362168199,46564,1656,44908,2
PGS000756,PSS000966,East Asian,PPM001925,NA,NA,NA,NA,2481.0582524271845,2884,903,1981,2
PGS000757,PSS000966,East Asian,PPM001927,NA,NA,NA,NA,2481.0582524271845,2884,903,1981,2
PGS000758,PSS000967,European,PPM001931,AUC,0.843,0.796,0.89,82.12539851222104,941,21,920,2
PGS000758,PSS000967,European,PPM001933,AUC,0.82,0.731,0.909,82.12539851222104,941,21,920,3
PGS000758,PSS000967,European,PPM001930,NA,NA,NA,NA,82.12539851222104,941,21,920,4
PGS000765,PSS011409,European,PPM020784,AUC,0.833,NA,NA,1330.187469645459,2059,417,1642,2
PGS000765,PSS011409,European,PPM020782,NA,NA,NA,NA,1330.187469645459,2059,417,1642,3
PGS000766,PSS000982,European,PPM001966,AUC,0.64,0.62,0.66,2380.6910006293265,12712,626,12086,2
PGS000766,PSS000982,European,PPM001963,NA,NA,NA,NA,2380.6910006293265,12712,626,12086,3
PGS000766,PSS000982,European,PPM001964,NA,NA,NA,NA,2380.6910006293265,12712,626,12086,4
PGS000766,PSS000982,European,PPM001965,NA,NA,NA,NA,2380.6910006293265,12712,626,12086,5
PGS000766,PSS000982,European,PPM001967,NA,NA,NA,NA,2380.6910006293265,12712,626,12086,6
PGS000766,PSS000982,European,PPM001968,NA,NA,NA,NA,2380.6910006293265,12712,626,12086,7
PGS000768,PSS000987,European,PPM001977,NA,NA,NA,NA,4303.741990060273,9457,1238,8219,2
PGS000768,PSS000987,European,PPM001978,NA,NA,NA,NA,4303.741990060273,9457,1238,8219,3
PGS000768,PSS000988,East Asian,PPM001980,NA,NA,NA,NA,1337.4399234083294,2089,418,1671,2
PGS000768,PSS000988,East Asian,PPM001981,NA,NA,NA,NA,1337.4399234083294,2089,418,1671,3
PGS000768,PSS000989,East Asian,PPM001983,NA,NA,NA,NA,1337.4399234083294,2089,418,1671,2
PGS000768,PSS000989,East Asian,PPM001984,NA,NA,NA,NA,1337.4399234083294,2089,418,1671,3
PGS000768,PSS000989,European,PPM001983,NA,NA,NA,NA,4303.741990060273,9457,1238,8219,2
PGS000768,PSS000989,European,PPM001984,NA,NA,NA,NA,4303.741990060273,9457,1238,8219,3
PGS000769,PSS000990,Hispanic or Latin American,PPM001986,NA,NA,NA,NA,787.17683557394,967,275,692,2
PGS000770,PSS000991,European,PPM001988,NA,NA,NA,NA,112.85106382978724,141,39,102,2
PGS000770,PSS000991,European,PPM001994,NA,NA,NA,NA,112.85106382978724,141,39,102,3
PGS000770,PSS000992,European,PPM001991,AUC,0.127,0.04,0.22,143.50282485875707,177,50,127,2
PGS000770,PSS000992,European,PPM001987,NA,NA,NA,NA,143.50282485875707,177,50,127,3
PGS000770,PSS000992,European,PPM001992,NA,NA,NA,NA,143.50282485875707,177,50,127,4
PGS000770,PSS000992,European,PPM001993,NA,NA,NA,NA,143.50282485875707,177,50,127,5
PGS000770,PSS000992,European,PPM001995,NA,NA,NA,NA,143.50282485875707,177,50,127,6
PGS000771,PSS000994,European,PPM001998,NA,NA,NA,NA,421.2824427480916,524,146,378,2
PGS000773,PSS000995,African American or Afro-Caribbean,PPM002005,NA,NA,NA,NA,9488.573464682457,9542,4414,5128,2
PGS000773,PSS000995,Sub-Saharan African,PPM002005,NA,NA,NA,NA,2317.7066034005534,2529,899,1630,2
PGS000774,PSS000995,African American or Afro-Caribbean,PPM002007,NA,NA,NA,NA,9488.573464682457,9542,4414,5128,2
PGS000774,PSS000995,Sub-Saharan African,PPM002007,NA,NA,NA,NA,2317.7066034005534,2529,899,1630,2
PGS000775,PSS000995,African American or Afro-Caribbean,PPM002009,NA,NA,NA,NA,9488.573464682457,9542,4414,5128,2
PGS000775,PSS000995,Sub-Saharan African,PPM002009,NA,NA,NA,NA,2317.7066034005534,2529,899,1630,2
PGS000783,PSS001011,European,PPM002070,AUC,0.626,NA,NA,18620.944454462646,216273,4760,211513,2
PGS000785,PSS001013,European,PPM002071,AUC,0.708,NA,NA,10824.559906330085,393723,2725,390998,2
PGS000789,PSS001017,European,PPM002074,AUC,0.808,NA,NA,6139.801833703149,392539,1541,390998,2
PGS000789,PSS001017,European,PPM002073,AUC,0.723,NA,NA,6139.801833703149,392539,1541,390998,3
PGS000789,PSS001017,European,PPM002072,AUC,0.71,NA,NA,6139.801833703149,392539,1541,390998,4
PGS000795,PSS001023,European,PPM002069,AUC,0.766,NA,NA,18472.17044375085,184225,4740,179485,2
PGS000799,PSS001028,European,PPM002079,NA,NA,NA,NA,426.97892271662766,427,215,212,2
PGS000799,PSS001029,European,PPM002077,NA,NA,NA,NA,1817.5931108719053,1858,792,1066,2
PGS000800,PSS001028,European,PPM002083,NA,NA,NA,NA,426.97892271662766,427,215,212,2
PGS000800,PSS001029,European,PPM002081,NA,NA,NA,NA,1817.5931108719053,1858,792,1066,2
PGS000801,PSS001030,European,PPM002086,NA,NA,NA,NA,17179.0921023846,27426,5331,22095,2
PGS000801,PSS001030,European,PPM002087,NA,NA,NA,NA,17179.0921023846,27426,5331,22095,3
PGS000801,PSS001030,European,PPM002088,NA,NA,NA,NA,17179.0921023846,27426,5331,22095,4
PGS000801,PSS001030,European,PPM002089,NA,NA,NA,NA,17179.0921023846,27426,5331,22095,5
PGS000801,PSS001030,European,PPM002090,NA,NA,NA,NA,17179.0921023846,27426,5331,22095,6
PGS000801,PSS001030,European,PPM002091,NA,NA,NA,NA,17179.0921023846,27426,5331,22095,7
PGS000801,PSS001030,European,PPM002092,NA,NA,NA,NA,17179.0921023846,27426,5331,22095,8
PGS000801,PSS001030,European,PPM002093,NA,NA,NA,NA,17179.0921023846,27426,5331,22095,9
PGS000802,PSS001031,East Asian,PPM002099,NA,NA,NA,NA,2248.627589246364,2269,1027,1242,2
PGS000802,PSS001032,East Asian,PPM002098,NA,NA,NA,NA,2539.248636009353,2566,1152,1414,2
PGS000802,PSS001033,East Asian,PPM002097,NA,NA,NA,NA,5405.75736505032,5465,2448,3017,2
PGS000803,PSS001036,European,PPM002110,NA,NA,NA,NA,7174.79342676668,40528,1881,38647,2
PGS000803,PSS001036,European,PPM002112,NA,NA,NA,NA,7174.79342676668,40528,1881,38647,3
PGS000803,PSS001036,European,PPM002114,NA,NA,NA,NA,7174.79342676668,40528,1881,38647,4
PGS000803,PSS001041,European,PPM002111,NA,NA,NA,NA,4345.466103902871,19191,1156,18035,2
PGS000803,PSS001041,European,PPM002113,NA,NA,NA,NA,4345.466103902871,19191,1156,18035,3
PGS000804,PSS001044,African American or Afro-Caribbean,PPM002117,AUC,0.568,0.5588,0.5772,14748.456403357039,15609,5972,9637,2
PGS000804,PSS001046,European,PPM002121,AUC,0.6586,0.6547,0.6624,75448.37571183468,423729,19786,403943,2
PGS000804,PSS001047,Hispanic or Latin American,PPM002125,AUC,0.6249,0.6156,0.6342,13206.250707800447,20486,4137,16349,2
PGS000805,PSS001046,European,PPM002122,AUC,0.6593,0.6555,0.6632,75448.37571183468,423729,19786,403943,2
PGS000806,PSS001044,African American or Afro-Caribbean,PPM002118,AUC,0.5592,0.54990000000000006,0.5684,14748.456403357039,15609,5972,9637,2
PGS000808,PSS001047,Hispanic or Latin American,PPM002126,AUC,0.6098,0.6004,0.6192,13206.250707800447,20486,4137,16349,2
PGS000810,PSS001055,European,PPM002161,NA,NA,NA,NA,NA,22029,NA,NA,2
PGS000810,PSS001055,European,PPM002162,NA,NA,NA,NA,NA,22029,NA,NA,3
PGS000810,PSS001055,European,PPM002163,NA,NA,NA,NA,NA,22029,NA,NA,4
PGS000810,PSS001056,European,PPM002167,NA,NA,NA,NA,NA,3969,NA,NA,2
PGS000810,PSS001057,European,PPM002165,NA,NA,NA,NA,NA,14474,NA,NA,2
PGS000811,PSS001052,European,PPM002143,NA,NA,NA,NA,1706.5009746588696,2052,605,1447,2
PGS000811,PSS001052,European,PPM002144,NA,NA,NA,NA,1706.5009746588696,2052,605,1447,3
PGS000811,PSS001052,European,PPM002145,NA,NA,NA,NA,1706.5009746588696,2052,605,1447,4
PGS000812,PSS001052,European,PPM002142,NA,NA,NA,NA,1706.5009746588696,2052,605,1447,2
PGS000812,PSS001052,European,PPM002146,NA,NA,NA,NA,1706.5009746588696,2052,605,1447,3
PGS000813,PSS001053,European,PPM002148,NA,NA,NA,NA,1490.043217912002,3841,418,3423,2
PGS000813,PSS001053,European,PPM002149,NA,NA,NA,NA,1490.043217912002,3841,418,3423,3
PGS000814,PSS001058,European,PPM002169,NA,NA,NA,NA,NA,3020,NA,NA,2
PGS000814,PSS001058,European,PPM002170,NA,NA,NA,NA,NA,3020,NA,NA,3
PGS000814,PSS009666,South Asian,PPM013057,NA,NA,NA,NA,NA,7016,NA,NA,2
PGS000814,PSS009666,South Asian,PPM013060,NA,NA,NA,NA,NA,7016,NA,NA,3
PGS000814,PSS009666,South Asian,PPM013063,NA,NA,NA,NA,NA,7016,NA,NA,4
PGS000814,PSS009667,African American or Afro-Caribbean,PPM013056,NA,NA,NA,NA,NA,7082,NA,NA,2
PGS000814,PSS009667,African American or Afro-Caribbean,PPM013059,NA,NA,NA,NA,NA,7082,NA,NA,3
PGS000814,PSS009667,African American or Afro-Caribbean,PPM013062,NA,NA,NA,NA,NA,7082,NA,NA,4
PGS000814,PSS009668,European,PPM013055,NA,NA,NA,NA,NA,353166,NA,NA,2
PGS000814,PSS009668,European,PPM013058,NA,NA,NA,NA,NA,353166,NA,NA,3
PGS000814,PSS009668,European,PPM013061,NA,NA,NA,NA,NA,353166,NA,NA,4
PGS000818,PSS001063,European,PPM002178,C-index,0.7571,0.7234,0.7908,604.7988999656238,2909,160,2749,2
PGS000818,PSS001064,European,PPM002181,NA,NA,NA,NA,1384.4002062919028,1939,451,1488,2
PGS000819,PSS001067,African American or Afro-Caribbean,PPM002188,NA,NA,NA,NA,1059.1916883116883,1925,317,1608,2
PGS000819,PSS001067,African American or Afro-Caribbean,PPM002189,NA,NA,NA,NA,1059.1916883116883,1925,317,1608,3
PGS000819,PSS001067,African American or Afro-Caribbean,PPM002190,NA,NA,NA,NA,1059.1916883116883,1925,317,1608,4
PGS000819,PSS001067,African American or Afro-Caribbean,PPM002191,NA,NA,NA,NA,1059.1916883116883,1925,317,1608,5
PGS000819,PSS001067,African American or Afro-Caribbean,PPM002192,NA,NA,NA,NA,1059.1916883116883,1925,317,1608,6
PGS000819,PSS001067,European,PPM002188,NA,NA,NA,NA,326.87116564417175,978,90,888,2
PGS000819,PSS001067,European,PPM002189,NA,NA,NA,NA,326.87116564417175,978,90,888,3
PGS000819,PSS001067,European,PPM002190,NA,NA,NA,NA,326.87116564417175,978,90,888,4
PGS000819,PSS001067,European,PPM002191,NA,NA,NA,NA,326.87116564417175,978,90,888,5
PGS000819,PSS001067,European,PPM002192,NA,NA,NA,NA,326.87116564417175,978,90,888,6
PGS000819,PSS001067,Hispanic or Latin American,PPM002188,NA,NA,NA,NA,1645.62885831164,2689,507,2182,2
PGS000819,PSS001067,Hispanic or Latin American,PPM002189,NA,NA,NA,NA,1645.62885831164,2689,507,2182,3
PGS000819,PSS001067,Hispanic or Latin American,PPM002190,NA,NA,NA,NA,1645.62885831164,2689,507,2182,4
PGS000819,PSS001067,Hispanic or Latin American,PPM002191,NA,NA,NA,NA,1645.62885831164,2689,507,2182,5
PGS000819,PSS001067,Hispanic or Latin American,PPM002192,NA,NA,NA,NA,1645.62885831164,2689,507,2182,6
PGS000822,PSS001073,European,PPM002209,NA,NA,NA,NA,138735.24594825137,182884,136370,46514,2
PGS000822,PSS001074,European,PPM002205,NA,NA,NA,NA,128129.45915677804,182870,141461,41409,2
PGS000822,PSS001074,European,PPM002206,NA,NA,NA,NA,128129.45915677804,182870,141461,41409,3
PGS000822,PSS001075,European,PPM002212,NA,NA,NA,NA,56835.0626781839,188088,15484,172524,2
PGS000822,PSS011530,African American or Afro-Caribbean,PPM021123,NA,NA,NA,NA,190,288,60,228,2
PGS000823,PSS001080,European,PPM002215,NA,NA,NA,NA,5590.996001631987,12255,1609,10646,2
PGS000823,PSS001080,European,PPM002216,NA,NA,NA,NA,5590.996001631987,12255,1609,10646,3
PGS000823,PSS001080,European,PPM002217,NA,NA,NA,NA,5590.996001631987,12255,1609,10646,4
PGS000823,PSS001080,European,PPM002218,NA,NA,NA,NA,5590.996001631987,12255,1609,10646,5
PGS000823,PSS001081,European,PPM002220,NA,NA,NA,NA,1263.6449375866853,12978,324,12654,2
PGS000841,PSS011301,South Asian,PPM020180,NA,NA,NA,NA,1180.9079563182527,1282,821,461,2
PGS000842,PSS011301,South Asian,PPM020181,NA,NA,NA,NA,1180.9079563182527,1282,821,461,2
PGS000848,PSS011301,South Asian,PPM020183,NA,NA,NA,NA,1180.9079563182527,1282,821,461,2
PGS000865,PSS001094,European,PPM002434,NA,NA,NA,NA,2292.7223088923556,2564,1699,865,2
PGS000865,PSS001094,European,PPM002435,NA,NA,NA,NA,2292.7223088923556,2564,1699,865,3
PGS000865,PSS001094,European,PPM002436,NA,NA,NA,NA,2292.7223088923556,2564,1699,865,4
PGS000865,PSS001094,European,PPM002437,NA,NA,NA,NA,2292.7223088923556,2564,1699,865,5
PGS000865,PSS001094,European,PPM002438,NA,NA,NA,NA,2292.7223088923556,2564,1699,865,6
PGS000865,PSS001094,European,PPM002439,NA,NA,NA,NA,2292.7223088923556,2564,1699,865,7
PGS000865,PSS001096,European,PPM002425,NA,NA,NA,NA,6482.878741264888,364048,1628,362420,2
PGS000865,PSS001096,European,PPM002426,NA,NA,NA,NA,6482.878741264888,364048,1628,362420,3
PGS000865,PSS001096,European,PPM002427,NA,NA,NA,NA,6482.878741264888,364048,1628,362420,4
PGS000865,PSS001100,European,PPM002424,NA,NA,NA,NA,751.605441037749,358314,188,358126,2
PGS000865,PSS001114,European,PPM002476,NA,NA,NA,NA,2167.5776022078317,266687,543,266144,2
PGS000867,PSS001091,European,PPM002412,NA,NA,NA,NA,1245.1157894736843,1330,497,833,2
PGS000872,PSS001094,European,PPM002428,NA,NA,NA,NA,2292.7223088923556,2564,1699,865,2
PGS000872,PSS001094,European,PPM002429,NA,NA,NA,NA,2292.7223088923556,2564,1699,865,3
PGS000872,PSS001094,European,PPM002430,NA,NA,NA,NA,2292.7223088923556,2564,1699,865,4
PGS000872,PSS001094,European,PPM002431,NA,NA,NA,NA,2292.7223088923556,2564,1699,865,5
PGS000872,PSS001094,European,PPM002432,NA,NA,NA,NA,2292.7223088923556,2564,1699,865,6
PGS000872,PSS001094,European,PPM002433,NA,NA,NA,NA,2292.7223088923556,2564,1699,865,7
PGS000872,PSS001096,European,PPM002419,NA,NA,NA,NA,6482.878741264888,364048,1628,362420,2
PGS000872,PSS001096,European,PPM002420,NA,NA,NA,NA,6482.878741264888,364048,1628,362420,3
PGS000872,PSS001096,European,PPM002421,NA,NA,NA,NA,6482.878741264888,364048,1628,362420,4
PGS000872,PSS001096,European,PPM002422,NA,NA,NA,NA,6482.878741264888,364048,1628,362420,5
PGS000872,PSS011182,European,PPM019102,NA,NA,NA,NA,NA,381825,NA,NA,2
PGS000872,PSS011182,European,PPM019103,NA,NA,NA,NA,NA,381825,NA,NA,3
PGS000872,PSS011182,European,PPM019104,NA,NA,NA,NA,NA,381825,NA,NA,4
PGS000872,PSS011182,European,PPM019105,NA,NA,NA,NA,NA,381825,NA,NA,5
PGS000874,PSS001171,African American or Afro-Caribbean,PPM002663,C-index,0.57,0.53,0.64,398.578431372549,408,173,235,2
PGS000874,PSS001172,European,PPM002660,C-index,0.77,0.75,0.79,2201.594229035167,3327,696,2631,2
PGS000874,PSS001173,European,PPM002659,C-index,0.725,0.69,0.77,1846.894390473206,3191,560,2631,2
PGS000874,PSS001173,European,PPM002654,C-index,0.72,0.69,0.73,1846.894390473206,3191,560,2631,3
PGS000874,PSS001173,European,PPM002655,C-index,0.72,0.7,0.74,1846.894390473206,3191,560,2631,4
PGS000874,PSS001173,European,PPM002656,C-index,0.72,0.7,0.75,1846.894390473206,3191,560,2631,5
PGS000874,PSS001173,European,PPM002657,C-index,0.72,0.7,0.75,1846.894390473206,3191,560,2631,6
PGS000875,PSS001124,European,PPM002500,NA,NA,NA,NA,NA,4787,NA,NA,2
PGS000875,PSS001124,European,PPM002501,NA,NA,NA,NA,NA,4787,NA,NA,3
PGS000877,PSS011314,European,PPM020264,NA,NA,NA,NA,4915.2125730405,4963,2725,2238,2
PGS000877,PSS011314,European,PPM020265,NA,NA,NA,NA,4915.2125730405,4963,2725,2238,3
PGS000877,PSS011314,European,PPM020266,NA,NA,NA,NA,4915.2125730405,4963,2725,2238,4
PGS000879,PSS001138,European,PPM002519,NA,NA,NA,NA,2053.184772516249,2154,844,1310,2
PGS000881,PSS001140,European,PPM002523,NA,NA,NA,NA,NA,1237,NA,NA,2
PGS000881,PSS001140,European,PPM002524,NA,NA,NA,NA,NA,1237,NA,NA,3
PGS000881,PSS001140,European,PPM002525,NA,NA,NA,NA,NA,1237,NA,NA,4
PGS000883,PSS001143,European,PPM002529,NA,NA,NA,NA,NA,8886,NA,NA,2
PGS000883,PSS001143,European,PPM002530,NA,NA,NA,NA,NA,8886,NA,NA,3
PGS000883,PSS001143,European,PPM002531,NA,NA,NA,NA,NA,8886,NA,NA,4
PGS000883,PSS001143,European,PPM002532,NA,NA,NA,NA,NA,8886,NA,NA,5
PGS000883,PSS011075,European,PPM018704,AUC,0.73,0.72,0.75,NA,11813,NA,NA,2
PGS000883,PSS011075,European,PPM018703,AUC,0.69,0.67,0.7,NA,11813,NA,NA,3
PGS000884,PSS001143,European,PPM002534,NA,NA,NA,NA,NA,8886,NA,NA,2
PGS000884,PSS001143,European,PPM002535,NA,NA,NA,NA,NA,8886,NA,NA,3
PGS000884,PSS001143,European,PPM002536,NA,NA,NA,NA,NA,8886,NA,NA,4
PGS000884,PSS001143,European,PPM002537,NA,NA,NA,NA,NA,8886,NA,NA,5
PGS000885,PSS001143,European,PPM002539,NA,NA,NA,NA,NA,8886,NA,NA,2
PGS000885,PSS001143,European,PPM002540,NA,NA,NA,NA,NA,8886,NA,NA,3
PGS000885,PSS001143,European,PPM002541,NA,NA,NA,NA,NA,8886,NA,NA,4
PGS000885,PSS001143,European,PPM002542,NA,NA,NA,NA,NA,8886,NA,NA,5
PGS000898,PSS001167,European,PPM002635,NA,NA,NA,NA,2334.315789473684,2394,1008,1386,2
PGS000898,PSS001167,European,PPM002636,NA,NA,NA,NA,2334.315789473684,2394,1008,1386,3
PGS000898,PSS001167,European,PPM002637,NA,NA,NA,NA,2334.315789473684,2394,1008,1386,4
PGS000898,PSS001167,European,PPM002638,NA,NA,NA,NA,2334.315789473684,2394,1008,1386,5
PGS000898,PSS001167,European,PPM002639,NA,NA,NA,NA,2334.315789473684,2394,1008,1386,6
PGS000899,PSS001168,European,PPM002641,NA,NA,NA,NA,3312.359854113198,7403,950,6453,2
PGS000899,PSS001168,European,PPM002642,NA,NA,NA,NA,3312.359854113198,7403,950,6453,3
PGS000899,PSS001168,European,PPM002643,NA,NA,NA,NA,3312.359854113198,7403,950,6453,4
PGS000899,PSS001168,European,PPM002644,NA,NA,NA,NA,3312.359854113198,7403,950,6453,5
PGS000899,PSS001168,European,PPM002645,NA,NA,NA,NA,3312.359854113198,7403,950,6453,6
PGS000899,PSS001168,European,PPM002646,NA,NA,NA,NA,3312.359854113198,7403,950,6453,7
PGS000899,PSS001168,European,PPM002647,NA,NA,NA,NA,3312.359854113198,7403,950,6453,8
PGS000900,PSS001169,European,PPM002650,NA,NA,NA,NA,86193.54744738183,123579,27804,95775,2
PGS000900,PSS001169,European,PPM002652,NA,NA,NA,NA,86193.54744738183,123579,27804,95775,3
PGS000901,PSS001170,European,PPM002651,NA,NA,NA,NA,79248.93869534622,95213,28113,67100,2
PGS000901,PSS001170,European,PPM002653,NA,NA,NA,NA,79248.93869534622,95213,28113,67100,3
PGS000903,PSS009572,European,PPM012833,AUC,0.59,0.551,0.629,5358.479774223894,6378,1914,4464,2
PGS000903,PSS009572,European,PPM012832,NA,NA,NA,NA,5358.479774223894,6378,1914,4464,3
PGS000911,PSS001445,European,PPM002961,AUC,0.605,0.583,0.626,2618.514658798418,15929,684,15245,2
PGS000911,PSS001445,European,PPM002967,C-index,0.57,0.54,0.59,2618.514658798418,15929,684,15245,3
PGS000911,PSS001445,European,PPM002965,C-index,0.56,0.54,0.58,2618.514658798418,15929,684,15245,4
PGS000911,PSS001445,European,PPM002966,C-index,0.56,0.54,0.58,2618.514658798418,15929,684,15245,5
PGS000911,PSS001445,European,PPM002960,NA,NA,NA,NA,2618.514658798418,15929,684,15245,6
PGS000911,PSS001445,European,PPM002962,NA,NA,NA,NA,2618.514658798418,15929,684,15245,7
PGS000911,PSS001445,European,PPM002963,NA,NA,NA,NA,2618.514658798418,15929,684,15245,8
PGS000911,PSS001445,European,PPM002964,NA,NA,NA,NA,2618.514658798418,15929,684,15245,9
PGS000911,PSS011698,European,PPM021349,NA,NA,NA,NA,NA,1567,NA,NA,2
PGS000911,PSS011698,European,PPM021350,NA,NA,NA,NA,NA,1567,NA,NA,3
PGS000911,PSS011699,European,PPM021352,NA,NA,NA,NA,NA,407311,NA,NA,2
PGS000911,PSS011699,European,PPM021353,NA,NA,NA,NA,NA,407311,NA,NA,3
PGS000911,PSS011699,European,PPM021354,NA,NA,NA,NA,NA,407311,NA,NA,4
PGS000912,PSS001446,European,PPM002973,NA,NA,NA,NA,166494.90348062204,218754,55917,162837,2
PGS000912,PSS001446,European,PPM002974,NA,NA,NA,NA,166494.90348062204,218754,55917,162837,3
PGS000913,PSS001446,European,PPM002970,NA,NA,NA,NA,166494.90348062204,218754,55917,162837,2
PGS000913,PSS001446,European,PPM002971,NA,NA,NA,NA,166494.90348062204,218754,55917,162837,3
PGS000913,PSS001447,European,PPM002978,NA,NA,NA,NA,75976.3311272807,218792,21012,197780,2
PGS000913,PSS001448,European,PPM002977,NA,NA,NA,NA,101651.2980364913,218792,29350,189442,2
PGS000913,PSS001449,European,PPM002979,NA,NA,NA,NA,44348.924296800134,212884,11734,201150,2
PGS001040,PSS010980,European,PPM018460,NA,NA,NA,NA,NA,4797,NA,NA,2
PGS001040,PSS010980,European,PPM018461,NA,NA,NA,NA,NA,4797,NA,NA,3
PGS001040,PSS010980,European,PPM018462,NA,NA,NA,NA,NA,4797,NA,NA,4
PGS001040,PSS010980,European,PPM018463,NA,NA,NA,NA,NA,4797,NA,NA,5
PGS001040,PSS010980,European,PPM018464,NA,NA,NA,NA,NA,4797,NA,NA,6
PGS001040,PSS010980,European,PPM018465,NA,NA,NA,NA,NA,4797,NA,NA,7
PGS001040,PSS010980,European,PPM018466,NA,NA,NA,NA,NA,4797,NA,NA,8
PGS001302,PSS010980,European,PPM018449,NA,NA,NA,NA,NA,4797,NA,NA,2
PGS001302,PSS010980,European,PPM018450,NA,NA,NA,NA,NA,4797,NA,NA,3
PGS001302,PSS010980,European,PPM018451,NA,NA,NA,NA,NA,4797,NA,NA,4
PGS001354,PSS003602,European,PPM005186,AUC,0.72,NA,NA,474.8721945137157,6416,121,6295,2
PGS001354,PSS003602,European,PPM005180,NA,NA,NA,NA,474.8721945137157,6416,121,6295,3
PGS001354,PSS003602,European,PPM005181,NA,NA,NA,NA,474.8721945137157,6416,121,6295,4
PGS001354,PSS003602,European,PPM005182,NA,NA,NA,NA,474.8721945137157,6416,121,6295,5
PGS001354,PSS003603,European,PPM005185,AUC,0.82,NA,NA,252.86919831223628,2370,65,2305,2
PGS001354,PSS003603,European,PPM005178,NA,NA,NA,NA,252.86919831223628,2370,65,2305,3
PGS001354,PSS003603,European,PPM005179,NA,NA,NA,NA,252.86919831223628,2370,65,2305,4
PGS001774,PSS007662,European,PPM009234,AUC,0.79,0.75,0.83,623.9771101573676,699,235,464,2
PGS001774,PSS007662,European,PPM009233,AUC,0.55,NA,NA,623.9771101573676,699,235,464,3
PGS001774,PSS007662,European,PPM009235,AUC,0.55,NA,NA,623.9771101573676,699,235,464,4
PGS001775,PSS007663,European,PPM009238,NA,NA,NA,NA,277.44360902255636,532,82,450,2
PGS001776,PSS007664,European,PPM009239,AUC,0.673,0.664,0.682,11879.365264184476,403998,2992,401006,2
PGS001777,PSS007667,European,PPM009247,AUC,0.665,NA,NA,1248.1755395683451,1390,917,473,2
PGS001777,PSS007667,European,PPM009252,AUC,0.65,NA,NA,1248.1755395683451,1390,917,473,3
PGS001777,PSS007667,European,PPM009257,NA,NA,NA,NA,1248.1755395683451,1390,917,473,4
PGS001777,PSS007667,European,PPM009258,NA,NA,NA,NA,1248.1755395683451,1390,917,473,5
PGS001777,PSS007668,European,PPM009248,AUC,0.606,NA,NA,1589.6896942242354,1766,1162,604,2
PGS001777,PSS007668,European,PPM009253,AUC,0.592,NA,NA,1589.6896942242354,1766,1162,604,3
PGS001777,PSS007669,European,PPM009255,AUC,0.635,NA,NA,2171.398086401856,6898,594,6304,2
PGS001777,PSS007669,European,PPM009249,AUC,0.619,NA,NA,2171.398086401856,6898,594,6304,3
PGS001777,PSS007669,European,PPM009256,AUC,0.554,NA,NA,2171.398086401856,6898,594,6304,4
PGS001777,PSS007669,European,PPM009259,NA,NA,NA,NA,2171.398086401856,6898,594,6304,5
PGS001777,PSS007669,European,PPM009260,NA,NA,NA,NA,2171.398086401856,6898,594,6304,6
PGS001778,PSS007670,European,PPM009263,AUC,0.578,NA,NA,1779.7752808988766,1780,880,900,2
PGS001778,PSS007670,European,PPM009264,AUC,0.578,NA,NA,1779.7752808988766,1780,880,900,3
PGS001778,PSS007670,European,PPM009262,AUC,0.548,NA,NA,1779.7752808988766,1780,880,900,4
PGS001778,PSS007670,European,PPM009261,AUC,0.547,0.52,0.57,1779.7752808988766,1780,880,900,5
PGS001800,PSS007722,European,PPM009318,NA,NA,NA,NA,2484.6664246823957,2755,1809,946,2
PGS001800,PSS007722,European,PPM009318,NA,NA,NA,NA,1725.8401148875062,2089,609,1480,3
PGS001800,PSS007722,European,PPM009318,NA,NA,NA,NA,1391.6222950819674,1525,988,537,4
PGS001800,PSS007722,European,PPM009318,NA,NA,NA,NA,795.795,800,371,429,5
PGS001800,PSS007722,European,PPM009318,NA,NA,NA,NA,682.2975778546712,1156,208,948,6
PGS001800,PSS007722,European,PPM009318,NA,NA,NA,NA,541.5290322580645,1860,1713,147,7
PGS001800,PSS007722,European,PPM009318,NA,NA,NA,NA,487.25267665952896,1868,131,1737,8
PGS001800,PSS007722,European,PPM009318,NA,NA,NA,NA,445.8458574181118,1038,127,911,9
PGS001800,PSS007722,European,PPM009318,NA,NA,NA,NA,345.7196261682243,963,96,867,10
PGS001800,PSS007723,African American or Afro-Caribbean,PPM009319,NA,NA,NA,NA,390.39473684210526,760,115,645,2
PGS001800,PSS007723,African American or Afro-Caribbean,PPM009319,NA,NA,NA,NA,320.0855614973262,374,116,258,3
PGS001801,PSS007722,European,PPM009320,NA,NA,NA,NA,2484.6664246823957,2755,1809,946,2
PGS001801,PSS007722,European,PPM009320,NA,NA,NA,NA,1725.8401148875062,2089,609,1480,3
PGS001801,PSS007722,European,PPM009320,NA,NA,NA,NA,1391.6222950819674,1525,988,537,4
PGS001801,PSS007722,European,PPM009320,NA,NA,NA,NA,795.795,800,371,429,5
PGS001801,PSS007722,European,PPM009320,NA,NA,NA,NA,682.2975778546712,1156,208,948,6
PGS001801,PSS007722,European,PPM009320,NA,NA,NA,NA,541.5290322580645,1860,1713,147,7
PGS001801,PSS007722,European,PPM009320,NA,NA,NA,NA,487.25267665952896,1868,131,1737,8
PGS001801,PSS007722,European,PPM009320,NA,NA,NA,NA,445.8458574181118,1038,127,911,9
PGS001801,PSS007722,European,PPM009320,NA,NA,NA,NA,345.7196261682243,963,96,867,10
PGS001801,PSS007723,African American or Afro-Caribbean,PPM009321,NA,NA,NA,NA,390.39473684210526,760,115,645,2
PGS001801,PSS007723,African American or Afro-Caribbean,PPM009321,NA,NA,NA,NA,320.0855614973262,374,116,258,3
PGS001829,PSS012230,"Greater Middle Eastern (Middle Eastern, North African or Persian)",PPM030668,NA,NA,NA,NA,NA,1359,NA,NA,2
PGS001848,PSS011841,East Asian,PPM022203,NA,NA,NA,NA,1945.4545454545455,5885,535,5350,2
PGS001848,PSS011842,East Asian,PPM022205,NA,NA,NA,NA,466.811214953271,535,172,363,2
PGS001955,PSS011935,East Asian,PPM022388,NA,NA,NA,NA,NA,3744,NA,NA,2
PGS001955,PSS011935,East Asian,PPM022389,NA,NA,NA,NA,NA,3744,NA,NA,3
PGS001955,PSS011935,East Asian,PPM022390,NA,NA,NA,NA,NA,3744,NA,NA,4
PGS001955,PSS011935,East Asian,PPM022391,NA,NA,NA,NA,NA,3744,NA,NA,5
PGS001955,PSS011935,East Asian,PPM022392,NA,NA,NA,NA,NA,3744,NA,NA,6
PGS001955,PSS011935,East Asian,PPM022393,NA,NA,NA,NA,NA,3744,NA,NA,7
PGS001955,PSS011935,East Asian,PPM022394,NA,NA,NA,NA,NA,3744,NA,NA,8
PGS001955,PSS011935,East Asian,PPM022395,NA,NA,NA,NA,NA,3744,NA,NA,9
PGS001955,PSS011935,East Asian,PPM022396,NA,NA,NA,NA,NA,3744,NA,NA,10
PGS002060,PSS011841,East Asian,PPM022204,NA,NA,NA,NA,1945.4545454545455,5885,535,5350,2
PGS002060,PSS011842,East Asian,PPM022206,NA,NA,NA,NA,466.811214953271,535,172,363,2
PGS002108,PSS011984,European,PPM022511,NA,NA,NA,NA,NA,28880,NA,NA,2
PGS002150,PSS011978,European,PPM022509,NA,NA,NA,NA,NA,18753,NA,NA,2
PGS002171,PSS011977,European,PPM022515,NA,NA,NA,NA,NA,4424,NA,NA,2
PGS002172,PSS011975,European,PPM022513,NA,NA,NA,NA,NA,25405,NA,NA,2
PGS002193,PSS011976,European,PPM022527,NA,NA,NA,NA,NA,2157,NA,NA,2
PGS002228,PSS011979,European,PPM022519,NA,NA,NA,NA,NA,5034,NA,NA,2
PGS002228,PSS011980,European,PPM022525,NA,NA,NA,NA,NA,1750,NA,NA,2
PGS002228,PSS011981,European,PPM022521,NA,NA,NA,NA,NA,932,NA,NA,2
PGS002228,PSS011982,European,PPM022523,NA,NA,NA,NA,NA,2145,NA,NA,2
PGS002228,PSS011983,European,PPM022517,NA,NA,NA,NA,NA,8250,NA,NA,2
PGS002233,PSS009499,European,PPM012704,NA,NA,NA,NA,NA,186,NA,NA,2
PGS002233,PSS009499,European,PPM012705,NA,NA,NA,NA,NA,186,NA,NA,3
PGS002234,PSS009499,European,PPM012707,NA,NA,NA,NA,NA,186,NA,NA,2
PGS002234,PSS009499,European,PPM012708,NA,NA,NA,NA,NA,186,NA,NA,3
PGS002235,PSS009500,European,PPM012710,NA,NA,NA,NA,9101.727645598967,269164,2295,266869,2
PGS002235,PSS009500,European,PPM012711,NA,NA,NA,NA,9101.727645598967,269164,2295,266869,3
PGS002236,PSS009501,European,PPM012713,NA,NA,NA,NA,NA,11573,NA,NA,2
PGS002236,PSS009501,European,PPM012714,NA,NA,NA,NA,NA,11573,NA,NA,3
PGS002236,PSS009503,European,PPM012719,NA,NA,NA,NA,23838.091976344567,523178,6029,517149,2
PGS002236,PSS009505,European,PPM012720,NA,NA,NA,NA,NA,314560,NA,NA,2
PGS002236,PSS009505,European,PPM012721,NA,NA,NA,NA,NA,314560,NA,NA,3
PGS002237,PSS011075,European,PPM018707,AUC,0.71,0.7,0.73,NA,11813,NA,NA,2
PGS002237,PSS011075,European,PPM018706,AUC,0.68,0.67,0.69,NA,11813,NA,NA,3
PGS002238,PSS009511,African American or Afro-Caribbean,PPM012729,AUC,0.666,0.637,0.683,2033.782729805014,5026,574,4452,2
PGS002238,PSS009512,European,PPM012730,AUC,0.68,0.669,0.689,10615.410614818707,28545,2961,25584,2
PGS002239,PSS009511,African American or Afro-Caribbean,PPM012726,AUC,0.663,0.644,0.688,2033.782729805014,5026,574,4452,2
PGS002239,PSS009512,European,PPM012727,AUC,0.679,NA,NA,10615.410614818707,28545,2961,25584,2
PGS002246,PSS009567,European,PPM012816,NA,NA,NA,NA,1134.9305351521512,4765,303,4462,2
PGS002246,PSS009568,European,PPM012813,NA,NA,NA,NA,6576.4420910559165,395647,1651,393996,2
PGS002247,PSS009567,European,PPM012815,NA,NA,NA,NA,1134.9305351521512,4765,303,4462,2
PGS002247,PSS009568,European,PPM012812,NA,NA,NA,NA,6576.4420910559165,395647,1651,393996,2
PGS002248,PSS009557,European,PPM012794,AUC,0.71,0.61,0.8,404.0623608017818,898,116,782,2
PGS002248,PSS009557,European,PPM012792,AUC,0.61,NA,NA,404.0623608017818,898,116,782,3
PGS002248,PSS009558,European,PPM012793,AUC,0.65,0.53,0.77,494.5225933202358,1018,144,874,2
PGS002248,PSS009558,European,PPM012791,AUC,0.61,NA,NA,494.5225933202358,1018,144,874,3
PGS002249,PSS009559,European,PPM012798,NA,NA,NA,NA,7012.260042875402,196383,1769,194614,2
PGS002249,PSS011330,European,PPM020317,NA,NA,NA,NA,NA,196368,NA,NA,2
PGS002249,PSS011359,European,PPM020432,NA,NA,NA,NA,NA,60298,NA,NA,2
PGS002251,PSS011974,European,PPM022499,NA,NA,NA,NA,NA,6251,NA,NA,2
PGS002251,PSS011974,European,PPM022500,NA,NA,NA,NA,NA,6251,NA,NA,3
PGS002252,PSS009566,European,PPM012809,AUC,0.643,0.614,0.671,7353.872017353579,7376,3486,3890,2
PGS002252,PSS009566,European,PPM012807,AUC,0.633,0.612,0.655,7353.872017353579,7376,3486,3890,3
PGS002252,PSS009566,European,PPM012805,AUC,0.628,0.613,0.644,7353.872017353579,7376,3486,3890,4
PGS002252,PSS009566,European,PPM012806,AUC,0.61,0.592,0.651,7353.872017353579,7376,3486,3890,5
PGS002252,PSS009566,European,PPM012808,AUC,0.592,0.554,0.63,7353.872017353579,7376,3486,3890,6
PGS002253,PSS009567,European,PPM012814,NA,NA,NA,NA,1134.9305351521512,4765,303,4462,2
PGS002253,PSS009568,European,PPM012811,NA,NA,NA,NA,6576.4420910559165,395647,1651,393996,2
PGS002254,PSS011725,European,PPM021397,NA,NA,NA,NA,NA,24960,NA,NA,2
PGS002254,PSS011725,European,PPM021398,NA,NA,NA,NA,NA,24960,NA,NA,3
PGS002254,PSS011726,European,PPM021393,NA,NA,NA,NA,NA,47148,NA,NA,2
PGS002254,PSS011726,European,PPM021394,NA,NA,NA,NA,NA,47148,NA,NA,3
PGS002254,PSS011726,European,PPM021395,NA,NA,NA,NA,NA,47148,NA,NA,4
PGS002255,PSS009570,European,PPM012829,NA,NA,NA,NA,NA,765,NA,NA,2
PGS002255,PSS009571,European,PPM012828,NA,NA,NA,NA,NA,4061,NA,NA,2
PGS002255,PSS009571,European,PPM012830,NA,NA,NA,NA,NA,4061,NA,NA,3
PGS002257,PSS009574,European,PPM012836,NA,NA,NA,NA,NA,14004,NA,NA,2
PGS002257,PSS009574,European,PPM012837,NA,NA,NA,NA,NA,14004,NA,NA,3
PGS002257,PSS009574,European,PPM012838,NA,NA,NA,NA,NA,14004,NA,NA,4
PGS002257,PSS009576,South Asian,PPM012844,NA,NA,NA,NA,NA,8827,NA,NA,2
PGS002257,PSS009576,South Asian,PPM012845,NA,NA,NA,NA,NA,8827,NA,NA,3
PGS002257,PSS009576,South Asian,PPM012846,NA,NA,NA,NA,NA,8827,NA,NA,4
PGS002257,PSS011352,European,PPM020416,NA,NA,NA,NA,NA,19883,NA,NA,2
PGS002257,PSS011352,European,PPM020417,NA,NA,NA,NA,NA,19883,NA,NA,3
PGS002257,PSS011352,European,PPM020418,NA,NA,NA,NA,NA,19883,NA,NA,4
PGS002258,PSS009574,European,PPM012848,NA,NA,NA,NA,NA,14004,NA,NA,2
PGS002258,PSS009574,European,PPM012849,NA,NA,NA,NA,NA,14004,NA,NA,3
PGS002258,PSS009574,European,PPM012850,NA,NA,NA,NA,NA,14004,NA,NA,4
PGS002258,PSS009576,South Asian,PPM012856,NA,NA,NA,NA,NA,8827,NA,NA,2
PGS002258,PSS009576,South Asian,PPM012857,NA,NA,NA,NA,NA,8827,NA,NA,3
PGS002258,PSS009576,South Asian,PPM012858,NA,NA,NA,NA,NA,8827,NA,NA,4
PGS002259,PSS009585,East Asian,PPM012868,NA,NA,NA,NA,NA,41006,NA,NA,2
PGS002259,PSS009585,East Asian,PPM012869,NA,NA,NA,NA,NA,41006,NA,NA,3
PGS002259,PSS011021,East Asian,PPM018557,NA,NA,NA,NA,NA,41006,NA,NA,2
PGS002260,PSS009586,East Asian,PPM012871,NA,NA,NA,NA,NA,740,NA,NA,2
PGS002260,PSS009586,East Asian,PPM012872,NA,NA,NA,NA,NA,740,NA,NA,3
PGS002262,PSS009589,East Asian,PPM012876,NA,NA,NA,NA,5047.447747813234,41271,1303,39968,2
PGS002262,PSS009589,East Asian,PPM012877,NA,NA,NA,NA,5047.447747813234,41271,1303,39968,3
PGS002262,PSS009589,East Asian,PPM012878,NA,NA,NA,NA,5047.447747813234,41271,1303,39968,4
PGS002262,PSS009589,East Asian,PPM012879,NA,NA,NA,NA,5047.447747813234,41271,1303,39968,5
PGS002263,PSS009591,European,PPM012883,NA,NA,NA,NA,NA,26637,NA,NA,2
PGS002263,PSS009591,European,PPM012884,NA,NA,NA,NA,NA,26637,NA,NA,3
PGS002265,PSS009918,European,PPM014884,AUC,0.524,0.499,0.55,NA,5306,NA,NA,2
PGS002265,PSS013838,European,PPM038147,NA,NA,NA,NA,2590.627370878319,3427,867,2560,2
PGS002265,PSS013839,European,PPM038146,NA,NA,NA,NA,4760.401337792642,4784,2224,2560,2
PGS002269,PSS009618,European,PPM012921,NA,NA,NA,NA,NA,44253,NA,NA,2
PGS002269,PSS009618,European,PPM012922,NA,NA,NA,NA,NA,44253,NA,NA,3
PGS002269,PSS009618,South Asian,PPM012921,NA,NA,NA,NA,NA,40,NA,NA,2
PGS002269,PSS009618,South Asian,PPM012922,NA,NA,NA,NA,NA,40,NA,NA,3
PGS002271,PSS009620,European,PPM012925,AUC,0.6614,0.641,0.6819,2759.1429726698693,393229,691,392538,2
PGS002272,PSS009621,European,PPM012942,AUC,0.796,0.777,0.815,NA,25353,NA,NA,2
PGS002272,PSS009621,European,PPM012941,AUC,0.766,0.753,0.778,NA,25353,NA,NA,3
PGS002272,PSS009621,European,PPM012940,AUC,0.744,0.731,0.756,NA,25353,NA,NA,4
PGS002272,PSS009622,European,PPM012937,AUC,0.708,0.688,0.727,NA,14320,NA,NA,2
PGS002272,PSS009622,European,PPM012938,AUC,0.696,0.668,0.723,NA,14320,NA,NA,3
PGS002272,PSS009622,European,PPM012936,AUC,0.659,0.639,0.679,NA,14320,NA,NA,4
PGS002272,PSS009624,European,PPM012927,NA,NA,NA,NA,NA,44958,NA,NA,2
PGS002272,PSS009624,European,PPM012933,NA,NA,NA,NA,NA,44958,NA,NA,3
PGS002272,PSS009624,European,PPM012934,NA,NA,NA,NA,NA,44958,NA,NA,4
PGS002272,PSS009625,Hispanic or Latin American,PPM012935,NA,NA,NA,NA,NA,3752,NA,NA,2
PGS002273,PSS009624,European,PPM012932,NA,NA,NA,NA,NA,44958,NA,NA,2
PGS002277,PSS009629,South Asian,PPM012948,NA,NA,NA,NA,NA,5806,NA,NA,2
PGS002277,PSS009629,South Asian,PPM012949,NA,NA,NA,NA,NA,5806,NA,NA,3
PGS002277,PSS009629,South Asian,PPM012950,NA,NA,NA,NA,NA,5806,NA,NA,4
PGS002280,PSS009635,European,PPM012968,NA,NA,NA,NA,NA,17545,NA,NA,2
PGS002280,PSS009635,European,PPM012969,NA,NA,NA,NA,NA,17545,NA,NA,3
PGS002281,PSS009636,European,PPM012971,AUC,0.628,0.605,0.65,2307.7979123173277,2395,1426,969,2
PGS002282,PSS009638,European,PPM012975,NA,NA,NA,NA,NA,25716,NA,NA,2
PGS002282,PSS009638,European,PPM012976,NA,NA,NA,NA,NA,25716,NA,NA,3
PGS002282,PSS009638,European,PPM012977,NA,NA,NA,NA,NA,25716,NA,NA,4
PGS002282,PSS009638,European,PPM012981,NA,NA,NA,NA,NA,25716,NA,NA,5
PGS002283,PSS009638,European,PPM012978,NA,NA,NA,NA,NA,25716,NA,NA,2
PGS002283,PSS009638,European,PPM012979,NA,NA,NA,NA,NA,25716,NA,NA,3
PGS002283,PSS009638,European,PPM012980,NA,NA,NA,NA,NA,25716,NA,NA,4
PGS002289,PSS009642,European,PPM012989,NA,NA,NA,NA,NA,497087,NA,NA,2
PGS002289,PSS009642,European,PPM012990,NA,NA,NA,NA,NA,497087,NA,NA,3
PGS002289,PSS009642,European,PPM012991,NA,NA,NA,NA,NA,497087,NA,NA,4
PGS002289,PSS009642,European,PPM012992,NA,NA,NA,NA,NA,497087,NA,NA,5
PGS002289,PSS009642,European,PPM012993,NA,NA,NA,NA,NA,497087,NA,NA,6
PGS002289,PSS009642,European,PPM012994,NA,NA,NA,NA,NA,497087,NA,NA,7
PGS002289,PSS009642,European,PPM012995,NA,NA,NA,NA,NA,497087,NA,NA,8
PGS002289,PSS009642,European,PPM012996,NA,NA,NA,NA,NA,497087,NA,NA,9
PGS002289,PSS009642,European,PPM012997,NA,NA,NA,NA,NA,497087,NA,NA,10
PGS002289,PSS009642,European,PPM012998,NA,NA,NA,NA,NA,497087,NA,NA,11
PGS002289,PSS009642,European,PPM012999,NA,NA,NA,NA,NA,497087,NA,NA,12
PGS002289,PSS009642,European,PPM013000,NA,NA,NA,NA,NA,497087,NA,NA,13
PGS002290,PSS009644,East Asian,PPM013008,NA,NA,NA,NA,550.6457242582896,1146,160,986,2
PGS002291,PSS009646,East Asian,PPM013010,AUC,0.64,NA,NA,2864.923608710681,2893,1304,1589,2
PGS002291,PSS011948,East Asian,PPM022454,NA,NA,NA,NA,4803.932556203164,4804,2393,2411,2
PGS002292,PSS009647,European,PPM013014,AUC,0.755,NA,NA,407.70815245976365,142595,102,142493,2
PGS002292,PSS009647,European,PPM013012,AUC,0.705,NA,NA,407.70815245976365,142595,102,142493,3
PGS002294,PSS009652,East Asian,PPM013021,AUC,0.639,0.604,0.674,981.3333333333334,1104,368,736,2
PGS002295,PSS009653,European,PPM013024,NA,NA,NA,NA,NA,1010,NA,NA,2
PGS002299,PSS009662,European,PPM013036,NA,NA,NA,NA,NA,272,NA,NA,2
PGS002300,PSS009660,European,PPM013037,NA,NA,NA,NA,NA,629,NA,NA,2
PGS002301,PSS009664,European,PPM013038,NA,NA,NA,NA,NA,1226,NA,NA,2
PGS002302,PSS009663,European,PPM013039,NA,NA,NA,NA,NA,312,NA,NA,2
PGS002303,PSS009657,European,PPM013040,NA,NA,NA,NA,NA,308,NA,NA,2
PGS002304,PSS009658,European,PPM013041,NA,NA,NA,NA,NA,197,NA,NA,2
PGS002305,PSS009656,European,PPM013042,NA,NA,NA,NA,NA,265,NA,NA,2
PGS002306,PSS009659,European,PPM013043,NA,NA,NA,NA,NA,290,NA,NA,2
PGS002307,PSS009665,European,PPM013045,NA,NA,NA,NA,24454.09658543847,416481,6206,410275,2
PGS002307,PSS009665,European,PPM013046,NA,NA,NA,NA,24454.09658543847,416481,6206,410275,3
PGS002307,PSS009665,European,PPM013047,NA,NA,NA,NA,24454.09658543847,416481,6206,410275,4
PGS002307,PSS009665,European,PPM013048,NA,NA,NA,NA,24454.09658543847,416481,6206,410275,5
PGS002307,PSS009665,European,PPM013049,NA,NA,NA,NA,24454.09658543847,416481,6206,410275,6
PGS002307,PSS009665,European,PPM013050,NA,NA,NA,NA,24454.09658543847,416481,6206,410275,7
PGS002307,PSS009665,European,PPM013051,NA,NA,NA,NA,24454.09658543847,416481,6206,410275,8
PGS002654,PSS012103,East Asian,PPM023043,NA,NA,NA,NA,NA,6,NA,NA,2
PGS002654,PSS012103,European,PPM023043,NA,NA,NA,NA,NA,379,NA,NA,2
PGS002654,PSS012103,South Asian,PPM023043,NA,NA,NA,NA,NA,1,NA,NA,2
PGS002728,PSS009889,European,PPM014784,AUC,0.62,0.58,0.65,NA,1002,NA,NA,2
PGS002728,PSS009889,European,PPM014786,AUC,0.53,0.47,0.59,NA,1002,NA,NA,3
PGS002728,PSS009889,European,PPM014758,NA,NA,NA,NA,NA,1002,NA,NA,4
PGS002728,PSS009889,European,PPM014759,NA,NA,NA,NA,NA,1002,NA,NA,5
PGS002728,PSS009889,European,PPM014768,NA,NA,NA,NA,NA,1002,NA,NA,6
PGS002728,PSS009889,European,PPM014775,NA,NA,NA,NA,NA,1002,NA,NA,7
PGS002728,PSS009891,European,PPM014785,AUC,0.62,0.56,0.68,NA,14926,NA,NA,2
PGS002728,PSS009891,European,PPM014783,AUC,0.59,0.56,0.61,NA,14926,NA,NA,3
PGS002728,PSS009891,European,PPM014756,NA,NA,NA,NA,NA,14926,NA,NA,4
PGS002728,PSS009891,European,PPM014757,NA,NA,NA,NA,NA,14926,NA,NA,5
PGS002728,PSS009891,European,PPM014766,NA,NA,NA,NA,NA,14926,NA,NA,6
PGS002728,PSS009891,European,PPM014767,NA,NA,NA,NA,NA,14926,NA,NA,7
PGS002728,PSS009891,European,PPM014773,NA,NA,NA,NA,NA,14926,NA,NA,8
PGS002728,PSS009891,European,PPM014774,NA,NA,NA,NA,NA,14926,NA,NA,9
PGS002728,PSS009891,European,PPM014779,NA,NA,NA,NA,NA,14926,NA,NA,10
PGS002728,PSS009891,European,PPM014781,NA,NA,NA,NA,NA,14926,NA,NA,11
PGS002729,PSS009889,European,PPM014793,AUC,0.6,0.55,0.65,NA,1002,NA,NA,2
PGS002729,PSS009889,European,PPM014790,AUC,0.57,0.53,0.62,NA,1002,NA,NA,3
PGS002729,PSS009889,European,PPM014762,NA,NA,NA,NA,NA,1002,NA,NA,4
PGS002729,PSS009889,European,PPM014763,NA,NA,NA,NA,NA,1002,NA,NA,5
PGS002729,PSS009889,European,PPM014771,NA,NA,NA,NA,NA,1002,NA,NA,6
PGS002729,PSS009889,European,PPM014778,NA,NA,NA,NA,NA,1002,NA,NA,7
PGS002729,PSS009890,European,PPM014794,AUC,0.52,0.41,0.63,NA,407,NA,NA,2
PGS002729,PSS009890,European,PPM014764,NA,NA,NA,NA,NA,407,NA,NA,3
PGS002729,PSS009890,European,PPM014765,NA,NA,NA,NA,NA,407,NA,NA,4
PGS002729,PSS009890,European,PPM014772,NA,NA,NA,NA,NA,407,NA,NA,5
PGS002729,PSS009891,European,PPM014795,AUC,0.66,0.61,0.71,NA,14926,NA,NA,2
PGS002729,PSS009891,European,PPM014789,AUC,0.6,0.58,0.63,NA,14926,NA,NA,3
PGS002729,PSS009891,European,PPM014760,NA,NA,NA,NA,NA,14926,NA,NA,4
PGS002729,PSS009891,European,PPM014761,NA,NA,NA,NA,NA,14926,NA,NA,5
PGS002729,PSS009891,European,PPM014769,NA,NA,NA,NA,NA,14926,NA,NA,6
PGS002729,PSS009891,European,PPM014770,NA,NA,NA,NA,NA,14926,NA,NA,7
PGS002729,PSS009891,European,PPM014776,NA,NA,NA,NA,NA,14926,NA,NA,8
PGS002729,PSS009891,European,PPM014777,NA,NA,NA,NA,NA,14926,NA,NA,9
PGS002729,PSS009891,European,PPM014780,NA,NA,NA,NA,NA,14926,NA,NA,10
PGS002729,PSS009891,European,PPM014782,NA,NA,NA,NA,NA,14926,NA,NA,11
PGS002730,PSS009892,European,PPM014798,NA,NA,NA,NA,NA,75973,NA,NA,2
PGS002730,PSS009892,European,PPM014799,NA,NA,NA,NA,NA,75973,NA,NA,3
PGS002730,PSS009892,European,PPM014800,NA,NA,NA,NA,NA,75973,NA,NA,4
PGS002733,PSS009902,European,PPM014822,NA,NA,NA,NA,600,600,300,300,2
PGS002733,PSS009902,European,PPM014823,NA,NA,NA,NA,600,600,300,300,3
PGS002735,PSS009907,European,PPM014835,NA,NA,NA,NA,6609.290940355372,118636,1676,116960,2
PGS002736,PSS009907,European,PPM014836,NA,NA,NA,NA,6609.290940355372,118636,1676,116960,2
PGS002737,PSS009907,European,PPM014837,NA,NA,NA,NA,6609.290940355372,118636,1676,116960,2
PGS002740,PSS009913,European,PPM014844,NA,NA,NA,NA,12950.520355504588,13952,5107,8845,2
PGS002741,PSS009921,European,PPM014901,NA,NA,NA,NA,NA,3382,NA,NA,2
PGS002741,PSS009921,European,PPM014902,NA,NA,NA,NA,NA,3382,NA,NA,3
PGS002741,PSS009921,European,PPM014903,NA,NA,NA,NA,NA,3382,NA,NA,4
PGS002746,PSS009931,European,PPM014920,NA,NA,NA,NA,NA,4483,NA,NA,2
PGS002746,PSS009931,European,PPM014921,NA,NA,NA,NA,NA,4483,NA,NA,3
PGS002746,PSS009931,European,PPM014922,NA,NA,NA,NA,NA,4483,NA,NA,4
PGS002746,PSS009931,European,PPM014923,NA,NA,NA,NA,NA,4483,NA,NA,5
PGS002746,PSS009931,European,PPM014924,NA,NA,NA,NA,NA,4483,NA,NA,6
PGS002746,PSS009931,European,PPM014925,NA,NA,NA,NA,NA,4483,NA,NA,7
PGS002747,PSS009932,European,PPM014927,NA,NA,NA,NA,21695.2417751072,430036,5494,424542,2
PGS002748,PSS009934,East Asian,PPM014930,NA,NA,NA,NA,NA,28909,NA,NA,2
PGS002748,PSS009934,East Asian,PPM014931,NA,NA,NA,NA,NA,28909,NA,NA,3
PGS002748,PSS009934,East Asian,PPM014932,NA,NA,NA,NA,NA,28909,NA,NA,4
PGS002748,PSS009934,East Asian,PPM014933,NA,NA,NA,NA,NA,28909,NA,NA,5
PGS002748,PSS009934,East Asian,PPM014934,NA,NA,NA,NA,NA,28909,NA,NA,6
PGS002748,PSS009934,East Asian,PPM014935,NA,NA,NA,NA,NA,28909,NA,NA,7
PGS002748,PSS009934,East Asian,PPM014936,NA,NA,NA,NA,NA,28909,NA,NA,8
PGS002748,PSS009934,East Asian,PPM014937,NA,NA,NA,NA,NA,28909,NA,NA,9
PGS002748,PSS009934,East Asian,PPM014938,NA,NA,NA,NA,NA,28909,NA,NA,10
PGS002750,PSS009935,European,PPM014941,NA,NA,NA,NA,NA,1257,NA,NA,2
PGS002750,PSS009935,European,PPM014942,NA,NA,NA,NA,NA,1257,NA,NA,3
PGS002751,PSS009938,European,PPM014944,NA,NA,NA,NA,NA,6064,NA,NA,2
PGS002755,PSS011376,European,PPM020710,NA,NA,NA,NA,NA,337910,NA,NA,2
PGS002785,PSS009949,European,PPM015024,NA,NA,NA,NA,NA,2198,NA,NA,2
PGS002785,PSS009949,European,PPM015025,NA,NA,NA,NA,NA,2198,NA,NA,3
PGS002785,PSS009949,European,PPM015026,NA,NA,NA,NA,NA,2198,NA,NA,4
PGS002785,PSS009949,European,PPM015027,NA,NA,NA,NA,NA,2198,NA,NA,5
PGS002785,PSS009949,European,PPM015028,NA,NA,NA,NA,NA,2198,NA,NA,6
PGS002785,PSS009949,European,PPM015029,NA,NA,NA,NA,NA,2198,NA,NA,7
PGS002785,PSS009949,European,PPM015030,NA,NA,NA,NA,NA,2198,NA,NA,8
PGS002785,PSS009949,European,PPM015031,NA,NA,NA,NA,NA,2198,NA,NA,9
PGS002785,PSS009949,European,PPM015032,NA,NA,NA,NA,NA,2198,NA,NA,10
PGS002785,PSS009949,European,PPM015033,NA,NA,NA,NA,NA,2198,NA,NA,11
PGS002785,PSS009949,European,PPM015034,NA,NA,NA,NA,NA,2198,NA,NA,12
PGS002785,PSS009949,European,PPM015035,NA,NA,NA,NA,NA,2198,NA,NA,13
PGS002785,PSS009949,European,PPM015036,NA,NA,NA,NA,NA,2198,NA,NA,14
PGS002785,PSS009949,European,PPM015037,NA,NA,NA,NA,NA,2198,NA,NA,15
PGS002785,PSS009949,European,PPM015038,NA,NA,NA,NA,NA,2198,NA,NA,16
PGS002785,PSS009949,European,PPM015039,NA,NA,NA,NA,NA,2198,NA,NA,17
PGS002785,PSS009949,European,PPM015040,NA,NA,NA,NA,NA,2198,NA,NA,18
PGS002785,PSS009949,European,PPM015041,NA,NA,NA,NA,NA,2198,NA,NA,19
PGS002785,PSS009949,European,PPM015042,NA,NA,NA,NA,NA,2198,NA,NA,20
PGS002785,PSS009949,European,PPM015043,NA,NA,NA,NA,NA,2198,NA,NA,21
PGS002785,PSS009949,European,PPM015044,NA,NA,NA,NA,NA,2198,NA,NA,22
PGS002785,PSS009949,European,PPM015045,NA,NA,NA,NA,NA,2198,NA,NA,23
PGS002785,PSS009949,European,PPM015046,NA,NA,NA,NA,NA,2198,NA,NA,24
PGS002785,PSS009949,European,PPM015047,NA,NA,NA,NA,NA,2198,NA,NA,25
PGS002785,PSS009949,European,PPM015048,NA,NA,NA,NA,NA,2198,NA,NA,26
PGS002785,PSS009949,European,PPM015049,NA,NA,NA,NA,NA,2198,NA,NA,27
PGS002785,PSS009949,European,PPM015050,NA,NA,NA,NA,NA,2198,NA,NA,28
PGS002785,PSS009949,European,PPM015051,NA,NA,NA,NA,NA,2198,NA,NA,29
PGS002785,PSS009949,European,PPM015052,NA,NA,NA,NA,NA,2198,NA,NA,30
PGS002785,PSS009950,European,PPM014993,NA,NA,NA,NA,NA,2524,NA,NA,2
PGS002785,PSS009950,European,PPM014994,NA,NA,NA,NA,NA,2524,NA,NA,3
PGS002785,PSS009950,European,PPM014995,NA,NA,NA,NA,NA,2524,NA,NA,4
PGS002785,PSS009950,European,PPM014996,NA,NA,NA,NA,NA,2524,NA,NA,5
PGS002785,PSS009950,European,PPM014997,NA,NA,NA,NA,NA,2524,NA,NA,6
PGS002785,PSS009950,European,PPM014998,NA,NA,NA,NA,NA,2524,NA,NA,7
PGS002785,PSS009950,European,PPM014999,NA,NA,NA,NA,NA,2524,NA,NA,8
PGS002785,PSS009950,European,PPM015000,NA,NA,NA,NA,NA,2524,NA,NA,9
PGS002785,PSS009950,European,PPM015001,NA,NA,NA,NA,NA,2524,NA,NA,10
PGS002785,PSS009950,European,PPM015002,NA,NA,NA,NA,NA,2524,NA,NA,11
PGS002785,PSS009950,European,PPM015003,NA,NA,NA,NA,NA,2524,NA,NA,12
PGS002785,PSS009950,European,PPM015004,NA,NA,NA,NA,NA,2524,NA,NA,13
PGS002785,PSS009950,European,PPM015005,NA,NA,NA,NA,NA,2524,NA,NA,14
PGS002785,PSS009950,European,PPM015006,NA,NA,NA,NA,NA,2524,NA,NA,15
PGS002785,PSS009950,European,PPM015007,NA,NA,NA,NA,NA,2524,NA,NA,16
PGS002785,PSS009950,European,PPM015008,NA,NA,NA,NA,NA,2524,NA,NA,17
PGS002785,PSS009950,European,PPM015009,NA,NA,NA,NA,NA,2524,NA,NA,18
PGS002785,PSS009950,European,PPM015010,NA,NA,NA,NA,NA,2524,NA,NA,19
PGS002785,PSS009950,European,PPM015011,NA,NA,NA,NA,NA,2524,NA,NA,20
PGS002785,PSS009950,European,PPM015012,NA,NA,NA,NA,NA,2524,NA,NA,21
PGS002785,PSS009950,European,PPM015013,NA,NA,NA,NA,NA,2524,NA,NA,22
PGS002785,PSS009950,European,PPM015014,NA,NA,NA,NA,NA,2524,NA,NA,23
PGS002785,PSS009950,European,PPM015015,NA,NA,NA,NA,NA,2524,NA,NA,24
PGS002785,PSS009950,European,PPM015016,NA,NA,NA,NA,NA,2524,NA,NA,25
PGS002785,PSS009950,European,PPM015017,NA,NA,NA,NA,NA,2524,NA,NA,26
PGS002785,PSS009950,European,PPM015018,NA,NA,NA,NA,NA,2524,NA,NA,27
PGS002785,PSS009950,European,PPM015019,NA,NA,NA,NA,NA,2524,NA,NA,28
PGS002785,PSS009950,European,PPM015020,NA,NA,NA,NA,NA,2524,NA,NA,29
PGS002785,PSS009950,European,PPM015021,NA,NA,NA,NA,NA,2524,NA,NA,30
PGS002785,PSS009952,European,PPM015374,NA,NA,NA,NA,NA,10343,NA,NA,2
PGS002785,PSS009952,European,PPM015375,NA,NA,NA,NA,NA,10343,NA,NA,3
PGS002785,PSS009952,European,PPM015376,NA,NA,NA,NA,NA,10343,NA,NA,4
PGS002785,PSS009952,European,PPM015377,NA,NA,NA,NA,NA,10343,NA,NA,5
PGS002785,PSS009952,European,PPM015378,NA,NA,NA,NA,NA,10343,NA,NA,6
PGS002785,PSS009952,European,PPM015379,NA,NA,NA,NA,NA,10343,NA,NA,7
PGS002785,PSS009952,European,PPM015380,NA,NA,NA,NA,NA,10343,NA,NA,8
PGS002785,PSS009952,European,PPM015381,NA,NA,NA,NA,NA,10343,NA,NA,9
PGS002785,PSS009952,European,PPM015382,NA,NA,NA,NA,NA,10343,NA,NA,10
PGS002785,PSS009952,European,PPM015383,NA,NA,NA,NA,NA,10343,NA,NA,11
PGS002785,PSS009952,European,PPM015384,NA,NA,NA,NA,NA,10343,NA,NA,12
PGS002785,PSS009952,European,PPM015385,NA,NA,NA,NA,NA,10343,NA,NA,13
PGS002785,PSS009952,European,PPM015386,NA,NA,NA,NA,NA,10343,NA,NA,14
PGS002785,PSS009952,European,PPM015387,NA,NA,NA,NA,NA,10343,NA,NA,15
PGS002785,PSS009952,European,PPM015388,NA,NA,NA,NA,NA,10343,NA,NA,16
PGS002785,PSS009952,European,PPM015389,NA,NA,NA,NA,NA,10343,NA,NA,17
PGS002785,PSS009952,European,PPM015390,NA,NA,NA,NA,NA,10343,NA,NA,18
PGS002785,PSS009952,European,PPM015391,NA,NA,NA,NA,NA,10343,NA,NA,19
PGS002785,PSS009952,European,PPM015392,NA,NA,NA,NA,NA,10343,NA,NA,20
PGS002785,PSS009952,European,PPM015393,NA,NA,NA,NA,NA,10343,NA,NA,21
PGS002785,PSS009952,European,PPM015394,NA,NA,NA,NA,NA,10343,NA,NA,22
PGS002785,PSS009952,European,PPM015395,NA,NA,NA,NA,NA,10343,NA,NA,23
PGS002785,PSS009952,European,PPM015396,NA,NA,NA,NA,NA,10343,NA,NA,24
PGS002785,PSS009952,European,PPM015397,NA,NA,NA,NA,NA,10343,NA,NA,25
PGS002785,PSS009952,European,PPM015398,NA,NA,NA,NA,NA,10343,NA,NA,26
PGS002785,PSS009952,European,PPM015399,NA,NA,NA,NA,NA,10343,NA,NA,27
PGS002785,PSS009952,European,PPM015400,NA,NA,NA,NA,NA,10343,NA,NA,28
PGS002785,PSS009952,European,PPM015401,NA,NA,NA,NA,NA,10343,NA,NA,29
PGS002785,PSS009952,European,PPM015402,NA,NA,NA,NA,NA,10343,NA,NA,30
PGS002785,PSS009952,European,PPM015403,NA,NA,NA,NA,NA,10343,NA,NA,31
PGS002785,PSS009952,European,PPM015404,NA,NA,NA,NA,NA,10343,NA,NA,32
PGS002785,PSS009952,European,PPM015405,NA,NA,NA,NA,NA,10343,NA,NA,33
PGS002785,PSS009952,European,PPM015406,NA,NA,NA,NA,NA,10343,NA,NA,34
PGS002785,PSS009952,European,PPM015407,NA,NA,NA,NA,NA,10343,NA,NA,35
PGS002785,PSS009954,European,PPM015365,NA,NA,NA,NA,NA,11180,NA,NA,2
PGS002785,PSS009954,European,PPM015366,NA,NA,NA,NA,NA,11180,NA,NA,3
PGS002785,PSS009954,European,PPM015367,NA,NA,NA,NA,NA,11180,NA,NA,4
PGS002785,PSS009954,European,PPM015368,NA,NA,NA,NA,NA,11180,NA,NA,5
PGS002785,PSS009954,European,PPM015369,NA,NA,NA,NA,NA,11180,NA,NA,6
PGS002785,PSS009954,European,PPM015370,NA,NA,NA,NA,NA,11180,NA,NA,7
PGS002785,PSS009954,European,PPM015371,NA,NA,NA,NA,NA,11180,NA,NA,8
PGS002785,PSS009954,European,PPM015372,NA,NA,NA,NA,NA,11180,NA,NA,9
PGS002786,PSS009949,European,PPM015086,NA,NA,NA,NA,NA,2198,NA,NA,2
PGS002786,PSS009949,European,PPM015087,NA,NA,NA,NA,NA,2198,NA,NA,3
PGS002786,PSS009949,European,PPM015088,NA,NA,NA,NA,NA,2198,NA,NA,4
PGS002786,PSS009949,European,PPM015089,NA,NA,NA,NA,NA,2198,NA,NA,5
PGS002786,PSS009949,European,PPM015090,NA,NA,NA,NA,NA,2198,NA,NA,6
PGS002786,PSS009949,European,PPM015091,NA,NA,NA,NA,NA,2198,NA,NA,7
PGS002786,PSS009949,European,PPM015092,NA,NA,NA,NA,NA,2198,NA,NA,8
PGS002786,PSS009949,European,PPM015093,NA,NA,NA,NA,NA,2198,NA,NA,9
PGS002786,PSS009949,European,PPM015094,NA,NA,NA,NA,NA,2198,NA,NA,10
PGS002786,PSS009949,European,PPM015095,NA,NA,NA,NA,NA,2198,NA,NA,11
PGS002786,PSS009949,European,PPM015096,NA,NA,NA,NA,NA,2198,NA,NA,12
PGS002786,PSS009949,European,PPM015097,NA,NA,NA,NA,NA,2198,NA,NA,13
PGS002786,PSS009949,European,PPM015098,NA,NA,NA,NA,NA,2198,NA,NA,14
PGS002786,PSS009949,European,PPM015099,NA,NA,NA,NA,NA,2198,NA,NA,15
PGS002786,PSS009949,European,PPM015100,NA,NA,NA,NA,NA,2198,NA,NA,16
PGS002786,PSS009949,European,PPM015101,NA,NA,NA,NA,NA,2198,NA,NA,17
PGS002786,PSS009949,European,PPM015102,NA,NA,NA,NA,NA,2198,NA,NA,18
PGS002786,PSS009949,European,PPM015103,NA,NA,NA,NA,NA,2198,NA,NA,19
PGS002786,PSS009949,European,PPM015104,NA,NA,NA,NA,NA,2198,NA,NA,20
PGS002786,PSS009949,European,PPM015105,NA,NA,NA,NA,NA,2198,NA,NA,21
PGS002786,PSS009949,European,PPM015106,NA,NA,NA,NA,NA,2198,NA,NA,22
PGS002786,PSS009949,European,PPM015107,NA,NA,NA,NA,NA,2198,NA,NA,23
PGS002786,PSS009949,European,PPM015108,NA,NA,NA,NA,NA,2198,NA,NA,24
PGS002786,PSS009949,European,PPM015109,NA,NA,NA,NA,NA,2198,NA,NA,25
PGS002786,PSS009949,European,PPM015110,NA,NA,NA,NA,NA,2198,NA,NA,26
PGS002786,PSS009949,European,PPM015111,NA,NA,NA,NA,NA,2198,NA,NA,27
PGS002786,PSS009949,European,PPM015112,NA,NA,NA,NA,NA,2198,NA,NA,28
PGS002786,PSS009949,European,PPM015113,NA,NA,NA,NA,NA,2198,NA,NA,29
PGS002786,PSS009949,European,PPM015114,NA,NA,NA,NA,NA,2198,NA,NA,30
PGS002786,PSS009950,European,PPM015055,NA,NA,NA,NA,NA,2524,NA,NA,2
PGS002786,PSS009950,European,PPM015056,NA,NA,NA,NA,NA,2524,NA,NA,3
PGS002786,PSS009950,European,PPM015057,NA,NA,NA,NA,NA,2524,NA,NA,4
PGS002786,PSS009950,European,PPM015058,NA,NA,NA,NA,NA,2524,NA,NA,5
PGS002786,PSS009950,European,PPM015059,NA,NA,NA,NA,NA,2524,NA,NA,6
PGS002786,PSS009950,European,PPM015060,NA,NA,NA,NA,NA,2524,NA,NA,7
PGS002786,PSS009950,European,PPM015061,NA,NA,NA,NA,NA,2524,NA,NA,8
PGS002786,PSS009950,European,PPM015062,NA,NA,NA,NA,NA,2524,NA,NA,9
PGS002786,PSS009950,European,PPM015063,NA,NA,NA,NA,NA,2524,NA,NA,10
PGS002786,PSS009950,European,PPM015064,NA,NA,NA,NA,NA,2524,NA,NA,11
PGS002786,PSS009950,European,PPM015065,NA,NA,NA,NA,NA,2524,NA,NA,12
PGS002786,PSS009950,European,PPM015066,NA,NA,NA,NA,NA,2524,NA,NA,13
PGS002786,PSS009950,European,PPM015067,NA,NA,NA,NA,NA,2524,NA,NA,14
PGS002786,PSS009950,European,PPM015068,NA,NA,NA,NA,NA,2524,NA,NA,15
PGS002786,PSS009950,European,PPM015069,NA,NA,NA,NA,NA,2524,NA,NA,16
PGS002786,PSS009950,European,PPM015070,NA,NA,NA,NA,NA,2524,NA,NA,17
PGS002786,PSS009950,European,PPM015071,NA,NA,NA,NA,NA,2524,NA,NA,18
PGS002786,PSS009950,European,PPM015072,NA,NA,NA,NA,NA,2524,NA,NA,19
PGS002786,PSS009950,European,PPM015073,NA,NA,NA,NA,NA,2524,NA,NA,20
PGS002786,PSS009950,European,PPM015074,NA,NA,NA,NA,NA,2524,NA,NA,21
PGS002786,PSS009950,European,PPM015075,NA,NA,NA,NA,NA,2524,NA,NA,22
PGS002786,PSS009950,European,PPM015076,NA,NA,NA,NA,NA,2524,NA,NA,23
PGS002786,PSS009950,European,PPM015077,NA,NA,NA,NA,NA,2524,NA,NA,24
PGS002786,PSS009950,European,PPM015078,NA,NA,NA,NA,NA,2524,NA,NA,25
PGS002786,PSS009950,European,PPM015079,NA,NA,NA,NA,NA,2524,NA,NA,26
PGS002786,PSS009950,European,PPM015080,NA,NA,NA,NA,NA,2524,NA,NA,27
PGS002786,PSS009950,European,PPM015081,NA,NA,NA,NA,NA,2524,NA,NA,28
PGS002786,PSS009950,European,PPM015082,NA,NA,NA,NA,NA,2524,NA,NA,29
PGS002786,PSS009950,European,PPM015083,NA,NA,NA,NA,NA,2524,NA,NA,30
PGS002786,PSS009952,European,PPM015409,NA,NA,NA,NA,NA,10343,NA,NA,2
PGS002786,PSS009952,European,PPM015410,NA,NA,NA,NA,NA,10343,NA,NA,3
PGS002786,PSS009952,European,PPM015411,NA,NA,NA,NA,NA,10343,NA,NA,4
PGS002786,PSS009952,European,PPM015412,NA,NA,NA,NA,NA,10343,NA,NA,5
PGS002786,PSS009952,European,PPM015413,NA,NA,NA,NA,NA,10343,NA,NA,6
PGS002786,PSS009952,European,PPM015414,NA,NA,NA,NA,NA,10343,NA,NA,7
PGS002786,PSS009952,European,PPM015415,NA,NA,NA,NA,NA,10343,NA,NA,8
PGS002786,PSS009952,European,PPM015416,NA,NA,NA,NA,NA,10343,NA,NA,9
PGS002786,PSS009952,European,PPM015417,NA,NA,NA,NA,NA,10343,NA,NA,10
PGS002786,PSS009952,European,PPM015418,NA,NA,NA,NA,NA,10343,NA,NA,11
PGS002786,PSS009952,European,PPM015419,NA,NA,NA,NA,NA,10343,NA,NA,12
PGS002786,PSS009952,European,PPM015420,NA,NA,NA,NA,NA,10343,NA,NA,13
PGS002786,PSS009952,European,PPM015421,NA,NA,NA,NA,NA,10343,NA,NA,14
PGS002787,PSS009949,European,PPM015148,NA,NA,NA,NA,NA,2198,NA,NA,2
PGS002787,PSS009949,European,PPM015149,NA,NA,NA,NA,NA,2198,NA,NA,3
PGS002787,PSS009949,European,PPM015150,NA,NA,NA,NA,NA,2198,NA,NA,4
PGS002787,PSS009949,European,PPM015151,NA,NA,NA,NA,NA,2198,NA,NA,5
PGS002787,PSS009949,European,PPM015152,NA,NA,NA,NA,NA,2198,NA,NA,6
PGS002787,PSS009949,European,PPM015153,NA,NA,NA,NA,NA,2198,NA,NA,7
PGS002787,PSS009949,European,PPM015154,NA,NA,NA,NA,NA,2198,NA,NA,8
PGS002787,PSS009949,European,PPM015155,NA,NA,NA,NA,NA,2198,NA,NA,9
PGS002787,PSS009949,European,PPM015156,NA,NA,NA,NA,NA,2198,NA,NA,10
PGS002787,PSS009949,European,PPM015157,NA,NA,NA,NA,NA,2198,NA,NA,11
PGS002787,PSS009949,European,PPM015158,NA,NA,NA,NA,NA,2198,NA,NA,12
PGS002787,PSS009949,European,PPM015159,NA,NA,NA,NA,NA,2198,NA,NA,13
PGS002787,PSS009949,European,PPM015160,NA,NA,NA,NA,NA,2198,NA,NA,14
PGS002787,PSS009949,European,PPM015161,NA,NA,NA,NA,NA,2198,NA,NA,15
PGS002787,PSS009949,European,PPM015162,NA,NA,NA,NA,NA,2198,NA,NA,16
PGS002787,PSS009949,European,PPM015163,NA,NA,NA,NA,NA,2198,NA,NA,17
PGS002787,PSS009949,European,PPM015164,NA,NA,NA,NA,NA,2198,NA,NA,18
PGS002787,PSS009949,European,PPM015165,NA,NA,NA,NA,NA,2198,NA,NA,19
PGS002787,PSS009949,European,PPM015166,NA,NA,NA,NA,NA,2198,NA,NA,20
PGS002787,PSS009949,European,PPM015167,NA,NA,NA,NA,NA,2198,NA,NA,21
PGS002787,PSS009949,European,PPM015168,NA,NA,NA,NA,NA,2198,NA,NA,22
PGS002787,PSS009949,European,PPM015169,NA,NA,NA,NA,NA,2198,NA,NA,23
PGS002787,PSS009949,European,PPM015170,NA,NA,NA,NA,NA,2198,NA,NA,24
PGS002787,PSS009949,European,PPM015171,NA,NA,NA,NA,NA,2198,NA,NA,25
PGS002787,PSS009949,European,PPM015172,NA,NA,NA,NA,NA,2198,NA,NA,26
PGS002787,PSS009949,European,PPM015173,NA,NA,NA,NA,NA,2198,NA,NA,27
PGS002787,PSS009949,European,PPM015174,NA,NA,NA,NA,NA,2198,NA,NA,28
PGS002787,PSS009949,European,PPM015175,NA,NA,NA,NA,NA,2198,NA,NA,29
PGS002787,PSS009949,European,PPM015176,NA,NA,NA,NA,NA,2198,NA,NA,30
PGS002787,PSS009950,European,PPM015117,NA,NA,NA,NA,NA,2524,NA,NA,2
PGS002787,PSS009950,European,PPM015118,NA,NA,NA,NA,NA,2524,NA,NA,3
PGS002787,PSS009950,European,PPM015119,NA,NA,NA,NA,NA,2524,NA,NA,4
PGS002787,PSS009950,European,PPM015120,NA,NA,NA,NA,NA,2524,NA,NA,5
PGS002787,PSS009950,European,PPM015121,NA,NA,NA,NA,NA,2524,NA,NA,6
PGS002787,PSS009950,European,PPM015122,NA,NA,NA,NA,NA,2524,NA,NA,7
PGS002787,PSS009950,European,PPM015123,NA,NA,NA,NA,NA,2524,NA,NA,8
PGS002787,PSS009950,European,PPM015124,NA,NA,NA,NA,NA,2524,NA,NA,9
PGS002787,PSS009950,European,PPM015125,NA,NA,NA,NA,NA,2524,NA,NA,10
PGS002787,PSS009950,European,PPM015126,NA,NA,NA,NA,NA,2524,NA,NA,11
PGS002787,PSS009950,European,PPM015127,NA,NA,NA,NA,NA,2524,NA,NA,12
PGS002787,PSS009950,European,PPM015128,NA,NA,NA,NA,NA,2524,NA,NA,13
PGS002787,PSS009950,European,PPM015129,NA,NA,NA,NA,NA,2524,NA,NA,14
PGS002787,PSS009950,European,PPM015130,NA,NA,NA,NA,NA,2524,NA,NA,15
PGS002787,PSS009950,European,PPM015131,NA,NA,NA,NA,NA,2524,NA,NA,16
PGS002787,PSS009950,European,PPM015132,NA,NA,NA,NA,NA,2524,NA,NA,17
PGS002787,PSS009950,European,PPM015133,NA,NA,NA,NA,NA,2524,NA,NA,18
PGS002787,PSS009950,European,PPM015134,NA,NA,NA,NA,NA,2524,NA,NA,19
PGS002787,PSS009950,European,PPM015135,NA,NA,NA,NA,NA,2524,NA,NA,20
PGS002787,PSS009950,European,PPM015136,NA,NA,NA,NA,NA,2524,NA,NA,21
PGS002787,PSS009950,European,PPM015137,NA,NA,NA,NA,NA,2524,NA,NA,22
PGS002787,PSS009950,European,PPM015138,NA,NA,NA,NA,NA,2524,NA,NA,23
PGS002787,PSS009950,European,PPM015139,NA,NA,NA,NA,NA,2524,NA,NA,24
PGS002787,PSS009950,European,PPM015140,NA,NA,NA,NA,NA,2524,NA,NA,25
PGS002787,PSS009950,European,PPM015141,NA,NA,NA,NA,NA,2524,NA,NA,26
PGS002787,PSS009950,European,PPM015142,NA,NA,NA,NA,NA,2524,NA,NA,27
PGS002787,PSS009950,European,PPM015143,NA,NA,NA,NA,NA,2524,NA,NA,28
PGS002787,PSS009950,European,PPM015144,NA,NA,NA,NA,NA,2524,NA,NA,29
PGS002787,PSS009950,European,PPM015145,NA,NA,NA,NA,NA,2524,NA,NA,30
PGS002788,PSS009949,European,PPM015210,NA,NA,NA,NA,NA,2198,NA,NA,2
PGS002788,PSS009949,European,PPM015211,NA,NA,NA,NA,NA,2198,NA,NA,3
PGS002788,PSS009949,European,PPM015212,NA,NA,NA,NA,NA,2198,NA,NA,4
PGS002788,PSS009949,European,PPM015213,NA,NA,NA,NA,NA,2198,NA,NA,5
PGS002788,PSS009949,European,PPM015214,NA,NA,NA,NA,NA,2198,NA,NA,6
PGS002788,PSS009949,European,PPM015215,NA,NA,NA,NA,NA,2198,NA,NA,7
PGS002788,PSS009949,European,PPM015216,NA,NA,NA,NA,NA,2198,NA,NA,8
PGS002788,PSS009949,European,PPM015217,NA,NA,NA,NA,NA,2198,NA,NA,9
PGS002788,PSS009949,European,PPM015218,NA,NA,NA,NA,NA,2198,NA,NA,10
PGS002788,PSS009949,European,PPM015219,NA,NA,NA,NA,NA,2198,NA,NA,11
PGS002788,PSS009949,European,PPM015220,NA,NA,NA,NA,NA,2198,NA,NA,12
PGS002788,PSS009949,European,PPM015221,NA,NA,NA,NA,NA,2198,NA,NA,13
PGS002788,PSS009949,European,PPM015222,NA,NA,NA,NA,NA,2198,NA,NA,14
PGS002788,PSS009949,European,PPM015223,NA,NA,NA,NA,NA,2198,NA,NA,15
PGS002788,PSS009949,European,PPM015224,NA,NA,NA,NA,NA,2198,NA,NA,16
PGS002788,PSS009949,European,PPM015225,NA,NA,NA,NA,NA,2198,NA,NA,17
PGS002788,PSS009949,European,PPM015226,NA,NA,NA,NA,NA,2198,NA,NA,18
PGS002788,PSS009949,European,PPM015227,NA,NA,NA,NA,NA,2198,NA,NA,19
PGS002788,PSS009949,European,PPM015228,NA,NA,NA,NA,NA,2198,NA,NA,20
PGS002788,PSS009949,European,PPM015229,NA,NA,NA,NA,NA,2198,NA,NA,21
PGS002788,PSS009949,European,PPM015230,NA,NA,NA,NA,NA,2198,NA,NA,22
PGS002788,PSS009949,European,PPM015231,NA,NA,NA,NA,NA,2198,NA,NA,23
PGS002788,PSS009949,European,PPM015232,NA,NA,NA,NA,NA,2198,NA,NA,24
PGS002788,PSS009949,European,PPM015233,NA,NA,NA,NA,NA,2198,NA,NA,25
PGS002788,PSS009949,European,PPM015234,NA,NA,NA,NA,NA,2198,NA,NA,26
PGS002788,PSS009949,European,PPM015235,NA,NA,NA,NA,NA,2198,NA,NA,27
PGS002788,PSS009949,European,PPM015236,NA,NA,NA,NA,NA,2198,NA,NA,28
PGS002788,PSS009949,European,PPM015237,NA,NA,NA,NA,NA,2198,NA,NA,29
PGS002788,PSS009949,European,PPM015238,NA,NA,NA,NA,NA,2198,NA,NA,30
PGS002788,PSS009950,European,PPM015179,NA,NA,NA,NA,NA,2524,NA,NA,2
PGS002788,PSS009950,European,PPM015180,NA,NA,NA,NA,NA,2524,NA,NA,3
PGS002788,PSS009950,European,PPM015181,NA,NA,NA,NA,NA,2524,NA,NA,4
PGS002788,PSS009950,European,PPM015182,NA,NA,NA,NA,NA,2524,NA,NA,5
PGS002788,PSS009950,European,PPM015183,NA,NA,NA,NA,NA,2524,NA,NA,6
PGS002788,PSS009950,European,PPM015184,NA,NA,NA,NA,NA,2524,NA,NA,7
PGS002788,PSS009950,European,PPM015185,NA,NA,NA,NA,NA,2524,NA,NA,8
PGS002788,PSS009950,European,PPM015186,NA,NA,NA,NA,NA,2524,NA,NA,9
PGS002788,PSS009950,European,PPM015187,NA,NA,NA,NA,NA,2524,NA,NA,10
PGS002788,PSS009950,European,PPM015188,NA,NA,NA,NA,NA,2524,NA,NA,11
PGS002788,PSS009950,European,PPM015189,NA,NA,NA,NA,NA,2524,NA,NA,12
PGS002788,PSS009950,European,PPM015190,NA,NA,NA,NA,NA,2524,NA,NA,13
PGS002788,PSS009950,European,PPM015191,NA,NA,NA,NA,NA,2524,NA,NA,14
PGS002788,PSS009950,European,PPM015192,NA,NA,NA,NA,NA,2524,NA,NA,15
PGS002788,PSS009950,European,PPM015193,NA,NA,NA,NA,NA,2524,NA,NA,16
PGS002788,PSS009950,European,PPM015194,NA,NA,NA,NA,NA,2524,NA,NA,17
PGS002788,PSS009950,European,PPM015195,NA,NA,NA,NA,NA,2524,NA,NA,18
PGS002788,PSS009950,European,PPM015196,NA,NA,NA,NA,NA,2524,NA,NA,19
PGS002788,PSS009950,European,PPM015197,NA,NA,NA,NA,NA,2524,NA,NA,20
PGS002788,PSS009950,European,PPM015198,NA,NA,NA,NA,NA,2524,NA,NA,21
PGS002788,PSS009950,European,PPM015199,NA,NA,NA,NA,NA,2524,NA,NA,22
PGS002788,PSS009950,European,PPM015200,NA,NA,NA,NA,NA,2524,NA,NA,23
PGS002788,PSS009950,European,PPM015201,NA,NA,NA,NA,NA,2524,NA,NA,24
PGS002788,PSS009950,European,PPM015202,NA,NA,NA,NA,NA,2524,NA,NA,25
PGS002788,PSS009950,European,PPM015203,NA,NA,NA,NA,NA,2524,NA,NA,26
PGS002788,PSS009950,European,PPM015204,NA,NA,NA,NA,NA,2524,NA,NA,27
PGS002788,PSS009950,European,PPM015205,NA,NA,NA,NA,NA,2524,NA,NA,28
PGS002788,PSS009950,European,PPM015206,NA,NA,NA,NA,NA,2524,NA,NA,29
PGS002788,PSS009950,European,PPM015207,NA,NA,NA,NA,NA,2524,NA,NA,30
PGS002789,PSS009949,European,PPM015272,NA,NA,NA,NA,NA,2198,NA,NA,2
PGS002789,PSS009949,European,PPM015273,NA,NA,NA,NA,NA,2198,NA,NA,3
PGS002789,PSS009949,European,PPM015274,NA,NA,NA,NA,NA,2198,NA,NA,4
PGS002789,PSS009949,European,PPM015275,NA,NA,NA,NA,NA,2198,NA,NA,5
PGS002789,PSS009949,European,PPM015276,NA,NA,NA,NA,NA,2198,NA,NA,6
PGS002789,PSS009949,European,PPM015277,NA,NA,NA,NA,NA,2198,NA,NA,7
PGS002789,PSS009949,European,PPM015278,NA,NA,NA,NA,NA,2198,NA,NA,8
PGS002789,PSS009949,European,PPM015279,NA,NA,NA,NA,NA,2198,NA,NA,9
PGS002789,PSS009949,European,PPM015280,NA,NA,NA,NA,NA,2198,NA,NA,10
PGS002789,PSS009949,European,PPM015281,NA,NA,NA,NA,NA,2198,NA,NA,11
PGS002789,PSS009949,European,PPM015282,NA,NA,NA,NA,NA,2198,NA,NA,12
PGS002789,PSS009949,European,PPM015283,NA,NA,NA,NA,NA,2198,NA,NA,13
PGS002789,PSS009949,European,PPM015284,NA,NA,NA,NA,NA,2198,NA,NA,14
PGS002789,PSS009949,European,PPM015285,NA,NA,NA,NA,NA,2198,NA,NA,15
PGS002789,PSS009949,European,PPM015286,NA,NA,NA,NA,NA,2198,NA,NA,16
PGS002789,PSS009949,European,PPM015287,NA,NA,NA,NA,NA,2198,NA,NA,17
PGS002789,PSS009949,European,PPM015288,NA,NA,NA,NA,NA,2198,NA,NA,18
PGS002789,PSS009949,European,PPM015289,NA,NA,NA,NA,NA,2198,NA,NA,19
PGS002789,PSS009949,European,PPM015290,NA,NA,NA,NA,NA,2198,NA,NA,20
PGS002789,PSS009949,European,PPM015291,NA,NA,NA,NA,NA,2198,NA,NA,21
PGS002789,PSS009949,European,PPM015292,NA,NA,NA,NA,NA,2198,NA,NA,22
PGS002789,PSS009949,European,PPM015293,NA,NA,NA,NA,NA,2198,NA,NA,23
PGS002789,PSS009949,European,PPM015294,NA,NA,NA,NA,NA,2198,NA,NA,24
PGS002789,PSS009949,European,PPM015295,NA,NA,NA,NA,NA,2198,NA,NA,25
PGS002789,PSS009949,European,PPM015296,NA,NA,NA,NA,NA,2198,NA,NA,26
PGS002789,PSS009949,European,PPM015297,NA,NA,NA,NA,NA,2198,NA,NA,27
PGS002789,PSS009949,European,PPM015298,NA,NA,NA,NA,NA,2198,NA,NA,28
PGS002789,PSS009949,European,PPM015299,NA,NA,NA,NA,NA,2198,NA,NA,29
PGS002789,PSS009949,European,PPM015300,NA,NA,NA,NA,NA,2198,NA,NA,30
PGS002789,PSS009950,European,PPM015241,NA,NA,NA,NA,NA,2524,NA,NA,2
PGS002789,PSS009950,European,PPM015242,NA,NA,NA,NA,NA,2524,NA,NA,3
PGS002789,PSS009950,European,PPM015243,NA,NA,NA,NA,NA,2524,NA,NA,4
PGS002789,PSS009950,European,PPM015244,NA,NA,NA,NA,NA,2524,NA,NA,5
PGS002789,PSS009950,European,PPM015245,NA,NA,NA,NA,NA,2524,NA,NA,6
PGS002789,PSS009950,European,PPM015246,NA,NA,NA,NA,NA,2524,NA,NA,7
PGS002789,PSS009950,European,PPM015247,NA,NA,NA,NA,NA,2524,NA,NA,8
PGS002789,PSS009950,European,PPM015248,NA,NA,NA,NA,NA,2524,NA,NA,9
PGS002789,PSS009950,European,PPM015249,NA,NA,NA,NA,NA,2524,NA,NA,10
PGS002789,PSS009950,European,PPM015250,NA,NA,NA,NA,NA,2524,NA,NA,11
PGS002789,PSS009950,European,PPM015251,NA,NA,NA,NA,NA,2524,NA,NA,12
PGS002789,PSS009950,European,PPM015252,NA,NA,NA,NA,NA,2524,NA,NA,13
PGS002789,PSS009950,European,PPM015253,NA,NA,NA,NA,NA,2524,NA,NA,14
PGS002789,PSS009950,European,PPM015254,NA,NA,NA,NA,NA,2524,NA,NA,15
PGS002789,PSS009950,European,PPM015255,NA,NA,NA,NA,NA,2524,NA,NA,16
PGS002789,PSS009950,European,PPM015256,NA,NA,NA,NA,NA,2524,NA,NA,17
PGS002789,PSS009950,European,PPM015257,NA,NA,NA,NA,NA,2524,NA,NA,18
PGS002789,PSS009950,European,PPM015258,NA,NA,NA,NA,NA,2524,NA,NA,19
PGS002789,PSS009950,European,PPM015259,NA,NA,NA,NA,NA,2524,NA,NA,20
PGS002789,PSS009950,European,PPM015260,NA,NA,NA,NA,NA,2524,NA,NA,21
PGS002789,PSS009950,European,PPM015261,NA,NA,NA,NA,NA,2524,NA,NA,22
PGS002789,PSS009950,European,PPM015262,NA,NA,NA,NA,NA,2524,NA,NA,23
PGS002789,PSS009950,European,PPM015263,NA,NA,NA,NA,NA,2524,NA,NA,24
PGS002789,PSS009950,European,PPM015264,NA,NA,NA,NA,NA,2524,NA,NA,25
PGS002789,PSS009950,European,PPM015265,NA,NA,NA,NA,NA,2524,NA,NA,26
PGS002789,PSS009950,European,PPM015266,NA,NA,NA,NA,NA,2524,NA,NA,27
PGS002789,PSS009950,European,PPM015267,NA,NA,NA,NA,NA,2524,NA,NA,28
PGS002789,PSS009950,European,PPM015268,NA,NA,NA,NA,NA,2524,NA,NA,29
PGS002789,PSS009950,European,PPM015269,NA,NA,NA,NA,NA,2524,NA,NA,30
PGS002789,PSS009952,European,PPM015423,NA,NA,NA,NA,NA,10343,NA,NA,2
PGS002789,PSS009952,European,PPM015424,NA,NA,NA,NA,NA,10343,NA,NA,3
PGS002789,PSS009952,European,PPM015425,NA,NA,NA,NA,NA,10343,NA,NA,4
PGS002789,PSS009952,European,PPM015426,NA,NA,NA,NA,NA,10343,NA,NA,5
PGS002789,PSS009952,European,PPM015427,NA,NA,NA,NA,NA,10343,NA,NA,6
PGS002789,PSS009952,European,PPM015428,NA,NA,NA,NA,NA,10343,NA,NA,7
PGS002789,PSS009952,European,PPM015429,NA,NA,NA,NA,NA,10343,NA,NA,8
PGS002789,PSS009952,European,PPM015430,NA,NA,NA,NA,NA,10343,NA,NA,9
PGS002789,PSS009952,European,PPM015431,NA,NA,NA,NA,NA,10343,NA,NA,10
PGS002789,PSS009952,European,PPM015432,NA,NA,NA,NA,NA,10343,NA,NA,11
PGS002789,PSS009952,European,PPM015433,NA,NA,NA,NA,NA,10343,NA,NA,12
PGS002789,PSS009952,European,PPM015434,NA,NA,NA,NA,NA,10343,NA,NA,13
PGS002789,PSS009952,European,PPM015435,NA,NA,NA,NA,NA,10343,NA,NA,14
PGS002789,PSS009952,European,PPM015436,NA,NA,NA,NA,NA,10343,NA,NA,15
PGS002789,PSS009952,European,PPM015437,NA,NA,NA,NA,NA,10343,NA,NA,16
PGS002789,PSS009952,European,PPM015438,NA,NA,NA,NA,NA,10343,NA,NA,17
PGS002789,PSS009952,European,PPM015439,NA,NA,NA,NA,NA,10343,NA,NA,18
PGS002789,PSS009952,European,PPM015440,NA,NA,NA,NA,NA,10343,NA,NA,19
PGS002789,PSS009952,European,PPM015441,NA,NA,NA,NA,NA,10343,NA,NA,20
PGS002789,PSS009952,European,PPM015442,NA,NA,NA,NA,NA,10343,NA,NA,21
PGS002789,PSS009952,European,PPM015443,NA,NA,NA,NA,NA,10343,NA,NA,22
PGS002789,PSS009952,European,PPM015444,NA,NA,NA,NA,NA,10343,NA,NA,23
PGS002789,PSS009952,European,PPM015445,NA,NA,NA,NA,NA,10343,NA,NA,24
PGS002789,PSS009952,European,PPM015446,NA,NA,NA,NA,NA,10343,NA,NA,25
PGS002789,PSS009952,European,PPM015447,NA,NA,NA,NA,NA,10343,NA,NA,26
PGS002790,PSS009949,European,PPM015334,NA,NA,NA,NA,NA,2198,NA,NA,2
PGS002790,PSS009949,European,PPM015335,NA,NA,NA,NA,NA,2198,NA,NA,3
PGS002790,PSS009949,European,PPM015336,NA,NA,NA,NA,NA,2198,NA,NA,4
PGS002790,PSS009949,European,PPM015337,NA,NA,NA,NA,NA,2198,NA,NA,5
PGS002790,PSS009949,European,PPM015338,NA,NA,NA,NA,NA,2198,NA,NA,6
PGS002790,PSS009949,European,PPM015339,NA,NA,NA,NA,NA,2198,NA,NA,7
PGS002790,PSS009949,European,PPM015340,NA,NA,NA,NA,NA,2198,NA,NA,8
PGS002790,PSS009949,European,PPM015341,NA,NA,NA,NA,NA,2198,NA,NA,9
PGS002790,PSS009949,European,PPM015342,NA,NA,NA,NA,NA,2198,NA,NA,10
PGS002790,PSS009949,European,PPM015343,NA,NA,NA,NA,NA,2198,NA,NA,11
PGS002790,PSS009949,European,PPM015344,NA,NA,NA,NA,NA,2198,NA,NA,12
PGS002790,PSS009949,European,PPM015345,NA,NA,NA,NA,NA,2198,NA,NA,13
PGS002790,PSS009949,European,PPM015346,NA,NA,NA,NA,NA,2198,NA,NA,14
PGS002790,PSS009949,European,PPM015347,NA,NA,NA,NA,NA,2198,NA,NA,15
PGS002790,PSS009949,European,PPM015348,NA,NA,NA,NA,NA,2198,NA,NA,16
PGS002790,PSS009949,European,PPM015349,NA,NA,NA,NA,NA,2198,NA,NA,17
PGS002790,PSS009949,European,PPM015350,NA,NA,NA,NA,NA,2198,NA,NA,18
PGS002790,PSS009949,European,PPM015351,NA,NA,NA,NA,NA,2198,NA,NA,19
PGS002790,PSS009949,European,PPM015352,NA,NA,NA,NA,NA,2198,NA,NA,20
PGS002790,PSS009949,European,PPM015353,NA,NA,NA,NA,NA,2198,NA,NA,21
PGS002790,PSS009949,European,PPM015354,NA,NA,NA,NA,NA,2198,NA,NA,22
PGS002790,PSS009949,European,PPM015355,NA,NA,NA,NA,NA,2198,NA,NA,23
PGS002790,PSS009949,European,PPM015356,NA,NA,NA,NA,NA,2198,NA,NA,24
PGS002790,PSS009949,European,PPM015357,NA,NA,NA,NA,NA,2198,NA,NA,25
PGS002790,PSS009949,European,PPM015358,NA,NA,NA,NA,NA,2198,NA,NA,26
PGS002790,PSS009949,European,PPM015359,NA,NA,NA,NA,NA,2198,NA,NA,27
PGS002790,PSS009949,European,PPM015360,NA,NA,NA,NA,NA,2198,NA,NA,28
PGS002790,PSS009949,European,PPM015361,NA,NA,NA,NA,NA,2198,NA,NA,29
PGS002790,PSS009949,European,PPM015362,NA,NA,NA,NA,NA,2198,NA,NA,30
PGS002790,PSS009950,European,PPM015303,NA,NA,NA,NA,NA,2524,NA,NA,2
PGS002790,PSS009950,European,PPM015304,NA,NA,NA,NA,NA,2524,NA,NA,3
PGS002790,PSS009950,European,PPM015305,NA,NA,NA,NA,NA,2524,NA,NA,4
PGS002790,PSS009950,European,PPM015306,NA,NA,NA,NA,NA,2524,NA,NA,5
PGS002790,PSS009950,European,PPM015307,NA,NA,NA,NA,NA,2524,NA,NA,6
PGS002790,PSS009950,European,PPM015308,NA,NA,NA,NA,NA,2524,NA,NA,7
PGS002790,PSS009950,European,PPM015309,NA,NA,NA,NA,NA,2524,NA,NA,8
PGS002790,PSS009950,European,PPM015310,NA,NA,NA,NA,NA,2524,NA,NA,9
PGS002790,PSS009950,European,PPM015311,NA,NA,NA,NA,NA,2524,NA,NA,10
PGS002790,PSS009950,European,PPM015312,NA,NA,NA,NA,NA,2524,NA,NA,11
PGS002790,PSS009950,European,PPM015313,NA,NA,NA,NA,NA,2524,NA,NA,12
PGS002790,PSS009950,European,PPM015314,NA,NA,NA,NA,NA,2524,NA,NA,13
PGS002790,PSS009950,European,PPM015315,NA,NA,NA,NA,NA,2524,NA,NA,14
PGS002790,PSS009950,European,PPM015316,NA,NA,NA,NA,NA,2524,NA,NA,15
PGS002790,PSS009950,European,PPM015317,NA,NA,NA,NA,NA,2524,NA,NA,16
PGS002790,PSS009950,European,PPM015318,NA,NA,NA,NA,NA,2524,NA,NA,17
PGS002790,PSS009950,European,PPM015319,NA,NA,NA,NA,NA,2524,NA,NA,18
PGS002790,PSS009950,European,PPM015320,NA,NA,NA,NA,NA,2524,NA,NA,19
PGS002790,PSS009950,European,PPM015321,NA,NA,NA,NA,NA,2524,NA,NA,20
PGS002790,PSS009950,European,PPM015322,NA,NA,NA,NA,NA,2524,NA,NA,21
PGS002790,PSS009950,European,PPM015323,NA,NA,NA,NA,NA,2524,NA,NA,22
PGS002790,PSS009950,European,PPM015324,NA,NA,NA,NA,NA,2524,NA,NA,23
PGS002790,PSS009950,European,PPM015325,NA,NA,NA,NA,NA,2524,NA,NA,24
PGS002790,PSS009950,European,PPM015326,NA,NA,NA,NA,NA,2524,NA,NA,25
PGS002790,PSS009950,European,PPM015327,NA,NA,NA,NA,NA,2524,NA,NA,26
PGS002790,PSS009950,European,PPM015328,NA,NA,NA,NA,NA,2524,NA,NA,27
PGS002790,PSS009950,European,PPM015329,NA,NA,NA,NA,NA,2524,NA,NA,28
PGS002790,PSS009950,European,PPM015330,NA,NA,NA,NA,NA,2524,NA,NA,29
PGS002790,PSS009950,European,PPM015331,NA,NA,NA,NA,NA,2524,NA,NA,30
PGS002795,PSS009965,European,PPM015505,NA,NA,NA,NA,729.775119617225,836,269,567,2
PGS002807,PSS009980,African American or Afro-Caribbean,PPM015543,C-index,0.77,NA,NA,NA,6186,NA,NA,2
PGS002807,PSS009980,African American or Afro-Caribbean,PPM015546,C-index,0.77,NA,NA,NA,6186,NA,NA,3
PGS002807,PSS009980,African American or Afro-Caribbean,PPM015544,C-index,0.76,NA,NA,NA,6186,NA,NA,4
PGS002807,PSS009980,African American or Afro-Caribbean,PPM015547,C-index,0.76,NA,NA,NA,6186,NA,NA,5
PGS002807,PSS009980,African American or Afro-Caribbean,PPM015538,NA,NA,NA,NA,NA,6186,NA,NA,6
PGS002807,PSS009980,African American or Afro-Caribbean,PPM015539,NA,NA,NA,NA,NA,6186,NA,NA,7
PGS002807,PSS009980,African American or Afro-Caribbean,PPM015540,NA,NA,NA,NA,NA,6186,NA,NA,8
PGS002807,PSS009980,African American or Afro-Caribbean,PPM015541,NA,NA,NA,NA,NA,6186,NA,NA,9
PGS002807,PSS009980,African American or Afro-Caribbean,PPM015542,NA,NA,NA,NA,NA,6186,NA,NA,10
PGS002807,PSS009980,European,PPM015543,C-index,0.77,NA,NA,NA,14069,NA,NA,2
PGS002807,PSS009980,European,PPM015546,C-index,0.77,NA,NA,NA,14069,NA,NA,3
PGS002807,PSS009980,European,PPM015544,C-index,0.76,NA,NA,NA,14069,NA,NA,4
PGS002807,PSS009980,European,PPM015547,C-index,0.76,NA,NA,NA,14069,NA,NA,5
PGS002807,PSS009980,European,PPM015538,NA,NA,NA,NA,NA,14069,NA,NA,6
PGS002807,PSS009980,European,PPM015539,NA,NA,NA,NA,NA,14069,NA,NA,7
PGS002807,PSS009980,European,PPM015540,NA,NA,NA,NA,NA,14069,NA,NA,8
PGS002807,PSS009980,European,PPM015541,NA,NA,NA,NA,NA,14069,NA,NA,9
PGS002807,PSS009980,European,PPM015542,NA,NA,NA,NA,NA,14069,NA,NA,10
PGS002807,PSS009980,Hispanic or Latin American,PPM015543,C-index,0.77,NA,NA,NA,1022,NA,NA,2
PGS002807,PSS009980,Hispanic or Latin American,PPM015546,C-index,0.77,NA,NA,NA,1022,NA,NA,3
PGS002807,PSS009980,Hispanic or Latin American,PPM015544,C-index,0.76,NA,NA,NA,1022,NA,NA,4
PGS002807,PSS009980,Hispanic or Latin American,PPM015547,C-index,0.76,NA,NA,NA,1022,NA,NA,5
PGS002807,PSS009980,Hispanic or Latin American,PPM015538,NA,NA,NA,NA,NA,1022,NA,NA,6
PGS002807,PSS009980,Hispanic or Latin American,PPM015539,NA,NA,NA,NA,NA,1022,NA,NA,7
PGS002807,PSS009980,Hispanic or Latin American,PPM015540,NA,NA,NA,NA,NA,1022,NA,NA,8
PGS002807,PSS009980,Hispanic or Latin American,PPM015541,NA,NA,NA,NA,NA,1022,NA,NA,9
PGS002807,PSS009980,Hispanic or Latin American,PPM015542,NA,NA,NA,NA,NA,1022,NA,NA,10
PGS002807,PSS009981,African American or Afro-Caribbean,PPM015555,C-index,0.65,NA,NA,NA,936,NA,NA,2
PGS002807,PSS009981,African American or Afro-Caribbean,PPM015553,C-index,0.59,NA,NA,NA,936,NA,NA,3
PGS002807,PSS009981,African American or Afro-Caribbean,PPM015554,C-index,0.58,NA,NA,NA,936,NA,NA,4
PGS002807,PSS009981,African American or Afro-Caribbean,PPM015556,C-index,0.58,NA,NA,NA,936,NA,NA,5
PGS002807,PSS009981,African American or Afro-Caribbean,PPM015548,NA,NA,NA,NA,NA,936,NA,NA,6
PGS002807,PSS009981,African American or Afro-Caribbean,PPM015549,NA,NA,NA,NA,NA,936,NA,NA,7
PGS002807,PSS009981,African American or Afro-Caribbean,PPM015550,NA,NA,NA,NA,NA,936,NA,NA,8
PGS002807,PSS009981,African American or Afro-Caribbean,PPM015551,NA,NA,NA,NA,NA,936,NA,NA,9
PGS002807,PSS009981,African American or Afro-Caribbean,PPM015552,NA,NA,NA,NA,NA,936,NA,NA,10
PGS002807,PSS009981,European,PPM015555,C-index,0.65,NA,NA,NA,4408,NA,NA,2
PGS002807,PSS009981,European,PPM015553,C-index,0.59,NA,NA,NA,4408,NA,NA,3
PGS002807,PSS009981,European,PPM015554,C-index,0.58,NA,NA,NA,4408,NA,NA,4
PGS002807,PSS009981,European,PPM015556,C-index,0.58,NA,NA,NA,4408,NA,NA,5
PGS002807,PSS009981,European,PPM015548,NA,NA,NA,NA,NA,4408,NA,NA,6
PGS002807,PSS009981,European,PPM015549,NA,NA,NA,NA,NA,4408,NA,NA,7
PGS002807,PSS009981,European,PPM015550,NA,NA,NA,NA,NA,4408,NA,NA,8
PGS002807,PSS009981,European,PPM015551,NA,NA,NA,NA,NA,4408,NA,NA,9
PGS002807,PSS009981,European,PPM015552,NA,NA,NA,NA,NA,4408,NA,NA,10
PGS002807,PSS009981,Hispanic or Latin American,PPM015555,C-index,0.65,NA,NA,NA,383,NA,NA,2
PGS002807,PSS009981,Hispanic or Latin American,PPM015553,C-index,0.59,NA,NA,NA,383,NA,NA,3
PGS002807,PSS009981,Hispanic or Latin American,PPM015554,C-index,0.58,NA,NA,NA,383,NA,NA,4
PGS002807,PSS009981,Hispanic or Latin American,PPM015556,C-index,0.58,NA,NA,NA,383,NA,NA,5
PGS002807,PSS009981,Hispanic or Latin American,PPM015548,NA,NA,NA,NA,NA,383,NA,NA,6
PGS002807,PSS009981,Hispanic or Latin American,PPM015549,NA,NA,NA,NA,NA,383,NA,NA,7
PGS002807,PSS009981,Hispanic or Latin American,PPM015550,NA,NA,NA,NA,NA,383,NA,NA,8
PGS002807,PSS009981,Hispanic or Latin American,PPM015551,NA,NA,NA,NA,NA,383,NA,NA,9
PGS002807,PSS009981,Hispanic or Latin American,PPM015552,NA,NA,NA,NA,NA,383,NA,NA,10
PGS002807,PSS009982,African American or Afro-Caribbean,PPM015559,NA,NA,NA,NA,NA,9680,NA,NA,2
PGS002807,PSS009982,African American or Afro-Caribbean,PPM015560,NA,NA,NA,NA,NA,9680,NA,NA,3
PGS002807,PSS009982,African American or Afro-Caribbean,PPM015561,NA,NA,NA,NA,NA,9680,NA,NA,4
PGS002807,PSS009982,African American or Afro-Caribbean,PPM015562,NA,NA,NA,NA,NA,9680,NA,NA,5
PGS002807,PSS009982,European,PPM015559,NA,NA,NA,NA,NA,31706,NA,NA,2
PGS002807,PSS009982,European,PPM015560,NA,NA,NA,NA,NA,31706,NA,NA,3
PGS002807,PSS009982,European,PPM015561,NA,NA,NA,NA,NA,31706,NA,NA,4
PGS002807,PSS009982,European,PPM015562,NA,NA,NA,NA,NA,31706,NA,NA,5
PGS002807,PSS009982,"Greater Middle Eastern (Middle Eastern, North African or Persian)",PPM015559,NA,NA,NA,NA,NA,314,NA,NA,2
PGS002807,PSS009982,"Greater Middle Eastern (Middle Eastern, North African or Persian)",PPM015560,NA,NA,NA,NA,NA,314,NA,NA,3
PGS002807,PSS009982,"Greater Middle Eastern (Middle Eastern, North African or Persian)",PPM015561,NA,NA,NA,NA,NA,314,NA,NA,4
PGS002807,PSS009982,"Greater Middle Eastern (Middle Eastern, North African or Persian)",PPM015562,NA,NA,NA,NA,NA,314,NA,NA,5
PGS002808,PSS009988,European,PPM015576,NA,NA,NA,NA,8313.317294447243,450821,2088,448733,2
PGS002809,PSS009989,European,PPM015578,NA,NA,NA,NA,NA,360098,NA,NA,2
PGS002810,PSS009991,European,PPM015581,NA,NA,NA,NA,NA,452264,NA,NA,2
PGS002810,PSS009991,European,PPM015582,NA,NA,NA,NA,NA,452264,NA,NA,3
PGS002810,PSS009991,European,PPM015583,NA,NA,NA,NA,NA,452264,NA,NA,4
PGS002810,PSS009991,European,PPM015584,NA,NA,NA,NA,NA,452264,NA,NA,5
PGS002810,PSS009991,European,PPM015585,NA,NA,NA,NA,NA,452264,NA,NA,6
PGS002812,PSS009992,European,PPM015591,NA,NA,NA,NA,NA,7888,NA,NA,2
PGS002812,PSS009992,European,PPM015593,NA,NA,NA,NA,NA,7888,NA,NA,3
PGS003304,PSS010026,European,PPM015740,NA,NA,NA,NA,NA,195103,NA,NA,2
PGS003305,PSS010026,European,PPM015746,NA,NA,NA,NA,NA,195103,NA,NA,2
PGS003306,PSS010026,European,PPM015742,NA,NA,NA,NA,NA,195103,NA,NA,2
PGS003307,PSS010026,European,PPM015738,NA,NA,NA,NA,NA,195103,NA,NA,2
PGS003308,PSS010026,European,PPM015744,NA,NA,NA,NA,NA,195103,NA,NA,2
PGS003309,PSS010026,European,PPM015750,NA,NA,NA,NA,NA,195103,NA,NA,2
PGS003310,PSS010026,European,PPM015756,NA,NA,NA,NA,NA,195103,NA,NA,2
PGS003311,PSS010026,European,PPM015752,NA,NA,NA,NA,NA,195103,NA,NA,2
PGS003312,PSS010026,European,PPM015748,NA,NA,NA,NA,NA,195103,NA,NA,2
PGS003313,PSS010026,European,PPM015754,NA,NA,NA,NA,NA,195103,NA,NA,2
PGS003314,PSS010026,European,PPM015760,NA,NA,NA,NA,NA,195103,NA,NA,2
PGS003315,PSS010026,European,PPM015766,NA,NA,NA,NA,NA,195103,NA,NA,2
PGS003316,PSS010026,European,PPM015762,NA,NA,NA,NA,NA,195103,NA,NA,2
PGS003317,PSS010026,European,PPM015758,NA,NA,NA,NA,NA,195103,NA,NA,2
PGS003318,PSS010026,European,PPM015764,NA,NA,NA,NA,NA,195103,NA,NA,2
PGS003329,PSS010039,European,PPM016120,NA,NA,NA,NA,4381.090909090909,5522,4016,1506,2
PGS003329,PSS010039,European,PPM016123,NA,NA,NA,NA,4381.090909090909,5522,4016,1506,3
PGS003329,PSS010039,European,PPM016126,NA,NA,NA,NA,4381.090909090909,5522,4016,1506,4
PGS003330,PSS010041,European,PPM016129,NA,NA,NA,NA,NA,581,NA,NA,2
PGS003330,PSS010041,European,PPM016130,NA,NA,NA,NA,NA,581,NA,NA,3
PGS003331,PSS010045,European,PPM016141,NA,NA,NA,NA,2944.6880146386097,3279,2163,1116,2
PGS003331,PSS010045,European,PPM016142,NA,NA,NA,NA,2944.6880146386097,3279,2163,1116,3
PGS003331,PSS010049,African American or Afro-Caribbean,PPM016146,NA,NA,NA,NA,53285.846403725925,102203,15748,86455,2
PGS003331,PSS010049,African American or Afro-Caribbean,PPM016147,NA,NA,NA,NA,53285.846403725925,102203,15748,86455,3
PGS003331,PSS010049,African American or Afro-Caribbean,PPM016148,NA,NA,NA,NA,53285.846403725925,102203,15748,86455,4
PGS003331,PSS010049,African American or Afro-Caribbean,PPM016149,NA,NA,NA,NA,53285.846403725925,102203,15748,86455,5
PGS003331,PSS010049,African American or Afro-Caribbean,PPM016150,NA,NA,NA,NA,53285.846403725925,102203,15748,86455,6
PGS003331,PSS010049,European,PPM016146,NA,NA,NA,NA,171127.13944533895,420473,48339,372134,2
PGS003331,PSS010049,European,PPM016147,NA,NA,NA,NA,171127.13944533895,420473,48339,372134,3
PGS003331,PSS010049,European,PPM016148,NA,NA,NA,NA,171127.13944533895,420473,48339,372134,4
PGS003331,PSS010049,European,PPM016149,NA,NA,NA,NA,171127.13944533895,420473,48339,372134,5
PGS003331,PSS010049,European,PPM016150,NA,NA,NA,NA,171127.13944533895,420473,48339,372134,6
PGS003331,PSS010049,European,PPM016145,NA,NA,NA,NA,7829.839065494919,27651,2120,25531,7
PGS003331,PSS010049,European,PPM016146,NA,NA,NA,NA,7829.839065494919,27651,2120,25531,8
PGS003331,PSS010049,European,PPM016147,NA,NA,NA,NA,7829.839065494919,27651,2120,25531,9
PGS003331,PSS010049,European,PPM016148,NA,NA,NA,NA,7829.839065494919,27651,2120,25531,10
PGS003331,PSS010049,European,PPM016149,NA,NA,NA,NA,7829.839065494919,27651,2120,25531,11
PGS003331,PSS010049,European,PPM016150,NA,NA,NA,NA,7829.839065494919,27651,2120,25531,12
PGS003334,PSS010051,European,PPM016153,NA,NA,NA,NA,22353.762106271315,204646,5750,198896,2
PGS003334,PSS010051,European,PPM016154,NA,NA,NA,NA,22353.762106271315,204646,5750,198896,3
PGS003334,PSS010051,European,PPM016155,NA,NA,NA,NA,22353.762106271315,204646,5750,198896,4
PGS003334,PSS010051,European,PPM016156,NA,NA,NA,NA,22353.762106271315,204646,5750,198896,5
PGS003334,PSS010051,European,PPM016157,NA,NA,NA,NA,22353.762106271315,204646,5750,198896,6
PGS003334,PSS010051,European,PPM016158,NA,NA,NA,NA,22353.762106271315,204646,5750,198896,7
PGS003334,PSS010051,European,PPM016159,NA,NA,NA,NA,22353.762106271315,204646,5750,198896,8
PGS003334,PSS010051,European,PPM016160,NA,NA,NA,NA,22353.762106271315,204646,5750,198896,9
PGS003335,PSS010054,European,PPM016167,NA,NA,NA,NA,1483.9391074130108,10576,385,10191,2
PGS003335,PSS010054,European,PPM016168,NA,NA,NA,NA,1483.9391074130108,10576,385,10191,3
PGS003335,PSS010054,European,PPM016169,NA,NA,NA,NA,1483.9391074130108,10576,385,10191,4
PGS003335,PSS010054,European,PPM016170,NA,NA,NA,NA,1483.9391074130108,10576,385,10191,5
PGS003335,PSS010054,European,PPM016171,NA,NA,NA,NA,1483.9391074130108,10576,385,10191,6
PGS003335,PSS010054,European,PPM016172,NA,NA,NA,NA,1483.9391074130108,10576,385,10191,7
PGS003335,PSS010054,European,PPM016173,NA,NA,NA,NA,1483.9391074130108,10576,385,10191,8
PGS003335,PSS010054,European,PPM016174,NA,NA,NA,NA,1483.9391074130108,10576,385,10191,9
PGS003336,PSS010055,East Asian,PPM016192,NA,NA,NA,NA,NA,22608,NA,NA,2
PGS003337,PSS010055,East Asian,PPM016193,NA,NA,NA,NA,NA,22608,NA,NA,2
PGS003338,PSS010055,East Asian,PPM016194,NA,NA,NA,NA,NA,22608,NA,NA,2
PGS003339,PSS010055,East Asian,PPM016195,NA,NA,NA,NA,NA,22608,NA,NA,2
PGS003340,PSS010055,East Asian,PPM016196,NA,NA,NA,NA,NA,22608,NA,NA,2
PGS003341,PSS010055,East Asian,PPM016197,NA,NA,NA,NA,NA,22608,NA,NA,2
PGS003342,PSS010055,East Asian,PPM016198,NA,NA,NA,NA,NA,22608,NA,NA,2
PGS003343,PSS010055,East Asian,PPM016199,NA,NA,NA,NA,NA,22608,NA,NA,2
PGS003344,PSS010055,East Asian,PPM016200,NA,NA,NA,NA,NA,22608,NA,NA,2
PGS003353,PSS010055,East Asian,PPM016202,NA,NA,NA,NA,NA,22608,NA,NA,2
PGS003353,PSS010055,East Asian,PPM016203,NA,NA,NA,NA,NA,22608,NA,NA,3
PGS003353,PSS010055,East Asian,PPM016204,NA,NA,NA,NA,NA,22608,NA,NA,4
PGS003377,PSS010065,European,PPM016234,NA,NA,NA,NA,NA,4924,NA,NA,2
PGS003377,PSS010065,European,PPM016235,NA,NA,NA,NA,NA,4924,NA,NA,3
PGS003377,PSS010065,European,PPM016236,NA,NA,NA,NA,NA,4924,NA,NA,4
PGS003377,PSS010065,European,PPM016237,NA,NA,NA,NA,NA,4924,NA,NA,5
PGS003377,PSS010065,European,PPM016238,NA,NA,NA,NA,NA,4924,NA,NA,6
PGS003400,PSS010096,European,PPM016448,NA,NA,NA,NA,NA,52760,NA,NA,2
PGS003400,PSS010096,European,PPM016449,NA,NA,NA,NA,NA,52760,NA,NA,3
PGS003400,PSS010096,European,PPM016450,NA,NA,NA,NA,NA,52760,NA,NA,4
PGS003400,PSS010096,European,PPM016451,NA,NA,NA,NA,NA,52760,NA,NA,5
PGS003400,PSS010096,European,PPM016452,NA,NA,NA,NA,NA,52760,NA,NA,6
PGS003400,PSS010096,European,PPM016453,NA,NA,NA,NA,NA,52760,NA,NA,7
PGS003400,PSS010096,European,PPM016454,NA,NA,NA,NA,NA,52760,NA,NA,8
PGS003400,PSS010096,European,PPM016455,NA,NA,NA,NA,NA,52760,NA,NA,9
PGS003400,PSS010096,European,PPM016456,NA,NA,NA,NA,NA,52760,NA,NA,10
PGS003400,PSS010096,European,PPM016457,NA,NA,NA,NA,NA,52760,NA,NA,11
PGS003400,PSS010096,European,PPM016458,NA,NA,NA,NA,NA,52760,NA,NA,12
PGS003400,PSS010096,European,PPM016459,NA,NA,NA,NA,NA,52760,NA,NA,13
PGS003400,PSS010096,European,PPM016460,NA,NA,NA,NA,NA,52760,NA,NA,14
PGS003400,PSS010096,European,PPM016461,NA,NA,NA,NA,NA,52760,NA,NA,15
PGS003400,PSS010096,European,PPM016462,NA,NA,NA,NA,NA,52760,NA,NA,16
PGS003400,PSS010096,European,PPM016463,NA,NA,NA,NA,NA,52760,NA,NA,17
PGS003400,PSS010096,European,PPM016464,NA,NA,NA,NA,NA,52760,NA,NA,18
PGS003400,PSS010096,European,PPM016465,NA,NA,NA,NA,NA,52760,NA,NA,19
PGS003400,PSS010096,European,PPM016466,NA,NA,NA,NA,NA,52760,NA,NA,20
PGS003400,PSS010096,European,PPM016467,NA,NA,NA,NA,NA,52760,NA,NA,21
PGS003400,PSS010096,European,PPM016468,NA,NA,NA,NA,NA,52760,NA,NA,22
PGS003400,PSS010096,European,PPM016469,NA,NA,NA,NA,NA,52760,NA,NA,23
PGS003400,PSS010096,European,PPM016470,NA,NA,NA,NA,NA,52760,NA,NA,24
PGS003400,PSS010096,European,PPM016471,NA,NA,NA,NA,NA,52760,NA,NA,25
PGS003400,PSS010096,European,PPM016472,NA,NA,NA,NA,NA,52760,NA,NA,26
PGS003400,PSS010096,European,PPM016473,NA,NA,NA,NA,NA,52760,NA,NA,27
PGS003400,PSS010096,European,PPM016474,NA,NA,NA,NA,NA,52760,NA,NA,28
PGS003400,PSS010096,European,PPM016475,NA,NA,NA,NA,NA,52760,NA,NA,29
PGS003400,PSS010096,European,PPM016476,NA,NA,NA,NA,NA,52760,NA,NA,30
PGS003400,PSS010096,European,PPM016477,NA,NA,NA,NA,NA,52760,NA,NA,31
PGS003400,PSS010096,European,PPM016478,NA,NA,NA,NA,NA,52760,NA,NA,32
PGS003400,PSS010096,European,PPM016479,NA,NA,NA,NA,NA,52760,NA,NA,33
PGS003400,PSS010096,European,PPM016480,NA,NA,NA,NA,NA,52760,NA,NA,34
PGS003400,PSS010096,European,PPM016481,NA,NA,NA,NA,NA,52760,NA,NA,35
PGS003400,PSS010096,European,PPM016482,NA,NA,NA,NA,NA,52760,NA,NA,36
PGS003400,PSS010096,European,PPM016483,NA,NA,NA,NA,NA,52760,NA,NA,37
PGS003400,PSS010096,European,PPM016484,NA,NA,NA,NA,NA,52760,NA,NA,38
PGS003400,PSS010096,European,PPM016485,NA,NA,NA,NA,NA,52760,NA,NA,39
PGS003400,PSS010096,European,PPM016486,NA,NA,NA,NA,NA,52760,NA,NA,40
PGS003400,PSS010096,European,PPM016487,NA,NA,NA,NA,NA,52760,NA,NA,41
PGS003400,PSS010096,European,PPM016488,NA,NA,NA,NA,NA,52760,NA,NA,42
PGS003400,PSS010096,European,PPM016489,NA,NA,NA,NA,NA,52760,NA,NA,43
PGS003400,PSS010096,European,PPM016490,NA,NA,NA,NA,NA,52760,NA,NA,44
PGS003400,PSS010096,European,PPM016491,NA,NA,NA,NA,NA,52760,NA,NA,45
PGS003400,PSS010096,European,PPM016492,NA,NA,NA,NA,NA,52760,NA,NA,46
PGS003400,PSS010096,European,PPM016493,NA,NA,NA,NA,NA,52760,NA,NA,47
PGS003400,PSS010096,European,PPM016494,NA,NA,NA,NA,NA,52760,NA,NA,48
PGS003400,PSS010096,European,PPM016495,NA,NA,NA,NA,NA,52760,NA,NA,49
PGS003400,PSS010096,European,PPM016496,NA,NA,NA,NA,NA,52760,NA,NA,50
PGS003400,PSS010096,European,PPM016497,NA,NA,NA,NA,NA,52760,NA,NA,51
PGS003400,PSS010096,European,PPM016498,NA,NA,NA,NA,NA,52760,NA,NA,52
PGS003400,PSS010096,European,PPM016499,NA,NA,NA,NA,NA,52760,NA,NA,53
PGS003400,PSS010096,European,PPM016500,NA,NA,NA,NA,NA,52760,NA,NA,54
PGS003400,PSS010096,European,PPM016501,NA,NA,NA,NA,NA,52760,NA,NA,55
PGS003400,PSS010096,European,PPM016502,NA,NA,NA,NA,NA,52760,NA,NA,56
PGS003400,PSS010096,European,PPM016503,NA,NA,NA,NA,NA,52760,NA,NA,57
PGS003400,PSS010096,European,PPM016504,NA,NA,NA,NA,NA,52760,NA,NA,58
PGS003400,PSS010096,European,PPM016505,NA,NA,NA,NA,NA,52760,NA,NA,59
PGS003400,PSS010096,European,PPM016506,NA,NA,NA,NA,NA,52760,NA,NA,60
PGS003400,PSS010096,European,PPM016507,NA,NA,NA,NA,NA,52760,NA,NA,61
PGS003400,PSS010096,European,PPM016508,NA,NA,NA,NA,NA,52760,NA,NA,62
PGS003400,PSS010096,European,PPM016509,NA,NA,NA,NA,NA,52760,NA,NA,63
PGS003400,PSS010096,European,PPM016510,NA,NA,NA,NA,NA,52760,NA,NA,64
PGS003400,PSS010096,European,PPM016511,NA,NA,NA,NA,NA,52760,NA,NA,65
PGS003400,PSS010096,European,PPM016512,NA,NA,NA,NA,NA,52760,NA,NA,66
PGS003400,PSS010096,European,PPM016513,NA,NA,NA,NA,NA,52760,NA,NA,67
PGS003400,PSS010096,European,PPM016514,NA,NA,NA,NA,NA,52760,NA,NA,68
PGS003400,PSS010096,European,PPM016515,NA,NA,NA,NA,NA,52760,NA,NA,69
PGS003400,PSS010096,European,PPM016516,NA,NA,NA,NA,NA,52760,NA,NA,70
PGS003400,PSS010096,European,PPM016517,NA,NA,NA,NA,NA,52760,NA,NA,71
PGS003400,PSS010096,European,PPM016518,NA,NA,NA,NA,NA,52760,NA,NA,72
PGS003400,PSS010096,European,PPM016519,NA,NA,NA,NA,NA,52760,NA,NA,73
PGS003400,PSS010096,European,PPM016520,NA,NA,NA,NA,NA,52760,NA,NA,74
PGS003400,PSS010096,European,PPM016521,NA,NA,NA,NA,NA,52760,NA,NA,75
PGS003400,PSS010096,European,PPM016522,NA,NA,NA,NA,NA,52760,NA,NA,76
PGS003400,PSS010096,European,PPM016523,NA,NA,NA,NA,NA,52760,NA,NA,77
PGS003400,PSS010096,European,PPM016524,NA,NA,NA,NA,NA,52760,NA,NA,78
PGS003400,PSS010096,European,PPM016525,NA,NA,NA,NA,NA,52760,NA,NA,79
PGS003400,PSS010096,European,PPM016526,NA,NA,NA,NA,NA,52760,NA,NA,80
PGS003400,PSS010096,European,PPM016527,NA,NA,NA,NA,NA,52760,NA,NA,81
PGS003400,PSS010096,European,PPM016528,NA,NA,NA,NA,NA,52760,NA,NA,82
PGS003400,PSS010096,European,PPM016529,NA,NA,NA,NA,NA,52760,NA,NA,83
PGS003400,PSS010096,European,PPM016530,NA,NA,NA,NA,NA,52760,NA,NA,84
PGS003400,PSS010096,European,PPM016531,NA,NA,NA,NA,NA,52760,NA,NA,85
PGS003400,PSS010096,European,PPM016532,NA,NA,NA,NA,NA,52760,NA,NA,86
PGS003400,PSS010096,European,PPM016533,NA,NA,NA,NA,NA,52760,NA,NA,87
PGS003400,PSS010097,European,PPM016286,NA,NA,NA,NA,NA,390459,NA,NA,2
PGS003400,PSS010097,European,PPM016287,NA,NA,NA,NA,NA,390459,NA,NA,3
PGS003400,PSS010097,European,PPM016288,NA,NA,NA,NA,NA,390459,NA,NA,4
PGS003400,PSS010097,European,PPM016289,NA,NA,NA,NA,NA,390459,NA,NA,5
PGS003400,PSS010097,European,PPM016290,NA,NA,NA,NA,NA,390459,NA,NA,6
PGS003400,PSS010097,European,PPM016291,NA,NA,NA,NA,NA,390459,NA,NA,7
PGS003400,PSS010097,European,PPM016292,NA,NA,NA,NA,NA,390459,NA,NA,8
PGS003400,PSS010097,European,PPM016293,NA,NA,NA,NA,NA,390459,NA,NA,9
PGS003400,PSS010097,European,PPM016294,NA,NA,NA,NA,NA,390459,NA,NA,10
PGS003400,PSS010097,European,PPM016295,NA,NA,NA,NA,NA,390459,NA,NA,11
PGS003400,PSS010097,European,PPM016296,NA,NA,NA,NA,NA,390459,NA,NA,12
PGS003400,PSS010097,European,PPM016297,NA,NA,NA,NA,NA,390459,NA,NA,13
PGS003400,PSS010097,European,PPM016298,NA,NA,NA,NA,NA,390459,NA,NA,14
PGS003400,PSS010097,European,PPM016299,NA,NA,NA,NA,NA,390459,NA,NA,15
PGS003400,PSS010097,European,PPM016300,NA,NA,NA,NA,NA,390459,NA,NA,16
PGS003400,PSS010097,European,PPM016301,NA,NA,NA,NA,NA,390459,NA,NA,17
PGS003400,PSS010097,European,PPM016302,NA,NA,NA,NA,NA,390459,NA,NA,18
PGS003400,PSS010097,European,PPM016303,NA,NA,NA,NA,NA,390459,NA,NA,19
PGS003400,PSS010097,European,PPM016304,NA,NA,NA,NA,NA,390459,NA,NA,20
PGS003400,PSS010097,European,PPM016305,NA,NA,NA,NA,NA,390459,NA,NA,21
PGS003400,PSS010097,European,PPM016306,NA,NA,NA,NA,NA,390459,NA,NA,22
PGS003400,PSS010097,European,PPM016307,NA,NA,NA,NA,NA,390459,NA,NA,23
PGS003400,PSS010097,European,PPM016308,NA,NA,NA,NA,NA,390459,NA,NA,24
PGS003400,PSS010097,European,PPM016309,NA,NA,NA,NA,NA,390459,NA,NA,25
PGS003400,PSS010097,European,PPM016310,NA,NA,NA,NA,NA,390459,NA,NA,26
PGS003400,PSS010097,European,PPM016311,NA,NA,NA,NA,NA,390459,NA,NA,27
PGS003400,PSS010097,European,PPM016312,NA,NA,NA,NA,NA,390459,NA,NA,28
PGS003400,PSS010097,European,PPM016313,NA,NA,NA,NA,NA,390459,NA,NA,29
PGS003400,PSS010097,European,PPM016314,NA,NA,NA,NA,NA,390459,NA,NA,30
PGS003400,PSS010097,European,PPM016315,NA,NA,NA,NA,NA,390459,NA,NA,31
PGS003400,PSS010097,European,PPM016316,NA,NA,NA,NA,NA,390459,NA,NA,32
PGS003400,PSS010097,European,PPM016317,NA,NA,NA,NA,NA,390459,NA,NA,33
PGS003400,PSS010097,European,PPM016318,NA,NA,NA,NA,NA,390459,NA,NA,34
PGS003400,PSS010097,European,PPM016319,NA,NA,NA,NA,NA,390459,NA,NA,35
PGS003400,PSS010097,European,PPM016320,NA,NA,NA,NA,NA,390459,NA,NA,36
PGS003400,PSS010097,European,PPM016321,NA,NA,NA,NA,NA,390459,NA,NA,37
PGS003400,PSS010097,European,PPM016322,NA,NA,NA,NA,NA,390459,NA,NA,38
PGS003400,PSS010097,European,PPM016323,NA,NA,NA,NA,NA,390459,NA,NA,39
PGS003400,PSS010097,European,PPM016324,NA,NA,NA,NA,NA,390459,NA,NA,40
PGS003400,PSS010097,European,PPM016325,NA,NA,NA,NA,NA,390459,NA,NA,41
PGS003400,PSS010097,European,PPM016326,NA,NA,NA,NA,NA,390459,NA,NA,42
PGS003400,PSS010097,European,PPM016327,NA,NA,NA,NA,NA,390459,NA,NA,43
PGS003400,PSS010097,European,PPM016328,NA,NA,NA,NA,NA,390459,NA,NA,44
PGS003400,PSS010097,European,PPM016329,NA,NA,NA,NA,NA,390459,NA,NA,45
PGS003400,PSS010097,European,PPM016330,NA,NA,NA,NA,NA,390459,NA,NA,46
PGS003400,PSS010097,European,PPM016331,NA,NA,NA,NA,NA,390459,NA,NA,47
PGS003400,PSS010097,European,PPM016332,NA,NA,NA,NA,NA,390459,NA,NA,48
PGS003400,PSS010097,European,PPM016333,NA,NA,NA,NA,NA,390459,NA,NA,49
PGS003400,PSS010097,European,PPM016334,NA,NA,NA,NA,NA,390459,NA,NA,50
PGS003400,PSS010097,European,PPM016335,NA,NA,NA,NA,NA,390459,NA,NA,51
PGS003400,PSS010097,European,PPM016336,NA,NA,NA,NA,NA,390459,NA,NA,52
PGS003400,PSS010097,European,PPM016337,NA,NA,NA,NA,NA,390459,NA,NA,53
PGS003400,PSS010097,European,PPM016338,NA,NA,NA,NA,NA,390459,NA,NA,54
PGS003400,PSS010097,European,PPM016339,NA,NA,NA,NA,NA,390459,NA,NA,55
PGS003400,PSS010097,European,PPM016340,NA,NA,NA,NA,NA,390459,NA,NA,56
PGS003400,PSS010097,European,PPM016341,NA,NA,NA,NA,NA,390459,NA,NA,57
PGS003400,PSS010097,European,PPM016342,NA,NA,NA,NA,NA,390459,NA,NA,58
PGS003400,PSS010097,European,PPM016343,NA,NA,NA,NA,NA,390459,NA,NA,59
PGS003400,PSS010097,European,PPM016344,NA,NA,NA,NA,NA,390459,NA,NA,60
PGS003400,PSS010097,European,PPM016345,NA,NA,NA,NA,NA,390459,NA,NA,61
PGS003400,PSS010097,European,PPM016346,NA,NA,NA,NA,NA,390459,NA,NA,62
PGS003400,PSS010097,European,PPM016347,NA,NA,NA,NA,NA,390459,NA,NA,63
PGS003400,PSS010097,European,PPM016348,NA,NA,NA,NA,NA,390459,NA,NA,64
PGS003400,PSS010097,European,PPM016349,NA,NA,NA,NA,NA,390459,NA,NA,65
PGS003400,PSS010097,European,PPM016350,NA,NA,NA,NA,NA,390459,NA,NA,66
PGS003400,PSS010097,European,PPM016351,NA,NA,NA,NA,NA,390459,NA,NA,67
PGS003400,PSS010097,European,PPM016352,NA,NA,NA,NA,NA,390459,NA,NA,68
PGS003400,PSS010097,European,PPM016353,NA,NA,NA,NA,NA,390459,NA,NA,69
PGS003400,PSS010097,European,PPM016354,NA,NA,NA,NA,NA,390459,NA,NA,70
PGS003400,PSS010097,European,PPM016355,NA,NA,NA,NA,NA,390459,NA,NA,71
PGS003400,PSS010097,European,PPM016356,NA,NA,NA,NA,NA,390459,NA,NA,72
PGS003400,PSS010097,European,PPM016357,NA,NA,NA,NA,NA,390459,NA,NA,73
PGS003400,PSS010097,European,PPM016358,NA,NA,NA,NA,NA,390459,NA,NA,74
PGS003400,PSS010097,European,PPM016359,NA,NA,NA,NA,NA,390459,NA,NA,75
PGS003400,PSS010097,European,PPM016360,NA,NA,NA,NA,NA,390459,NA,NA,76
PGS003400,PSS010097,European,PPM016361,NA,NA,NA,NA,NA,390459,NA,NA,77
PGS003400,PSS010097,European,PPM016362,NA,NA,NA,NA,NA,390459,NA,NA,78
PGS003400,PSS010097,European,PPM016363,NA,NA,NA,NA,NA,390459,NA,NA,79
PGS003400,PSS010097,European,PPM016364,NA,NA,NA,NA,NA,390459,NA,NA,80
PGS003400,PSS010097,European,PPM016365,NA,NA,NA,NA,NA,390459,NA,NA,81
PGS003400,PSS010097,European,PPM016366,NA,NA,NA,NA,NA,390459,NA,NA,82
PGS003400,PSS010097,European,PPM016367,NA,NA,NA,NA,NA,390459,NA,NA,83
PGS003400,PSS010097,European,PPM016368,NA,NA,NA,NA,NA,390459,NA,NA,84
PGS003400,PSS010097,European,PPM016369,NA,NA,NA,NA,NA,390459,NA,NA,85
PGS003400,PSS010097,European,PPM016370,NA,NA,NA,NA,NA,390459,NA,NA,86
PGS003400,PSS010097,European,PPM016371,NA,NA,NA,NA,NA,390459,NA,NA,87
PGS003400,PSS010097,European,PPM016372,NA,NA,NA,NA,NA,390459,NA,NA,88
PGS003400,PSS010097,European,PPM016373,NA,NA,NA,NA,NA,390459,NA,NA,89
PGS003400,PSS010097,European,PPM016374,NA,NA,NA,NA,NA,390459,NA,NA,90
PGS003400,PSS010097,European,PPM016375,NA,NA,NA,NA,NA,390459,NA,NA,91
PGS003400,PSS010097,European,PPM016376,NA,NA,NA,NA,NA,390459,NA,NA,92
PGS003400,PSS010097,European,PPM016377,NA,NA,NA,NA,NA,390459,NA,NA,93
PGS003400,PSS010097,European,PPM016378,NA,NA,NA,NA,NA,390459,NA,NA,94
PGS003400,PSS010097,European,PPM016379,NA,NA,NA,NA,NA,390459,NA,NA,95
PGS003400,PSS010097,European,PPM016380,NA,NA,NA,NA,NA,390459,NA,NA,96
PGS003400,PSS010097,European,PPM016381,NA,NA,NA,NA,NA,390459,NA,NA,97
PGS003400,PSS010097,European,PPM016382,NA,NA,NA,NA,NA,390459,NA,NA,98
PGS003400,PSS010097,European,PPM016383,NA,NA,NA,NA,NA,390459,NA,NA,99
PGS003400,PSS010097,European,PPM016384,NA,NA,NA,NA,NA,390459,NA,NA,100
PGS003400,PSS010097,European,PPM016385,NA,NA,NA,NA,NA,390459,NA,NA,101
PGS003400,PSS010097,European,PPM016386,NA,NA,NA,NA,NA,390459,NA,NA,102
PGS003400,PSS010097,European,PPM016387,NA,NA,NA,NA,NA,390459,NA,NA,103
PGS003400,PSS010097,European,PPM016388,NA,NA,NA,NA,NA,390459,NA,NA,104
PGS003400,PSS010097,European,PPM016389,NA,NA,NA,NA,NA,390459,NA,NA,105
PGS003400,PSS010097,European,PPM016390,NA,NA,NA,NA,NA,390459,NA,NA,106
PGS003400,PSS010097,European,PPM016391,NA,NA,NA,NA,NA,390459,NA,NA,107
PGS003400,PSS010097,European,PPM016392,NA,NA,NA,NA,NA,390459,NA,NA,108
PGS003400,PSS010097,European,PPM016393,NA,NA,NA,NA,NA,390459,NA,NA,109
PGS003400,PSS010097,European,PPM016394,NA,NA,NA,NA,NA,390459,NA,NA,110
PGS003400,PSS010097,European,PPM016395,NA,NA,NA,NA,NA,390459,NA,NA,111
PGS003400,PSS010097,European,PPM016396,NA,NA,NA,NA,NA,390459,NA,NA,112
PGS003400,PSS010097,European,PPM016397,NA,NA,NA,NA,NA,390459,NA,NA,113
PGS003400,PSS010097,European,PPM016398,NA,NA,NA,NA,NA,390459,NA,NA,114
PGS003400,PSS010097,European,PPM016399,NA,NA,NA,NA,NA,390459,NA,NA,115
PGS003400,PSS010097,European,PPM016400,NA,NA,NA,NA,NA,390459,NA,NA,116
PGS003400,PSS010097,European,PPM016401,NA,NA,NA,NA,NA,390459,NA,NA,117
PGS003400,PSS010097,European,PPM016402,NA,NA,NA,NA,NA,390459,NA,NA,118
PGS003400,PSS010097,European,PPM016403,NA,NA,NA,NA,NA,390459,NA,NA,119
PGS003400,PSS010097,European,PPM016404,NA,NA,NA,NA,NA,390459,NA,NA,120
PGS003400,PSS010097,European,PPM016405,NA,NA,NA,NA,NA,390459,NA,NA,121
PGS003400,PSS010097,European,PPM016406,NA,NA,NA,NA,NA,390459,NA,NA,122
PGS003400,PSS010097,European,PPM016407,NA,NA,NA,NA,NA,390459,NA,NA,123
PGS003400,PSS010097,European,PPM016408,NA,NA,NA,NA,NA,390459,NA,NA,124
PGS003400,PSS010097,European,PPM016409,NA,NA,NA,NA,NA,390459,NA,NA,125
PGS003400,PSS010097,European,PPM016410,NA,NA,NA,NA,NA,390459,NA,NA,126
PGS003400,PSS010097,European,PPM016411,NA,NA,NA,NA,NA,390459,NA,NA,127
PGS003400,PSS010097,European,PPM016412,NA,NA,NA,NA,NA,390459,NA,NA,128
PGS003400,PSS010097,European,PPM016413,NA,NA,NA,NA,NA,390459,NA,NA,129
PGS003400,PSS010097,European,PPM016414,NA,NA,NA,NA,NA,390459,NA,NA,130
PGS003400,PSS010097,European,PPM016415,NA,NA,NA,NA,NA,390459,NA,NA,131
PGS003400,PSS010097,European,PPM016416,NA,NA,NA,NA,NA,390459,NA,NA,132
PGS003400,PSS010097,European,PPM016417,NA,NA,NA,NA,NA,390459,NA,NA,133
PGS003400,PSS010097,European,PPM016418,NA,NA,NA,NA,NA,390459,NA,NA,134
PGS003400,PSS010097,European,PPM016419,NA,NA,NA,NA,NA,390459,NA,NA,135
PGS003400,PSS010097,European,PPM016420,NA,NA,NA,NA,NA,390459,NA,NA,136
PGS003400,PSS010097,European,PPM016421,NA,NA,NA,NA,NA,390459,NA,NA,137
PGS003400,PSS010097,European,PPM016422,NA,NA,NA,NA,NA,390459,NA,NA,138
PGS003400,PSS010097,European,PPM016423,NA,NA,NA,NA,NA,390459,NA,NA,139
PGS003400,PSS010097,European,PPM016424,NA,NA,NA,NA,NA,390459,NA,NA,140
PGS003400,PSS010097,European,PPM016425,NA,NA,NA,NA,NA,390459,NA,NA,141
PGS003400,PSS010097,European,PPM016426,NA,NA,NA,NA,NA,390459,NA,NA,142
PGS003400,PSS010097,European,PPM016427,NA,NA,NA,NA,NA,390459,NA,NA,143
PGS003400,PSS010097,European,PPM016428,NA,NA,NA,NA,NA,390459,NA,NA,144
PGS003400,PSS010097,European,PPM016429,NA,NA,NA,NA,NA,390459,NA,NA,145
PGS003400,PSS010097,European,PPM016430,NA,NA,NA,NA,NA,390459,NA,NA,146
PGS003400,PSS010097,European,PPM016431,NA,NA,NA,NA,NA,390459,NA,NA,147
PGS003400,PSS010097,European,PPM016432,NA,NA,NA,NA,NA,390459,NA,NA,148
PGS003400,PSS010097,European,PPM016433,NA,NA,NA,NA,NA,390459,NA,NA,149
PGS003400,PSS010097,European,PPM016434,NA,NA,NA,NA,NA,390459,NA,NA,150
PGS003400,PSS010097,European,PPM016435,NA,NA,NA,NA,NA,390459,NA,NA,151
PGS003400,PSS010097,European,PPM016436,NA,NA,NA,NA,NA,390459,NA,NA,152
PGS003400,PSS010097,European,PPM016437,NA,NA,NA,NA,NA,390459,NA,NA,153
PGS003400,PSS010097,European,PPM016438,NA,NA,NA,NA,NA,390459,NA,NA,154
PGS003400,PSS010097,European,PPM016439,NA,NA,NA,NA,NA,390459,NA,NA,155
PGS003400,PSS010097,European,PPM016440,NA,NA,NA,NA,NA,390459,NA,NA,156
PGS003400,PSS010097,European,PPM016441,NA,NA,NA,NA,NA,390459,NA,NA,157
PGS003400,PSS010097,European,PPM016442,NA,NA,NA,NA,NA,390459,NA,NA,158
PGS003400,PSS010097,European,PPM016443,NA,NA,NA,NA,NA,390459,NA,NA,159
PGS003400,PSS010097,European,PPM016444,NA,NA,NA,NA,NA,390459,NA,NA,160
PGS003400,PSS010097,European,PPM016445,NA,NA,NA,NA,NA,390459,NA,NA,161
PGS003400,PSS010097,European,PPM016446,NA,NA,NA,NA,NA,390459,NA,NA,162
PGS003402,PSS010101,South Asian,PPM017033,NA,NA,NA,NA,1771.3060344827586,3712,514,3198,2
PGS003402,PSS010101,South Asian,PPM017034,NA,NA,NA,NA,1771.3060344827586,3712,514,3198,3
PGS003402,PSS010101,South Asian,PPM017035,NA,NA,NA,NA,1771.3060344827586,3712,514,3198,4
PGS003402,PSS010101,South Asian,PPM017036,NA,NA,NA,NA,1771.3060344827586,3712,514,3198,5
PGS003402,PSS010101,South Asian,PPM017037,NA,NA,NA,NA,1771.3060344827586,3712,514,3198,6
PGS003402,PSS010101,South Asian,PPM017038,NA,NA,NA,NA,1771.3060344827586,3712,514,3198,7
PGS003402,PSS010101,South Asian,PPM017039,NA,NA,NA,NA,1771.3060344827586,3712,514,3198,8
PGS003402,PSS010101,South Asian,PPM017040,NA,NA,NA,NA,1771.3060344827586,3712,514,3198,9
PGS003403,PSS010102,European,PPM017042,NA,NA,NA,NA,NA,626,NA,NA,2
PGS003406,PSS010105,European,PPM017048,C-index,0.652,NA,NA,3272.482794397372,69396,828,68568,2
PGS003407,PSS010105,European,PPM017049,C-index,0.571,NA,NA,3272.482794397372,69396,828,68568,2
PGS003408,PSS010105,European,PPM017050,C-index,0.727,NA,NA,3272.482794397372,69396,828,68568,2
PGS003409,PSS010105,European,PPM017051,C-index,0.65,NA,NA,3272.482794397372,69396,828,68568,2
PGS003410,PSS010105,European,PPM017052,C-index,0.593,NA,NA,3272.482794397372,69396,828,68568,2
PGS003411,PSS010105,European,PPM017053,C-index,0.722,NA,NA,3272.482794397372,69396,828,68568,2
PGS003412,PSS010107,European,PPM017062,NA,NA,NA,NA,NA,38845,NA,NA,2
PGS003415,PSS010112,European,PPM017068,C-index,0.772,0.768,0.777,NA,170850,NA,NA,2
PGS003437,PSS010136,European,PPM017147,NA,NA,NA,NA,1689.2987363939671,264956,423,264533,2
PGS003437,PSS010136,European,PPM017148,NA,NA,NA,NA,1689.2987363939671,264956,423,264533,3
PGS003437,PSS010136,European,PPM017149,NA,NA,NA,NA,1689.2987363939671,264956,423,264533,4
PGS003438,PSS010137,European,PPM017154,C-index,0.74,0.73,0.74,NA,330201,NA,NA,2
PGS003438,PSS010137,European,PPM017156,C-index,0.71,0.7,0.73,NA,330201,NA,NA,3
PGS003438,PSS010137,European,PPM017155,C-index,0.68,0.67,0.69,NA,330201,NA,NA,4
PGS003438,PSS010137,European,PPM017150,NA,NA,NA,NA,NA,330201,NA,NA,5
PGS003438,PSS010137,European,PPM017151,NA,NA,NA,NA,NA,330201,NA,NA,6
PGS003438,PSS010137,European,PPM017152,NA,NA,NA,NA,NA,330201,NA,NA,7
PGS003438,PSS010137,European,PPM017153,NA,NA,NA,NA,NA,330201,NA,NA,8
PGS003439,PSS010138,European,PPM017159,AUC,0.72,0.7,0.74,NA,66282,NA,NA,2
PGS003448,PSS010176,European,PPM017238,NA,NA,NA,NA,20071.251614184963,20134,10629,9505,2
PGS003448,PSS010176,European,PPM017246,NA,NA,NA,NA,20071.251614184963,20134,10629,9505,3
PGS003448,PSS010176,European,PPM017254,NA,NA,NA,NA,20071.251614184963,20134,10629,9505,4
PGS003449,PSS010176,European,PPM017239,NA,NA,NA,NA,20071.251614184963,20134,10629,9505,2
PGS003449,PSS010176,European,PPM017247,NA,NA,NA,NA,20071.251614184963,20134,10629,9505,3
PGS003449,PSS010176,European,PPM017255,NA,NA,NA,NA,20071.251614184963,20134,10629,9505,4
PGS003450,PSS010176,European,PPM017237,NA,NA,NA,NA,20071.251614184963,20134,10629,9505,2
PGS003450,PSS010176,European,PPM017245,NA,NA,NA,NA,20071.251614184963,20134,10629,9505,3
PGS003450,PSS010176,European,PPM017253,NA,NA,NA,NA,20071.251614184963,20134,10629,9505,4
PGS003451,PSS010176,European,PPM017235,NA,NA,NA,NA,20071.251614184963,20134,10629,9505,2
PGS003451,PSS010176,European,PPM017243,NA,NA,NA,NA,20071.251614184963,20134,10629,9505,3
PGS003451,PSS010176,European,PPM017251,NA,NA,NA,NA,20071.251614184963,20134,10629,9505,4
PGS003452,PSS010176,European,PPM017236,NA,NA,NA,NA,20071.251614184963,20134,10629,9505,2
PGS003452,PSS010176,European,PPM017244,NA,NA,NA,NA,20071.251614184963,20134,10629,9505,3
PGS003452,PSS010176,European,PPM017252,NA,NA,NA,NA,20071.251614184963,20134,10629,9505,4
PGS003453,PSS010176,European,PPM017232,NA,NA,NA,NA,20071.251614184963,20134,10629,9505,2
PGS003453,PSS010176,European,PPM017240,NA,NA,NA,NA,20071.251614184963,20134,10629,9505,3
PGS003453,PSS010176,European,PPM017248,NA,NA,NA,NA,20071.251614184963,20134,10629,9505,4
PGS003454,PSS010176,European,PPM017233,NA,NA,NA,NA,20071.251614184963,20134,10629,9505,2
PGS003454,PSS010176,European,PPM017241,NA,NA,NA,NA,20071.251614184963,20134,10629,9505,3
PGS003454,PSS010176,European,PPM017249,NA,NA,NA,NA,20071.251614184963,20134,10629,9505,4
PGS003455,PSS010176,European,PPM017234,NA,NA,NA,NA,20071.251614184963,20134,10629,9505,2
PGS003455,PSS010176,European,PPM017242,NA,NA,NA,NA,20071.251614184963,20134,10629,9505,3
PGS003455,PSS010176,European,PPM017250,NA,NA,NA,NA,20071.251614184963,20134,10629,9505,4
PGS003457,PSS010179,European,PPM017258,NA,NA,NA,NA,338.151047844998,5058,86,4972,2
PGS003460,PSS011212,Sub-Saharan African,PPM019149,NA,NA,NA,NA,NA,113,113,0,2
PGS003461,PSS010183,European,PPM017266,NA,NA,NA,NA,NA,62927,NA,NA,2
PGS003461,PSS010183,European,PPM017267,NA,NA,NA,NA,NA,62927,NA,NA,3
PGS003461,PSS010183,European,PPM017268,NA,NA,NA,NA,NA,62927,NA,NA,4
PGS003461,PSS010183,European,PPM017269,NA,NA,NA,NA,NA,62927,NA,NA,5
PGS003462,PSS010185,Hispanic or Latin American,PPM017295,NA,NA,NA,NA,NA,1115,NA,NA,2
PGS003462,PSS010185,Hispanic or Latin American,PPM017340,NA,NA,NA,NA,NA,1115,NA,NA,3
PGS003462,PSS010185,Hispanic or Latin American,PPM017341,NA,NA,NA,NA,NA,1115,NA,NA,4
PGS003462,PSS010185,Hispanic or Latin American,PPM017360,NA,NA,NA,NA,NA,1115,NA,NA,5
PGS003462,PSS010185,Hispanic or Latin American,PPM017361,NA,NA,NA,NA,NA,1115,NA,NA,6
PGS003462,PSS010185,Hispanic or Latin American,PPM017392,NA,NA,NA,NA,NA,1115,NA,NA,7
PGS003462,PSS010185,Hispanic or Latin American,PPM017402,NA,NA,NA,NA,NA,1115,NA,NA,8
PGS003463,PSS010185,Hispanic or Latin American,PPM017296,NA,NA,NA,NA,NA,1115,NA,NA,2
PGS003463,PSS010185,Hispanic or Latin American,PPM017342,NA,NA,NA,NA,NA,1115,NA,NA,3
PGS003463,PSS010185,Hispanic or Latin American,PPM017343,NA,NA,NA,NA,NA,1115,NA,NA,4
PGS003463,PSS010185,Hispanic or Latin American,PPM017362,NA,NA,NA,NA,NA,1115,NA,NA,5
PGS003463,PSS010185,Hispanic or Latin American,PPM017363,NA,NA,NA,NA,NA,1115,NA,NA,6
PGS003463,PSS010185,Hispanic or Latin American,PPM017393,NA,NA,NA,NA,NA,1115,NA,NA,7
PGS003463,PSS010185,Hispanic or Latin American,PPM017403,NA,NA,NA,NA,NA,1115,NA,NA,8
PGS003464,PSS010185,Hispanic or Latin American,PPM017297,NA,NA,NA,NA,NA,1115,NA,NA,2
PGS003465,PSS010185,Hispanic or Latin American,PPM017298,NA,NA,NA,NA,NA,1115,NA,NA,2
PGS003466,PSS010185,Hispanic or Latin American,PPM017299,NA,NA,NA,NA,NA,1115,NA,NA,2
PGS003466,PSS010185,Hispanic or Latin American,PPM017344,NA,NA,NA,NA,NA,1115,NA,NA,3
PGS003466,PSS010185,Hispanic or Latin American,PPM017345,NA,NA,NA,NA,NA,1115,NA,NA,4
PGS003466,PSS010185,Hispanic or Latin American,PPM017364,NA,NA,NA,NA,NA,1115,NA,NA,5
PGS003466,PSS010185,Hispanic or Latin American,PPM017365,NA,NA,NA,NA,NA,1115,NA,NA,6
PGS003466,PSS010185,Hispanic or Latin American,PPM017394,NA,NA,NA,NA,NA,1115,NA,NA,7
PGS003466,PSS010185,Hispanic or Latin American,PPM017404,NA,NA,NA,NA,NA,1115,NA,NA,8
PGS003467,PSS010185,Hispanic or Latin American,PPM017301,NA,NA,NA,NA,NA,1115,NA,NA,2
PGS003468,PSS010185,Hispanic or Latin American,PPM017302,NA,NA,NA,NA,NA,1115,NA,NA,2
PGS003469,PSS010185,Hispanic or Latin American,PPM017303,NA,NA,NA,NA,NA,1115,NA,NA,2
PGS003469,PSS010185,Hispanic or Latin American,PPM017348,NA,NA,NA,NA,NA,1115,NA,NA,3
PGS003469,PSS010185,Hispanic or Latin American,PPM017349,NA,NA,NA,NA,NA,1115,NA,NA,4
PGS003469,PSS010185,Hispanic or Latin American,PPM017368,NA,NA,NA,NA,NA,1115,NA,NA,5
PGS003469,PSS010185,Hispanic or Latin American,PPM017369,NA,NA,NA,NA,NA,1115,NA,NA,6
PGS003469,PSS010185,Hispanic or Latin American,PPM017396,NA,NA,NA,NA,NA,1115,NA,NA,7
PGS003469,PSS010185,Hispanic or Latin American,PPM017406,NA,NA,NA,NA,NA,1115,NA,NA,8
PGS003470,PSS010185,Hispanic or Latin American,PPM017304,NA,NA,NA,NA,NA,1115,NA,NA,2
PGS003471,PSS010185,Hispanic or Latin American,PPM017300,NA,NA,NA,NA,NA,1115,NA,NA,2
PGS003471,PSS010185,Hispanic or Latin American,PPM017346,NA,NA,NA,NA,NA,1115,NA,NA,3
PGS003471,PSS010185,Hispanic or Latin American,PPM017347,NA,NA,NA,NA,NA,1115,NA,NA,4
PGS003471,PSS010185,Hispanic or Latin American,PPM017366,NA,NA,NA,NA,NA,1115,NA,NA,5
PGS003471,PSS010185,Hispanic or Latin American,PPM017367,NA,NA,NA,NA,NA,1115,NA,NA,6
PGS003471,PSS010185,Hispanic or Latin American,PPM017395,NA,NA,NA,NA,NA,1115,NA,NA,7
PGS003471,PSS010185,Hispanic or Latin American,PPM017405,NA,NA,NA,NA,NA,1115,NA,NA,8
PGS003472,PSS010185,Hispanic or Latin American,PPM017305,NA,NA,NA,NA,NA,1115,NA,NA,2
PGS003473,PSS010185,Hispanic or Latin American,PPM017306,NA,NA,NA,NA,NA,1115,NA,NA,2
PGS003473,PSS010185,Hispanic or Latin American,PPM017350,NA,NA,NA,NA,NA,1115,NA,NA,3
PGS003473,PSS010185,Hispanic or Latin American,PPM017351,NA,NA,NA,NA,NA,1115,NA,NA,4
PGS003473,PSS010185,Hispanic or Latin American,PPM017370,NA,NA,NA,NA,NA,1115,NA,NA,5
PGS003473,PSS010185,Hispanic or Latin American,PPM017371,NA,NA,NA,NA,NA,1115,NA,NA,6
PGS003473,PSS010185,Hispanic or Latin American,PPM017397,NA,NA,NA,NA,NA,1115,NA,NA,7
PGS003473,PSS010185,Hispanic or Latin American,PPM017407,NA,NA,NA,NA,NA,1115,NA,NA,8
PGS003474,PSS010185,Hispanic or Latin American,PPM017307,NA,NA,NA,NA,NA,1115,NA,NA,2
PGS003475,PSS010185,Hispanic or Latin American,PPM017308,NA,NA,NA,NA,NA,1115,NA,NA,2
PGS003476,PSS010185,Hispanic or Latin American,PPM017309,NA,NA,NA,NA,NA,1115,NA,NA,2
PGS003476,PSS010185,Hispanic or Latin American,PPM017352,NA,NA,NA,NA,NA,1115,NA,NA,3
PGS003476,PSS010185,Hispanic or Latin American,PPM017353,NA,NA,NA,NA,NA,1115,NA,NA,4
PGS003476,PSS010185,Hispanic or Latin American,PPM017372,NA,NA,NA,NA,NA,1115,NA,NA,5
PGS003476,PSS010185,Hispanic or Latin American,PPM017373,NA,NA,NA,NA,NA,1115,NA,NA,6
PGS003476,PSS010185,Hispanic or Latin American,PPM017398,NA,NA,NA,NA,NA,1115,NA,NA,7
PGS003476,PSS010185,Hispanic or Latin American,PPM017408,NA,NA,NA,NA,NA,1115,NA,NA,8
PGS003477,PSS010185,Hispanic or Latin American,PPM017310,NA,NA,NA,NA,NA,1115,NA,NA,2
PGS003477,PSS010185,Hispanic or Latin American,PPM017354,NA,NA,NA,NA,NA,1115,NA,NA,3
PGS003477,PSS010185,Hispanic or Latin American,PPM017355,NA,NA,NA,NA,NA,1115,NA,NA,4
PGS003477,PSS010185,Hispanic or Latin American,PPM017374,NA,NA,NA,NA,NA,1115,NA,NA,5
PGS003477,PSS010185,Hispanic or Latin American,PPM017375,NA,NA,NA,NA,NA,1115,NA,NA,6
PGS003477,PSS010185,Hispanic or Latin American,PPM017399,NA,NA,NA,NA,NA,1115,NA,NA,7
PGS003477,PSS010185,Hispanic or Latin American,PPM017409,NA,NA,NA,NA,NA,1115,NA,NA,8
PGS003478,PSS010185,Hispanic or Latin American,PPM017311,NA,NA,NA,NA,NA,1115,NA,NA,2
PGS003479,PSS010185,Hispanic or Latin American,PPM017319,NA,NA,NA,NA,NA,1115,NA,NA,2
PGS003479,PSS010185,Hispanic or Latin American,PPM017320,NA,NA,NA,NA,NA,1115,NA,NA,3
PGS003479,PSS010185,Hispanic or Latin American,PPM017321,NA,NA,NA,NA,NA,1115,NA,NA,4
PGS003479,PSS010185,Hispanic or Latin American,PPM017322,NA,NA,NA,NA,NA,1115,NA,NA,5
PGS003479,PSS010185,Hispanic or Latin American,PPM017323,NA,NA,NA,NA,NA,1115,NA,NA,6
PGS003479,PSS010185,Hispanic or Latin American,PPM017324,NA,NA,NA,NA,NA,1115,NA,NA,7
PGS003479,PSS010185,Hispanic or Latin American,PPM017325,NA,NA,NA,NA,NA,1115,NA,NA,8
PGS003479,PSS010185,Hispanic or Latin American,PPM017326,NA,NA,NA,NA,NA,1115,NA,NA,9
PGS003479,PSS010185,Hispanic or Latin American,PPM017327,NA,NA,NA,NA,NA,1115,NA,NA,10
PGS003479,PSS010185,Hispanic or Latin American,PPM017328,NA,NA,NA,NA,NA,1115,NA,NA,11
PGS003479,PSS010185,Hispanic or Latin American,PPM017329,NA,NA,NA,NA,NA,1115,NA,NA,12
PGS003479,PSS010185,Hispanic or Latin American,PPM017330,NA,NA,NA,NA,NA,1115,NA,NA,13
PGS003479,PSS010185,Hispanic or Latin American,PPM017331,NA,NA,NA,NA,NA,1115,NA,NA,14
PGS003479,PSS010185,Hispanic or Latin American,PPM017332,NA,NA,NA,NA,NA,1115,NA,NA,15
PGS003479,PSS010185,Hispanic or Latin American,PPM017333,NA,NA,NA,NA,NA,1115,NA,NA,16
PGS003479,PSS010185,Hispanic or Latin American,PPM017334,NA,NA,NA,NA,NA,1115,NA,NA,17
PGS003479,PSS010185,Hispanic or Latin American,PPM017335,NA,NA,NA,NA,NA,1115,NA,NA,18
PGS003479,PSS010185,Hispanic or Latin American,PPM017336,NA,NA,NA,NA,NA,1115,NA,NA,19
PGS003479,PSS010185,Hispanic or Latin American,PPM017337,NA,NA,NA,NA,NA,1115,NA,NA,20
PGS003479,PSS010185,Hispanic or Latin American,PPM017338,NA,NA,NA,NA,NA,1115,NA,NA,21
PGS003479,PSS010185,Hispanic or Latin American,PPM017339,NA,NA,NA,NA,NA,1115,NA,NA,22
PGS003479,PSS010185,Hispanic or Latin American,PPM017380,NA,NA,NA,NA,NA,1115,NA,NA,23
PGS003479,PSS010185,Hispanic or Latin American,PPM017381,NA,NA,NA,NA,NA,1115,NA,NA,24
PGS003479,PSS010185,Hispanic or Latin American,PPM017382,NA,NA,NA,NA,NA,1115,NA,NA,25
PGS003479,PSS010185,Hispanic or Latin American,PPM017383,NA,NA,NA,NA,NA,1115,NA,NA,26
PGS003479,PSS010185,Hispanic or Latin American,PPM017384,NA,NA,NA,NA,NA,1115,NA,NA,27
PGS003479,PSS010185,Hispanic or Latin American,PPM017385,NA,NA,NA,NA,NA,1115,NA,NA,28
PGS003479,PSS010185,Hispanic or Latin American,PPM017386,NA,NA,NA,NA,NA,1115,NA,NA,29
PGS003479,PSS010185,Hispanic or Latin American,PPM017387,NA,NA,NA,NA,NA,1115,NA,NA,30
PGS003479,PSS010185,Hispanic or Latin American,PPM017388,NA,NA,NA,NA,NA,1115,NA,NA,31
PGS003479,PSS010185,Hispanic or Latin American,PPM017389,NA,NA,NA,NA,NA,1115,NA,NA,32
PGS003479,PSS010185,Hispanic or Latin American,PPM017390,NA,NA,NA,NA,NA,1115,NA,NA,33
PGS003479,PSS010185,Hispanic or Latin American,PPM017391,NA,NA,NA,NA,NA,1115,NA,NA,34
PGS003480,PSS010185,Hispanic or Latin American,PPM017312,NA,NA,NA,NA,NA,1115,NA,NA,2
PGS003481,PSS010185,Hispanic or Latin American,PPM017313,NA,NA,NA,NA,NA,1115,NA,NA,2
PGS003482,PSS010185,Hispanic or Latin American,PPM017314,NA,NA,NA,NA,NA,1115,NA,NA,2
PGS003483,PSS010185,Hispanic or Latin American,PPM017315,NA,NA,NA,NA,NA,1115,NA,NA,2
PGS003484,PSS010185,Hispanic or Latin American,PPM017316,NA,NA,NA,NA,NA,1115,NA,NA,2
PGS003484,PSS010185,Hispanic or Latin American,PPM017356,NA,NA,NA,NA,NA,1115,NA,NA,3
PGS003484,PSS010185,Hispanic or Latin American,PPM017357,NA,NA,NA,NA,NA,1115,NA,NA,4
PGS003484,PSS010185,Hispanic or Latin American,PPM017376,NA,NA,NA,NA,NA,1115,NA,NA,5
PGS003484,PSS010185,Hispanic or Latin American,PPM017377,NA,NA,NA,NA,NA,1115,NA,NA,6
PGS003484,PSS010185,Hispanic or Latin American,PPM017400,NA,NA,NA,NA,NA,1115,NA,NA,7
PGS003484,PSS010185,Hispanic or Latin American,PPM017410,NA,NA,NA,NA,NA,1115,NA,NA,8
PGS003485,PSS010185,Hispanic or Latin American,PPM017317,NA,NA,NA,NA,NA,1115,NA,NA,2
PGS003485,PSS010185,Hispanic or Latin American,PPM017358,NA,NA,NA,NA,NA,1115,NA,NA,3
PGS003485,PSS010185,Hispanic or Latin American,PPM017359,NA,NA,NA,NA,NA,1115,NA,NA,4
PGS003485,PSS010185,Hispanic or Latin American,PPM017378,NA,NA,NA,NA,NA,1115,NA,NA,5
PGS003485,PSS010185,Hispanic or Latin American,PPM017379,NA,NA,NA,NA,NA,1115,NA,NA,6
PGS003485,PSS010185,Hispanic or Latin American,PPM017401,NA,NA,NA,NA,NA,1115,NA,NA,7
PGS003485,PSS010185,Hispanic or Latin American,PPM017411,NA,NA,NA,NA,NA,1115,NA,NA,8
PGS003574,PSS010944,European,PPM018176,NA,NA,NA,NA,18670.839922275605,364879,4729,360150,2
PGS003574,PSS010944,South Asian,PPM018176,NA,NA,NA,NA,288.8018004501125,6665,73,6592,2
PGS003575,PSS010945,European,PPM018178,NA,NA,NA,NA,NA,2286,NA,NA,2
PGS003575,PSS010945,European,PPM018179,NA,NA,NA,NA,NA,2286,NA,NA,3
PGS003725,PSS012103,East Asian,PPM023040,NA,NA,NA,NA,NA,6,NA,NA,2
PGS003725,PSS012103,East Asian,PPM023041,NA,NA,NA,NA,NA,6,NA,NA,3
PGS003725,PSS012103,European,PPM023040,NA,NA,NA,NA,NA,379,NA,NA,2
PGS003725,PSS012103,European,PPM023041,NA,NA,NA,NA,NA,379,NA,NA,3
PGS003725,PSS012103,South Asian,PPM023040,NA,NA,NA,NA,NA,1,NA,NA,2
PGS003725,PSS012103,South Asian,PPM023041,NA,NA,NA,NA,NA,1,NA,NA,3
PGS003753,PSS011004,Hispanic or Latin American,PPM018516,NA,NA,NA,NA,NA,237,NA,NA,2
PGS003753,PSS011004,Hispanic or Latin American,PPM018517,NA,NA,NA,NA,NA,237,NA,NA,3
PGS003755,PSS011006,East Asian,PPM018525,AUC,0.582,0.496,0.668,NA,1655,NA,NA,2
PGS003755,PSS011006,East Asian,PPM018519,NA,NA,NA,NA,NA,1655,NA,NA,3
PGS003755,PSS011006,East Asian,PPM018520,NA,NA,NA,NA,NA,1655,NA,NA,4
PGS003755,PSS011006,East Asian,PPM018523,NA,NA,NA,NA,NA,1655,NA,NA,5
PGS003755,PSS011006,East Asian,PPM018524,NA,NA,NA,NA,NA,1655,NA,NA,6
PGS003763,PSS011026,European,PPM018564,NA,NA,NA,NA,NA,314998,NA,NA,2
PGS003849,PSS011056,European,PPM018657,NA,NA,NA,NA,NA,1986,NA,NA,2
PGS003849,PSS011056,European,PPM018658,NA,NA,NA,NA,NA,1986,NA,NA,3
PGS003849,PSS011056,European,PPM018659,NA,NA,NA,NA,NA,1986,NA,NA,4
PGS003849,PSS011056,European,PPM018660,NA,NA,NA,NA,NA,1986,NA,NA,5
PGS003849,PSS011056,European,PPM018661,NA,NA,NA,NA,NA,1986,NA,NA,6
PGS003849,PSS011056,European,PPM018662,NA,NA,NA,NA,NA,1986,NA,NA,7
PGS003849,PSS011056,European,PPM018663,NA,NA,NA,NA,NA,1986,NA,NA,8
PGS003857,PSS011076,European,PPM018709,AUC,0.66,0.64,0.67,NA,34764,NA,NA,2
PGS003857,PSS011076,Hispanic or Latin American,PPM018709,AUC,0.66,0.64,0.67,NA,1182,NA,NA,2
PGS003858,PSS011076,European,PPM018711,AUC,0.62,0.61,0.64,NA,34764,NA,NA,2
PGS003858,PSS011076,Hispanic or Latin American,PPM018711,AUC,0.62,0.61,0.64,NA,1182,NA,NA,2
PGS003860,PSS011079,East Asian,PPM018729,AUC,0.66,0.621,0.699,NA,978,NA,NA,2
PGS003860,PSS011079,East Asian,PPM018725,AUC,0.653,0.619,0.687,NA,978,NA,NA,3
PGS003860,PSS011079,East Asian,PPM018733,AUC,0.648,0.601,0.694,NA,978,NA,NA,4
PGS003860,PSS011079,East Asian,PPM018721,AUC,0.61,0.415,0.805,NA,978,NA,NA,5
PGS003860,PSS011079,East Asian,PPM018717,NA,NA,NA,NA,NA,978,NA,NA,6
PGS003860,PSS011080,European,PPM018730,AUC,0.774,0.75,0.798,NA,6000,NA,NA,2
PGS003860,PSS011080,European,PPM018726,AUC,0.754,0.738,0.77,NA,6000,NA,NA,3
PGS003860,PSS011080,European,PPM018718,AUC,0.742,0.718,0.766,NA,6000,NA,NA,4
PGS003860,PSS011080,European,PPM018722,AUC,0.728,0.715,0.741,NA,6000,NA,NA,5
PGS003860,PSS011080,European,PPM018714,NA,NA,NA,NA,NA,6000,NA,NA,6
PGS003860,PSS011081,European,PPM018741,AUC,0.774,0.698,0.845,NA,1649,NA,NA,2
PGS003860,PSS011081,European,PPM018747,AUC,0.739,0.619,0.851,NA,1649,NA,NA,3
PGS003860,PSS011081,European,PPM018743,AUC,0.691,0.659,0.722,NA,1649,NA,NA,4
PGS003860,PSS011081,European,PPM018745,AUC,0.691,0.624,0.754,NA,1649,NA,NA,5
PGS003860,PSS011081,European,PPM018739,NA,NA,NA,NA,NA,1649,NA,NA,6
PGS003860,PSS011082,European,PPM018744,AUC,0.735,0.6,0.854,NA,1277,NA,NA,2
PGS003860,PSS011082,European,PPM018742,AUC,0.703,0.654,0.751,NA,1277,NA,NA,3
PGS003860,PSS011082,European,PPM018746,AUC,0.579,0.567,0.592,NA,1277,NA,NA,4
PGS003860,PSS011082,European,PPM018738,NA,NA,NA,NA,NA,1277,NA,NA,5
PGS003860,PSS011083,South Asian,PPM018732,AUC,0.695,0.664,0.726,NA,4641,NA,NA,2
PGS003860,PSS011083,South Asian,PPM018728,AUC,0.686,0.664,0.708,NA,4641,NA,NA,3
PGS003860,PSS011083,South Asian,PPM018720,AUC,0.676,0.631,0.721,NA,4641,NA,NA,4
PGS003860,PSS011083,South Asian,PPM018724,AUC,0.647,0.631,0.664,NA,4641,NA,NA,5
PGS003860,PSS011083,South Asian,PPM018716,NA,NA,NA,NA,NA,4641,NA,NA,6
PGS003955,PSS011180,Hispanic or Latin American,PPM019092,NA,NA,NA,NA,NA,4189,NA,NA,2
PGS003955,PSS011180,Hispanic or Latin American,PPM019094,NA,NA,NA,NA,NA,4189,NA,NA,3
PGS003956,PSS011180,Hispanic or Latin American,PPM019096,NA,NA,NA,NA,NA,4189,NA,NA,2
PGS003957,PSS011180,Hispanic or Latin American,PPM019095,NA,NA,NA,NA,NA,4189,NA,NA,2
PGS003958,PSS011180,Hispanic or Latin American,PPM019091,NA,NA,NA,NA,NA,4189,NA,NA,2
PGS003958,PSS011180,Hispanic or Latin American,PPM019093,NA,NA,NA,NA,NA,4189,NA,NA,3
PGS003960,PSS011186,European,PPM019115,AUC,0.65,0.63,0.67,1701.273821464393,1994,615,1379,2
PGS003960,PSS011188,European,PPM019116,AUC,0.63,0.6,0.66,1701.273821464393,1994,615,1379,2
PGS004165,PSS011294,East Asian,PPM020097,NA,NA,NA,NA,NA,55266,NA,NA,2
PGS004176,PSS011296,European,PPM020110,AUC,0.626942,NA,NA,NA,45334,NA,NA,2
PGS004176,PSS011296,European,PPM020109,AUC,0.626508,NA,NA,NA,45334,NA,NA,3
PGS004176,PSS011296,European,PPM020113,AUC,0.625567,NA,NA,NA,45334,NA,NA,4
PGS004176,PSS011296,European,PPM020112,AUC,0.625042,NA,NA,NA,45334,NA,NA,5
PGS004186,PSS011296,European,PPM020120,AUC,0.735012,NA,NA,NA,45334,NA,NA,2
PGS004221,PSS011297,European,PPM020155,NA,NA,NA,NA,NA,397,NA,NA,2
PGS004221,PSS011297,European,PPM020156,NA,NA,NA,NA,NA,397,NA,NA,3
PGS004223,PSS011299,European,PPM020159,NA,NA,NA,NA,NA,395809,NA,NA,2
PGS004223,PSS011299,European,PPM020160,NA,NA,NA,NA,NA,395809,NA,NA,3
PGS004223,PSS011299,European,PPM020161,NA,NA,NA,NA,NA,395809,NA,NA,4
PGS004225,PSS011306,East Asian,PPM020217,NA,NA,NA,NA,NA,5024,NA,NA,2
PGS004230,PSS011308,European,PPM020225,NA,NA,NA,NA,NA,1534,NA,NA,2
PGS004230,PSS011308,European,PPM020226,NA,NA,NA,NA,NA,1534,NA,NA,3
PGS004230,PSS011308,European,PPM020227,NA,NA,NA,NA,NA,1534,NA,NA,4
PGS004230,PSS011308,European,PPM020228,NA,NA,NA,NA,NA,1534,NA,NA,5
PGS004231,PSS011309,European,PPM020233,NA,NA,NA,NA,NA,408475,NA,NA,2
PGS004231,PSS011309,European,PPM020234,NA,NA,NA,NA,NA,408475,NA,NA,3
PGS004231,PSS011309,European,PPM020238,NA,NA,NA,NA,NA,408475,NA,NA,4
PGS004231,PSS011309,European,PPM020239,NA,NA,NA,NA,NA,408475,NA,NA,5
PGS004231,PSS011309,European,PPM020240,NA,NA,NA,NA,NA,408475,NA,NA,6
PGS004231,PSS011309,European,PPM020244,NA,NA,NA,NA,NA,408475,NA,NA,7
PGS004231,PSS011309,European,PPM020245,NA,NA,NA,NA,NA,408475,NA,NA,8
PGS004231,PSS011309,European,PPM020246,NA,NA,NA,NA,NA,408475,NA,NA,9
PGS004231,PSS011310,European,PPM020230,NA,NA,NA,NA,NA,1750,NA,NA,2
PGS004232,PSS011309,European,PPM020236,NA,NA,NA,NA,NA,408475,NA,NA,2
PGS004232,PSS011309,European,PPM020237,NA,NA,NA,NA,NA,408475,NA,NA,3
PGS004232,PSS011309,European,PPM020241,NA,NA,NA,NA,NA,408475,NA,NA,4
PGS004232,PSS011309,European,PPM020242,NA,NA,NA,NA,NA,408475,NA,NA,5
PGS004232,PSS011309,European,PPM020243,NA,NA,NA,NA,NA,408475,NA,NA,6
PGS004232,PSS011309,European,PPM020247,NA,NA,NA,NA,NA,408475,NA,NA,7
PGS004232,PSS011309,European,PPM020248,NA,NA,NA,NA,NA,408475,NA,NA,8
PGS004232,PSS011309,European,PPM020249,NA,NA,NA,NA,NA,408475,NA,NA,9
PGS004236,PSS011312,African American or Afro-Caribbean,PPM020256,AUC,0.656,NA,NA,NA,8822,NA,NA,2
PGS004236,PSS011312,African American or Afro-Caribbean,PPM020257,AUC,0.582,NA,NA,NA,8822,NA,NA,3
PGS004236,PSS011312,European,PPM020256,AUC,0.656,NA,NA,NA,22701,NA,NA,2
PGS004236,PSS011312,European,PPM020257,AUC,0.582,NA,NA,NA,22701,NA,NA,3
PGS004236,PSS011312,Hispanic or Latin American,PPM020256,AUC,0.656,NA,NA,NA,6718,NA,NA,2
PGS004236,PSS011312,Hispanic or Latin American,PPM020257,AUC,0.582,NA,NA,NA,6718,NA,NA,3
PGS004237,PSS011313,European,PPM020259,AUC,0.772,NA,NA,119443.20165980041,403422,32475,370947,2
PGS004237,PSS011313,European,PPM020258,AUC,0.766,NA,NA,119443.20165980041,403422,32475,370947,3
PGS004237,PSS011313,European,PPM020261,C-index,0.729,NA,NA,119443.20165980041,403422,32475,370947,4
PGS004237,PSS011313,European,PPM020262,NA,NA,NA,NA,119443.20165980041,403422,32475,370947,5
PGS004238,PSS011317,East Asian,PPM020271,AUC,0.666,0.595,0.737,223.95844155844154,385,68,317,2
PGS004315,PSS011349,European,PPM020384,NA,NA,NA,NA,NA,654,NA,NA,2
PGS004315,PSS011349,European,PPM020386,NA,NA,NA,NA,NA,654,NA,NA,3
PGS004315,PSS011349,European,PPM020388,NA,NA,NA,NA,NA,654,NA,NA,4
PGS004315,PSS011349,European,PPM020390,NA,NA,NA,NA,NA,654,NA,NA,5
PGS004315,PSS011349,European,PPM020393,NA,NA,NA,NA,NA,654,NA,NA,6
PGS004316,PSS011349,European,PPM020387,NA,NA,NA,NA,NA,654,NA,NA,2
PGS004316,PSS011349,European,PPM020389,NA,NA,NA,NA,NA,654,NA,NA,3
PGS004316,PSS011349,European,PPM020391,NA,NA,NA,NA,NA,654,NA,NA,4
PGS004316,PSS011349,European,PPM020394,NA,NA,NA,NA,NA,654,NA,NA,5
PGS004318,PSS011350,European,PPM020398,NA,NA,NA,NA,NA,53447,NA,NA,2
PGS004318,PSS011350,European,PPM020399,NA,NA,NA,NA,NA,53447,NA,NA,3
PGS004318,PSS011350,European,PPM020400,NA,NA,NA,NA,NA,53447,NA,NA,4
PGS004318,PSS011350,European,PPM020401,NA,NA,NA,NA,NA,53447,NA,NA,5
PGS004318,PSS011350,European,PPM020402,NA,NA,NA,NA,NA,53447,NA,NA,6
PGS004319,PSS011351,Hispanic or Latin American,PPM020404,NA,NA,NA,NA,NA,11747,NA,NA,2
PGS004319,PSS011351,Hispanic or Latin American,PPM020405,NA,NA,NA,NA,NA,11747,NA,NA,3
PGS004319,PSS011351,Hispanic or Latin American,PPM020406,NA,NA,NA,NA,NA,11747,NA,NA,4
PGS004319,PSS011351,Hispanic or Latin American,PPM020407,NA,NA,NA,NA,NA,11747,NA,NA,5
PGS004319,PSS011351,Hispanic or Latin American,PPM020408,NA,NA,NA,NA,NA,11747,NA,NA,6
PGS004319,PSS011351,Hispanic or Latin American,PPM020409,NA,NA,NA,NA,NA,11747,NA,NA,7
PGS004319,PSS011351,Hispanic or Latin American,PPM020410,NA,NA,NA,NA,NA,11747,NA,NA,8
PGS004319,PSS011351,Hispanic or Latin American,PPM020411,NA,NA,NA,NA,NA,11747,NA,NA,9
PGS004319,PSS011351,Hispanic or Latin American,PPM020412,NA,NA,NA,NA,NA,11747,NA,NA,10
PGS004319,PSS011351,Hispanic or Latin American,PPM020413,NA,NA,NA,NA,NA,11747,NA,NA,11
PGS004319,PSS011351,Hispanic or Latin American,PPM020414,NA,NA,NA,NA,NA,11747,NA,NA,12
PGS004321,PSS011357,European,PPM020427,NA,NA,NA,NA,NA,14298,NA,NA,2
PGS004321,PSS011357,European,PPM020428,NA,NA,NA,NA,NA,14298,NA,NA,3
PGS004322,PSS011358,European,PPM020430,NA,NA,NA,NA,NA,454493,NA,NA,2
PGS004323,PSS011360,East Asian,PPM020434,NA,NA,NA,NA,NA,2676,NA,NA,2
PGS004323,PSS011360,East Asian,PPM020435,NA,NA,NA,NA,NA,2676,NA,NA,3
PGS004323,PSS011360,East Asian,PPM020436,NA,NA,NA,NA,NA,2676,NA,NA,4
PGS004325,PSS011362,European,PPM020439,NA,NA,NA,NA,5768.775765827093,308490,1449,307041,2
PGS004326,PSS011363,European,PPM020441,NA,NA,NA,NA,8087.749484653311,342973,2034,340939,2
PGS004587,PSS011376,European,PPM020708,NA,NA,NA,NA,NA,337910,NA,NA,2
PGS004591,PSS011382,East Asian,PPM020721,NA,NA,NA,NA,31.673052362707537,783,8,775,2
PGS004591,PSS011382,European,PPM020721,NA,NA,NA,NA,54327.94284505652,340408,14172,326236,2
PGS004592,PSS011383,European,PPM020723,NA,NA,NA,NA,980.008016032064,998,432,566,2
PGS004595,PSS011389,European,PPM020746,NA,NA,NA,NA,NA,21824,NA,NA,2
PGS004596,PSS011390,European,PPM020751,NA,NA,NA,NA,NA,12780,NA,NA,2
PGS004597,PSS011390,European,PPM020752,NA,NA,NA,NA,NA,12780,NA,NA,2
PGS004598,PSS011390,European,PPM020750,NA,NA,NA,NA,NA,12780,NA,NA,2
PGS004599,PSS011391,East Asian,PPM020753,NA,NA,NA,NA,3121.819330385344,3166,1396,1770,2
PGS004600,PSS011392,European,PPM020756,NA,NA,NA,NA,NA,276,NA,NA,2
PGS004602,PSS011395,European,PPM020760,NA,NA,NA,NA,NA,357419,NA,NA,2
PGS004615,PSS011417,East Asian,PPM020792,AUC,0.657,NA,NA,18461.53846153846,26000,6000,20000,2
PGS004615,PSS011417,East Asian,PPM020793,AUC,0.639,NA,NA,18461.53846153846,26000,6000,20000,3
PGS004616,PSS011417,East Asian,PPM020795,AUC,0.617,NA,NA,18461.53846153846,26000,6000,20000,2
PGS004617,PSS011417,East Asian,PPM020797,AUC,0.632,NA,NA,18461.53846153846,26000,6000,20000,2
PGS004618,PSS011416,East Asian,PPM020799,AUC,0.661,NA,NA,29685.636934977036,33096,11236,21860,2
PGS004618,PSS011416,East Asian,PPM020800,AUC,0.649,NA,NA,29685.636934977036,33096,11236,21860,3
PGS004619,PSS011416,East Asian,PPM020802,AUC,0.625,NA,NA,29685.636934977036,33096,11236,21860,2
PGS004620,PSS011416,East Asian,PPM020804,AUC,0.636,NA,NA,29685.636934977036,33096,11236,21860,2
PGS004865,PSS011529,European,PPM021102,NA,NA,NA,NA,52916.49284837033,52925,26798,26127,2
PGS004865,PSS011529,European,PPM021103,NA,NA,NA,NA,52916.49284837033,52925,26798,26127,3
PGS004865,PSS011529,European,PPM021104,NA,NA,NA,NA,52916.49284837033,52925,26798,26127,4
PGS004865,PSS011529,European,PPM021105,NA,NA,NA,NA,52916.49284837033,52925,26798,26127,5
PGS004866,PSS011529,European,PPM021114,NA,NA,NA,NA,52916.49284837033,52925,26798,26127,2
PGS004866,PSS011529,European,PPM021115,NA,NA,NA,NA,52916.49284837033,52925,26798,26127,3
PGS004866,PSS011529,European,PPM021116,NA,NA,NA,NA,52916.49284837033,52925,26798,26127,4
PGS004866,PSS011529,European,PPM021117,NA,NA,NA,NA,52916.49284837033,52925,26798,26127,5
PGS004866,PSS011529,European,PPM021118,NA,NA,NA,NA,52916.49284837033,52925,26798,26127,6
PGS004866,PSS011529,European,PPM021119,NA,NA,NA,NA,52916.49284837033,52925,26798,26127,7
PGS004866,PSS011529,European,PPM021120,NA,NA,NA,NA,52916.49284837033,52925,26798,26127,8
PGS004866,PSS011529,European,PPM021121,NA,NA,NA,NA,52916.49284837033,52925,26798,26127,9
PGS004867,PSS011529,European,PPM021107,NA,NA,NA,NA,52916.49284837033,52925,26798,26127,2
PGS004867,PSS011529,European,PPM021108,NA,NA,NA,NA,52916.49284837033,52925,26798,26127,3
PGS004867,PSS011529,European,PPM021109,NA,NA,NA,NA,52916.49284837033,52925,26798,26127,4
PGS004867,PSS011529,European,PPM021110,NA,NA,NA,NA,52916.49284837033,52925,26798,26127,5
PGS004867,PSS011529,European,PPM021111,NA,NA,NA,NA,52916.49284837033,52925,26798,26127,6
PGS004867,PSS011529,European,PPM021112,NA,NA,NA,NA,52916.49284837033,52925,26798,26127,7
PGS004888,PSS011669,East Asian,PPM021268,C-index,0.668,NA,NA,NA,183,NA,NA,2
PGS004888,PSS011669,European,PPM021268,C-index,0.668,NA,NA,NA,9909,NA,NA,2
PGS004888,PSS011669,"Greater Middle Eastern (Middle Eastern, North African or Persian)",PPM021268,C-index,0.668,NA,NA,NA,83,NA,NA,2
PGS004888,PSS011669,Hispanic or Latin American,PPM021268,C-index,0.668,NA,NA,NA,757,NA,NA,2
PGS004888,PSS011669,South Asian,PPM021268,C-index,0.668,NA,NA,NA,82,NA,NA,2
PGS004889,PSS011670,East Asian,PPM021269,C-index,0.727,NA,NA,NA,181,NA,NA,2
PGS004889,PSS011670,European,PPM021269,C-index,0.727,NA,NA,NA,10041,NA,NA,2
PGS004889,PSS011670,"Greater Middle Eastern (Middle Eastern, North African or Persian)",PPM021269,C-index,0.727,NA,NA,NA,87,NA,NA,2
PGS004889,PSS011670,Hispanic or Latin American,PPM021269,C-index,0.727,NA,NA,NA,754,NA,NA,2
PGS004889,PSS011670,South Asian,PPM021269,C-index,0.727,NA,NA,NA,83,NA,NA,2
PGS004896,PSS011675,European,PPM021280,NA,NA,NA,NA,NA,389206,NA,NA,2
PGS004897,PSS011675,European,PPM021279,NA,NA,NA,NA,NA,389206,NA,NA,2
PGS004898,PSS011676,European,PPM021282,NA,NA,NA,NA,NA,1135,NA,NA,2
PGS004898,PSS011676,European,PPM021283,NA,NA,NA,NA,NA,1135,NA,NA,3
PGS004898,PSS011676,European,PPM021284,NA,NA,NA,NA,NA,1135,NA,NA,4
PGS004899,PSS011683,European,PPM021321,NA,NA,NA,NA,257895.5590104087,294465,95347,199118,2
PGS004899,PSS011684,European,PPM021323,NA,NA,NA,NA,56420.77973756019,314434,14802,299632,2
PGS004899,PSS011685,European,PPM021318,NA,NA,NA,NA,59335.950420312234,373056,15476,357580,2
PGS004899,PSS011685,European,PPM021319,NA,NA,NA,NA,59335.950420312234,373056,15476,357580,3
PGS004900,PSS011687,European,PPM021325,NA,NA,NA,NA,NA,2690,NA,NA,2
PGS004900,PSS011687,European,PPM021328,NA,NA,NA,NA,NA,2690,NA,NA,3
PGS004900,PSS011687,European,PPM021329,NA,NA,NA,NA,NA,2690,NA,NA,4
PGS004901,PSS011686,European,PPM021327,NA,NA,NA,NA,NA,2576,NA,NA,2
PGS004901,PSS011686,European,PPM021330,NA,NA,NA,NA,NA,2576,NA,NA,3
PGS004901,PSS011686,European,PPM021331,NA,NA,NA,NA,NA,2576,NA,NA,4
PGS004904,PSS011697,European,PPM021342,NA,NA,NA,NA,NA,113256,NA,NA,2
PGS004904,PSS011697,European,PPM021343,NA,NA,NA,NA,NA,113256,NA,NA,3
PGS004904,PSS011697,European,PPM021344,NA,NA,NA,NA,NA,113256,NA,NA,4
PGS004906,PSS011701,European,PPM021357,NA,NA,NA,NA,NA,3382,NA,NA,2
PGS004906,PSS011701,European,PPM021356,NA,NA,NA,NA,NA,2169,NA,NA,3
PGS004906,PSS011701,European,PPM021357,NA,NA,NA,NA,NA,2169,NA,NA,4
PGS004906,PSS011701,European,PPM021356,NA,NA,NA,NA,NA,1680,NA,NA,5
PGS004906,PSS011701,European,PPM021357,NA,NA,NA,NA,NA,1680,NA,NA,6
PGS004907,PSS011701,European,PPM021359,NA,NA,NA,NA,NA,3382,NA,NA,2
PGS004907,PSS011701,European,PPM021360,NA,NA,NA,NA,NA,3382,NA,NA,3
PGS004907,PSS011701,European,PPM021358,NA,NA,NA,NA,NA,2169,NA,NA,4
PGS004907,PSS011701,European,PPM021359,NA,NA,NA,NA,NA,2169,NA,NA,5
PGS004907,PSS011701,European,PPM021360,NA,NA,NA,NA,NA,2169,NA,NA,6
PGS004907,PSS011701,European,PPM021358,NA,NA,NA,NA,NA,1680,NA,NA,7
PGS004907,PSS011701,European,PPM021359,NA,NA,NA,NA,NA,1680,NA,NA,8
PGS004907,PSS011701,European,PPM021360,NA,NA,NA,NA,NA,1680,NA,NA,9
PGS004908,PSS011702,European,PPM021362,AUC,0.74,0.72,0.76,6748.576702944843,324805,1696,323109,2
PGS004909,PSS011703,European,PPM021365,AUC,0.78,0.71,0.86,NA,196,NA,NA,2
PGS004909,PSS011703,European,PPM021363,NA,NA,NA,NA,NA,196,NA,NA,3
PGS004912,PSS011705,European,PPM021371,AUC,0.546,NA,NA,19252.564262807333,24322,6609,17713,2
PGS004912,PSS011706,East Asian,PPM021369,AUC,0.556,NA,NA,1917.3788395904437,2344,672,1672,2
PGS004926,PSS011756,European,PPM021710,NA,NA,NA,NA,NA,2654,NA,NA,2
PGS004927,PSS011759,European,PPM021713,NA,NA,NA,NA,NA,4394,NA,NA,2
PGS004953,PSS011790,European,PPM021767,NA,NA,NA,NA,NA,15283,NA,NA,2
PGS004953,PSS011790,European,PPM021768,NA,NA,NA,NA,NA,15283,NA,NA,3
PGS005095,PSS011834,European,PPM022187,NA,NA,NA,NA,NA,952,NA,NA,2
PGS005095,PSS011834,Hispanic or Latin American,PPM022187,NA,NA,NA,NA,NA,233,NA,NA,2
PGS005103,PSS012115,East Asian,PPM023107,NA,NA,NA,NA,NA,5706,NA,NA,2
PGS005103,PSS012122,East Asian,PPM023113,NA,NA,NA,NA,NA,1064,NA,NA,2
PGS005120,PSS011913,Hispanic or Latin American,PPM022323,NA,NA,NA,NA,NA,2374,NA,NA,2
PGS005120,PSS011913,Hispanic or Latin American,PPM022326,NA,NA,NA,NA,NA,2374,NA,NA,3
PGS005120,PSS011913,Hispanic or Latin American,PPM022332,NA,NA,NA,NA,NA,2374,NA,NA,4
PGS005120,PSS011913,Hispanic or Latin American,PPM022335,NA,NA,NA,NA,NA,2374,NA,NA,5
PGS005120,PSS011913,Hispanic or Latin American,PPM022338,NA,NA,NA,NA,NA,2374,NA,NA,6
PGS005120,PSS011914,Hispanic or Latin American,PPM022324,NA,NA,NA,NA,NA,2904,NA,NA,2
PGS005120,PSS011914,Hispanic or Latin American,PPM022327,NA,NA,NA,NA,NA,2904,NA,NA,3
PGS005120,PSS011914,Hispanic or Latin American,PPM022333,NA,NA,NA,NA,NA,2904,NA,NA,4
PGS005120,PSS011914,Hispanic or Latin American,PPM022336,NA,NA,NA,NA,NA,2904,NA,NA,5
PGS005120,PSS011914,Hispanic or Latin American,PPM022339,NA,NA,NA,NA,NA,2904,NA,NA,6
PGS005120,PSS011915,European,PPM022325,NA,NA,NA,NA,NA,73790,NA,NA,2
PGS005120,PSS011915,European,PPM022328,NA,NA,NA,NA,NA,73790,NA,NA,3
PGS005120,PSS011915,European,PPM022334,NA,NA,NA,NA,NA,73790,NA,NA,4
PGS005120,PSS011915,European,PPM022337,NA,NA,NA,NA,NA,73790,NA,NA,5
PGS005120,PSS011915,European,PPM022340,NA,NA,NA,NA,NA,73790,NA,NA,6
PGS005158,PSS011930,European,PPM022379,NA,NA,NA,NA,NA,10836,NA,NA,2
PGS005159,PSS011934,European,PPM022386,NA,NA,NA,NA,NA,3094,NA,NA,2
PGS005168,PSS011946,European,PPM022408,NA,NA,NA,NA,39904.769635524135,246683,10416,236267,2
PGS005168,PSS011946,European,PPM022409,NA,NA,NA,NA,39904.769635524135,246683,10416,236267,3
PGS005168,PSS011946,European,PPM022410,NA,NA,NA,NA,39904.769635524135,246683,10416,236267,4
PGS005168,PSS011946,European,PPM022411,NA,NA,NA,NA,39904.769635524135,246683,10416,236267,5
PGS005168,PSS011946,European,PPM022412,NA,NA,NA,NA,39904.769635524135,246683,10416,236267,6
PGS005168,PSS011946,European,PPM022413,NA,NA,NA,NA,39904.769635524135,246683,10416,236267,7
PGS005168,PSS011946,European,PPM022414,NA,NA,NA,NA,39904.769635524135,246683,10416,236267,8
PGS005168,PSS011946,European,PPM022415,NA,NA,NA,NA,39904.769635524135,246683,10416,236267,9
PGS005168,PSS011946,European,PPM022416,NA,NA,NA,NA,39904.769635524135,246683,10416,236267,10
PGS005168,PSS011946,European,PPM022417,NA,NA,NA,NA,39904.769635524135,246683,10416,236267,11
PGS005168,PSS011946,European,PPM022418,NA,NA,NA,NA,39904.769635524135,246683,10416,236267,12
PGS005168,PSS011946,European,PPM022419,NA,NA,NA,NA,39904.769635524135,246683,10416,236267,13
PGS005168,PSS011946,European,PPM022420,NA,NA,NA,NA,39904.769635524135,246683,10416,236267,14
PGS005168,PSS011946,European,PPM022421,NA,NA,NA,NA,39904.769635524135,246683,10416,236267,15
PGS005168,PSS011946,European,PPM022422,NA,NA,NA,NA,39904.769635524135,246683,10416,236267,16
PGS005168,PSS011946,European,PPM022423,NA,NA,NA,NA,39904.769635524135,246683,10416,236267,17
PGS005168,PSS011946,European,PPM022424,NA,NA,NA,NA,39904.769635524135,246683,10416,236267,18
PGS005168,PSS011946,European,PPM022425,NA,NA,NA,NA,39904.769635524135,246683,10416,236267,19
PGS005168,PSS011946,European,PPM022426,NA,NA,NA,NA,39904.769635524135,246683,10416,236267,20
PGS005168,PSS011946,European,PPM022427,NA,NA,NA,NA,39904.769635524135,246683,10416,236267,21
PGS005168,PSS011946,European,PPM022428,NA,NA,NA,NA,39904.769635524135,246683,10416,236267,22
PGS005168,PSS011946,European,PPM022429,NA,NA,NA,NA,39904.769635524135,246683,10416,236267,23
PGS005168,PSS011946,European,PPM022430,NA,NA,NA,NA,39904.769635524135,246683,10416,236267,24
PGS005168,PSS011946,European,PPM022431,NA,NA,NA,NA,39904.769635524135,246683,10416,236267,25
PGS005168,PSS011946,European,PPM022432,NA,NA,NA,NA,39904.769635524135,246683,10416,236267,26
PGS005168,PSS011946,European,PPM022433,NA,NA,NA,NA,39904.769635524135,246683,10416,236267,27
PGS005168,PSS011946,European,PPM022434,NA,NA,NA,NA,39904.769635524135,246683,10416,236267,28
PGS005168,PSS011946,European,PPM022435,NA,NA,NA,NA,39904.769635524135,246683,10416,236267,29
PGS005168,PSS011946,European,PPM022436,NA,NA,NA,NA,39904.769635524135,246683,10416,236267,30
PGS005168,PSS011946,European,PPM022437,NA,NA,NA,NA,39904.769635524135,246683,10416,236267,31
PGS005168,PSS011946,European,PPM022438,NA,NA,NA,NA,39904.769635524135,246683,10416,236267,32
PGS005168,PSS011946,European,PPM022439,NA,NA,NA,NA,39904.769635524135,246683,10416,236267,33
PGS005168,PSS011946,European,PPM022440,NA,NA,NA,NA,39904.769635524135,246683,10416,236267,34
PGS005168,PSS011946,European,PPM022441,NA,NA,NA,NA,39904.769635524135,246683,10416,236267,35
PGS005168,PSS011946,European,PPM022442,NA,NA,NA,NA,39904.769635524135,246683,10416,236267,36
PGS005168,PSS011946,European,PPM022443,NA,NA,NA,NA,39904.769635524135,246683,10416,236267,37
PGS005168,PSS011946,European,PPM022444,NA,NA,NA,NA,39904.769635524135,246683,10416,236267,38
PGS005168,PSS011946,European,PPM022445,NA,NA,NA,NA,39904.769635524135,246683,10416,236267,39
PGS005168,PSS011946,European,PPM022446,NA,NA,NA,NA,39904.769635524135,246683,10416,236267,40
PGS005168,PSS011946,European,PPM022447,NA,NA,NA,NA,39904.769635524135,246683,10416,236267,41
PGS005168,PSS011946,European,PPM022448,NA,NA,NA,NA,39904.769635524135,246683,10416,236267,42
PGS005168,PSS011946,European,PPM022449,NA,NA,NA,NA,39904.769635524135,246683,10416,236267,43
PGS005168,PSS011946,European,PPM022450,NA,NA,NA,NA,39904.769635524135,246683,10416,236267,44
PGS005169,PSS011947,East Asian,PPM022452,NA,NA,NA,NA,2048,2048,1024,1024,2
PGS005171,PSS011973,European,PPM022494,NA,NA,NA,NA,NA,411749,NA,NA,2
PGS005199,PSS012016,African American or Afro-Caribbean,PPM022559,NA,NA,NA,NA,NA,18701,NA,NA,2
PGS005199,PSS012017,Hispanic or Latin American,PPM022560,NA,NA,NA,NA,NA,8096,NA,NA,2
PGS005199,PSS012019,European,PPM022561,NA,NA,NA,NA,NA,69828,NA,NA,2
PGS005200,PSS012016,African American or Afro-Caribbean,PPM022563,NA,NA,NA,NA,NA,18701,NA,NA,2
PGS005201,PSS012017,Hispanic or Latin American,PPM022564,NA,NA,NA,NA,NA,8096,NA,NA,2
PGS005203,PSS012019,European,PPM022566,NA,NA,NA,NA,NA,69828,NA,NA,2
PGS005205,PSS012025,European,PPM022591,NA,NA,NA,NA,NA,6393,NA,NA,2
PGS005218,PSS012042,European,PPM022615,AUC,0.698,0.693,0.703,119537.92220800178,431304,32304,399000,2
PGS005218,PSS012042,European,PPM022613,NA,NA,NA,NA,119537.92220800178,431304,32304,399000,3
PGS005218,PSS012042,European,PPM022614,NA,NA,NA,NA,119537.92220800178,431304,32304,399000,4
PGS005218,PSS012042,European,PPM022616,NA,NA,NA,NA,119537.92220800178,431304,32304,399000,5
PGS005218,PSS012042,European,PPM022618,NA,NA,NA,NA,119537.92220800178,431304,32304,399000,6
PGS005218,PSS012042,European,PPM022617,AUC,0.859,0.821,0.897,2817.5895263765888,10388,760,9628,7
PGS005218,PSS012042,European,PPM022615,AUC,0.698,0.693,0.703,2817.5895263765888,10388,760,9628,8
PGS005218,PSS012042,European,PPM022613,NA,NA,NA,NA,2817.5895263765888,10388,760,9628,9
PGS005218,PSS012042,European,PPM022614,NA,NA,NA,NA,2817.5895263765888,10388,760,9628,10
PGS005218,PSS012042,European,PPM022616,NA,NA,NA,NA,2817.5895263765888,10388,760,9628,11
PGS005218,PSS012042,European,PPM022618,NA,NA,NA,NA,2817.5895263765888,10388,760,9628,12
PGS005230,PSS012047,European,PPM022649,NA,NA,NA,NA,44199.68250935435,452196,11334,440862,2
PGS005230,PSS012047,European,PPM022650,NA,NA,NA,NA,44199.68250935435,452196,11334,440862,3
PGS005230,PSS012047,European,PPM022651,NA,NA,NA,NA,44199.68250935435,452196,11334,440862,4
PGS005230,PSS012047,European,PPM022652,NA,NA,NA,NA,44199.68250935435,452196,11334,440862,5
PGS005230,PSS012047,European,PPM022653,NA,NA,NA,NA,44199.68250935435,452196,11334,440862,6
PGS005230,PSS012047,European,PPM022654,NA,NA,NA,NA,44199.68250935435,452196,11334,440862,7
PGS005231,PSS012049,African American or Afro-Caribbean,PPM022662,NA,NA,NA,NA,NA,1834,NA,NA,2
PGS005231,PSS012049,African American or Afro-Caribbean,PPM022663,NA,NA,NA,NA,NA,1834,NA,NA,3
PGS005231,PSS012049,European,PPM022662,NA,NA,NA,NA,NA,2647,NA,NA,2
PGS005231,PSS012049,European,PPM022663,NA,NA,NA,NA,NA,2647,NA,NA,3
PGS005232,PSS012051,European,PPM022664,NA,NA,NA,NA,NA,25240,NA,NA,2
PGS005232,PSS012051,European,PPM022664,NA,NA,NA,NA,NA,25240,NA,NA,3
PGS005232,PSS012051,European,PPM022664,NA,NA,NA,NA,NA,25240,NA,NA,4
PGS005233,PSS012051,European,PPM022665,NA,NA,NA,NA,NA,25240,NA,NA,2
PGS005233,PSS012051,European,PPM022665,NA,NA,NA,NA,NA,25240,NA,NA,3
PGS005233,PSS012051,European,PPM022665,NA,NA,NA,NA,NA,25240,NA,NA,4
PGS005234,PSS012051,European,PPM022666,NA,NA,NA,NA,NA,25240,NA,NA,2
PGS005234,PSS012051,European,PPM022666,NA,NA,NA,NA,NA,25240,NA,NA,3
PGS005234,PSS012051,European,PPM022666,NA,NA,NA,NA,NA,25240,NA,NA,4
PGS005235,PSS012051,European,PPM022667,NA,NA,NA,NA,NA,25240,NA,NA,2
PGS005235,PSS012051,European,PPM022667,NA,NA,NA,NA,NA,25240,NA,NA,3
PGS005235,PSS012051,European,PPM022667,NA,NA,NA,NA,NA,25240,NA,NA,4
PGS005235,PSS012051,European,PPM022668,NA,NA,NA,NA,NA,25240,NA,NA,5
PGS005235,PSS012051,European,PPM022668,NA,NA,NA,NA,NA,25240,NA,NA,6
PGS005235,PSS012051,European,PPM022668,NA,NA,NA,NA,NA,25240,NA,NA,7
PGS005235,PSS012051,European,PPM022668,NA,NA,NA,NA,NA,25240,NA,NA,8
PGS005236,PSS012227,European,PPM030662,AUC,0.597,0.571,0.623,1037.22976724322,18732,263,18469,2
PGS005236,PSS012227,European,PPM030663,AUC,0.549,0.525,0.573,1037.22976724322,18732,263,18469,3
PGS005237,PSS012053,European,PPM022690,AUC,0.691,0.66,0.723,1071.5621890547263,1809,327,1482,2
PGS005237,PSS012054,European,PPM022685,AUC,0.668,0.635,0.701,1033.3782948019439,6791,269,6522,2
PGS005237,PSS012055,African American or Afro-Caribbean,PPM022675,AUC,0.578,0.518,0.638,319.57657375508927,3193,82,3111,2
PGS005237,PSS012056,European,PPM022670,AUC,0.683,0.674,0.693,12318.62705287756,184010,3133,180877,2
PGS005237,PSS012057,South Asian,PPM022680,AUC,0.726,0.63,0.821,119.29370217775163,5097,30,5067,2
PGS005238,PSS012053,European,PPM022691,AUC,0.717,0.687,0.747,1071.5621890547263,1809,327,1482,2
PGS005238,PSS012054,European,PPM022686,AUC,0.702,0.67,0.733,1033.3782948019439,6791,269,6522,2
PGS005238,PSS012055,African American or Afro-Caribbean,PPM022676,AUC,0.592,0.533,0.651,319.57657375508927,3193,82,3111,2
PGS005238,PSS012056,European,PPM022671,AUC,0.698,0.689,0.707,12318.62705287756,184010,3133,180877,2
PGS005238,PSS012057,South Asian,PPM022681,AUC,0.742,0.664,0.82,119.29370217775163,5097,30,5067,2
PGS005239,PSS012053,European,PPM022692,AUC,0.704,0.674,0.735,1071.5621890547263,1809,327,1482,2
PGS005239,PSS012054,European,PPM022687,AUC,0.678,0.646,0.71,1033.3782948019439,6791,269,6522,2
PGS005239,PSS012055,African American or Afro-Caribbean,PPM022677,AUC,0.596,0.538,0.655,319.57657375508927,3193,82,3111,2
PGS005239,PSS012056,European,PPM022672,AUC,0.685,0.676,0.695,12318.62705287756,184010,3133,180877,2
PGS005239,PSS012057,South Asian,PPM022682,AUC,0.709,0.623,0.795,119.29370217775163,5097,30,5067,2
PGS005240,PSS012053,European,PPM022693,AUC,0.702,0.672,0.732,1071.5621890547263,1809,327,1482,2
PGS005240,PSS012054,European,PPM022688,AUC,0.699,0.668,0.73,1033.3782948019439,6791,269,6522,2
PGS005240,PSS012055,African American or Afro-Caribbean,PPM022678,AUC,0.553,0.495,0.61,319.57657375508927,3193,82,3111,2
PGS005240,PSS012056,European,PPM022673,AUC,0.694,0.685,0.703,12318.62705287756,184010,3133,180877,2
PGS005240,PSS012057,South Asian,PPM022683,AUC,0.699,0.615,0.784,119.29370217775163,5097,30,5067,2
PGS005241,PSS012053,European,PPM022694,AUC,0.694,0.663,0.725,1071.5621890547263,1809,327,1482,2
PGS005241,PSS012054,European,PPM022689,AUC,0.64,0.606,0.674,1033.3782948019439,6791,269,6522,2
PGS005241,PSS012055,African American or Afro-Caribbean,PPM022679,AUC,0.55,0.483,0.616,319.57657375508927,3193,82,3111,2
PGS005241,PSS012056,European,PPM022674,AUC,0.644,0.634,0.653,12318.62705287756,184010,3133,180877,2
PGS005241,PSS012057,South Asian,PPM022684,AUC,0.594,0.486,0.703,119.29370217775163,5097,30,5067,2
PGS005279,PSS012075,East Asian,PPM022767,NA,NA,NA,NA,NA,11947,NA,NA,2
PGS005279,PSS012076,East Asian,PPM022766,NA,NA,NA,NA,NA,50195,NA,NA,2
PGS005279,PSS012077,East Asian,PPM022768,NA,NA,NA,NA,NA,6796,NA,NA,2
PGS005311,PSS012093,European,PPM023031,NA,NA,NA,NA,NA,4151,NA,NA,2
PGS005311,PSS012097,European,PPM023033,NA,NA,NA,NA,NA,1461,NA,NA,2
PGS005312,PSS012093,European,PPM023032,NA,NA,NA,NA,NA,4151,NA,NA,2
PGS005312,PSS012097,European,PPM023034,NA,NA,NA,NA,NA,1461,NA,NA,2
PGS005315,PSS012106,European,PPM023060,NA,NA,NA,NA,NA,32360,NA,NA,2
PGS005316,PSS012106,European,PPM023057,NA,NA,NA,NA,NA,32360,NA,NA,2
PGS005316,PSS012106,European,PPM023058,NA,NA,NA,NA,NA,32360,NA,NA,3
PGS005320,PSS012106,European,PPM023062,NA,NA,NA,NA,NA,32360,NA,NA,2
PGS005322,PSS012109,European,PPM023072,NA,NA,NA,NA,NA,8749,NA,NA,2
PGS005322,PSS012110,European,PPM023070,NA,NA,NA,NA,NA,348967,NA,NA,2
PGS005331,PSS012114,Hispanic or Latin American,PPM023106,NA,NA,NA,NA,NA,45035,NA,NA,2
PGS005331,PSS012116,European,PPM023108,NA,NA,NA,NA,NA,133581,NA,NA,2
PGS005331,PSS012117,"Greater Middle Eastern (Middle Eastern, North African or Persian)",PPM023109,NA,NA,NA,NA,NA,942,NA,NA,2
PGS005331,PSS012119,"Greater Middle Eastern (Middle Eastern, North African or Persian)",PPM023116,NA,NA,NA,NA,NA,6416,NA,NA,2
PGS005331,PSS012121,Hispanic or Latin American,PPM023112,NA,NA,NA,NA,NA,3851,NA,NA,2
PGS005331,PSS012123,European,PPM023114,NA,NA,NA,NA,NA,44892,NA,NA,2
PGS005332,PSS012118,South Asian,PPM023110,NA,NA,NA,NA,NA,3217,NA,NA,2
PGS005332,PSS012124,South Asian,PPM023115,NA,NA,NA,NA,NA,607,NA,NA,2
PGS005345,PSS012137,European,PPM023172,AUC,0.647,0.609,0.686,719.2765636774681,2654,194,2460,2
PGS005345,PSS012138,European,PPM023142,AUC,0.637,0.598,0.677,689.0556024604994,8291,176,8115,2
PGS005345,PSS012139,African American or Afro-Caribbean,PPM023177,AUC,0.621,0.526,0.716,107.34131466004067,4427,27,4400,2
PGS005345,PSS012140,European,PPM023137,AUC,0.641,0.632,0.651,12152.96649086457,212360,3083,209277,2
PGS005345,PSS012141,South Asian,PPM023182,AUC,0.635,0.559,0.712,170.33235625704623,4435,43,4392,2
PGS005346,PSS012137,European,PPM023173,AUC,0.676,0.636,0.715,719.2765636774681,2654,194,2460,2
PGS005346,PSS012138,European,PPM023168,AUC,0.656,0.616,0.696,689.0556024604994,8291,176,8115,2
PGS005346,PSS012139,African American or Afro-Caribbean,PPM023178,AUC,0.59,0.488,0.691,107.34131466004067,4427,27,4400,2
PGS005346,PSS012140,European,PPM023138,AUC,0.663,0.654,0.673,12152.96649086457,212360,3083,209277,2
PGS005346,PSS012141,South Asian,PPM023183,AUC,0.642,0.558,0.727,170.33235625704623,4435,43,4392,2
PGS005347,PSS012137,European,PPM023174,AUC,0.663,0.625,0.701,719.2765636774681,2654,194,2460,2
PGS005347,PSS012138,European,PPM023169,AUC,0.656,0.616,0.696,689.0556024604994,8291,176,8115,2
PGS005347,PSS012139,African American or Afro-Caribbean,PPM023179,AUC,0.592,0.489,0.695,107.34131466004067,4427,27,4400,2
PGS005347,PSS012140,European,PPM023139,AUC,0.658,0.649,0.668,12152.96649086457,212360,3083,209277,2
PGS005347,PSS012141,South Asian,PPM023184,AUC,0.653,0.569,0.737,170.33235625704623,4435,43,4392,2
PGS005348,PSS012137,European,PPM023175,AUC,0.66,0.621,0.699,719.2765636774681,2654,194,2460,2
PGS005348,PSS012138,European,PPM023170,AUC,0.646,0.607,0.685,689.0556024604994,8291,176,8115,2
PGS005348,PSS012139,African American or Afro-Caribbean,PPM023155,AUC,0.607,0.501,0.713,107.34131466004067,4427,27,4400,2
PGS005348,PSS012140,European,PPM023140,AUC,0.663,0.654,0.673,12152.96649086457,212360,3083,209277,2
PGS005348,PSS012141,South Asian,PPM023185,AUC,0.639,0.556,0.723,170.33235625704623,4435,43,4392,2
PGS005349,PSS012137,European,PPM023176,AUC,0.713,0.678,0.748,719.2765636774681,2654,194,2460,2
PGS005349,PSS012138,European,PPM023171,AUC,0.645,0.605,0.685,689.0556024604994,8291,176,8115,2
PGS005349,PSS012139,African American or Afro-Caribbean,PPM023181,AUC,0.585,0.485,0.685,107.34131466004067,4427,27,4400,2
PGS005349,PSS012140,European,PPM023141,AUC,0.639,0.63,0.649,12152.96649086457,212360,3083,209277,2
PGS005349,PSS012141,South Asian,PPM023186,AUC,0.647,0.564,0.731,170.33235625704623,4435,43,4392,2
PGS005353,PSS012148,African American or Afro-Caribbean,PPM023219,NA,NA,NA,NA,12139.53238341969,12352,5366,6986,2
PGS005353,PSS012148,African American or Afro-Caribbean,PPM023224,NA,NA,NA,NA,12139.53238341969,12352,5366,6986,3
PGS005353,PSS012148,African American or Afro-Caribbean,PPM023229,NA,NA,NA,NA,12139.53238341969,12352,5366,6986,4
PGS005353,PSS012148,African American or Afro-Caribbean,PPM023234,NA,NA,NA,NA,12139.53238341969,12352,5366,6986,5
PGS005353,PSS012148,African American or Afro-Caribbean,PPM023239,NA,NA,NA,NA,12139.53238341969,12352,5366,6986,6
PGS005353,PSS012148,African American or Afro-Caribbean,PPM023244,NA,NA,NA,NA,12139.53238341969,12352,5366,6986,7
PGS005354,PSS012148,African American or Afro-Caribbean,PPM023220,NA,NA,NA,NA,12139.53238341969,12352,5366,6986,2
PGS005354,PSS012148,African American or Afro-Caribbean,PPM023225,NA,NA,NA,NA,12139.53238341969,12352,5366,6986,3
PGS005354,PSS012148,African American or Afro-Caribbean,PPM023230,NA,NA,NA,NA,12139.53238341969,12352,5366,6986,4
PGS005354,PSS012148,African American or Afro-Caribbean,PPM023235,NA,NA,NA,NA,12139.53238341969,12352,5366,6986,5
PGS005354,PSS012148,African American or Afro-Caribbean,PPM023240,NA,NA,NA,NA,12139.53238341969,12352,5366,6986,6
PGS005354,PSS012148,African American or Afro-Caribbean,PPM023245,NA,NA,NA,NA,12139.53238341969,12352,5366,6986,7
PGS005355,PSS012148,African American or Afro-Caribbean,PPM023221,NA,NA,NA,NA,12139.53238341969,12352,5366,6986,2
PGS005355,PSS012148,African American or Afro-Caribbean,PPM023226,NA,NA,NA,NA,12139.53238341969,12352,5366,6986,3
PGS005355,PSS012148,African American or Afro-Caribbean,PPM023231,NA,NA,NA,NA,12139.53238341969,12352,5366,6986,4
PGS005355,PSS012148,African American or Afro-Caribbean,PPM023236,NA,NA,NA,NA,12139.53238341969,12352,5366,6986,5
PGS005355,PSS012148,African American or Afro-Caribbean,PPM023241,NA,NA,NA,NA,12139.53238341969,12352,5366,6986,6
PGS005355,PSS012148,African American or Afro-Caribbean,PPM023246,NA,NA,NA,NA,12139.53238341969,12352,5366,6986,7
PGS005356,PSS012148,African American or Afro-Caribbean,PPM023222,NA,NA,NA,NA,12139.53238341969,12352,5366,6986,2
PGS005356,PSS012148,African American or Afro-Caribbean,PPM023227,NA,NA,NA,NA,12139.53238341969,12352,5366,6986,3
PGS005356,PSS012148,African American or Afro-Caribbean,PPM023232,NA,NA,NA,NA,12139.53238341969,12352,5366,6986,4
PGS005356,PSS012148,African American or Afro-Caribbean,PPM023237,NA,NA,NA,NA,12139.53238341969,12352,5366,6986,5
PGS005356,PSS012148,African American or Afro-Caribbean,PPM023242,NA,NA,NA,NA,12139.53238341969,12352,5366,6986,6
PGS005356,PSS012148,African American or Afro-Caribbean,PPM023247,NA,NA,NA,NA,12139.53238341969,12352,5366,6986,7
PGS005357,PSS012148,African American or Afro-Caribbean,PPM023223,NA,NA,NA,NA,12139.53238341969,12352,5366,6986,2
PGS005357,PSS012148,African American or Afro-Caribbean,PPM023228,NA,NA,NA,NA,12139.53238341969,12352,5366,6986,3
PGS005357,PSS012148,African American or Afro-Caribbean,PPM023233,NA,NA,NA,NA,12139.53238341969,12352,5366,6986,4
PGS005357,PSS012148,African American or Afro-Caribbean,PPM023238,NA,NA,NA,NA,12139.53238341969,12352,5366,6986,5
PGS005357,PSS012148,African American or Afro-Caribbean,PPM023243,NA,NA,NA,NA,12139.53238341969,12352,5366,6986,6
PGS005357,PSS012148,African American or Afro-Caribbean,PPM023248,NA,NA,NA,NA,12139.53238341969,12352,5366,6986,7
PGS005358,PSS012151,Hispanic or Latin American,PPM023269,NA,NA,NA,NA,8433.386152416357,8608,3691,4917,2
PGS005358,PSS012151,Hispanic or Latin American,PPM023274,NA,NA,NA,NA,8433.386152416357,8608,3691,4917,3
PGS005358,PSS012151,Hispanic or Latin American,PPM023279,NA,NA,NA,NA,8433.386152416357,8608,3691,4917,4
PGS005358,PSS012151,Hispanic or Latin American,PPM023284,NA,NA,NA,NA,8433.386152416357,8608,3691,4917,5
PGS005358,PSS012151,Hispanic or Latin American,PPM023289,NA,NA,NA,NA,8433.386152416357,8608,3691,4917,6
PGS005358,PSS012151,Hispanic or Latin American,PPM023294,NA,NA,NA,NA,8433.386152416357,8608,3691,4917,7
PGS005359,PSS012151,Hispanic or Latin American,PPM023270,NA,NA,NA,NA,8433.386152416357,8608,3691,4917,2
PGS005359,PSS012151,Hispanic or Latin American,PPM023275,NA,NA,NA,NA,8433.386152416357,8608,3691,4917,3
PGS005359,PSS012151,Hispanic or Latin American,PPM023280,NA,NA,NA,NA,8433.386152416357,8608,3691,4917,4
PGS005359,PSS012151,Hispanic or Latin American,PPM023285,NA,NA,NA,NA,8433.386152416357,8608,3691,4917,5
PGS005359,PSS012151,Hispanic or Latin American,PPM023290,NA,NA,NA,NA,8433.386152416357,8608,3691,4917,6
PGS005359,PSS012151,Hispanic or Latin American,PPM023295,NA,NA,NA,NA,8433.386152416357,8608,3691,4917,7
PGS005360,PSS012151,Hispanic or Latin American,PPM023271,NA,NA,NA,NA,8433.386152416357,8608,3691,4917,2
PGS005360,PSS012151,Hispanic or Latin American,PPM023276,NA,NA,NA,NA,8433.386152416357,8608,3691,4917,3
PGS005360,PSS012151,Hispanic or Latin American,PPM023281,NA,NA,NA,NA,8433.386152416357,8608,3691,4917,4
PGS005360,PSS012151,Hispanic or Latin American,PPM023286,NA,NA,NA,NA,8433.386152416357,8608,3691,4917,5
PGS005360,PSS012151,Hispanic or Latin American,PPM023291,NA,NA,NA,NA,8433.386152416357,8608,3691,4917,6
PGS005360,PSS012151,Hispanic or Latin American,PPM023296,NA,NA,NA,NA,8433.386152416357,8608,3691,4917,7
PGS005361,PSS012151,Hispanic or Latin American,PPM023272,NA,NA,NA,NA,8433.386152416357,8608,3691,4917,2
PGS005361,PSS012151,Hispanic or Latin American,PPM023277,NA,NA,NA,NA,8433.386152416357,8608,3691,4917,3
PGS005361,PSS012151,Hispanic or Latin American,PPM023282,NA,NA,NA,NA,8433.386152416357,8608,3691,4917,4
PGS005361,PSS012151,Hispanic or Latin American,PPM023287,NA,NA,NA,NA,8433.386152416357,8608,3691,4917,5
PGS005361,PSS012151,Hispanic or Latin American,PPM023292,NA,NA,NA,NA,8433.386152416357,8608,3691,4917,6
PGS005361,PSS012151,Hispanic or Latin American,PPM023297,NA,NA,NA,NA,8433.386152416357,8608,3691,4917,7
PGS005362,PSS012151,Hispanic or Latin American,PPM023273,NA,NA,NA,NA,8433.386152416357,8608,3691,4917,2
PGS005362,PSS012151,Hispanic or Latin American,PPM023278,NA,NA,NA,NA,8433.386152416357,8608,3691,4917,3
PGS005362,PSS012151,Hispanic or Latin American,PPM023283,NA,NA,NA,NA,8433.386152416357,8608,3691,4917,4
PGS005362,PSS012151,Hispanic or Latin American,PPM023288,NA,NA,NA,NA,8433.386152416357,8608,3691,4917,5
PGS005362,PSS012151,Hispanic or Latin American,PPM023293,NA,NA,NA,NA,8433.386152416357,8608,3691,4917,6
PGS005362,PSS012151,Hispanic or Latin American,PPM023298,NA,NA,NA,NA,8433.386152416357,8608,3691,4917,7
PGS005368,PSS012150,European,PPM023354,NA,NA,NA,NA,28063.47402721871,41736,8924,32812,2
PGS005368,PSS012150,European,PPM023359,NA,NA,NA,NA,28063.47402721871,41736,8924,32812,3
PGS005368,PSS012150,European,PPM023364,NA,NA,NA,NA,28063.47402721871,41736,8924,32812,4
PGS005368,PSS012150,European,PPM023369,NA,NA,NA,NA,28063.47402721871,41736,8924,32812,5
PGS005368,PSS012150,European,PPM023374,NA,NA,NA,NA,28063.47402721871,41736,8924,32812,6
PGS005368,PSS012150,European,PPM023379,NA,NA,NA,NA,28063.47402721871,41736,8924,32812,7
PGS005369,PSS012150,European,PPM023355,NA,NA,NA,NA,28063.47402721871,41736,8924,32812,2
PGS005369,PSS012150,European,PPM023360,NA,NA,NA,NA,28063.47402721871,41736,8924,32812,3
PGS005369,PSS012150,European,PPM023365,NA,NA,NA,NA,28063.47402721871,41736,8924,32812,4
PGS005369,PSS012150,European,PPM023370,NA,NA,NA,NA,28063.47402721871,41736,8924,32812,5
PGS005369,PSS012150,European,PPM023375,NA,NA,NA,NA,28063.47402721871,41736,8924,32812,6
PGS005369,PSS012150,European,PPM023380,NA,NA,NA,NA,28063.47402721871,41736,8924,32812,7
PGS005370,PSS012150,European,PPM023356,NA,NA,NA,NA,28063.47402721871,41736,8924,32812,2
PGS005370,PSS012150,European,PPM023361,NA,NA,NA,NA,28063.47402721871,41736,8924,32812,3
PGS005370,PSS012150,European,PPM023366,NA,NA,NA,NA,28063.47402721871,41736,8924,32812,4
PGS005370,PSS012150,European,PPM023371,NA,NA,NA,NA,28063.47402721871,41736,8924,32812,5
PGS005370,PSS012150,European,PPM023376,NA,NA,NA,NA,28063.47402721871,41736,8924,32812,6
PGS005370,PSS012150,European,PPM023381,NA,NA,NA,NA,28063.47402721871,41736,8924,32812,7
PGS005371,PSS012150,European,PPM023357,NA,NA,NA,NA,28063.47402721871,41736,8924,32812,2
PGS005371,PSS012150,European,PPM023362,NA,NA,NA,NA,28063.47402721871,41736,8924,32812,3
PGS005371,PSS012150,European,PPM023367,NA,NA,NA,NA,28063.47402721871,41736,8924,32812,4
PGS005371,PSS012150,European,PPM023372,NA,NA,NA,NA,28063.47402721871,41736,8924,32812,5
PGS005371,PSS012150,European,PPM023377,NA,NA,NA,NA,28063.47402721871,41736,8924,32812,6
PGS005371,PSS012150,European,PPM023382,NA,NA,NA,NA,28063.47402721871,41736,8924,32812,7
PGS005372,PSS012150,European,PPM023358,NA,NA,NA,NA,28063.47402721871,41736,8924,32812,2
PGS005372,PSS012150,European,PPM023363,NA,NA,NA,NA,28063.47402721871,41736,8924,32812,3
PGS005372,PSS012150,European,PPM023368,NA,NA,NA,NA,28063.47402721871,41736,8924,32812,4
PGS005372,PSS012150,European,PPM023373,NA,NA,NA,NA,28063.47402721871,41736,8924,32812,5
PGS005372,PSS012150,European,PPM023378,NA,NA,NA,NA,28063.47402721871,41736,8924,32812,6
PGS005372,PSS012150,European,PPM023383,NA,NA,NA,NA,28063.47402721871,41736,8924,32812,7
PGS005380,PSS012172,African American or Afro-Caribbean,PPM023418,AUC,0.64,0.596,0.681,589.6462413139609,3166,155,3011,2
PGS005381,PSS012172,African American or Afro-Caribbean,PPM023419,AUC,0.589,0.548,0.634,589.6462413139609,3166,155,3011,2
PGS005382,PSS012172,African American or Afro-Caribbean,PPM023420,AUC,0.605,0.555,0.657,589.6462413139609,3166,155,3011,2
PGS005383,PSS012172,African American or Afro-Caribbean,PPM023421,AUC,0.581,0.53,0.632,589.6462413139609,3166,155,3011,2
PGS005388,PSS012177,East Asian,PPM023426,AUC,0.702,0.624,0.77,174.30167597765362,179,104,75,2
PGS005393,PSS012181,Hispanic or Latin American,PPM023436,NA,NA,NA,NA,116.92307692307693,117,57,60,2
PGS012514,PSS012200,African American or Afro-Caribbean,PPM030583,NA,NA,NA,NA,NA,11944,NA,NA,2
PGS012514,PSS012200,African American or Afro-Caribbean,PPM030584,NA,NA,NA,NA,NA,11944,NA,NA,3
PGS012514,PSS012200,African American or Afro-Caribbean,PPM030585,NA,NA,NA,NA,NA,11944,NA,NA,4
PGS012514,PSS012200,European,PPM030583,NA,NA,NA,NA,NA,27787,NA,NA,2
PGS012514,PSS012200,European,PPM030584,NA,NA,NA,NA,NA,27787,NA,NA,3
PGS012514,PSS012200,European,PPM030585,NA,NA,NA,NA,NA,27787,NA,NA,4
PGS012514,PSS012200,Hispanic or Latin American,PPM030583,NA,NA,NA,NA,NA,8866,NA,NA,2
PGS012514,PSS012200,Hispanic or Latin American,PPM030584,NA,NA,NA,NA,NA,8866,NA,NA,3
PGS012514,PSS012200,Hispanic or Latin American,PPM030585,NA,NA,NA,NA,NA,8866,NA,NA,4
PGS012515,PSS012195,African American or Afro-Caribbean,PPM030563,NA,NA,NA,NA,NA,11943,NA,NA,2
PGS012515,PSS012195,African American or Afro-Caribbean,PPM030564,NA,NA,NA,NA,NA,11943,NA,NA,3
PGS012515,PSS012195,African American or Afro-Caribbean,PPM030565,NA,NA,NA,NA,NA,11943,NA,NA,4
PGS012515,PSS012195,European,PPM030563,NA,NA,NA,NA,NA,27780,NA,NA,2
PGS012515,PSS012195,European,PPM030564,NA,NA,NA,NA,NA,27780,NA,NA,3
PGS012515,PSS012195,European,PPM030565,NA,NA,NA,NA,NA,27780,NA,NA,4
PGS012515,PSS012195,Hispanic or Latin American,PPM030563,NA,NA,NA,NA,NA,8866,NA,NA,2
PGS012515,PSS012195,Hispanic or Latin American,PPM030564,NA,NA,NA,NA,NA,8866,NA,NA,3
PGS012515,PSS012195,Hispanic or Latin American,PPM030565,NA,NA,NA,NA,NA,8866,NA,NA,4
PGS012516,PSS012196,African American or Afro-Caribbean,PPM030567,NA,NA,NA,NA,NA,10323,NA,NA,2
PGS012516,PSS012196,African American or Afro-Caribbean,PPM030568,NA,NA,NA,NA,NA,10323,NA,NA,3
PGS012516,PSS012196,African American or Afro-Caribbean,PPM030569,NA,NA,NA,NA,NA,10323,NA,NA,4
PGS012516,PSS012196,European,PPM030567,NA,NA,NA,NA,NA,22909,NA,NA,2
PGS012516,PSS012196,European,PPM030568,NA,NA,NA,NA,NA,22909,NA,NA,3
PGS012516,PSS012196,European,PPM030569,NA,NA,NA,NA,NA,22909,NA,NA,4
PGS012516,PSS012196,Hispanic or Latin American,PPM030567,NA,NA,NA,NA,NA,8961,NA,NA,2
PGS012516,PSS012196,Hispanic or Latin American,PPM030568,NA,NA,NA,NA,NA,8961,NA,NA,3
PGS012516,PSS012196,Hispanic or Latin American,PPM030569,NA,NA,NA,NA,NA,8961,NA,NA,4
PGS012517,PSS012197,African American or Afro-Caribbean,PPM030571,NA,NA,NA,NA,NA,8585,NA,NA,2
PGS012517,PSS012197,African American or Afro-Caribbean,PPM030572,NA,NA,NA,NA,NA,8585,NA,NA,3
PGS012517,PSS012197,African American or Afro-Caribbean,PPM030573,NA,NA,NA,NA,NA,8585,NA,NA,4
PGS012517,PSS012197,European,PPM030571,NA,NA,NA,NA,NA,20483,NA,NA,2
PGS012517,PSS012197,European,PPM030572,NA,NA,NA,NA,NA,20483,NA,NA,3
PGS012517,PSS012197,European,PPM030573,NA,NA,NA,NA,NA,20483,NA,NA,4
PGS012517,PSS012197,Hispanic or Latin American,PPM030571,NA,NA,NA,NA,NA,8680,NA,NA,2
PGS012517,PSS012197,Hispanic or Latin American,PPM030572,NA,NA,NA,NA,NA,8680,NA,NA,3
PGS012517,PSS012197,Hispanic or Latin American,PPM030573,NA,NA,NA,NA,NA,8680,NA,NA,4
PGS012518,PSS012194,African American or Afro-Caribbean,PPM030559,NA,NA,NA,NA,NA,11982,NA,NA,2
PGS012518,PSS012194,African American or Afro-Caribbean,PPM030560,NA,NA,NA,NA,NA,11982,NA,NA,3
PGS012518,PSS012194,African American or Afro-Caribbean,PPM030561,NA,NA,NA,NA,NA,11982,NA,NA,4
PGS012518,PSS012194,European,PPM030559,NA,NA,NA,NA,NA,27822,NA,NA,2
PGS012518,PSS012194,European,PPM030560,NA,NA,NA,NA,NA,27822,NA,NA,3
PGS012518,PSS012194,European,PPM030561,NA,NA,NA,NA,NA,27822,NA,NA,4
PGS012518,PSS012194,Hispanic or Latin American,PPM030559,NA,NA,NA,NA,NA,8981,NA,NA,2
PGS012518,PSS012194,Hispanic or Latin American,PPM030560,NA,NA,NA,NA,NA,8981,NA,NA,3
PGS012518,PSS012194,Hispanic or Latin American,PPM030561,NA,NA,NA,NA,NA,8981,NA,NA,4
PGS012519,PSS012201,African American or Afro-Caribbean,PPM030587,NA,NA,NA,NA,NA,1520,NA,NA,2
PGS012519,PSS012201,African American or Afro-Caribbean,PPM030588,NA,NA,NA,NA,NA,1520,NA,NA,3
PGS012519,PSS012201,African American or Afro-Caribbean,PPM030589,NA,NA,NA,NA,NA,1520,NA,NA,4
PGS012519,PSS012201,European,PPM030587,NA,NA,NA,NA,NA,7482,NA,NA,2
PGS012519,PSS012201,European,PPM030588,NA,NA,NA,NA,NA,7482,NA,NA,3
PGS012519,PSS012201,European,PPM030589,NA,NA,NA,NA,NA,7482,NA,NA,4
PGS012519,PSS012201,Hispanic or Latin American,PPM030587,NA,NA,NA,NA,NA,113,NA,NA,2
PGS012519,PSS012201,Hispanic or Latin American,PPM030588,NA,NA,NA,NA,NA,113,NA,NA,3
PGS012519,PSS012201,Hispanic or Latin American,PPM030589,NA,NA,NA,NA,NA,113,NA,NA,4
PGS012520,PSS012199,African American or Afro-Caribbean,PPM030579,NA,NA,NA,NA,NA,3222,NA,NA,2
PGS012520,PSS012199,African American or Afro-Caribbean,PPM030580,NA,NA,NA,NA,NA,3222,NA,NA,3
PGS012520,PSS012199,African American or Afro-Caribbean,PPM030581,NA,NA,NA,NA,NA,3222,NA,NA,4
PGS012520,PSS012199,European,PPM030579,NA,NA,NA,NA,NA,5835,NA,NA,2
PGS012520,PSS012199,European,PPM030580,NA,NA,NA,NA,NA,5835,NA,NA,3
PGS012520,PSS012199,European,PPM030581,NA,NA,NA,NA,NA,5835,NA,NA,4
PGS012520,PSS012199,Hispanic or Latin American,PPM030579,NA,NA,NA,NA,NA,7137,NA,NA,2
PGS012520,PSS012199,Hispanic or Latin American,PPM030580,NA,NA,NA,NA,NA,7137,NA,NA,3
PGS012520,PSS012199,Hispanic or Latin American,PPM030581,NA,NA,NA,NA,NA,7137,NA,NA,4
PGS012521,PSS012199,African American or Afro-Caribbean,PPM030575,NA,NA,NA,NA,NA,3222,NA,NA,2
PGS012521,PSS012199,African American or Afro-Caribbean,PPM030576,NA,NA,NA,NA,NA,3222,NA,NA,3
PGS012521,PSS012199,African American or Afro-Caribbean,PPM030577,NA,NA,NA,NA,NA,3222,NA,NA,4
PGS012521,PSS012199,European,PPM030575,NA,NA,NA,NA,NA,5835,NA,NA,2
PGS012521,PSS012199,European,PPM030576,NA,NA,NA,NA,NA,5835,NA,NA,3
PGS012521,PSS012199,European,PPM030577,NA,NA,NA,NA,NA,5835,NA,NA,4
PGS012521,PSS012199,Hispanic or Latin American,PPM030575,NA,NA,NA,NA,NA,7137,NA,NA,2
PGS012521,PSS012199,Hispanic or Latin American,PPM030576,NA,NA,NA,NA,NA,7137,NA,NA,3
PGS012521,PSS012199,Hispanic or Latin American,PPM030577,NA,NA,NA,NA,NA,7137,NA,NA,4
PGS012522,PSS012200,African American or Afro-Caribbean,PPM030609,NA,NA,NA,NA,NA,11944,NA,NA,2
PGS012522,PSS012200,African American or Afro-Caribbean,PPM030610,NA,NA,NA,NA,NA,11944,NA,NA,3
PGS012522,PSS012200,European,PPM030609,NA,NA,NA,NA,NA,27787,NA,NA,2
PGS012522,PSS012200,European,PPM030610,NA,NA,NA,NA,NA,27787,NA,NA,3
PGS012522,PSS012200,Hispanic or Latin American,PPM030609,NA,NA,NA,NA,NA,8866,NA,NA,2
PGS012522,PSS012200,Hispanic or Latin American,PPM030610,NA,NA,NA,NA,NA,8866,NA,NA,3
PGS012523,PSS012195,African American or Afro-Caribbean,PPM030594,NA,NA,NA,NA,NA,11943,NA,NA,2
PGS012523,PSS012195,African American or Afro-Caribbean,PPM030595,NA,NA,NA,NA,NA,11943,NA,NA,3
PGS012523,PSS012195,European,PPM030594,NA,NA,NA,NA,NA,27780,NA,NA,2
PGS012523,PSS012195,European,PPM030595,NA,NA,NA,NA,NA,27780,NA,NA,3
PGS012523,PSS012195,Hispanic or Latin American,PPM030594,NA,NA,NA,NA,NA,8866,NA,NA,2
PGS012523,PSS012195,Hispanic or Latin American,PPM030595,NA,NA,NA,NA,NA,8866,NA,NA,3
PGS012524,PSS012196,African American or Afro-Caribbean,PPM030597,NA,NA,NA,NA,NA,10323,NA,NA,2
PGS012524,PSS012196,African American or Afro-Caribbean,PPM030598,NA,NA,NA,NA,NA,10323,NA,NA,3
PGS012524,PSS012196,European,PPM030597,NA,NA,NA,NA,NA,22909,NA,NA,2
PGS012524,PSS012196,European,PPM030598,NA,NA,NA,NA,NA,22909,NA,NA,3
PGS012524,PSS012196,Hispanic or Latin American,PPM030597,NA,NA,NA,NA,NA,8961,NA,NA,2
PGS012524,PSS012196,Hispanic or Latin American,PPM030598,NA,NA,NA,NA,NA,8961,NA,NA,3
PGS012525,PSS012197,African American or Afro-Caribbean,PPM030600,NA,NA,NA,NA,NA,8585,NA,NA,2
PGS012525,PSS012197,African American or Afro-Caribbean,PPM030601,NA,NA,NA,NA,NA,8585,NA,NA,3
PGS012525,PSS012197,European,PPM030600,NA,NA,NA,NA,NA,20483,NA,NA,2
PGS012525,PSS012197,European,PPM030601,NA,NA,NA,NA,NA,20483,NA,NA,3
PGS012525,PSS012197,Hispanic or Latin American,PPM030600,NA,NA,NA,NA,NA,8680,NA,NA,2
PGS012525,PSS012197,Hispanic or Latin American,PPM030601,NA,NA,NA,NA,NA,8680,NA,NA,3
PGS012526,PSS012194,African American or Afro-Caribbean,PPM030591,NA,NA,NA,NA,NA,11982,NA,NA,2
PGS012526,PSS012194,African American or Afro-Caribbean,PPM030592,NA,NA,NA,NA,NA,11982,NA,NA,3
PGS012526,PSS012194,European,PPM030591,NA,NA,NA,NA,NA,27822,NA,NA,2
PGS012526,PSS012194,European,PPM030592,NA,NA,NA,NA,NA,27822,NA,NA,3
PGS012526,PSS012194,Hispanic or Latin American,PPM030591,NA,NA,NA,NA,NA,8981,NA,NA,2
PGS012526,PSS012194,Hispanic or Latin American,PPM030592,NA,NA,NA,NA,NA,8981,NA,NA,3
PGS012527,PSS012201,African American or Afro-Caribbean,PPM030612,NA,NA,NA,NA,NA,1520,NA,NA,2
PGS012527,PSS012201,African American or Afro-Caribbean,PPM030613,NA,NA,NA,NA,NA,1520,NA,NA,3
PGS012527,PSS012201,European,PPM030612,NA,NA,NA,NA,NA,7482,NA,NA,2
PGS012527,PSS012201,European,PPM030613,NA,NA,NA,NA,NA,7482,NA,NA,3
PGS012527,PSS012201,Hispanic or Latin American,PPM030612,NA,NA,NA,NA,NA,113,NA,NA,2
PGS012527,PSS012201,Hispanic or Latin American,PPM030613,NA,NA,NA,NA,NA,113,NA,NA,3
PGS012528,PSS012198,African American or Afro-Caribbean,PPM030606,NA,NA,NA,NA,NA,3029,NA,NA,2
PGS012528,PSS012198,African American or Afro-Caribbean,PPM030607,NA,NA,NA,NA,NA,3029,NA,NA,3
PGS012528,PSS012198,European,PPM030606,NA,NA,NA,NA,NA,5469,NA,NA,2
PGS012528,PSS012198,European,PPM030607,NA,NA,NA,NA,NA,5469,NA,NA,3
PGS012528,PSS012198,Hispanic or Latin American,PPM030606,NA,NA,NA,NA,NA,7103,NA,NA,2
PGS012528,PSS012198,Hispanic or Latin American,PPM030607,NA,NA,NA,NA,NA,7103,NA,NA,3
PGS012529,PSS012198,African American or Afro-Caribbean,PPM030603,NA,NA,NA,NA,NA,3029,NA,NA,2
PGS012529,PSS012198,African American or Afro-Caribbean,PPM030604,NA,NA,NA,NA,NA,3029,NA,NA,3
PGS012529,PSS012198,European,PPM030603,NA,NA,NA,NA,NA,5469,NA,NA,2
PGS012529,PSS012198,European,PPM030604,NA,NA,NA,NA,NA,5469,NA,NA,3
PGS012529,PSS012198,Hispanic or Latin American,PPM030603,NA,NA,NA,NA,NA,7103,NA,NA,2
PGS012529,PSS012198,Hispanic or Latin American,PPM030604,NA,NA,NA,NA,NA,7103,NA,NA,3
PGS012548,PSS012224,European,PPM030655,NA,NA,NA,NA,NA,345439,NA,NA,2
PGS012548,PSS012224,European,PPM030656,NA,NA,NA,NA,NA,345439,NA,NA,3
PGS012549,PSS012225,African American or Afro-Caribbean,PPM030658,NA,NA,NA,NA,138.13688212927758,2630,35,2595,2
PGS012549,PSS012225,East Asian,PPM030658,NA,NA,NA,NA,47.59748427672956,1431,12,1419,2
PGS012549,PSS012225,European,PPM030658,NA,NA,NA,NA,9061.569291684998,423403,4809,4283,2
PGS012553,PSS012259,European,PPM030708,NA,NA,NA,NA,3069.9452848637493,390678,769,389909,2
PGS012554,PSS012233,European,PPM030673,NA,NA,NA,NA,13036.727811541723,126203,3348,122855,2
PGS012554,PSS012234,European,PPM030674,NA,NA,NA,NA,8433.087378640777,16068,2496,13572,2
PGS012562,PSS012252,European,PPM030696,NA,NA,NA,NA,NA,244369,NA,NA,2
PGS012562,PSS012252,European,PPM030697,NA,NA,NA,NA,NA,244369,NA,NA,3
PGS012562,PSS012253,European,PPM030695,NA,NA,NA,NA,NA,226053,NA,NA,2
PGS012563,PSS012254,European,PPM030699,NA,NA,NA,NA,6480.47080182351,449463,1626,447837,2
PGS012563,PSS012254,European,PPM030700,NA,NA,NA,NA,6480.47080182351,449463,1626,447837,3
PGS012563,PSS012254,European,PPM030701,NA,NA,NA,NA,6480.47080182351,449463,1626,447837,4
PGS012563,PSS012254,European,PPM030702,NA,NA,NA,NA,6480.47080182351,449463,1626,447837,5
PGS012564,PSS012261,European,PPM030711,NA,NA,NA,NA,NA,277059,NA,NA,2
PGS012574,PSS012265,European,PPM030722,NA,NA,NA,NA,NA,2855,NA,NA,2
PGS012575,PSS012264,European,PPM030724,NA,NA,NA,NA,NA,3468,NA,NA,2
PGS012577,PSS012268,European,PPM030728,NA,NA,NA,NA,NA,151741,NA,NA,2
PGS012578,PSS012269,East Asian,PPM030730,NA,NA,NA,NA,19613.487520235823,41387,5684,35703,2
PGS012578,PSS012269,East Asian,PPM030731,NA,NA,NA,NA,19613.487520235823,41387,5684,35703,3
PGS012578,PSS012269,East Asian,PPM030732,NA,NA,NA,NA,19613.487520235823,41387,5684,35703,4
PGS012582,PSS012273,European,PPM030740,NA,NA,NA,NA,42539.549061831,317640,11017,306623,2
PGS012583,PSS012274,European,PPM030742,NA,NA,NA,NA,27444.059959278242,28486,11519,16967,2
PGS012586,PSS012280,African American or Afro-Caribbean,PPM030759,NA,NA,NA,NA,293.90752770347723,10468,74,10394,2
PGS012586,PSS012280,African American or Afro-Caribbean,PPM030760,NA,NA,NA,NA,293.90752770347723,10468,74,10394,3
PGS012586,PSS012280,European,PPM030759,NA,NA,NA,NA,2566.1879497368705,27933,657,27276,2
PGS012586,PSS012280,European,PPM030760,NA,NA,NA,NA,2566.1879497368705,27933,657,27276,3
PGS012586,PSS012281,European,PPM030754,NA,NA,NA,NA,6972.154441606265,308492,1753,306739,2
PGS012586,PSS012281,European,PPM030755,NA,NA,NA,NA,6972.154441606265,308492,1753,306739,3
PGS012589,PSS012285,European,PPM030763,NA,NA,NA,NA,13332.576585220151,220963,3385,217578,2
PGS012589,PSS012285,European,PPM030764,NA,NA,NA,NA,13332.576585220151,220963,3385,217578,3
PGS018416,PSS012319,European,PPM036598,NA,NA,NA,NA,NA,163987,NA,NA,2
PGS018417,PSS012319,European,PPM036597,NA,NA,NA,NA,NA,163987,NA,NA,2
PGS018418,PSS012320,European,PPM036600,NA,NA,NA,NA,NA,146343,NA,NA,2
PGS019946,PSS013827,European,PPM038123,C-index,0.67,NA,NA,1404.337796339516,16282,359,15923,2
PGS019946,PSS013827,European,PPM038122,C-index,0.643,NA,NA,1404.337796339516,16282,359,15923,3
PGS019960,PSS013854,European,PPM038166,NA,NA,NA,NA,NA,15226,NA,NA,2
