pgs_id,n_eval_rows,n_ancestries_display,n_ancestries_raw,efo_any,efo_label_any,train_bucket
PGS004859,14,6,6,MONDO_0005148,type 2 diabetes mellitus,Train: Multi incl. EUR
PGS000036,12,6,6,MONDO_0005148,type 2 diabetes mellitus,Train: Multi incl. EUR
PGS000013,27,5,5,MONDO_0005010,coronary artery disorder,Train: Multi incl. EUR
PGS001781,15,5,5,MONDO_0005148,type 2 diabetes mellitus,Train: European-only
PGS005091,14,5,5,MONDO_0005010,coronary artery disorder,Train: Multi incl. EUR
PGS005092,14,5,5,MONDO_0005010,coronary artery disorder,Train: Multi incl. EUR
PGS002308,12,5,5,MONDO_0005148,type 2 diabetes mellitus,Train: Multi incl. EUR
PGS012555,11,5,5,MONDO_0005147,type 1 diabetes mellitus,Train: Multi incl. EUR
PGS000014,10,5,5,MONDO_0005148,type 2 diabetes mellitus,Train: European-only
PGS001357,10,5,5,MONDO_0005148,type 2 diabetes mellitus,Train: European-only
PGS003103,10,5,5,MONDO_0005148,type 2 diabetes mellitus,Train: European-only
PGS000713,9,5,5,MONDO_0005148,type 2 diabetes mellitus,Train: European-only
PGS000805,9,5,5,MONDO_0005148,type 2 diabetes mellitus,Train: European-only
PGS002243,9,5,5,MONDO_0005148,type 2 diabetes mellitus,Train: European-only
PGS002780,9,5,5,MONDO_0005148,type 2 diabetes mellitus,Train: European-only
PGS003443,9,5,5,MONDO_0005148,type 2 diabetes mellitus,Train: Multi incl. EUR
PGS000868,8,5,5,MONDO_0005148,type 2 diabetes mellitus,Train: European-only
PGS001818,8,5,5,MONDO_0005148,type 2 diabetes mellitus,Train: European-only
PGS002026,8,5,5,MONDO_0005148,type 2 diabetes mellitus,Train: European-only
PGS002671,8,5,5,MONDO_0005148,type 2 diabetes mellitus,Train: European-only
PGS002771,8,5,5,MONDO_0005148,type 2 diabetes mellitus,Train: European-only
PGS003444,8,5,5,MONDO_0005148,type 2 diabetes mellitus,Train: Multi excl. EUR
PGS000330,7,5,5,MONDO_0005148,type 2 diabetes mellitus,Train: European-only
PGS003867,7,5,5,MONDO_0005148,type 2 diabetes mellitus,Train: Multi incl. EUR
PGS000004,27,4,5,MONDO_0004989,breast carcinoma,Train: European-only
PGS000018,18,4,4,MONDO_0005010,coronary artery disorder,Train: Multi incl. EUR
PGS000662,7,4,4,MONDO_0005159,prostate carcinoma,Train: Multi incl. EUR
PGS003445,7,4,4,MONDO_0005148,type 2 diabetes mellitus,Train: Multi excl. EUR
PGS003851,7,4,4,MONDO_0005575,colorectal cancer,Train: European-only
PGS004923,7,4,4,MONDO_0005148,type 2 diabetes mellitus,Train: Multi incl. EUR
PGS000729,6,4,4,MONDO_0005148,type 2 diabetes mellitus,Train: European-only
PGS000804,6,4,4,MONDO_0005148,type 2 diabetes mellitus,Train: Multi incl. EUR
PGS000864,6,4,4,MONDO_0005148,type 2 diabetes mellitus,Train: European-only
PGS001294,6,4,4,MONDO_0005148,type 2 diabetes mellitus,Train: European-only
PGS001339,6,4,4,MONDO_0004981|MONDO_0005310,atrial fibrillation|atrial flutter,Train: European-only
PGS001340,6,4,4,MONDO_0004981,atrial fibrillation,Train: European-only
PGS002265,6,4,4,MONDO_0005575,colorectal cancer,Train: European-only
PGS002727,4,4,4,MONDO_0004979,asthma,Train: Multi incl. EUR
PGS004696,4,4,4,MONDO_0005010,coronary artery disorder,Train: Multi incl. EUR
PGS004697,4,4,4,MONDO_0005010,coronary artery disorder,Train: Multi incl. EUR
PGS004698,4,4,4,MONDO_0005010,coronary artery disorder,Train: Multi incl. EUR
PGS000024,13,3,3,MONDO_0005147,type 1 diabetes mellitus,Train: European-only
PGS003982,8,3,3,MONDO_0005148,type 2 diabetes mellitus,Train: European-only
PGS003998,8,3,3,MONDO_0005148,type 2 diabetes mellitus,Train: European-only
PGS004014,8,3,3,MONDO_0005148,type 2 diabetes mellitus,Train: European-only
PGS004024,8,3,3,MONDO_0005148,type 2 diabetes mellitus,Train: European-only
PGS004039,8,3,3,MONDO_0005148,type 2 diabetes mellitus,Train: European-only
PGS004052,8,3,3,MONDO_0005148,type 2 diabetes mellitus,Train: European-only
PGS004068,8,3,3,MONDO_0005148,type 2 diabetes mellitus,Train: European-only
PGS004082,8,3,3,MONDO_0005148,type 2 diabetes mellitus,Train: European-only
PGS004106,8,3,3,MONDO_0005148,type 2 diabetes mellitus,Train: European-only
PGS004122,8,3,3,MONDO_0005148,type 2 diabetes mellitus,Train: European-only
PGS004136,8,3,3,MONDO_0005148,type 2 diabetes mellitus,Train: European-only
PGS004152,8,3,3,MONDO_0005148,type 2 diabetes mellitus,Train: European-only
PGS000023,7,3,3,MONDO_0005147,type 1 diabetes mellitus,Train: African-only
PGS005331,7,3,3,EFO_0004340,body mass index,Train: Multi incl. EUR
PGS005335,7,3,3,MONDO_0005148,type 2 diabetes mellitus,Train: Multi incl. EUR
PGS000011,6,3,3,MONDO_0005010,coronary artery disorder,Train: Multi incl. EUR
PGS000933,6,3,3,HP_0100582,Nasal polyposis,Train: European-only
PGS000934,6,3,3,HP_0100582,Nasal polyposis,Train: European-only
PGS000337,5,3,3,MONDO_0005010,coronary artery disorder,Train: Multi incl. EUR
PGS003860,5,3,3,EFO_0007814,refractive error measurement,Train: European-only
PGS004863,5,3,3,MONDO_0004975,Alzheimer disease,Train: Multi incl. EUR
PGS005237,5,3,3,MONDO_0005159,prostate carcinoma,Train: Multi incl. EUR
PGS005238,5,3,3,MONDO_0005159,prostate carcinoma,Train: Multi incl. EUR
PGS005239,5,3,3,MONDO_0005159,prostate carcinoma,Train: Multi incl. EUR
PGS005240,5,3,3,MONDO_0005159,prostate carcinoma,Train: Multi incl. EUR
PGS005241,5,3,3,MONDO_0005159,prostate carcinoma,Train: Multi incl. EUR
PGS005345,5,3,3,MONDO_0004989,breast carcinoma,Train: European-only
PGS005346,5,3,3,MONDO_0004989,breast carcinoma,Train: European-only
PGS005347,5,3,3,MONDO_0004989,breast carcinoma,Train: European-only
PGS005348,5,3,3,MONDO_0004989,breast carcinoma,Train: European-only
PGS005349,5,3,3,MONDO_0004989,breast carcinoma,Train: European-only
PGS000039,4,3,3,HP_0002140|MONDO_0005098,Ischemic stroke|stroke disorder,Train: Multi incl. EUR
PGS000925,4,3,3,MONDO_0024355,respiratory tract infectious disorder,Train: European-only
PGS000927,4,3,3,MONDO_0002406,dermatitis,Train: European-only
PGS000928,4,3,3,MONDO_0001658,nontoxic goiter,Train: European-only
PGS000929,4,3,3,MONDO_0001627,dementia,Train: European-only
PGS000930,4,3,3,MONDO_0000831,thrombotic disease,Train: European-only
PGS000931,4,3,3,EFO_0003907|MONDO_0000831,deep vein thrombosis|thrombotic disease,Train: European-only
PGS000932,4,3,3,MONDO_0000812,vertebral column disorder,Train: European-only
PGS000936,4,3,3,HP_0003124,Hypercholesterolemia,Train: European-only
PGS000937,4,3,3,HP_0002619,Varicose veins,Train: European-only
PGS000938,4,3,3,HP_0002619,Varicose veins,Train: European-only
PGS000939,4,3,3,HP_0002036,Hiatus hernia,Train: European-only
PGS000941,4,3,3,HP_0001094,Iridocyclitis,Train: European-only
PGS000942,4,3,3,HP_0001082,Cholecystitis,Train: European-only
PGS000943,4,3,3,HP_0001082,Cholecystitis,Train: European-only
PGS000944,4,3,3,HP_0000964|MONDO_0002406,Eczematoid dermatitis|dermatitis,Train: European-only
PGS000947,4,3,3,HP_0000155,Oral ulcer,Train: European-only
PGS000948,4,3,3,HP_0000023,Inguinal hernia,Train: European-only
PGS000949,4,3,3,HP_0000023,Inguinal hernia,Train: European-only
PGS000950,4,3,3,GO_0009314,response to radiation,Train: European-only
PGS000957,4,3,3,MONDO_0001134,essential hypertension,Train: European-only
PGS000958,4,3,3,MONDO_0001134,essential hypertension,Train: European-only
PGS000959,4,3,3,MONDO_0003900,connective tissue disorder,Train: European-only
PGS000960,4,3,3,MONDO_0003900,connective tissue disorder,Train: European-only
PGS000961,4,3,3,HP_0004418|MONDO_0004625,Thrombophlebitis|phlebitis,Train: European-only
PGS000962,4,3,3,MONDO_0024644,myocardial ischemia,Train: European-only
PGS000963,4,3,3,EFO_1001329,Follicular Cyst,Train: European-only
PGS000964,4,3,3,EFO_1001317,"Epiphyses, Slipped",Train: European-only
PGS000965,4,3,3,MONDO_0005420|MONDO_0009718,hypothyroidism|myxedema,Train: European-only
PGS000967,4,3,3,MONDO_0006629,"osteoarthritis, hip",Train: European-only
PGS000972,4,3,3,EFO_0010967,urinary microalbumin measurement,Train: European-only
PGS000976,4,3,3,EFO_0010907,polyomavirus 2 seropositivity,Train: European-only
PGS000977,4,3,3,EFO_0010906,merkel cell virus seropositivity,Train: European-only
PGS000980,4,3,3,EFO_0010729,sun exposure measurement,Train: European-only
PGS000982,4,3,3,EFO_0010729,sun exposure measurement,Train: European-only
PGS000990,4,3,3,EFO_0010698|MONDO_0008375,retinal break|retinal detachment,Train: European-only
PGS000991,4,3,3,EFO_0010158,sugar consumption measurement,Train: European-only
PGS000995,4,3,3,EFO_0010078,dentures,Train: European-only
PGS000996,4,3,3,EFO_0009959|MONDO_0004235,diverticular disease|diverticulitis,Train: European-only
PGS000997,4,3,3,EFO_0009959,diverticular disease,Train: European-only
PGS001006,4,3,3,EFO_0004338|EFO_0009799,body weight|self-reported trait,Train: European-only
PGS001011,4,3,3,MONDO_0001209,common wart,Train: European-only
PGS001013,4,3,3,MONDO_0003004,macular degeneration,Train: European-only
PGS001014,4,3,3,MONDO_0002356,pancreas disorder,Train: European-only
PGS001015,4,3,3,MONDO_0003105,prostate disorder,Train: European-only
PGS001016,4,3,3,EFO_0009599,feeling emotionally hurt measurement,Train: European-only
PGS001017,4,3,3,EFO_0009597,feeling nervous measurement,Train: European-only
PGS001018,4,3,3,EFO_0009592,social interaction measurement,Train: European-only
PGS001019,4,3,3,EFO_0009592,social interaction measurement,Train: European-only
PGS001020,4,3,3,EFO_0009592,social interaction measurement,Train: European-only
PGS001021,4,3,3,EFO_0009589|EFO_0009863,worry measurement|anxiety measurement,Train: European-only
PGS001022,4,3,3,EFO_0009589,worry measurement,Train: European-only
PGS001023,4,3,3,MONDO_0000226,mineral metabolism disease,Train: European-only
PGS001024,4,3,3,MONDO_0004872,hemorrhoid,Train: European-only
PGS001025,4,3,3,MONDO_0003803,aortic valve disorder,Train: European-only
PGS001026,4,3,3,EFO_0009514,upper extremity fracture,Train: European-only
PGS001027,4,3,3,EFO_0009507,knee injury,Train: European-only
PGS001028,4,3,3,EFO_0009486,diabetic eye disease,Train: European-only
PGS001029,4,3,3,MONDO_0000942,corneal disorder,Train: European-only
PGS001030,4,3,3,MONDO_0002771,pulmonary fibrosis,Train: European-only
PGS001031,4,3,3,EFO_0009432,fibroblastic disorder,Train: European-only
PGS001032,4,3,3,MONDO_0007886,uterine corpus leiomyoma,Train: European-only
PGS001033,4,3,3,MONDO_0001531,blood coagulation disease,Train: European-only
PGS001040,4,3,3,EFO_0009260,non-melanoma skin carcinoma,Train: European-only
PGS001041,4,3,3,MONDO_0002656,skin carcinoma,Train: European-only
PGS001042,4,3,3,MONDO_0010138,thyrotoxicosis,Train: European-only
PGS001043,4,3,3,MONDO_0004425|MONDO_0010138,hyperthyroidism|thyrotoxicosis,Train: European-only
PGS001044,4,3,3,EFO_0009116,vitamin supplement exposure measurement,Train: European-only
PGS001045,4,3,3,EFO_0009116,vitamin supplement exposure measurement,Train: European-only
PGS001046,4,3,3,EFO_0009115,tobacco smoke exposure measurement,Train: European-only
PGS001047,4,3,3,EFO_0009115,tobacco smoke exposure measurement,Train: European-only
PGS001048,4,3,3,EFO_0008586,Non-ST Elevation Myocardial Infarction,Train: European-only
PGS001049,4,3,3,EFO_0008579,risk-taking behaviour,Train: European-only
PGS001050,4,3,3,EFO_0008561,diaphragmatic hernia,Train: European-only
PGS001051,4,3,3,MONDO_0019735,polymyalgia rheumatica,Train: European-only
PGS001054,4,3,3,EFO_0008341,snoring measurement,Train: European-only
PGS001058,4,3,3,EFO_0008111,diet measurement,Train: European-only
PGS001059,4,3,3,EFO_0008111,diet measurement,Train: European-only
PGS001063,4,3,3,EFO_0008111,diet measurement,Train: European-only
PGS001064,4,3,3,EFO_0008111,diet measurement,Train: European-only
PGS001065,4,3,3,EFO_0008111,diet measurement,Train: European-only
PGS001071,4,3,3,OBA_0005494,aging rate,Train: European-only
PGS001072,4,3,3,OBA_0005494,aging rate,Train: European-only
PGS001074,4,3,3,EFO_0008002,physical activity measurement,Train: European-only
PGS001085,4,3,3,EFO_0007645|OBA_1000840,longitudinal alcohol consumption measurement|alcohol consumption quality,Train: European-only
PGS001086,4,3,3,OBA_1000840,alcohol consumption quality,Train: European-only
PGS001090,4,3,3,EFO_0007869,wellbeing measurement,Train: European-only
PGS001091,4,3,3,EFO_0007865,loneliness measurement,Train: European-only
PGS001092,4,3,3,OBA_0002313,strand of hair color,Train: European-only
PGS001094,4,3,3,OBA_0002313,strand of hair color,Train: European-only
PGS001095,4,3,3,OBA_0002313,strand of hair color,Train: European-only
PGS001096,4,3,3,OBA_0002313,strand of hair color,Train: European-only
PGS001097,4,3,3,OBA_0002313,strand of hair color,Train: European-only
PGS001107,4,3,3,EFO_0007778,urinary albumin to creatinine ratio,Train: European-only
PGS001109,4,3,3,MONDO_0006004|MONDO_0011786,vasomotor rhinitis|allergic rhinitis,Train: European-only
PGS001111,4,3,3,MONDO_0005836,male reproductive organ cancer,Train: European-only
PGS001112,4,3,3,EFO_0007013,aspirin use measurement,Train: European-only
PGS001113,4,3,3,EFO_0007013,aspirin use measurement,Train: European-only
PGS001114,4,3,3,EFO_0007012|EFO_0009799,NSAID use measurement|self-reported trait,Train: European-only
PGS001115,4,3,3,EFO_0007012|EFO_0009799,NSAID use measurement|self-reported trait,Train: European-only
PGS001116,4,3,3,EFO_0007012,NSAID use measurement,Train: European-only
PGS001117,4,3,3,EFO_0600082,insulin use measurement,Train: European-only
PGS001118,4,3,3,EFO_0007010,drug use measurement,Train: European-only
PGS001123,4,3,3,EFO_0006781,coffee consumption measurement,Train: European-only
PGS001124,4,3,3,EFO_0006781,coffee consumption measurement,Train: European-only
PGS001125,4,3,3,EFO_0006781,coffee consumption measurement,Train: European-only
PGS001127,4,3,3,EFO_0006527,smoking status measurement,Train: European-only
PGS001128,4,3,3,EFO_0006527,smoking status measurement,Train: European-only
PGS001129,4,3,3,EFO_0006527,smoking status measurement,Train: European-only
PGS001131,4,3,3,MONDO_0005609,herpes zoster,Train: European-only
PGS001132,4,3,3,EFO_0000493,family history,Train: European-only
PGS001135,4,3,3,MONDO_0005578,arthritic joint disease,Train: European-only
PGS001137,4,3,3,MONDO_0008375,retinal detachment,Train: European-only
PGS001138,4,3,3,EFO_0005767,rheumatoid factor measurement,Train: European-only
PGS001139,4,3,3,OBA_2050116,smoking behavior trait,Train: European-only
PGS001140,4,3,3,MONDO_0008420,seborrheic keratosis,Train: European-only
PGS001141,4,3,3,EFO_0005422,skin aging,Train: European-only
PGS001153,4,3,3,OBA_1001015,folic acid level,Train: European-only
PGS001174,4,3,3,MONDO_0012672,cholelithiasis,Train: European-only
PGS001181,4,3,3,MONDO_0005420,hypothyroidism,Train: European-only
PGS001182,4,3,3,EFO_0004697,estradiol measurement,Train: European-only
PGS001192,4,3,3,MONDO_0005416,"osteoarthritis, knee",Train: European-only
PGS001244,4,3,3,EFO_0004279,suntan,Train: European-only
PGS001245,4,3,3,EFO_0004279,suntan,Train: European-only
PGS001246,4,3,3,EFO_0004279,suntan,Train: European-only
PGS001247,4,3,3,EFO_0004279,suntan,Train: European-only
PGS001248,4,3,3,MONDO_0005393,gout,Train: European-only
PGS001249,4,3,3,MONDO_0005393,gout,Train: European-only
PGS001250,4,3,3,MONDO_0007009|MONDO_0008171,ureterolithiasis|nephrolithiasis,Train: European-only
PGS001251,4,3,3,MONDO_0015925,interstitial lung disease,Train: European-only
PGS001252,4,3,3,EFO_0001063|MONDO_0005365,deafness|hearing loss disorder,Train: European-only
PGS001253,4,3,3,MONDO_0005365,hearing loss disorder,Train: European-only
PGS001256,4,3,3,MONDO_0005346,gallstones,Train: European-only
PGS001258,4,3,3,MONDO_0005325,radius fracture,Train: European-only
PGS001259,4,3,3,MONDO_0005324,seasonal allergic rhinitis,Train: European-only
PGS001260,4,3,3,EFO_0003913,angina pectoris,Train: European-only
PGS001261,4,3,3,EFO_0003913,angina pectoris,Train: European-only
PGS001262,4,3,3,EFO_0003913,angina pectoris,Train: European-only
PGS001263,4,3,3,MONDO_0005310,atrial flutter,Train: European-only
PGS001264,4,3,3,EFO_0003907,deep vein thrombosis,Train: European-only
PGS001265,4,3,3,EFO_0003907,deep vein thrombosis,Train: European-only
PGS001266,4,3,3,EFO_0003907,deep vein thrombosis,Train: European-only
PGS001267,4,3,3,MONDO_0005306,ankylosing spondylitis,Train: European-only
PGS001268,4,3,3,MONDO_0005306,ankylosing spondylitis,Train: European-only
PGS001272,4,3,3,MONDO_0005300,chronic kidney disease,Train: European-only
PGS001273,4,3,3,MONDO_0005298,osteoporosis,Train: European-only
PGS001274,4,3,3,MONDO_0005298,osteoporosis,Train: European-only
PGS001275,4,3,3,MONDO_0005283,retinal disorder,Train: European-only
PGS001276,4,3,3,MONDO_0005283,retinal disorder,Train: European-only
PGS001277,4,3,3,EFO_0003907|MONDO_0005279,deep vein thrombosis|pulmonary embolism,Train: European-only
PGS001278,4,3,3,EFO_0003907|MONDO_0005279,deep vein thrombosis|pulmonary embolism,Train: European-only
PGS001279,4,3,3,EFO_0003907|MONDO_0005279,deep vein thrombosis|pulmonary embolism,Train: European-only
PGS001280,4,3,3,MONDO_0005279,pulmonary embolism,Train: European-only
PGS001281,4,3,3,MONDO_0005277,migraine disorder,Train: European-only
PGS001282,4,3,3,MONDO_0005277,migraine disorder,Train: European-only
PGS001284,4,3,3,MONDO_0005271,allergic disease,Train: European-only
PGS001285,4,3,3,MONDO_0005271,allergic disease,Train: European-only
PGS001286,4,3,3,MONDO_0005271,allergic disease,Train: European-only
PGS001287,4,3,3,MONDO_0011849,psoriatic arthritis,Train: European-only
PGS001288,4,3,3,MONDO_0005265,inflammatory bowel disease,Train: European-only
PGS001289,4,3,3,MONDO_0015075,thyroid gland carcinoma,Train: European-only
PGS001290,4,3,3,MONDO_0005178,osteoarthritis,Train: European-only
PGS001291,4,3,3,MONDO_0005159,prostate carcinoma,Train: European-only
PGS001292,4,3,3,EFO_0600083,family history of prostate cancer,Train: European-only
PGS001293,4,3,3,MONDO_0005154,liver disorder,Train: European-only
PGS001295,4,3,3,MONDO_0005148,type 2 diabetes mellitus,Train: European-only
PGS001296,4,3,3,MONDO_0005147,type 1 diabetes mellitus,Train: European-only
PGS001298,4,3,3,MONDO_0011122,obesity disorder,Train: European-only
PGS001299,4,3,3,MONDO_0005131,cervical carcinoma,Train: European-only
PGS001302,4,3,3,MONDO_0005129,cataract,Train: European-only
PGS001303,4,3,3,MONDO_0005129,cataract,Train: European-only
PGS001304,4,3,3,MONDO_0005105,melanoma,Train: European-only
PGS001306,4,3,3,MONDO_0005101,ulcerative colitis,Train: European-only
PGS001307,4,3,3,MONDO_0005101,ulcerative colitis,Train: European-only
PGS001308,4,3,3,MONDO_0010030,Sjogren syndrome,Train: European-only
PGS001309,4,3,3,MONDO_0008383,rheumatoid arthritis,Train: European-only
PGS001310,4,3,3,MONDO_0008383,rheumatoid arthritis,Train: European-only
PGS001312,4,3,3,MONDO_0005083,psoriasis,Train: European-only
PGS001313,4,3,3,MONDO_0005083,psoriasis,Train: European-only
PGS001314,4,3,3,MONDO_0005068,myocardial infarction,Train: European-only
PGS001315,4,3,3,MONDO_0005068,myocardial infarction,Train: European-only
PGS001316,4,3,3,MONDO_0005068,myocardial infarction,Train: European-only
PGS001317,4,3,3,MONDO_0005068,myocardial infarction,Train: European-only
PGS001318,4,3,3,MONDO_0005066,metabolic disease,Train: European-only
PGS001320,4,3,3,MONDO_0005044,hypertensive disorder,Train: European-only
PGS001321,4,3,3,MONDO_0005041,glaucoma,Train: European-only
PGS001322,4,3,3,MONDO_0005041,glaucoma,Train: European-only
PGS001323,4,3,3,MONDO_0005041,glaucoma,Train: European-only
PGS001324,4,3,3,EFO_0000493,family history,Train: European-only
PGS001326,4,3,3,MONDO_0004849,pulmonary emphysema,Train: European-only
PGS001327,4,3,3,MONDO_0005015,diabetes mellitus,Train: European-only
PGS001328,4,3,3,EFO_0000493,family history,Train: European-only
PGS001329,4,3,3,MONDO_0005015,diabetes mellitus,Train: European-only
PGS001330,4,3,3,MONDO_0005011,Crohn disease,Train: European-only
PGS001332,4,3,3,MONDO_0005002,chronic obstructive pulmonary disease,Train: European-only
PGS001333,4,3,3,MONDO_0005002,chronic obstructive pulmonary disease,Train: European-only
PGS001334,4,3,3,MONDO_0005002,chronic obstructive pulmonary disease,Train: European-only
PGS001335,4,3,3,MONDO_0004995,cardiovascular disorder,Train: European-only
PGS001336,4,3,3,MONDO_0004989,breast carcinoma,Train: European-only
PGS001337,4,3,3,EFO_0005606,family history of breast cancer,Train: European-only
PGS001338,4,3,3,MONDO_0010811,benign prostatic hyperplasia,Train: European-only
PGS001341,4,3,3,MONDO_0004979,asthma,Train: European-only
PGS001343,4,3,3,MONDO_0004979,asthma,Train: European-only
PGS001344,4,3,3,MONDO_0004979,asthma,Train: European-only
PGS001345,4,3,3,MONDO_0004979,asthma,Train: European-only
PGS001346,4,3,3,MONDO_0004979,asthma,Train: European-only
PGS001347,4,3,3,EFO_0009268,family history of Alzheimer’s disease,Train: European-only
PGS001369,4,3,3,MONDO_0005649,appendicitis,Train: European-only
PGS001390,4,3,3,MONDO_0005412,duodenal ulcer,Train: European-only
PGS001392,4,3,3,EFO_0006953,family history of lung cancer,Train: European-only
PGS001516,4,3,3,MONDO_0005020,intestinal disorder,Train: European-only
PGS001522,4,3,3,HP_0003040,Arthropathy,Train: European-only
PGS001535,4,3,3,EFO_0010729,sun exposure measurement,Train: European-only
PGS001536,4,3,3,MONDO_0008661,vitiligo,Train: European-only
PGS000022,3,3,3,MONDO_0005147,type 1 diabetes mellitus,NA
PGS000200,3,3,3,MONDO_0005010,coronary artery disorder,Train: Multi incl. EUR
PGS001787,3,3,3,MONDO_0004979,asthma,Train: Multi incl. EUR
PGS003850,3,3,3,MONDO_0005575,colorectal cancer,Train: Multi incl. EUR
PGS003852,3,3,3,MONDO_0005575,colorectal cancer,Train: Multi incl. EUR
PGS004233,3,3,3,EFO_0006336,diastolic blood pressure,Train: Multi incl. EUR
PGS004234,3,3,3,MONDO_0005044,hypertensive disorder,Train: Multi incl. EUR
PGS004235,3,3,3,EFO_0006335,systolic blood pressure,Train: Multi incl. EUR
PGS004236,3,3,3,MONDO_0005044,hypertensive disorder,Train: Multi incl. EUR
PGS000005,11,2,3,MONDO_0006512,estrogen-receptor positive breast cancer,Train: European-only
PGS001780,9,2,2,MONDO_0005010,coronary artery disorder,Train: Multi incl. EUR
PGS003981,6,2,2,MONDO_0005265,inflammatory bowel disease,Train: Multi incl. EUR
PGS003983,6,2,2,MONDO_0004989,breast carcinoma,Train: European-only
PGS003984,6,2,2,MONDO_0005098,stroke disorder,Train: Multi incl. EUR
PGS003985,6,2,2,MONDO_0005159,prostate carcinoma,Train: European-only
PGS003988,6,2,2,MONDO_0005300,chronic kidney disease,Train: European-only
PGS003990,6,2,2,MONDO_0005393,gout,Train: European-only
PGS003997,6,2,2,MONDO_0005265,inflammatory bowel disease,Train: Multi incl. EUR
PGS003999,6,2,2,MONDO_0004989,breast carcinoma,Train: European-only
PGS004000,6,2,2,MONDO_0005098,stroke disorder,Train: Multi incl. EUR
PGS004001,6,2,2,MONDO_0005159,prostate carcinoma,Train: European-only
PGS004004,6,2,2,MONDO_0005300,chronic kidney disease,Train: European-only
PGS004006,6,2,2,MONDO_0005393,gout,Train: European-only
PGS004013,6,2,2,MONDO_0005265,inflammatory bowel disease,Train: Multi incl. EUR
PGS004015,6,2,2,MONDO_0005098,stroke disorder,Train: Multi incl. EUR
PGS004016,6,2,2,MONDO_0005300,chronic kidney disease,Train: European-only
PGS004018,6,2,2,MONDO_0005393,gout,Train: European-only
PGS004023,6,2,2,MONDO_0005265,inflammatory bowel disease,Train: Multi incl. EUR
PGS004025,6,2,2,MONDO_0004989,breast carcinoma,Train: European-only
PGS004026,6,2,2,MONDO_0005098,stroke disorder,Train: Multi incl. EUR
PGS004027,6,2,2,MONDO_0005159,prostate carcinoma,Train: European-only
PGS004030,6,2,2,MONDO_0005300,chronic kidney disease,Train: European-only
PGS004032,6,2,2,MONDO_0005393,gout,Train: European-only
PGS004038,6,2,2,MONDO_0005265,inflammatory bowel disease,Train: Multi incl. EUR
PGS004040,6,2,2,MONDO_0004989,breast carcinoma,Train: European-only
PGS004041,6,2,2,MONDO_0005098,stroke disorder,Train: Multi incl. EUR
PGS004042,6,2,2,MONDO_0005159,prostate carcinoma,Train: European-only
PGS004045,6,2,2,MONDO_0005300,chronic kidney disease,Train: European-only
PGS004047,6,2,2,MONDO_0005393,gout,Train: European-only
PGS004051,6,2,2,MONDO_0005265,inflammatory bowel disease,Train: Multi incl. EUR
PGS004053,6,2,2,MONDO_0004989,breast carcinoma,Train: European-only
PGS004054,6,2,2,MONDO_0005098,stroke disorder,Train: Multi incl. EUR
PGS004055,6,2,2,MONDO_0005159,prostate carcinoma,Train: European-only
PGS004058,6,2,2,MONDO_0005300,chronic kidney disease,Train: European-only
PGS004060,6,2,2,MONDO_0005393,gout,Train: European-only
PGS004067,6,2,2,MONDO_0005265,inflammatory bowel disease,Train: Multi incl. EUR
PGS004069,6,2,2,MONDO_0004989,breast carcinoma,Train: European-only
PGS004070,6,2,2,MONDO_0005098,stroke disorder,Train: Multi incl. EUR
PGS004071,6,2,2,MONDO_0005159,prostate carcinoma,Train: European-only
PGS004074,6,2,2,MONDO_0005300,chronic kidney disease,Train: European-only
PGS004076,6,2,2,MONDO_0005393,gout,Train: European-only
PGS004081,6,2,2,MONDO_0005265,inflammatory bowel disease,Train: Multi incl. EUR
PGS004083,6,2,2,MONDO_0004989,breast carcinoma,Train: European-only
PGS004084,6,2,2,MONDO_0005098,stroke disorder,Train: Multi incl. EUR
PGS004085,6,2,2,MONDO_0005159,prostate carcinoma,Train: European-only
PGS004088,6,2,2,MONDO_0005300,chronic kidney disease,Train: European-only
PGS004090,6,2,2,MONDO_0005393,gout,Train: European-only
PGS004097,6,2,2,MONDO_0005265,inflammatory bowel disease,Train: Multi incl. EUR
PGS004098,6,2,2,MONDO_0005098,stroke disorder,Train: Multi incl. EUR
PGS004099,6,2,2,MONDO_0005159,prostate carcinoma,Train: European-only
PGS004101,6,2,2,MONDO_0005300,chronic kidney disease,Train: European-only
PGS004105,6,2,2,MONDO_0005265,inflammatory bowel disease,Train: Multi incl. EUR
PGS004107,6,2,2,MONDO_0004989,breast carcinoma,Train: European-only
PGS004108,6,2,2,MONDO_0005098,stroke disorder,Train: Multi incl. EUR
PGS004109,6,2,2,MONDO_0005159,prostate carcinoma,Train: European-only
PGS004112,6,2,2,MONDO_0005300,chronic kidney disease,Train: European-only
PGS004114,6,2,2,MONDO_0005393,gout,Train: European-only
PGS004121,6,2,2,MONDO_0005265,inflammatory bowel disease,Train: Multi incl. EUR
PGS004123,6,2,2,MONDO_0004989,breast carcinoma,Train: European-only
PGS004124,6,2,2,MONDO_0005098,stroke disorder,Train: Multi incl. EUR
PGS004125,6,2,2,MONDO_0005159,prostate carcinoma,Train: European-only
PGS004128,6,2,2,MONDO_0005300,chronic kidney disease,Train: European-only
PGS004130,6,2,2,MONDO_0005393,gout,Train: European-only
PGS004135,6,2,2,MONDO_0005265,inflammatory bowel disease,Train: Multi incl. EUR
PGS004137,6,2,2,MONDO_0004989,breast carcinoma,Train: European-only
PGS004138,6,2,2,MONDO_0005098,stroke disorder,Train: Multi incl. EUR
PGS004139,6,2,2,MONDO_0005159,prostate carcinoma,Train: European-only
PGS004142,6,2,2,MONDO_0005300,chronic kidney disease,Train: European-only
PGS004144,6,2,2,MONDO_0005393,gout,Train: European-only
PGS004151,6,2,2,MONDO_0005265,inflammatory bowel disease,Train: Multi incl. EUR
PGS004153,6,2,2,MONDO_0004989,breast carcinoma,Train: European-only
PGS004154,6,2,2,MONDO_0005098,stroke disorder,Train: Multi incl. EUR
PGS004155,6,2,2,MONDO_0005159,prostate carcinoma,Train: European-only
PGS004158,6,2,2,MONDO_0005300,chronic kidney disease,Train: European-only
PGS004160,6,2,2,MONDO_0005393,gout,Train: European-only
PGS003993,5,2,2,MONDO_0005147,type 1 diabetes mellitus,Train: Multi incl. EUR
PGS003994,5,2,2,MONDO_0008383,rheumatoid arthritis,Train: Multi incl. EUR
PGS004009,5,2,2,MONDO_0005147,type 1 diabetes mellitus,Train: Multi incl. EUR
PGS004010,5,2,2,MONDO_0008383,rheumatoid arthritis,Train: Multi incl. EUR
PGS004020,5,2,2,MONDO_0005147,type 1 diabetes mellitus,Train: Multi incl. EUR
PGS004021,5,2,2,MONDO_0008383,rheumatoid arthritis,Train: Multi incl. EUR
PGS004035,5,2,2,MONDO_0005147,type 1 diabetes mellitus,Train: Multi incl. EUR
PGS004049,5,2,2,MONDO_0008383,rheumatoid arthritis,Train: Multi incl. EUR
PGS004063,5,2,2,MONDO_0005147,type 1 diabetes mellitus,Train: Multi incl. EUR
PGS004064,5,2,2,MONDO_0008383,rheumatoid arthritis,Train: Multi incl. EUR
PGS004078,5,2,2,MONDO_0005147,type 1 diabetes mellitus,Train: Multi incl. EUR
PGS004079,5,2,2,MONDO_0008383,rheumatoid arthritis,Train: Multi incl. EUR
PGS004093,5,2,2,MONDO_0005147,type 1 diabetes mellitus,Train: Multi incl. EUR
PGS004094,5,2,2,MONDO_0008383,rheumatoid arthritis,Train: Multi incl. EUR
PGS004102,5,2,2,MONDO_0005147,type 1 diabetes mellitus,Train: Multi incl. EUR
PGS004103,5,2,2,MONDO_0008383,rheumatoid arthritis,Train: Multi incl. EUR
PGS004117,5,2,2,MONDO_0005147,type 1 diabetes mellitus,Train: Multi incl. EUR
PGS004118,5,2,2,MONDO_0008383,rheumatoid arthritis,Train: Multi incl. EUR
PGS004132,5,2,2,MONDO_0005147,type 1 diabetes mellitus,Train: Multi incl. EUR
PGS004133,5,2,2,MONDO_0008383,rheumatoid arthritis,Train: Multi incl. EUR
PGS004147,5,2,2,MONDO_0005147,type 1 diabetes mellitus,Train: Multi incl. EUR
PGS004148,5,2,2,MONDO_0008383,rheumatoid arthritis,Train: Multi incl. EUR
PGS004162,5,2,2,MONDO_0005147,type 1 diabetes mellitus,Train: Multi incl. EUR
PGS004163,5,2,2,MONDO_0008383,rheumatoid arthritis,Train: Multi incl. EUR
PGS000006,4,2,3,MONDO_0006513,estrogen-receptor negative breast cancer,Train: European-only
PGS000137,4,2,2,MONDO_0005041,glaucoma,Train: European-only
PGS000754,4,2,2,MONDO_0007915,systemic lupus erythematosus,Train: East Asian-only
PGS002250,4,2,2,MONDO_0005140,ovarian carcinoma,Train: European-only
PGS003446,4,2,2,MONDO_0005010,coronary artery disorder,Train: Multi incl. EUR
PGS003751,4,2,2,MONDO_0005148,type 2 diabetes mellitus,Train: European-only
PGS000015,3,2,2,MONDO_0004989,breast carcinoma,Train: European-only
PGS000296,3,2,2,MONDO_0005010,coronary artery disorder,Train: Multi incl. EUR
PGS000712,3,2,2,MONDO_0005148,type 2 diabetes mellitus,Train: European-only
PGS000721,3,2,2,MONDO_0005138,lung carcinoma,Train: European-only
PGS000749,3,2,2,MONDO_0005010,coronary artery disorder,Train: Multi incl. EUR
PGS000808,3,2,2,MONDO_0005148,type 2 diabetes mellitus,Train: Multi excl. EUR
PGS000922,3,2,2,MONDO_0019338,sarcoidosis,Train: European-only
PGS000923,3,2,2,MONDO_0019338,sarcoidosis,Train: European-only
PGS000924,3,2,2,MONDO_0024431|MONDO_0037821,bilirubin metabolism disease|porphyrin metabolism disease,Train: European-only
PGS000940,3,2,2,HP_0002024,Malabsorption,Train: European-only
PGS000945,3,2,2,MONDO_0001627|MONDO_0004975,dementia|Alzheimer disease,Train: European-only
PGS000946,3,2,2,MONDO_0001627,dementia,Train: European-only
PGS000966,3,2,2,MONDO_0006814,iritis,Train: European-only
PGS001093,3,2,2,OBA_0002313,strand of hair color,Train: European-only
PGS001110,3,2,2,MONDO_0017376,reactive arthritis,Train: European-only
PGS001136,3,2,2,MONDO_0005570,hematologic disorder,Train: European-only
PGS001164,3,2,2,MONDO_0005447,testicular cancer,Train: European-only
PGS001179,3,2,2,MONDO_0004648,vascular dementia,Train: European-only
PGS001255,3,2,2,MONDO_0005349,otosclerosis,Train: European-only
PGS001270,3,2,2,MONDO_0005301,multiple sclerosis,Train: European-only
PGS001271,3,2,2,MONDO_0005301,multiple sclerosis,Train: European-only
PGS001297,3,2,2,MONDO_0005147,type 1 diabetes mellitus,Train: European-only
PGS001300,3,2,2,MONDO_0005130,celiac disease,Train: European-only
PGS001301,3,2,2,MONDO_0005130,celiac disease,Train: European-only
PGS001305,3,2,2,MONDO_0002280|MONDO_0020696,anemia|vitamin B12 deficiency,Train: European-only
PGS001311,3,2,2,MONDO_0008383,rheumatoid arthritis,Train: European-only
PGS001319,3,2,2,MONDO_0005066,metabolic disease,Train: European-only
PGS001331,3,2,2,MONDO_0005011,Crohn disease,Train: European-only
PGS001348,3,2,2,MONDO_0004975,Alzheimer disease,Train: European-only
PGS001349,3,2,2,MONDO_0004975,Alzheimer disease,Train: European-only
PGS002237,3,2,2,MONDO_0005300,chronic kidney disease,Train: European-only
PGS003089,3,2,2,MONDO_0005148,type 2 diabetes mellitus,Train: European-only
PGS003093,3,2,2,MONDO_0005148,type 2 diabetes mellitus,Train: European-only
PGS003095,3,2,2,MONDO_0005148,type 2 diabetes mellitus,Train: European-only
PGS003096,3,2,2,MONDO_0005148,type 2 diabetes mellitus,Train: European-only
PGS003099,3,2,2,MONDO_0005148,type 2 diabetes mellitus,Train: European-only
PGS003100,3,2,2,MONDO_0005148,type 2 diabetes mellitus,Train: European-only
PGS003101,3,2,2,MONDO_0005148,type 2 diabetes mellitus,Train: European-only
PGS003102,3,2,2,MONDO_0005148,type 2 diabetes mellitus,Train: European-only
PGS003104,3,2,2,MONDO_0005148,type 2 diabetes mellitus,Train: European-only
PGS003108,3,2,2,MONDO_0005148,type 2 diabetes mellitus,Train: European-only
PGS003110,3,2,2,MONDO_0005148,type 2 diabetes mellitus,Train: European-only
PGS003111,3,2,2,MONDO_0005148,type 2 diabetes mellitus,Train: European-only
PGS003117,3,2,2,MONDO_0005148,type 2 diabetes mellitus,Train: European-only
PGS003118,3,2,2,MONDO_0005148,type 2 diabetes mellitus,Train: European-only
PGS003119,3,2,2,MONDO_0005148,type 2 diabetes mellitus,Train: European-only
PGS003123,3,2,2,MONDO_0005148,type 2 diabetes mellitus,Train: European-only
PGS003395,3,2,2,MONDO_0005575,colorectal cancer,Train: Multi incl. EUR
PGS003752,3,2,2,MONDO_0005148,type 2 diabetes mellitus,Train: European-only
PGS004181,3,2,2,MONDO_0005148,type 2 diabetes mellitus,Train: European-only
PGS004182,3,2,2,MONDO_0005148,type 2 diabetes mellitus,Train: European-only
PGS004183,3,2,2,MONDO_0005148,type 2 diabetes mellitus,Train: European-only
PGS004184,3,2,2,MONDO_0005148,type 2 diabetes mellitus,Train: European-only
PGS004185,3,2,2,MONDO_0005148,type 2 diabetes mellitus,Train: European-only
PGS004310,3,2,2,MONDO_0005148,type 2 diabetes mellitus,Train: European-only
PGS004311,3,2,2,MONDO_0005148,type 2 diabetes mellitus,Train: European-only
PGS004312,3,2,2,MONDO_0005148,type 2 diabetes mellitus,Train: European-only
PGS004313,3,2,2,MONDO_0005148,type 2 diabetes mellitus,Train: European-only
PGS004314,3,2,2,MONDO_0005148,type 2 diabetes mellitus,Train: European-only
PGS004586,3,2,2,MONDO_0024331,colorectal carcinoma,Train: Multi incl. EUR
PGS004615,3,2,2,MONDO_0005148,type 2 diabetes mellitus,Train: East Asian-only
PGS004617,3,2,2,MONDO_0005148,type 2 diabetes mellitus,Train: East Asian-only
PGS004618,3,2,2,MONDO_0005148,type 2 diabetes mellitus,Train: East Asian-only
PGS004620,3,2,2,MONDO_0005148,type 2 diabetes mellitus,Train: East Asian-only
PGS005120,3,2,2,EFO_0006335,systolic blood pressure,Train: European-only
PGS000028,2,2,2,MONDO_0004989,breast carcinoma,Train: Multi incl. EUR
PGS000035,2,2,2,MONDO_0004981,atrial fibrillation,Train: Multi incl. EUR
PGS000070,2,2,2,MONDO_0005061,lung adenocarcinoma,Train: Multi incl. EUR
PGS000331,2,2,2,MONDO_0004981,atrial fibrillation,Train: European-only
PGS000727,2,2,2,MONDO_0004981,atrial fibrillation,Train: European-only
PGS000779,2,2,2,MONDO_0004975,Alzheimer disease,Train: Multi incl. EUR
PGS000806,2,2,2,MONDO_0005148,type 2 diabetes mellitus,Train: African-only
PGS000882,2,2,2,OBA_1000968,vitamin D level,Train: European-only
PGS001800,2,2,2,EFO_0004314,forced expiratory volume,Train: European-only
PGS001801,2,2,2,EFO_0004713,FEV/FVC ratio,Train: European-only
PGS002238,2,2,2,EFO_0006335,systolic blood pressure,Train: Multi incl. EUR
PGS002239,2,2,2,EFO_0006336,diastolic blood pressure,Train: Multi incl. EUR
PGS002724,2,2,2,HP_0002140|MONDO_0005098,Ischemic stroke|stroke disorder,Train: Multi incl. EUR
PGS002745,2,2,2,MONDO_0008383,rheumatoid arthritis,Train: Multi excl. EUR
PGS002779,2,2,2,MONDO_0005148,type 2 diabetes mellitus,Train: European-only
PGS003090,2,2,2,MONDO_0005148,type 2 diabetes mellitus,Train: European-only
PGS003091,2,2,2,MONDO_0005148,type 2 diabetes mellitus,Train: European-only
PGS003092,2,2,2,MONDO_0005148,type 2 diabetes mellitus,Train: European-only
PGS003094,2,2,2,MONDO_0005148,type 2 diabetes mellitus,Train: European-only
PGS003105,2,2,2,MONDO_0005148,type 2 diabetes mellitus,Train: European-only
PGS003106,2,2,2,MONDO_0005148,type 2 diabetes mellitus,Train: European-only
PGS003109,2,2,2,MONDO_0005148,type 2 diabetes mellitus,Train: European-only
PGS003113,2,2,2,MONDO_0005148,type 2 diabetes mellitus,Train: European-only
PGS003114,2,2,2,MONDO_0005148,type 2 diabetes mellitus,Train: European-only
PGS003115,2,2,2,MONDO_0005148,type 2 diabetes mellitus,Train: European-only
PGS003116,2,2,2,MONDO_0005148,type 2 diabetes mellitus,Train: European-only
PGS003120,2,2,2,MONDO_0005148,type 2 diabetes mellitus,Train: European-only
PGS003121,2,2,2,MONDO_0005148,type 2 diabetes mellitus,Train: European-only
PGS003394,2,2,2,MONDO_0005140,ovarian carcinoma,Train: European-only
PGS003857,2,2,2,MONDO_0007147,obstructive sleep apnea syndrome,Train: Multi incl. EUR
PGS003858,2,2,2,MONDO_0007147,obstructive sleep apnea syndrome,Train: Multi incl. EUR
PGS004614,2,2,2,EFO_0009959,diverticular disease,Train: European-only
PGS004616,2,2,2,MONDO_0005148,type 2 diabetes mellitus,Train: East Asian-only
PGS004619,2,2,2,MONDO_0005148,type 2 diabetes mellitus,Train: East Asian-only
PGS004912,2,2,2,MONDO_0024331,colorectal carcinoma,Train: Multi incl. EUR
PGS004944,2,2,2,MONDO_0005338,open-angle glaucoma,Train: Multi incl. EUR
PGS005242,2,2,2,MONDO_0005148,type 2 diabetes mellitus,Train: Multi incl. EUR
PGS012560,2,2,2,MONDO_0005546,fibromyalgia,Train: Multi incl. EUR
PGS000716,13,1,1,EFO_0004340|EFO_0009819,"body mass index|comparative body size at age 10, self-reported",Train: European-only
PGS000717,13,1,1,EFO_0004340,body mass index,Train: European-only
PGS000040,7,1,1,MONDO_0005130,celiac disease,Train: European-only
PGS005363,7,1,1,MONDO_0005148,type 2 diabetes mellitus,Train: Multi excl. EUR
PGS005364,7,1,1,MONDO_0005148,type 2 diabetes mellitus,Train: Multi excl. EUR
PGS005365,7,1,1,MONDO_0005148,type 2 diabetes mellitus,Train: East Asian-only
PGS005366,7,1,1,MONDO_0005148,type 2 diabetes mellitus,Train: Multi incl. EUR
PGS005367,7,1,1,MONDO_0005148,type 2 diabetes mellitus,Train: Multi excl. EUR
PGS003447,6,1,1,MONDO_0005133,endometriosis,Train: Multi incl. EUR
PGS004952,6,1,1,MONDO_0005150,age-related macular degeneration,Train: European-only
PGS000865,5,1,1,EFO_0010821,liver fat measurement,Train: Multi incl. EUR
PGS000872,5,1,1,MONDO_0013209,metabolic dysfunction-associated steatotic liver disease,Train: Multi incl. EUR
PGS019957,5,1,1,HP_0000545,Myopia,Train: Multi incl. EUR
PGS000007,4,1,1,MONDO_0004989,breast carcinoma,Train: European-only
PGS000021,4,1,1,MONDO_0005147,type 1 diabetes mellitus,Train: European-only
PGS000317,4,1,1,MONDO_0004989,breast carcinoma,Train: Multi incl. EUR
PGS000657,4,1,1,EFO_0009270,heel bone mineral density,Train: European-only
PGS000714,4,1,1,MONDO_0005159,prostate carcinoma,Train: European-only
PGS005358,4,1,1,MONDO_0005148,type 2 diabetes mellitus,Train: Multi excl. EUR
PGS005359,4,1,1,MONDO_0005148,type 2 diabetes mellitus,Train: Multi excl. EUR
PGS005360,4,1,1,MONDO_0005148,type 2 diabetes mellitus,Train: Multi excl. EUR
PGS005361,4,1,1,MONDO_0005148,type 2 diabetes mellitus,Train: Multi incl. EUR
PGS005362,4,1,1,MONDO_0005148,type 2 diabetes mellitus,Train: Multi excl. EUR
PGS005368,4,1,1,MONDO_0005148,type 2 diabetes mellitus,Train: Multi incl. EUR
PGS005369,4,1,1,MONDO_0005148,type 2 diabetes mellitus,Train: Multi incl. EUR
PGS005370,4,1,1,MONDO_0005148,type 2 diabetes mellitus,Train: Multi incl. EUR
PGS005371,4,1,1,MONDO_0005148,type 2 diabetes mellitus,Train: European-only
PGS005372,4,1,1,MONDO_0005148,type 2 diabetes mellitus,Train: Multi incl. EUR
PGS005373,4,1,1,MONDO_0005148,type 2 diabetes mellitus,Train: Multi excl. EUR
PGS005374,4,1,1,MONDO_0005148,type 2 diabetes mellitus,Train: Multi excl. EUR
PGS005375,4,1,1,MONDO_0005148,type 2 diabetes mellitus,Train: Multi excl. EUR
PGS005376,4,1,1,MONDO_0005148,type 2 diabetes mellitus,Train: Multi incl. EUR
PGS005377,4,1,1,MONDO_0005148,type 2 diabetes mellitus,Train: South Asian-only
PGS000030,3,1,1,MONDO_0005159,prostate carcinoma,Train: European-only
PGS000328,3,1,1,MONDO_0007915,systemic lupus erythematosus,Train: European-only
PGS000329,3,1,1,MONDO_0005010,coronary artery disorder,Train: European-only
PGS000740,3,1,1,MONDO_0005138,lung carcinoma,Train: European-only
PGS000746,3,1,1,MONDO_0005010,coronary artery disorder,Train: Multi incl. EUR
PGS000747,3,1,1,MONDO_0005010,coronary artery disorder,Train: Multi incl. EUR
PGS000748,3,1,1,MONDO_0005010,coronary artery disorder,Train: Multi incl. EUR
PGS000802,3,1,1,MONDO_0005575,colorectal cancer,Train: Multi incl. EUR
PGS000809,3,1,1,MONDO_0005301,multiple sclerosis,Train: European-only
PGS000814,3,1,1,EFO_0004611,low density lipoprotein cholesterol measurement,Train: European-only
PGS001777,3,1,1,MONDO_0006644,alcoholic liver cirrhosis,Train: European-only
PGS002729,3,1,1,MONDO_0005416,"osteoarthritis, knee",Train: Multi incl. EUR
PGS003414,3,1,1,MONDO_0005937,REM sleep behavior disorder,Train: European-only
PGS003725,3,1,1,MONDO_0005010,coronary artery disorder,Train: Multi incl. EUR
PGS003749,3,1,1,MONDO_0005147,type 1 diabetes mellitus,Train: European-only
PGS003972,3,1,1,MONDO_0005350,abdominal aortic aneurysm,Train: Multi incl. EUR
PGS003992,3,1,1,MONDO_0004975,Alzheimer disease,Train: European-only
PGS004008,3,1,1,MONDO_0004975,Alzheimer disease,Train: European-only
PGS004034,3,1,1,MONDO_0004975,Alzheimer disease,Train: European-only
PGS004062,3,1,1,MONDO_0004975,Alzheimer disease,Train: European-only
PGS004092,3,1,1,MONDO_0004975,Alzheimer disease,Train: European-only
PGS004116,3,1,1,MONDO_0004975,Alzheimer disease,Train: European-only
PGS004146,3,1,1,MONDO_0004975,Alzheimer disease,Train: European-only
PGS004595,3,1,1,MONDO_0005010,coronary artery disorder,Train: European-only
PGS005103,3,1,1,EFO_0004340,body mass index,Train: Multi incl. EUR
PGS005314,3,1,1,MONDO_0005148,type 2 diabetes mellitus,Train: African-only
PGS005332,3,1,1,EFO_0004340,body mass index,Train: Multi incl. EUR
PGS005334,3,1,1,MONDO_0005148,type 2 diabetes mellitus,Train: Multi incl. EUR
PGS005336,3,1,1,MONDO_0005148,type 2 diabetes mellitus,Train: Multi incl. EUR
PGS005353,3,1,1,MONDO_0005148,type 2 diabetes mellitus,Train: African-only
PGS005354,3,1,1,MONDO_0005148,type 2 diabetes mellitus,Train: Multi excl. EUR
PGS005355,3,1,1,MONDO_0005148,type 2 diabetes mellitus,Train: Multi excl. EUR
PGS005356,3,1,1,MONDO_0005148,type 2 diabetes mellitus,Train: Multi incl. EUR
PGS005357,3,1,1,MONDO_0005148,type 2 diabetes mellitus,Train: Multi excl. EUR
PGS005378,3,1,1,MONDO_0004989,breast carcinoma,Train: African-only
PGS005379,3,1,1,MONDO_0004989,breast carcinoma,Train: African-only
PGS018407,3,1,1,EFO_0003913,angina pectoris,NA
PGS018408,3,1,1,MONDO_0005010,coronary artery disorder,NA
PGS018409,3,1,1,MONDO_0005252,heart failure,NA
PGS018410,3,1,1,HP_0003124,Hypercholesterolemia,NA
PGS018411,3,1,1,HP_0000822,Hypertension,NA
PGS018412,3,1,1,MONDO_0005068,myocardial infarction,NA
PGS018413,3,1,1,MONDO_0005148,type 2 diabetes mellitus,NA
PGS000016,2,1,1,MONDO_0004981,atrial fibrillation,Train: Multi incl. EUR
PGS000017,2,1,1,MONDO_0005265,inflammatory bowel disease,Train: European-only
PGS000020,2,1,1,MONDO_0005148,type 2 diabetes mellitus,Train: European-only
PGS000031,2,1,1,MONDO_0005148,type 2 diabetes mellitus,Train: European-only
PGS000032,2,1,1,MONDO_0005148,type 2 diabetes mellitus,Train: European-only
PGS000078,2,1,1,MONDO_0005138,lung carcinoma,Train: European-only
PGS000114,2,1,1,MONDO_0011429,juvenile idiopathic arthritis,Train: European-only
PGS000118,2,1,1,MONDO_0005105,melanoma,Train: European-only
PGS000119,2,1,1,MONDO_0020804,basal cell carcinoma,Train: European-only
PGS000120,2,1,1,MONDO_0005096,squamous cell carcinoma,Train: European-only
PGS000125,2,1,1,MONDO_0005148,type 2 diabetes mellitus,Train: Multi incl. EUR
PGS000126,2,1,1,EFO_0004531,urate measurement,Train: European-only
PGS000146,2,1,1,MONDO_0005575,colorectal cancer,Train: Multi incl. EUR
PGS000148,2,1,1,MONDO_0005575,colorectal cancer,Train: European-only
PGS000194,2,1,1,EFO_0009459,ACPA-positive rheumatoid arthritis,Train: Multi incl. EUR
PGS000195,2,1,1,EFO_0009460,ACPA-negative rheumatoid arthritis,Train: Multi incl. EUR
PGS000196,2,1,1,MONDO_0007915,systemic lupus erythematosus,Train: European-only
PGS000197,2,1,1,MONDO_0005095,spondyloarthropathy,Train: Multi incl. EUR
PGS000198,2,1,1,MONDO_0011849,psoriatic arthritis,Train: Multi incl. EUR
PGS000199,2,1,1,MONDO_0005393,gout,Train: European-only
PGS000207,2,1,1,MONDO_0015075,thyroid gland carcinoma,Train: European-only
PGS000324,2,1,1,MONDO_0019437,enthesitis-related juvenile idiopathic arthritis,Train: European-only
PGS000325,2,1,1,MONDO_0019433,oligoarticular juvenile idiopathic arthritis,Train: European-only
PGS000326,2,1,1,MONDO_0019432,rheumatoid factor-negative juvenile idiopathic arthritis,Train: European-only
PGS000391,2,1,1,MONDO_0001407|MONDO_0001672|MONDO_0008903,tracheal cancer|bronchus cancer|lung cancer,Train: European-only
PGS000392,2,1,1,MONDO_0001407|MONDO_0001672|MONDO_0008903,tracheal cancer|bronchus cancer|lung cancer,Train: European-only
PGS000655,2,1,1,MONDO_0013209,metabolic dysfunction-associated steatotic liver disease,Train: European-only
PGS000663,2,1,1,MONDO_0005192,exocrine pancreatic carcinoma,Train: Multi incl. EUR
PGS000667,2,1,1,EFO_0006925,lipoprotein A measurement,Train: European-only
PGS000743,2,1,1,MONDO_0005105,melanoma,Train: European-only
PGS000770,2,1,1,EFO_0004340,body mass index,Train: Multi incl. EUR
PGS000773,2,1,2,MONDO_0004989,breast carcinoma,Train: European-only
PGS000774,2,1,2,MONDO_0006512,estrogen-receptor positive breast cancer,Train: European-only
PGS000775,2,1,2,MONDO_0006513,estrogen-receptor negative breast cancer,Train: European-only
PGS000799,2,1,1,MONDO_0004979,asthma,Train: Multi incl. EUR
PGS000800,2,1,1,MONDO_0005271,allergic disease,Train: European-only
PGS000832,2,1,1,MONDO_0005148,type 2 diabetes mellitus,Train: European-only
PGS000883,2,1,1,OBA_0003747,glomerular filtration rate,Train: Multi incl. EUR
PGS001098,2,1,1,OBA_0002313,strand of hair color,Train: European-only
PGS001254,2,1,1,EFO_0004229,Dupuytren Contracture,Train: European-only
PGS001354,2,1,1,MONDO_0015075,thyroid gland carcinoma,Train: European-only
PGS001848,2,1,1,HP_0100582,Nasal polyposis,Train: European-only
PGS002060,2,1,1,HP_0100582,Nasal polyposis,Train: European-only
PGS002246,2,1,1,MONDO_0005105,melanoma,Train: European-only
PGS002247,2,1,1,MONDO_0005105,melanoma,Train: European-only
PGS002248,2,1,1,MONDO_0005405,childhood onset asthma,Train: European-only
PGS002253,2,1,1,MONDO_0005105,melanoma,Train: European-only
PGS002268,2,1,1,MONDO_0005159,prostate carcinoma,Train: East Asian-only
PGS002272,2,1,1,MONDO_0100096,COVID-19,Train: Multi incl. EUR
PGS002354,2,1,1,MONDO_0005148,type 2 diabetes mellitus,Train: European-only
PGS002379,2,1,1,MONDO_0005148,type 2 diabetes mellitus,Train: East Asian-only
PGS002720,2,1,1,MONDO_0005148,type 2 diabetes mellitus,Train: European-only
PGS002725,2,1,1,HP_0002140|MONDO_0005098,Ischemic stroke|stroke disorder,Train: Multi incl. EUR
PGS002726,2,1,1,MONDO_0005301,multiple sclerosis,Train: European-only
PGS002728,2,1,1,MONDO_0006629,"osteoarthritis, hip",Train: European-only
PGS002733,2,1,1,MONDO_0005148,type 2 diabetes mellitus,Train: European-only
PGS002742,2,1,1,MONDO_0005575,colorectal cancer,Train: Multi incl. EUR
PGS002743,2,1,1,MONDO_0005575,colorectal cancer,Train: Multi incl. EUR
PGS002744,2,1,1,MONDO_0005575,colorectal cancer,Train: Multi incl. EUR
PGS003332,2,1,1,MONDO_0005399,venous thromboembolism,Train: European-only
PGS003353,2,1,1,MONDO_0005148,type 2 diabetes mellitus,Train: East Asian-only
PGS003431,2,1,1,MONDO_0005575,colorectal cancer,Train: European-only
PGS003432,2,1,1,MONDO_0005575,colorectal cancer,Train: European-only
PGS003433,2,1,1,MONDO_0005575,colorectal cancer,Train: European-only
PGS003434,2,1,1,MONDO_0005575,colorectal cancer,Train: European-only
PGS003435,2,1,1,MONDO_0005575,colorectal cancer,Train: European-only
PGS003436,2,1,1,MONDO_0005575,colorectal cancer,Train: European-only
PGS003728,2,1,1,MONDO_0005148,type 2 diabetes mellitus,Train: East Asian-only
PGS003729,2,1,1,MONDO_0005148,type 2 diabetes mellitus,Train: European-only
PGS003730,2,1,1,MONDO_0005148,type 2 diabetes mellitus,Train: Multi incl. EUR
PGS003731,2,1,1,MONDO_0005148,type 2 diabetes mellitus,Train: South Asian-only
PGS003732,2,1,1,MONDO_0005148,type 2 diabetes mellitus,Train: Multi excl. EUR
PGS003733,2,1,1,MONDO_0005148,type 2 diabetes mellitus,Train: European-only
PGS003734,2,1,1,MONDO_0005148,type 2 diabetes mellitus,Train: East Asian-only
PGS003735,2,1,1,MONDO_0005148,type 2 diabetes mellitus,Train: African-only
PGS003960,2,1,1,MONDO_0007915,systemic lupus erythematosus,Train: Multi incl. EUR
PGS004223,2,1,1,MONDO_0005148,type 2 diabetes mellitus,Train: Multi incl. EUR
PGS004226,2,1,1,MONDO_0005148,type 2 diabetes mellitus,Train: Multi incl. EUR
PGS004253,2,1,1,MONDO_0005101,ulcerative colitis,Train: Multi incl. EUR
PGS004254,2,1,1,MONDO_0005011,Crohn disease,Train: Multi incl. EUR
PGS004602,2,1,1,MONDO_0005148,type 2 diabetes mellitus,Train: European-only
PGS004699,2,1,1,MONDO_0005301,multiple sclerosis,Train: Multi excl. EUR
PGS004700,2,1,1,MONDO_0005301,multiple sclerosis,Train: European-only
PGS004837,2,1,1,MONDO_0005148,type 2 diabetes mellitus,Train: European-only
PGS004838,2,1,1,MONDO_0005148,type 2 diabetes mellitus,Train: South Asian-only
PGS004839,2,1,1,MONDO_0005148,type 2 diabetes mellitus,Train: European-only
PGS004868,2,1,1,MONDO_0005148,type 2 diabetes mellitus,Train: European-only
PGS004870,2,1,1,MONDO_0005148,type 2 diabetes mellitus,Train: European-only
PGS004887,2,1,1,MONDO_0005148,type 2 diabetes mellitus,Train: Multi incl. EUR
PGS004926,2,1,1,HP_0003418,Back pain,Train: European-only
PGS005170,2,1,1,MONDO_0001627,dementia,Train: Multi incl. EUR
PGS005380,2,1,1,MONDO_0006512,estrogen-receptor positive breast cancer,Train: African-only
PGS005381,2,1,1,MONDO_0006512,estrogen-receptor positive breast cancer,Train: African-only
PGS005382,2,1,1,MONDO_0006513,estrogen-receptor negative breast cancer,Train: African-only
PGS005383,2,1,1,MONDO_0006513,estrogen-receptor negative breast cancer,Train: African-only
PGS005384,2,1,1,MONDO_0005494,triple-negative breast carcinoma,Train: African-only
PGS005385,2,1,1,MONDO_0005494,triple-negative breast carcinoma,Train: African-only
PGS005386,2,1,1,MONDO_0005494,triple-negative breast carcinoma,Train: African-only
PGS005387,2,1,1,MONDO_0005494,triple-negative breast carcinoma,Train: African-only
PGS012576,2,1,1,EFO_0007790,Epstein Barr virus nuclear antigen 1 IgG measurement,Train: African-only
PGS000001,1,1,1,MONDO_0004989,breast carcinoma,Train: European-only
PGS000002,1,1,1,MONDO_0006512,estrogen-receptor positive breast cancer,Train: European-only
PGS000003,1,1,1,MONDO_0006513,estrogen-receptor negative breast cancer,Train: European-only
PGS000008,1,1,1,MONDO_0006512,estrogen-receptor positive breast cancer,Train: European-only
PGS000009,1,1,1,MONDO_0006513,estrogen-receptor negative breast cancer,Train: European-only
PGS000029,1,1,1,MONDO_0004989,breast carcinoma,Train: East Asian-only
PGS000037,1,1,1,MONDO_0004979,asthma,Train: Multi excl. EUR
PGS000041,1,1,1,MONDO_0005130,celiac disease,Train: European-only
PGS000042,1,1,1,MONDO_0005130,celiac disease,Train: European-only
PGS000045,1,1,1,MONDO_0004989,breast carcinoma,Train: European-only
PGS000046,1,1,1,MONDO_0006512,estrogen-receptor positive breast cancer,Train: European-only
PGS000047,1,1,1,MONDO_0006513,estrogen-receptor negative breast cancer,Train: European-only
PGS000049,1,1,1,MONDO_0005159,prostate carcinoma,Train: Multi incl. EUR
PGS000050,1,1,1,MONDO_0004989,breast carcinoma,Train: East Asian-only
PGS000055,1,1,1,MONDO_0005575,colorectal cancer,Train: Multi incl. EUR
PGS000071,1,1,1,MONDO_0004986,urinary bladder carcinoma,Train: European-only
PGS000072,1,1,1,MONDO_0004989,breast carcinoma,Train: Multi incl. EUR
PGS000073,1,1,1,MONDO_0005131,cervical carcinoma,Train: European-only
PGS000074,1,1,1,MONDO_0005575,colorectal cancer,Train: Multi incl. EUR
PGS000075,1,1,1,MONDO_0002447,endometrial carcinoma,Train: Multi incl. EUR
PGS000076,1,1,1,MONDO_0005086,renal cell carcinoma,Train: European-only
PGS000077,1,1,1,MONDO_0005402,lymphoid leukemia,Train: Multi incl. EUR
PGS000079,1,1,1,MONDO_0005105,melanoma,Train: European-only
PGS000080,1,1,1,MONDO_0018908,non-Hodgkin lymphoma,Train: Multi incl. EUR
PGS000081,1,1,1,MONDO_0005515|MONDO_0005517,oral cavity cancer|pharynx cancer,Train: Multi incl. EUR
PGS000082,1,1,1,MONDO_0005140,ovarian carcinoma,Train: European-only
PGS000083,1,1,1,MONDO_0005192,exocrine pancreatic carcinoma,Train: Multi incl. EUR
PGS000084,1,1,1,MONDO_0005159,prostate carcinoma,Train: Multi incl. EUR
PGS000086,1,1,1,MONDO_0005447|MONDO_0010108,testicular cancer|testicular germ cell tumor,Train: European-only
PGS000087,1,1,1,MONDO_0015075,thyroid gland carcinoma,Train: European-only
PGS000116,1,1,1,MONDO_0005010,coronary artery disorder,Train: Multi incl. EUR
PGS000117,1,1,1,MONDO_0004995,cardiovascular disorder,Train: Multi incl. EUR
PGS000124,1,1,1,EFO_0004695,intraocular pressure measurement,Train: European-only
PGS000133,1,1,1,MONDO_0005090,schizophrenia,Train: Multi incl. EUR
PGS000134,1,1,1,MONDO_0005090,schizophrenia,Train: Multi incl. EUR
PGS000135,1,1,1,MONDO_0005090,schizophrenia,Train: Multi incl. EUR
PGS000136,1,1,1,MONDO_0005090,schizophrenia,Train: Multi incl. EUR
PGS000138,1,1,1,MONDO_0002009,major depressive disorder,Train: European-only
PGS000139,1,1,1,EFO_0010246|MONDO_0002009,recurrent|major depressive disorder,Train: European-only
PGS000140,1,1,1,EFO_0009820|MONDO_0002050,"seeing a general practitioner for nerves, anxiety, tension or depression, self-reported|depressive disorder",Train: European-only
PGS000141,1,1,1,EFO_0009821|MONDO_0002050,"seeing a psychiatrist for nerves, anxiety, tension or depression, self-reported|depressive disorder",Train: European-only
PGS000142,1,1,1,EFO_0009820|EFO_0009821|MONDO_0002050,"seeing a general practitioner for nerves, anxiety, tension or depression, self-reported|seeing a psychiatrist for nerves, anxiety, tension or depression, self-reported|depressive disorder",Train: European-only
PGS000143,1,1,1,EFO_0009820,"seeing a general practitioner for nerves, anxiety, tension or depression, self-reported",Train: European-only
PGS000144,1,1,1,EFO_0007006|EFO_0009799,depressive symptom measurement|self-reported trait,Train: European-only
PGS000145,1,1,1,MONDO_0002009,major depressive disorder,Train: European-only
PGS000147,1,1,1,MONDO_0005575,colorectal cancer,Train: Multi excl. EUR
PGS000151,1,1,1,MONDO_0005575,colorectal cancer,NA
PGS000156,1,1,1,MONDO_0005138,lung carcinoma,Train: European-only
PGS000192,1,1,1,EFO_0004611|EFO_0004612,low density lipoprotein cholesterol measurement|high density lipoprotein cholesterol measurement,Train: Multi incl. EUR
PGS000208,1,1,1,MONDO_0015075,thyroid gland carcinoma,Train: European-only
PGS000209,1,1,1,MONDO_0015075,thyroid gland carcinoma,Train: European-only
PGS000212,1,1,1,MONDO_0021116,luminal A breast carcinoma,Train: European-only
PGS000213,1,1,1,MONDO_0000618,Her2-receptor negative breast cancer,Train: European-only
PGS000214,1,1,1,MONDO_0021115,luminal B breast carcinoma,Train: European-only
PGS000215,1,1,1,MONDO_0006244,HER2 positive breast carcinoma,Train: European-only
PGS000216,1,1,1,MONDO_0005494,triple-negative breast carcinoma,Train: European-only
PGS000316,1,1,1,MONDO_0005130,celiac disease,Train: European-only
PGS000333,1,1,1,MONDO_0005159,prostate carcinoma,Train: European-only
PGS000338,1,1,1,MONDO_0004981,atrial fibrillation,Train: Multi incl. EUR
PGS000341,1,1,1,MONDO_0005100,systemic sclerosis,Train: European-only
PGS000348,1,1,1,MONDO_0005159,prostate carcinoma,Train: Multi incl. EUR
PGS000353,1,1,1,MONDO_0004992,cancer,Train: European-only
PGS000354,1,1,1,MONDO_0004992,cancer,Train: European-only
PGS000355,1,1,1,MONDO_0004992,cancer,Train: European-only
PGS000356,1,1,1,MONDO_0004992,cancer,Train: European-only
PGS000357,1,1,1,MONDO_0005515,oral cavity cancer,Train: European-only
PGS000358,1,1,1,MONDO_0005515,oral cavity cancer,Train: European-only
PGS000359,1,1,1,MONDO_0021240,tongue neoplasm,Train: European-only
PGS000360,1,1,1,MONDO_0002352,larynx cancer,Train: European-only
PGS000361,1,1,1,MONDO_0002352,larynx cancer,Train: European-only
PGS000362,1,1,1,MONDO_0002352,larynx cancer,Train: European-only
PGS000363,1,1,1,MONDO_0007576,esophageal cancer,Train: European-only
PGS000364,1,1,1,MONDO_0007576,esophageal cancer,Train: European-only
PGS000365,1,1,1,MONDO_0007576,esophageal cancer,Train: European-only
PGS000366,1,1,1,MONDO_0007576,esophageal cancer,Train: European-only
PGS000367,1,1,1,MONDO_0005575,colorectal cancer,Train: European-only
PGS000368,1,1,1,MONDO_0005575,colorectal cancer,Train: European-only
PGS000369,1,1,1,MONDO_0005575,colorectal cancer,Train: European-only
PGS000370,1,1,1,MONDO_0005575,colorectal cancer,Train: European-only
PGS000371,1,1,1,MONDO_0005575,colorectal cancer,Train: European-only
PGS000372,1,1,1,MONDO_0005575,colorectal cancer,Train: European-only
PGS000373,1,1,1,MONDO_0005575,colorectal cancer,Train: European-only
PGS000374,1,1,1,MONDO_0005575,colorectal cancer,Train: European-only
PGS000375,1,1,1,MONDO_0005575,colorectal cancer,Train: European-only
PGS000376,1,1,1,MONDO_0002032,colon carcinoma,Train: European-only
PGS000377,1,1,1,MONDO_0002032,colon carcinoma,Train: European-only
PGS000378,1,1,1,MONDO_0002032,colon carcinoma,Train: European-only
PGS000379,1,1,1,MONDO_0002032,colon carcinoma,Train: European-only
PGS000380,1,1,1,MONDO_0002032,colon carcinoma,Train: European-only
PGS000381,1,1,1,MONDO_0002032,colon carcinoma,Train: European-only
PGS000382,1,1,1,MONDO_0002032,colon carcinoma,Train: European-only
PGS000383,1,1,1,MONDO_0002423|MONDO_0006519,rectosigmoid junction neoplasm|rectal cancer,Train: European-only
PGS000384,1,1,1,MONDO_0002423|MONDO_0006519,rectosigmoid junction neoplasm|rectal cancer,Train: European-only
PGS000385,1,1,1,MONDO_0005192,exocrine pancreatic carcinoma,Train: European-only
PGS000386,1,1,1,MONDO_0005192,exocrine pancreatic carcinoma,Train: European-only
PGS000387,1,1,1,MONDO_0000376,respiratory system cancer,Train: European-only
PGS000388,1,1,1,MONDO_0001407|MONDO_0001672|MONDO_0008903,tracheal cancer|bronchus cancer|lung cancer,Train: European-only
PGS000389,1,1,1,MONDO_0001407|MONDO_0001672|MONDO_0008903,tracheal cancer|bronchus cancer|lung cancer,Train: European-only
PGS000390,1,1,1,MONDO_0001407|MONDO_0001672|MONDO_0008903,tracheal cancer|bronchus cancer|lung cancer,Train: European-only
PGS000393,1,1,1,MONDO_0001407|MONDO_0001672|MONDO_0008903,tracheal cancer|bronchus cancer|lung cancer,Train: European-only
PGS000394,1,1,1,MONDO_0001407|MONDO_0001672|MONDO_0008903,tracheal cancer|bronchus cancer|lung cancer,Train: European-only
PGS000395,1,1,1,MONDO_0001407|MONDO_0001672|MONDO_0008903,tracheal cancer|bronchus cancer|lung cancer,Train: European-only
PGS000396,1,1,1,MONDO_0001407|MONDO_0001672|MONDO_0008903,tracheal cancer|bronchus cancer|lung cancer,Train: European-only
PGS000397,1,1,1,MONDO_0001407|MONDO_0001672|MONDO_0008903,tracheal cancer|bronchus cancer|lung cancer,Train: European-only
PGS000398,1,1,1,MONDO_0002656,skin carcinoma,Train: European-only
PGS000399,1,1,1,MONDO_0002656,skin carcinoma,Train: European-only
PGS000400,1,1,1,MONDO_0002656,skin carcinoma,Train: European-only
PGS000401,1,1,1,MONDO_0002656,skin carcinoma,Train: European-only
PGS000402,1,1,1,MONDO_0002656,skin carcinoma,Train: European-only
PGS000403,1,1,1,MONDO_0002656,skin carcinoma,Train: European-only
PGS000404,1,1,1,MONDO_0002656,skin carcinoma,Train: European-only
PGS000405,1,1,1,MONDO_0002656,skin carcinoma,Train: European-only
PGS000406,1,1,1,MONDO_0002656,skin carcinoma,Train: European-only
PGS000407,1,1,1,MONDO_0002656,skin carcinoma,Train: European-only
PGS000408,1,1,1,MONDO_0005105,melanoma,Train: European-only
PGS000409,1,1,1,MONDO_0005105,melanoma,Train: European-only
PGS000410,1,1,1,MONDO_0005105,melanoma,Train: European-only
PGS000411,1,1,1,MONDO_0005105,melanoma,Train: European-only
PGS000412,1,1,1,MONDO_0005105,melanoma,Train: European-only
PGS000413,1,1,1,MONDO_0005105,melanoma,Train: European-only
PGS000414,1,1,1,MONDO_0005105,melanoma,Train: European-only
PGS000415,1,1,1,MONDO_0005105,melanoma,Train: European-only
PGS000416,1,1,1,MONDO_0005105,melanoma,Train: European-only
PGS000417,1,1,1,MONDO_0005105,melanoma,Train: European-only
PGS000418,1,1,1,MONDO_0005105,melanoma,Train: European-only
PGS000419,1,1,1,MONDO_0005105,melanoma,Train: European-only
PGS000420,1,1,1,MONDO_0005105,melanoma,Train: European-only
PGS000421,1,1,1,MONDO_0005105,melanoma,Train: European-only
PGS000422,1,1,1,MONDO_0005105,melanoma,Train: European-only
PGS000423,1,1,1,MONDO_0005105,melanoma,Train: European-only
PGS000424,1,1,1,MONDO_0005105,melanoma,Train: European-only
PGS000425,1,1,1,MONDO_0005105,melanoma,Train: European-only
PGS000426,1,1,1,MONDO_0005105,melanoma,Train: European-only
PGS000427,1,1,1,MONDO_0005105,melanoma,Train: European-only
PGS000428,1,1,1,MONDO_0005105,melanoma,Train: European-only
PGS000429,1,1,1,MONDO_0005105,melanoma,Train: European-only
PGS000430,1,1,1,MONDO_0005105,melanoma,Train: European-only
PGS000431,1,1,1,MONDO_0005105,melanoma,Train: European-only
PGS000432,1,1,1,MONDO_0005105,melanoma,Train: European-only
PGS000433,1,1,1,MONDO_0002898,skin cancer,Train: European-only
PGS000434,1,1,1,MONDO_0002898,skin cancer,Train: European-only
PGS000435,1,1,1,MONDO_0002898,skin cancer,Train: European-only
PGS000436,1,1,1,MONDO_0002898,skin cancer,Train: European-only
PGS000437,1,1,1,MONDO_0002898,skin cancer,Train: European-only
PGS000438,1,1,1,MONDO_0002898,skin cancer,Train: European-only
PGS000439,1,1,1,MONDO_0002898,skin cancer,Train: European-only
PGS000440,1,1,1,MONDO_0002898,skin cancer,Train: European-only
PGS000441,1,1,1,MONDO_0002898,skin cancer,Train: European-only
PGS000442,1,1,1,MONDO_0002898,skin cancer,Train: European-only
PGS000443,1,1,1,MONDO_0002898,skin cancer,Train: European-only
PGS000444,1,1,1,MONDO_0002898,skin cancer,Train: European-only
PGS000445,1,1,1,MONDO_0020804,basal cell carcinoma,Train: European-only
PGS000446,1,1,1,MONDO_0020804,basal cell carcinoma,Train: European-only
PGS000447,1,1,1,MONDO_0020804,basal cell carcinoma,Train: European-only
PGS000448,1,1,1,MONDO_0020804,basal cell carcinoma,Train: European-only
PGS000449,1,1,1,MONDO_0020804,basal cell carcinoma,Train: European-only
PGS000450,1,1,1,MONDO_0020804,basal cell carcinoma,Train: European-only
PGS000451,1,1,1,MONDO_0020804,basal cell carcinoma,Train: European-only
PGS000452,1,1,1,MONDO_0020804,basal cell carcinoma,Train: European-only
PGS000453,1,1,1,MONDO_0020804,basal cell carcinoma,Train: European-only
PGS000454,1,1,1,MONDO_0020804,basal cell carcinoma,Train: European-only
PGS000455,1,1,1,MONDO_0020804,basal cell carcinoma,Train: European-only
PGS000456,1,1,1,MONDO_0020804,basal cell carcinoma,Train: European-only
PGS000457,1,1,1,MONDO_0020804,basal cell carcinoma,Train: European-only
PGS000458,1,1,1,MONDO_0020804,basal cell carcinoma,Train: European-only
PGS000459,1,1,1,MONDO_0020804,basal cell carcinoma,Train: European-only
PGS000460,1,1,1,MONDO_0005096,squamous cell carcinoma,Train: European-only
PGS000461,1,1,1,MONDO_0005096,squamous cell carcinoma,Train: European-only
PGS000462,1,1,1,MONDO_0005096,squamous cell carcinoma,Train: European-only
PGS000463,1,1,1,MONDO_0005096,squamous cell carcinoma,Train: European-only
PGS000464,1,1,1,MONDO_0005096,squamous cell carcinoma,Train: European-only
PGS000465,1,1,1,MONDO_0005096,squamous cell carcinoma,Train: European-only
PGS000466,1,1,1,MONDO_0005096,squamous cell carcinoma,Train: European-only
PGS000467,1,1,1,MONDO_0005096,squamous cell carcinoma,Train: European-only
PGS000468,1,1,1,MONDO_0005096,squamous cell carcinoma,Train: European-only
PGS000469,1,1,1,MONDO_0004641,skin carcinoma in situ,Train: European-only
PGS000470,1,1,1,MONDO_0004641,skin carcinoma in situ,Train: European-only
PGS000471,1,1,1,MONDO_0004641,skin carcinoma in situ,Train: European-only
PGS000472,1,1,1,MONDO_0004989,breast carcinoma,Train: European-only
PGS000473,1,1,1,MONDO_0004989,breast carcinoma,Train: European-only
PGS000474,1,1,1,MONDO_0004989,breast carcinoma,Train: European-only
PGS000475,1,1,1,MONDO_0004989,breast carcinoma,Train: European-only
PGS000476,1,1,1,MONDO_0004989,breast carcinoma,Train: European-only
PGS000477,1,1,1,MONDO_0004989,breast carcinoma,Train: European-only
PGS000478,1,1,1,MONDO_0004989,breast carcinoma,Train: European-only
PGS000479,1,1,1,MONDO_0004989,breast carcinoma,Train: European-only
PGS000480,1,1,1,MONDO_0004989,breast carcinoma,Train: European-only
PGS000481,1,1,1,MONDO_0004989,breast carcinoma,Train: European-only
PGS000482,1,1,1,MONDO_0004989,breast carcinoma,Train: European-only
PGS000483,1,1,1,MONDO_0004989,breast carcinoma,Train: European-only
PGS000484,1,1,1,MONDO_0004989,breast carcinoma,Train: European-only
PGS000485,1,1,1,MONDO_0004989,breast carcinoma,Train: European-only
PGS000486,1,1,1,MONDO_0004989,breast carcinoma,Train: European-only
PGS000487,1,1,1,MONDO_0004989,breast carcinoma,Train: European-only
PGS000488,1,1,1,MONDO_0004989,breast carcinoma,Train: European-only
PGS000489,1,1,1,MONDO_0004989,breast carcinoma,Train: European-only
PGS000490,1,1,1,MONDO_0004989,breast carcinoma,Train: European-only
PGS000491,1,1,1,MONDO_0004989,breast carcinoma,Train: European-only
PGS000492,1,1,1,MONDO_0004989,breast carcinoma,Train: European-only
PGS000493,1,1,1,MONDO_0004989,breast carcinoma,Train: European-only
PGS000494,1,1,1,MONDO_0004989,breast carcinoma,Train: European-only
PGS000495,1,1,1,MONDO_0004989,breast carcinoma,Train: European-only
PGS000496,1,1,1,MONDO_0004989,breast carcinoma,Train: European-only
PGS000497,1,1,1,MONDO_0004989,breast carcinoma,Train: European-only
PGS000498,1,1,1,MONDO_0004989,breast carcinoma,Train: European-only
PGS000499,1,1,1,MONDO_0004989,breast carcinoma,Train: European-only
PGS000500,1,1,1,MONDO_0004989,breast carcinoma,Train: European-only
PGS000501,1,1,1,MONDO_0004989,breast carcinoma,Train: European-only
PGS000502,1,1,1,MONDO_0004989,breast carcinoma,Train: European-only
PGS000503,1,1,1,MONDO_0004989,breast carcinoma,Train: European-only
PGS000504,1,1,1,MONDO_0004989,breast carcinoma,Train: European-only
PGS000505,1,1,1,MONDO_0004989,breast carcinoma,Train: European-only
PGS000506,1,1,1,MONDO_0004989,breast carcinoma,Train: European-only
PGS000507,1,1,1,MONDO_0004989,breast carcinoma,Train: European-only
PGS000508,1,1,1,MONDO_0004989,breast carcinoma,Train: European-only
PGS000509,1,1,1,MONDO_0004989,breast carcinoma,Train: European-only
PGS000510,1,1,1,MONDO_0004989,breast carcinoma,Train: European-only
PGS000511,1,1,1,MONDO_0004989,breast carcinoma,Train: European-only
PGS000512,1,1,1,MONDO_0004989,breast carcinoma,Train: European-only
PGS000513,1,1,1,MONDO_0004989,breast carcinoma,Train: European-only
PGS000514,1,1,1,MONDO_0004989,breast carcinoma,Train: European-only
PGS000515,1,1,1,MONDO_0004989,breast carcinoma,Train: European-only
PGS000516,1,1,1,MONDO_0004989,breast carcinoma,Train: European-only
PGS000517,1,1,1,MONDO_0004989,breast carcinoma,Train: European-only
PGS000518,1,1,1,MONDO_0004989,breast carcinoma,Train: European-only
PGS000519,1,1,1,MONDO_0004989,breast carcinoma,Train: European-only
PGS000520,1,1,1,MONDO_0004989,breast carcinoma,Train: European-only
PGS000521,1,1,1,MONDO_0004989,breast carcinoma,Train: European-only
PGS000522,1,1,1,MONDO_0004989,breast carcinoma,Train: European-only
PGS000523,1,1,1,MONDO_0004989,breast carcinoma,Train: European-only
PGS000524,1,1,1,MONDO_0004989,breast carcinoma,Train: European-only
PGS000525,1,1,1,MONDO_0004989,breast carcinoma,Train: European-only
PGS000526,1,1,1,MONDO_0004989,breast carcinoma,Train: European-only
PGS000527,1,1,1,MONDO_0004989,breast carcinoma,Train: European-only
PGS000528,1,1,1,MONDO_0004989,breast carcinoma,Train: European-only
PGS000529,1,1,1,MONDO_0004989,breast carcinoma,Train: European-only
PGS000530,1,1,1,MONDO_0004989,breast carcinoma,Train: European-only
PGS000531,1,1,1,MONDO_0004989,breast carcinoma,Train: European-only
PGS000532,1,1,1,MONDO_0004989,breast carcinoma,Train: European-only
PGS000533,1,1,1,MONDO_0004989,breast carcinoma,Train: European-only
PGS000534,1,1,1,MONDO_0004989,breast carcinoma,Train: European-only
PGS000535,1,1,1,MONDO_0004989,breast carcinoma,Train: European-only
PGS000536,1,1,1,MONDO_0004989,breast carcinoma,Train: European-only
PGS000537,1,1,1,MONDO_0004989,breast carcinoma,Train: European-only
PGS000538,1,1,1,MONDO_0004989,breast carcinoma,Train: European-only
PGS000539,1,1,1,MONDO_0004989,breast carcinoma,Train: European-only
PGS000540,1,1,1,MONDO_0004989,breast carcinoma,Train: European-only
PGS000541,1,1,1,MONDO_0002715,uterine cancer,Train: European-only
PGS000542,1,1,1,MONDO_0002715,uterine cancer,Train: European-only
PGS000543,1,1,1,MONDO_0021148,female reproductive system neoplasm,Train: European-only
PGS000544,1,1,1,MONDO_0021068,ovarian neoplasm,Train: European-only
PGS000545,1,1,1,MONDO_0021068,ovarian neoplasm,Train: European-only
PGS000546,1,1,1,MONDO_0021068,ovarian neoplasm,Train: European-only
PGS000547,1,1,1,MONDO_0021068,ovarian neoplasm,Train: European-only
PGS000548,1,1,1,MONDO_0021068,ovarian neoplasm,Train: European-only
PGS000549,1,1,1,MONDO_0021068,ovarian neoplasm,Train: European-only
PGS000550,1,1,1,MONDO_0021068,ovarian neoplasm,Train: European-only
PGS000551,1,1,1,MONDO_0021068,ovarian neoplasm,Train: European-only
PGS000552,1,1,1,MONDO_0021068,ovarian neoplasm,Train: European-only
PGS000553,1,1,1,MONDO_0021068,ovarian neoplasm,Train: European-only
PGS000554,1,1,1,MONDO_0021068,ovarian neoplasm,Train: European-only
PGS000555,1,1,1,MONDO_0021068,ovarian neoplasm,Train: European-only
PGS000556,1,1,1,MONDO_0021068,ovarian neoplasm,Train: European-only
PGS000557,1,1,1,MONDO_0021068,ovarian neoplasm,Train: European-only
PGS000558,1,1,1,MONDO_0021068,ovarian neoplasm,Train: European-only
PGS000559,1,1,1,MONDO_0021068,ovarian neoplasm,Train: European-only
PGS000560,1,1,1,MONDO_0021068,ovarian neoplasm,Train: European-only
PGS000561,1,1,1,MONDO_0021068,ovarian neoplasm,Train: European-only
PGS000562,1,1,1,MONDO_0021068,ovarian neoplasm,Train: European-only
PGS000563,1,1,1,MONDO_0021068,ovarian neoplasm,Train: European-only
PGS000564,1,1,1,MONDO_0021068,ovarian neoplasm,Train: European-only
PGS000565,1,1,1,MONDO_0005159,prostate carcinoma,Train: European-only
PGS000566,1,1,1,MONDO_0005159,prostate carcinoma,Train: European-only
PGS000567,1,1,1,MONDO_0005159,prostate carcinoma,Train: European-only
PGS000568,1,1,1,MONDO_0005159,prostate carcinoma,Train: European-only
PGS000569,1,1,1,MONDO_0005159,prostate carcinoma,Train: European-only
PGS000570,1,1,1,MONDO_0005159,prostate carcinoma,Train: European-only
PGS000571,1,1,1,MONDO_0005159,prostate carcinoma,Train: European-only
PGS000572,1,1,1,MONDO_0005159,prostate carcinoma,Train: European-only
PGS000573,1,1,1,MONDO_0005159,prostate carcinoma,Train: European-only
PGS000574,1,1,1,MONDO_0005159,prostate carcinoma,Train: European-only
PGS000575,1,1,1,MONDO_0005159,prostate carcinoma,Train: European-only
PGS000576,1,1,1,MONDO_0005159,prostate carcinoma,Train: European-only
PGS000577,1,1,1,MONDO_0005159,prostate carcinoma,Train: European-only
PGS000578,1,1,1,MONDO_0005159,prostate carcinoma,Train: European-only
PGS000579,1,1,1,MONDO_0005159,prostate carcinoma,Train: European-only
PGS000580,1,1,1,MONDO_0005159,prostate carcinoma,Train: European-only
PGS000581,1,1,1,MONDO_0005159,prostate carcinoma,Train: European-only
PGS000582,1,1,1,MONDO_0005159,prostate carcinoma,Train: European-only
PGS000583,1,1,1,MONDO_0005159,prostate carcinoma,Train: European-only
PGS000584,1,1,1,MONDO_0005159,prostate carcinoma,Train: European-only
PGS000585,1,1,1,MONDO_0005159,prostate carcinoma,Train: European-only
PGS000586,1,1,1,MONDO_0005159,prostate carcinoma,Train: European-only
PGS000587,1,1,1,MONDO_0005159,prostate carcinoma,Train: European-only
PGS000588,1,1,1,MONDO_0005159,prostate carcinoma,Train: European-only
PGS000589,1,1,1,MONDO_0005159,prostate carcinoma,Train: European-only
PGS000590,1,1,1,MONDO_0005159,prostate carcinoma,Train: European-only
PGS000591,1,1,1,MONDO_0005159,prostate carcinoma,Train: European-only
PGS000592,1,1,1,MONDO_0005159,prostate carcinoma,Train: European-only
PGS000593,1,1,1,MONDO_0005836,male reproductive organ cancer,Train: European-only
PGS000594,1,1,1,MONDO_0005836,male reproductive organ cancer,Train: European-only
PGS000595,1,1,1,MONDO_0005447,testicular cancer,Train: European-only
PGS000596,1,1,1,MONDO_0005447,testicular cancer,Train: European-only
PGS000597,1,1,1,MONDO_0005447,testicular cancer,Train: European-only
PGS000598,1,1,1,MONDO_0005447,testicular cancer,Train: European-only
PGS000599,1,1,1,MONDO_0005447,testicular cancer,Train: European-only
PGS000600,1,1,1,MONDO_0005447,testicular cancer,Train: European-only
PGS000601,1,1,1,MONDO_0005447,testicular cancer,Train: European-only
PGS000602,1,1,1,MONDO_0005447,testicular cancer,Train: European-only
PGS000603,1,1,1,MONDO_0005447,testicular cancer,Train: European-only
PGS000604,1,1,1,MONDO_0005447,testicular cancer,Train: European-only
PGS000605,1,1,1,MONDO_0002367,kidney cancer,Train: European-only
PGS000606,1,1,1,MONDO_0002367,kidney cancer,Train: European-only
PGS000607,1,1,1,MONDO_0004986,urinary bladder carcinoma,Train: European-only
PGS000608,1,1,1,MONDO_0004986,urinary bladder carcinoma,Train: European-only
PGS000609,1,1,1,MONDO_0004986,urinary bladder carcinoma,Train: European-only
PGS000610,1,1,1,MONDO_0004986,urinary bladder carcinoma,Train: European-only
PGS000611,1,1,1,MONDO_0004986,urinary bladder carcinoma,Train: European-only
PGS000612,1,1,1,MONDO_0004986,urinary bladder carcinoma,Train: European-only
PGS000613,1,1,1,MONDO_0004986,urinary bladder carcinoma,Train: European-only
PGS000614,1,1,1,MONDO_0004986,urinary bladder carcinoma,Train: European-only
PGS000615,1,1,1,MONDO_0004986,urinary bladder carcinoma,Train: European-only
PGS000616,1,1,1,MONDO_0004986,urinary bladder carcinoma,Train: European-only
PGS000617,1,1,1,MONDO_0002236,ocular cancer,Train: European-only
PGS000618,1,1,1,MONDO_0002714,central nervous system cancer,Train: European-only
PGS000619,1,1,1,MONDO_0002714,central nervous system cancer,Train: European-only
PGS000620,1,1,1,MONDO_0001657,brain cancer,Train: European-only
PGS000621,1,1,1,MONDO_0001657,brain cancer,Train: European-only
PGS000622,1,1,1,MONDO_0001657,brain cancer,Train: European-only
PGS000623,1,1,1,MONDO_0001657,brain cancer,Train: European-only
PGS000624,1,1,1,MONDO_0001657,brain cancer,Train: European-only
PGS000625,1,1,1,MONDO_0001657,brain cancer,Train: European-only
PGS000626,1,1,1,MONDO_0015075,thyroid gland carcinoma,Train: European-only
PGS000627,1,1,1,MONDO_0015075,thyroid gland carcinoma,Train: European-only
PGS000628,1,1,1,MONDO_0015075,thyroid gland carcinoma,Train: European-only
PGS000629,1,1,1,MONDO_0015075,thyroid gland carcinoma,Train: European-only
PGS000630,1,1,1,MONDO_0015075,thyroid gland carcinoma,Train: European-only
PGS000631,1,1,1,MONDO_0015075,thyroid gland carcinoma,Train: European-only
PGS000632,1,1,1,MONDO_0015075,thyroid gland carcinoma,Train: European-only
PGS000633,1,1,1,MONDO_0015075,thyroid gland carcinoma,Train: European-only
PGS000634,1,1,1,MONDO_0015075,thyroid gland carcinoma,Train: European-only
PGS000635,1,1,1,MONDO_0015075,thyroid gland carcinoma,Train: European-only
PGS000636,1,1,1,MONDO_0015075,thyroid gland carcinoma,Train: European-only
PGS000637,1,1,1,MONDO_0004952,Hodgkins lymphoma,Train: European-only
PGS000638,1,1,1,MONDO_0004952,Hodgkins lymphoma,Train: European-only
PGS000639,1,1,1,MONDO_0004952,Hodgkins lymphoma,Train: European-only
PGS000640,1,1,1,MONDO_0004952,Hodgkins lymphoma,Train: European-only
PGS000641,1,1,1,MONDO_0018908,non-Hodgkin lymphoma,Train: European-only
PGS000642,1,1,1,MONDO_0018908,non-Hodgkin lymphoma,Train: European-only
PGS000643,1,1,1,MONDO_0018906,follicular lymphoma,Train: European-only
PGS000644,1,1,1,MONDO_0018906,follicular lymphoma,Train: European-only
PGS000645,1,1,1,MONDO_0005402,lymphoid leukemia,Train: European-only
PGS000646,1,1,1,MONDO_0004948,B-cell chronic lymphocytic leukemia,Train: European-only
PGS000647,1,1,1,MONDO_0004948,B-cell chronic lymphocytic leukemia,Train: European-only
PGS000648,1,1,1,MONDO_0004948,B-cell chronic lymphocytic leukemia,Train: European-only
PGS000649,1,1,1,MONDO_0004948,B-cell chronic lymphocytic leukemia,Train: European-only
PGS000650,1,1,1,MONDO_0004948,B-cell chronic lymphocytic leukemia,Train: European-only
PGS000651,1,1,1,MONDO_0004948,B-cell chronic lymphocytic leukemia,Train: European-only
PGS000652,1,1,1,MONDO_0009693,plasma cell myeloma,Train: European-only
PGS000653,1,1,1,MONDO_0009693,plasma cell myeloma,Train: European-only
PGS000654,1,1,1,MONDO_0009693,plasma cell myeloma,Train: European-only
PGS000656,1,1,1,EFO_0008421,non-alcoholic fatty liver disease severity measurement,Train: European-only
PGS000702,1,1,1,OBA_1000968,vitamin D level,Train: European-only
PGS000703,1,1,1,EFO_0003913,angina pectoris,Train: European-only
PGS000704,1,1,1,MONDO_0006644,alcoholic liver cirrhosis,Train: European-only
PGS000705,1,1,1,MONDO_0005346,gallstones,Train: European-only
PGS000706,1,1,1,MONDO_0005044,hypertensive disorder,Train: European-only
PGS000707,1,1,1,HP_0001082,Cholecystitis,Train: European-only
PGS000708,1,1,1,MONDO_0001106,kidney failure,Train: European-only
PGS000709,1,1,1,MONDO_0005252,heart failure,Train: European-only
PGS000710,1,1,1,MONDO_0005068,myocardial infarction,Train: European-only
PGS000711,1,1,1,MONDO_0005393,gout,Train: European-only
PGS000719,1,1,1,MONDO_0005159,prostate carcinoma,Train: European-only
PGS000720,1,1,1,MONDO_0005575,colorectal cancer,Train: Multi incl. EUR
PGS000722,1,1,1,MONDO_0005206,renal carcinoma,Train: European-only
PGS000723,1,1,1,MONDO_0004986,urinary bladder carcinoma,Train: European-only
PGS000724,1,1,1,MONDO_0005140,ovarian carcinoma,Train: European-only
PGS000725,1,1,1,MONDO_0005192,exocrine pancreatic carcinoma,Train: European-only
PGS000730,1,1,1,MONDO_0020804,basal cell carcinoma,Train: European-only
PGS000731,1,1,1,MONDO_0005096,squamous cell carcinoma,Train: European-only
PGS000732,1,1,1,MONDO_0005105,melanoma,Train: European-only
PGS000734,1,1,1,MONDO_0005575,colorectal cancer,Train: Multi incl. EUR
PGS000739,1,1,1,MONDO_0005045,hypertrophic cardiomyopathy,Train: Multi incl. EUR
PGS000756,1,1,1,MONDO_0016158,narcolepsy-cataplexy syndrome,Train: Multi incl. EUR
PGS000757,1,1,1,MONDO_0016158,narcolepsy-cataplexy syndrome,Train: East Asian-only
PGS000758,1,1,1,OBA_VT0001253,body height,Train: European-only
PGS000765,1,1,1,MONDO_0005575,colorectal cancer,Train: Multi incl. EUR
PGS000771,1,1,1,MONDO_0007915,systemic lupus erythematosus,Train: Multi incl. EUR
PGS000782,1,1,1,MONDO_0004986,urinary bladder carcinoma,Train: European-only
PGS000783,1,1,1,MONDO_0004989,breast carcinoma,Train: European-only
PGS000784,1,1,1,MONDO_0005131,cervical carcinoma,Train: European-only
PGS000785,1,1,1,MONDO_0005575,colorectal cancer,Train: Multi incl. EUR
PGS000786,1,1,1,MONDO_0002447,endometrial carcinoma,Train: Multi incl. EUR
PGS000787,1,1,1,MONDO_0005086,renal cell carcinoma,Train: European-only
PGS000788,1,1,1,MONDO_0005402,lymphoid leukemia,Train: Multi incl. EUR
PGS000789,1,1,1,MONDO_0005138,lung carcinoma,Train: European-only
PGS000790,1,1,1,MONDO_0005105,melanoma,Train: European-only
PGS000791,1,1,1,MONDO_0018908,non-Hodgkin lymphoma,Train: Multi incl. EUR
PGS000792,1,1,1,MONDO_0005515|MONDO_0005517,oral cavity cancer|pharynx cancer,Train: Multi incl. EUR
PGS000793,1,1,1,MONDO_0005140,ovarian carcinoma,Train: European-only
PGS000794,1,1,1,MONDO_0005192,exocrine pancreatic carcinoma,Train: Multi incl. EUR
PGS000795,1,1,1,MONDO_0005159,prostate carcinoma,Train: Multi incl. EUR
PGS000796,1,1,1,MONDO_0005447|MONDO_0010108,testicular cancer|testicular germ cell tumor,Train: European-only
PGS000797,1,1,1,MONDO_0015075,thyroid gland carcinoma,Train: European-only
PGS000807,1,1,1,MONDO_0005148,type 2 diabetes mellitus,Train: Multi excl. EUR
PGS000813,1,1,1,MONDO_0005105,melanoma,Train: European-only
PGS000820,1,1,1,MONDO_0005420,hypothyroidism,Train: European-only
PGS000821,1,1,1,EFO_0009933,Thyroid preparation use measurement,Train: European-only
PGS000852,1,1,1,MONDO_0005148,type 2 diabetes mellitus,Train: European-only
PGS000873,1,1,1,MONDO_0004989,breast carcinoma,Train: European-only
PGS000875,1,1,1,EFO_0004611,low density lipoprotein cholesterol measurement,Train: European-only
PGS000878,1,1,1,MONDO_0005159,prostate carcinoma,Train: East Asian-only
PGS000903,1,1,1,MONDO_0005180,Parkinson disease,Train: Multi excl. EUR
PGS000914,1,1,1,HP_0003115,Abnormal EKG,Train: East Asian-only
PGS001355,1,1,1,MONDO_0005010,coronary artery disorder,Train: European-only
PGS001356,1,1,1,MONDO_0004981,atrial fibrillation,Train: European-only
PGS001774,1,1,1,MONDO_0005180,Parkinson disease,Train: European-only
PGS001776,1,1,1,MONDO_0005575,colorectal cancer,Train: Multi incl. EUR
PGS001778,1,1,1,MONDO_0004989,breast carcinoma,Train: Multi incl. EUR
PGS001782,1,1,1,MONDO_0004979,asthma,Train: Multi incl. EUR
PGS001783,1,1,1,MONDO_0005002,chronic obstructive pulmonary disease,Train: Multi incl. EUR
PGS001784,1,1,1,MONDO_0005350,abdominal aortic aneurysm,Train: Multi incl. EUR
PGS001785,1,1,1,MONDO_0005649,appendicitis,Train: Multi incl. EUR
PGS001786,1,1,1,EFO_0600086,appendectomy,Train: European-only
PGS001788,1,1,1,MONDO_0005002,chronic obstructive pulmonary disease,Train: Multi incl. EUR
PGS001789,1,1,1,MONDO_0005393,gout,Train: Multi incl. EUR
PGS001790,1,1,1,MONDO_0005252,heart failure,Train: Multi incl. EUR
PGS001791,1,1,1,EFO_0000768,idiopathic pulmonary fibrosis,Train: Multi incl. EUR
PGS001792,1,1,1,MONDO_0005041,glaucoma,Train: Multi incl. EUR
PGS001793,1,1,1,MONDO_0005098,stroke disorder,Train: Multi incl. EUR
PGS001794,1,1,1,MONDO_0015075,thyroid gland carcinoma,Train: Multi incl. EUR
PGS001795,1,1,1,MONDO_0005213,uterine carcinoma,Train: Multi incl. EUR
PGS001796,1,1,1,MONDO_0005399,venous thromboembolism,Train: Multi incl. EUR
PGS001797,1,1,1,MONDO_0005338,open-angle glaucoma,Train: Multi incl. EUR
PGS001798,1,1,1,MONDO_0005098,stroke disorder,Train: Multi incl. EUR
PGS001799,1,1,1,MONDO_0015075,thyroid gland carcinoma,Train: Multi incl. EUR
PGS002066,1,1,1,MONDO_0005101,ulcerative colitis,Train: European-only
PGS002252,1,1,1,MONDO_0005575,colorectal cancer,Train: Multi incl. EUR
PGS002256,1,1,1,MONDO_0005406,gestational diabetes,Train: East Asian-only
PGS002263,1,1,1,MONDO_0007886,uterine corpus leiomyoma,Train: Multi incl. EUR
PGS002266,1,1,1,EFO_0003959|HP_0000175,cleft lip|Cleft palate,Train: Multi incl. EUR
PGS002270,1,1,1,MONDO_0005138,lung carcinoma,Train: Multi incl. EUR
PGS002271,1,1,1,HP_0001634,Mitral valve prolapse,Train: European-only
PGS002281,1,1,1,MONDO_0009693,plasma cell myeloma,Train: European-only
PGS002286,1,1,1,EFO_0004574,total cholesterol measurement,Train: Multi excl. EUR
PGS002291,1,1,1,MONDO_0005375,nasopharyngeal neoplasm,Train: Multi excl. EUR
PGS002292,1,1,1,MONDO_0015486,keratoconus,Train: European-only
PGS002294,1,1,1,MONDO_0004989,breast carcinoma,Train: Multi incl. EUR
PGS002298,1,1,1,MONDO_0019086,carcinoma of esophagus,Train: European-only
PGS002299,1,1,1,MONDO_0001056,gastric cancer,Train: European-only
PGS002300,1,1,1,MONDO_0011962,endometrial cancer,Train: European-only
PGS002301,1,1,1,MONDO_0005105,melanoma,Train: European-only
PGS002302,1,1,1,MONDO_0021042,glioma,Train: European-only
PGS002303,1,1,1,MONDO_0018905,diffuse large B-cell lymphoma,Train: European-only
PGS002304,1,1,1,MONDO_0018906,follicular lymphoma,Train: European-only
PGS002305,1,1,1,MONDO_0005402,lymphoid leukemia,Train: European-only
PGS002306,1,1,1,MONDO_0009693,plasma cell myeloma,Train: European-only
PGS002735,1,1,1,MONDO_0002447,endometrial carcinoma,Train: Multi incl. EUR
PGS002736,1,1,1,MONDO_0002447,endometrial carcinoma,Train: Multi incl. EUR
PGS002737,1,1,1,MONDO_0002447,endometrial carcinoma,Train: Multi incl. EUR
PGS002741,1,1,1,MONDO_0005338,open-angle glaucoma,Train: Multi incl. EUR
PGS002773,1,1,1,MONDO_0004981,atrial fibrillation,Train: Multi incl. EUR
PGS002774,1,1,1,MONDO_0004981,atrial fibrillation,Train: Multi incl. EUR
PGS002775,1,1,1,MONDO_0005010,coronary artery disorder,Train: Multi incl. EUR
PGS002776,1,1,1,MONDO_0005010,coronary artery disorder,Train: Multi incl. EUR
PGS002777,1,1,1,MONDO_0005044,hypertensive disorder,Train: European-only
PGS002778,1,1,1,MONDO_0005044,hypertensive disorder,Train: European-only
PGS002814,1,1,1,MONDO_0004981,atrial fibrillation,Train: Multi excl. EUR
PGS002909,1,1,1,EFO_0004329,alcohol drinking,Train: European-only
PGS002910,1,1,1,EFO_0004329,alcohol drinking,Train: European-only
PGS002911,1,1,1,EFO_0004329,alcohol drinking,Train: European-only
PGS002912,1,1,1,EFO_0004329,alcohol drinking,Train: European-only
PGS002913,1,1,1,EFO_0004329,alcohol drinking,Train: European-only
PGS002994,1,1,1,MONDO_0005044,hypertensive disorder,Train: European-only
PGS002995,1,1,1,MONDO_0005044,hypertensive disorder,Train: European-only
PGS002996,1,1,1,MONDO_0005044,hypertensive disorder,Train: European-only
PGS002997,1,1,1,MONDO_0005044,hypertensive disorder,Train: European-only
PGS002998,1,1,1,MONDO_0005044,hypertensive disorder,Train: European-only
PGS002999,1,1,1,MONDO_0005044,hypertensive disorder,Train: European-only
PGS003000,1,1,1,MONDO_0005044,hypertensive disorder,Train: European-only
PGS003001,1,1,1,MONDO_0005044,hypertensive disorder,Train: European-only
PGS003002,1,1,1,MONDO_0005044,hypertensive disorder,Train: European-only
PGS003003,1,1,1,MONDO_0005044,hypertensive disorder,Train: European-only
PGS003004,1,1,1,MONDO_0005044,hypertensive disorder,Train: European-only
PGS003005,1,1,1,MONDO_0005044,hypertensive disorder,Train: European-only
PGS003006,1,1,1,MONDO_0005044,hypertensive disorder,Train: European-only
PGS003007,1,1,1,MONDO_0005044,hypertensive disorder,Train: European-only
PGS003008,1,1,1,MONDO_0005044,hypertensive disorder,Train: European-only
PGS003009,1,1,1,MONDO_0005044,hypertensive disorder,Train: European-only
PGS003010,1,1,1,MONDO_0005044,hypertensive disorder,Train: European-only
PGS003011,1,1,1,MONDO_0005044,hypertensive disorder,Train: European-only
PGS003012,1,1,1,MONDO_0005044,hypertensive disorder,Train: European-only
PGS003013,1,1,1,MONDO_0005044,hypertensive disorder,Train: European-only
PGS003014,1,1,1,MONDO_0005044,hypertensive disorder,Train: European-only
PGS003015,1,1,1,MONDO_0005044,hypertensive disorder,Train: European-only
PGS003016,1,1,1,MONDO_0005044,hypertensive disorder,Train: European-only
PGS003017,1,1,1,MONDO_0005044,hypertensive disorder,Train: European-only
PGS003018,1,1,1,MONDO_0005044,hypertensive disorder,Train: European-only
PGS003019,1,1,1,MONDO_0005044,hypertensive disorder,Train: European-only
PGS003020,1,1,1,MONDO_0005044,hypertensive disorder,Train: European-only
PGS003021,1,1,1,MONDO_0005044,hypertensive disorder,Train: European-only
PGS003022,1,1,1,MONDO_0005044,hypertensive disorder,Train: European-only
PGS003023,1,1,1,MONDO_0005044,hypertensive disorder,Train: European-only
PGS003024,1,1,1,MONDO_0005044,hypertensive disorder,Train: European-only
PGS003025,1,1,1,MONDO_0005044,hypertensive disorder,Train: European-only
PGS003026,1,1,1,MONDO_0005044,hypertensive disorder,Train: European-only
PGS003027,1,1,1,MONDO_0005044,hypertensive disorder,Train: European-only
PGS003028,1,1,1,MONDO_0005044,hypertensive disorder,Train: European-only
PGS003044,1,1,1,EFO_0006527,smoking status measurement,Train: European-only
PGS003045,1,1,1,EFO_0006527,smoking status measurement,Train: European-only
PGS003046,1,1,1,EFO_0006527,smoking status measurement,Train: European-only
PGS003047,1,1,1,EFO_0006527,smoking status measurement,Train: European-only
PGS003048,1,1,1,EFO_0006527,smoking status measurement,Train: European-only
PGS003049,1,1,1,EFO_0006527,smoking status measurement,Train: European-only
PGS003050,1,1,1,EFO_0006527,smoking status measurement,Train: European-only
PGS003051,1,1,1,EFO_0006527,smoking status measurement,Train: European-only
PGS003052,1,1,1,EFO_0006527,smoking status measurement,Train: European-only
PGS003053,1,1,1,EFO_0006527,smoking status measurement,Train: European-only
PGS003054,1,1,1,EFO_0006527,smoking status measurement,Train: European-only
PGS003055,1,1,1,EFO_0006527,smoking status measurement,Train: European-only
PGS003056,1,1,1,EFO_0006527,smoking status measurement,Train: European-only
PGS003057,1,1,1,EFO_0006527,smoking status measurement,Train: European-only
PGS003058,1,1,1,EFO_0006527,smoking status measurement,Train: European-only
PGS003059,1,1,1,EFO_0006527,smoking status measurement,Train: European-only
PGS003060,1,1,1,EFO_0006527,smoking status measurement,Train: European-only
PGS003061,1,1,1,EFO_0006527,smoking status measurement,Train: European-only
PGS003062,1,1,1,EFO_0006527,smoking status measurement,Train: European-only
PGS003063,1,1,1,EFO_0006527,smoking status measurement,Train: European-only
PGS003064,1,1,1,EFO_0006527,smoking status measurement,Train: European-only
PGS003065,1,1,1,EFO_0006527,smoking status measurement,Train: European-only
PGS003066,1,1,1,EFO_0006527,smoking status measurement,Train: European-only
PGS003067,1,1,1,EFO_0006527,smoking status measurement,Train: European-only
PGS003068,1,1,1,EFO_0006527,smoking status measurement,Train: European-only
PGS003097,1,1,1,MONDO_0005148,type 2 diabetes mellitus,Train: European-only
PGS003098,1,1,1,MONDO_0005148,type 2 diabetes mellitus,Train: European-only
PGS003107,1,1,1,MONDO_0005148,type 2 diabetes mellitus,Train: European-only
PGS003112,1,1,1,MONDO_0005148,type 2 diabetes mellitus,Train: European-only
PGS003122,1,1,1,MONDO_0005148,type 2 diabetes mellitus,Train: European-only
PGS003124,1,1,1,EFO_0004340,body mass index,Train: European-only
PGS003125,1,1,1,EFO_0004340,body mass index,Train: European-only
PGS003126,1,1,1,EFO_0004340,body mass index,Train: European-only
PGS003127,1,1,1,EFO_0004340,body mass index,Train: European-only
PGS003128,1,1,1,EFO_0004340,body mass index,Train: European-only
PGS003129,1,1,1,EFO_0004340,body mass index,Train: European-only
PGS003130,1,1,1,EFO_0004340,body mass index,Train: European-only
PGS003131,1,1,1,EFO_0004340,body mass index,Train: European-only
PGS003132,1,1,1,EFO_0004340,body mass index,Train: European-only
PGS003133,1,1,1,EFO_0004340,body mass index,Train: European-only
PGS003204,1,1,1,MONDO_0005296,sleep apnea syndrome,Train: European-only
PGS003205,1,1,1,MONDO_0005296,sleep apnea syndrome,Train: European-only
PGS003206,1,1,1,MONDO_0005296,sleep apnea syndrome,Train: European-only
PGS003207,1,1,1,MONDO_0005296,sleep apnea syndrome,Train: European-only
PGS003208,1,1,1,MONDO_0005296,sleep apnea syndrome,Train: European-only
PGS003209,1,1,1,MONDO_0005296,sleep apnea syndrome,Train: European-only
PGS003210,1,1,1,MONDO_0005296,sleep apnea syndrome,Train: European-only
PGS003211,1,1,1,MONDO_0005296,sleep apnea syndrome,Train: European-only
PGS003212,1,1,1,MONDO_0005296,sleep apnea syndrome,Train: European-only
PGS003213,1,1,1,MONDO_0005296,sleep apnea syndrome,Train: European-only
PGS003214,1,1,1,MONDO_0005296,sleep apnea syndrome,Train: European-only
PGS003215,1,1,1,MONDO_0005296,sleep apnea syndrome,Train: European-only
PGS003216,1,1,1,MONDO_0005296,sleep apnea syndrome,Train: European-only
PGS003217,1,1,1,MONDO_0005296,sleep apnea syndrome,Train: European-only
PGS003218,1,1,1,MONDO_0005296,sleep apnea syndrome,Train: European-only
PGS003319,1,1,1,MONDO_0013600,insomnia,Train: European-only
PGS003320,1,1,1,MONDO_0013600,insomnia,Train: European-only
PGS003321,1,1,1,MONDO_0013600,insomnia,Train: European-only
PGS003322,1,1,1,MONDO_0013600,insomnia,Train: European-only
PGS003323,1,1,1,MONDO_0013600,insomnia,Train: European-only
PGS003324,1,1,1,MONDO_0013600,insomnia,Train: European-only
PGS003325,1,1,1,MONDO_0013600,insomnia,Train: European-only
PGS003326,1,1,1,MONDO_0013600,insomnia,Train: European-only
PGS003327,1,1,1,MONDO_0013600,insomnia,Train: European-only
PGS003328,1,1,1,MONDO_0013600,insomnia,Train: European-only
PGS003354,1,1,1,MONDO_0005377,nephrotic syndrome,Train: European-only
PGS003380,1,1,1,MONDO_0004989,breast carcinoma,Train: European-only
PGS003381,1,1,1,MONDO_0002447,endometrial carcinoma,Train: European-only
PGS003382,1,1,1,MONDO_0005012,cutaneous melanoma,Train: European-only
PGS003383,1,1,1,MONDO_0005082,prostate adenocarcinoma,Train: European-only
PGS003384,1,1,1,MONDO_0018177,glioblastoma,Train: Multi excl. EUR
PGS003385,1,1,1,EFO_1001516,ovarian serous carcinoma,Train: European-only
PGS003386,1,1,1,MONDO_0024331,colorectal carcinoma,Train: Multi incl. EUR
PGS003387,1,1,1,MONDO_0005028|MONDO_0013662,esophageal adenocarcinoma|Barrett esophagus,Train: European-only
PGS003388,1,1,1,MONDO_0005028,esophageal adenocarcinoma,Train: European-only
PGS003389,1,1,1,MONDO_0005131,cervical carcinoma,Train: European-only
PGS003390,1,1,1,MONDO_0010150,head and neck squamous cell carcinoma,Train: Multi excl. EUR
PGS003391,1,1,1,MONDO_0005138,lung carcinoma,Train: European-only
PGS003392,1,1,1,MONDO_0005097,squamous cell lung carcinoma,Train: European-only
PGS003393,1,1,1,MONDO_0005061,lung adenocarcinoma,Train: European-only
PGS003396,1,1,1,MONDO_0004989,breast carcinoma,Train: East Asian-only
PGS003397,1,1,1,MONDO_0004989,breast carcinoma,Train: East Asian-only
PGS003398,1,1,1,MONDO_0004989,breast carcinoma,Train: European-only
PGS003399,1,1,1,MONDO_0004989,breast carcinoma,Train: European-only
PGS003402,1,1,1,MONDO_0005148,type 2 diabetes mellitus,Train: Multi incl. EUR
PGS003403,1,1,1,EFO_0004611,low density lipoprotein cholesterol measurement,Train: European-only
PGS003404,1,1,1,EFO_0004611,low density lipoprotein cholesterol measurement,Train: European-only
PGS003405,1,1,1,EFO_0004611,low density lipoprotein cholesterol measurement,Train: European-only
PGS003420,1,1,1,MONDO_0005306,ankylosing spondylitis,Train: East Asian-only
PGS003421,1,1,1,MONDO_0005306,ankylosing spondylitis,Train: East Asian-only
PGS003422,1,1,1,MONDO_0005306,ankylosing spondylitis,Train: East Asian-only
PGS003423,1,1,1,MONDO_0005306,ankylosing spondylitis,Train: East Asian-only
PGS003424,1,1,1,MONDO_0005306,ankylosing spondylitis,Train: East Asian-only
PGS003429,1,1,1,MONDO_0005350,abdominal aortic aneurysm,Train: Multi incl. EUR
PGS003430,1,1,1,MONDO_0005105,melanoma,Train: European-only
PGS003437,1,1,1,MONDO_0015075,thyroid gland carcinoma,Train: Multi incl. EUR
PGS003439,1,1,1,MONDO_0005575,colorectal cancer,Train: Multi incl. EUR
PGS003458,1,1,1,MONDO_0005271,allergic disease,Train: European-only
PGS003459,1,1,1,MONDO_0004980|MONDO_0005271,atopic eczema|allergic disease,Train: European-only
PGS003486,1,1,1,MONDO_0004980,atopic eczema,Train: European-only
PGS003750,1,1,1,MONDO_0005147,type 1 diabetes mellitus,Train: European-only
PGS003755,1,1,1,MONDO_0007915,systemic lupus erythematosus,Train: East Asian-only
PGS003861,1,1,1,MONDO_0005279,pulmonary embolism,Train: East Asian-only
PGS003866,1,1,1,MONDO_0005010,coronary artery disorder,Train: Multi excl. EUR
PGS003868,1,1,1,MONDO_0004994,cardiomyopathy,Train: Multi incl. EUR
PGS003979,1,1,1,MONDO_0024331,colorectal carcinoma,Train: European-only
PGS004166,1,1,1,MONDO_0004989,breast carcinoma,Train: European-only
PGS004167,1,1,1,MONDO_0004989,breast carcinoma,Train: European-only
PGS004168,1,1,1,MONDO_0004989,breast carcinoma,Train: European-only
PGS004169,1,1,1,MONDO_0004989,breast carcinoma,Train: European-only
PGS004170,1,1,1,MONDO_0004989,breast carcinoma,Train: European-only
PGS004171,1,1,1,MONDO_0005147,type 1 diabetes mellitus,Train: European-only
PGS004172,1,1,1,MONDO_0005147,type 1 diabetes mellitus,Train: European-only
PGS004173,1,1,1,MONDO_0005147,type 1 diabetes mellitus,Train: European-only
PGS004174,1,1,1,MONDO_0005147,type 1 diabetes mellitus,Train: European-only
PGS004175,1,1,1,MONDO_0005147,type 1 diabetes mellitus,Train: European-only
PGS004176,1,1,1,MONDO_0004979,asthma,Train: European-only
PGS004186,1,1,1,MONDO_0004981,atrial fibrillation,Train: European-only
PGS004187,1,1,1,MONDO_0004981,atrial fibrillation,Train: European-only
PGS004188,1,1,1,MONDO_0004981,atrial fibrillation,Train: European-only
PGS004189,1,1,1,MONDO_0004981,atrial fibrillation,Train: European-only
PGS004190,1,1,1,MONDO_0004981,atrial fibrillation,Train: European-only
PGS004191,1,1,1,MONDO_0005044,hypertensive disorder,Train: European-only
PGS004192,1,1,1,MONDO_0005044,hypertensive disorder,Train: European-only
PGS004193,1,1,1,MONDO_0005044,hypertensive disorder,Train: European-only
PGS004194,1,1,1,MONDO_0005044,hypertensive disorder,Train: European-only
PGS004195,1,1,1,MONDO_0005044,hypertensive disorder,Train: European-only
PGS004196,1,1,1,MONDO_0005010,coronary artery disorder,Train: European-only
PGS004197,1,1,1,MONDO_0005010,coronary artery disorder,Train: European-only
PGS004198,1,1,1,MONDO_0005010,coronary artery disorder,Train: European-only
PGS004199,1,1,1,MONDO_0005010,coronary artery disorder,Train: European-only
PGS004237,1,1,1,MONDO_0005010,coronary artery disorder,Train: Multi incl. EUR
PGS004238,1,1,1,MONDO_0004995,cardiovascular disorder,Train: East Asian-only
PGS004255,1,1,1,MONDO_0008383,rheumatoid arthritis,Train: European-only
PGS004256,1,1,1,MONDO_0008383,rheumatoid arthritis,Train: European-only
PGS004257,1,1,1,MONDO_0008383,rheumatoid arthritis,Train: European-only
PGS004258,1,1,1,MONDO_0008383,rheumatoid arthritis,Train: European-only
PGS004259,1,1,1,MONDO_0008383,rheumatoid arthritis,Train: European-only
PGS004260,1,1,1,MONDO_0005083,psoriasis,Train: European-only
PGS004261,1,1,1,MONDO_0005083,psoriasis,Train: European-only
PGS004262,1,1,1,MONDO_0005083,psoriasis,Train: European-only
PGS004263,1,1,1,MONDO_0005083,psoriasis,Train: European-only
PGS004264,1,1,1,MONDO_0005083,psoriasis,Train: European-only
PGS004265,1,1,1,MONDO_0005393,gout,Train: European-only
PGS004266,1,1,1,MONDO_0005393,gout,Train: European-only
PGS004267,1,1,1,MONDO_0005393,gout,Train: European-only
PGS004268,1,1,1,MONDO_0005393,gout,Train: European-only
PGS004269,1,1,1,MONDO_0005393,gout,Train: European-only
PGS004270,1,1,1,MONDO_0005265,inflammatory bowel disease,Train: European-only
PGS004271,1,1,1,MONDO_0005265,inflammatory bowel disease,Train: European-only
PGS004272,1,1,1,MONDO_0005265,inflammatory bowel disease,Train: European-only
PGS004273,1,1,1,MONDO_0005265,inflammatory bowel disease,Train: European-only
PGS004274,1,1,1,MONDO_0005265,inflammatory bowel disease,Train: European-only
PGS004275,1,1,1,MONDO_0004979,asthma,Train: European-only
PGS004276,1,1,1,MONDO_0004979,asthma,Train: European-only
PGS004277,1,1,1,MONDO_0004979,asthma,Train: European-only
PGS004278,1,1,1,MONDO_0004979,asthma,Train: European-only
PGS004279,1,1,1,MONDO_0004979,asthma,Train: European-only
PGS004280,1,1,1,MONDO_0001627,dementia,Train: European-only
PGS004281,1,1,1,MONDO_0001627,dementia,Train: European-only
PGS004282,1,1,1,MONDO_0001627,dementia,Train: European-only
PGS004283,1,1,1,MONDO_0001627,dementia,Train: European-only
PGS004284,1,1,1,MONDO_0001627,dementia,Train: European-only
PGS004285,1,1,1,MONDO_0004975,Alzheimer disease,Train: European-only
PGS004286,1,1,1,MONDO_0004975,Alzheimer disease,Train: European-only
PGS004287,1,1,1,MONDO_0004975,Alzheimer disease,Train: European-only
PGS004288,1,1,1,MONDO_0004975,Alzheimer disease,Train: European-only
PGS004289,1,1,1,MONDO_0004975,Alzheimer disease,Train: European-only
PGS004290,1,1,1,MONDO_0004981,atrial fibrillation,Train: European-only
PGS004291,1,1,1,MONDO_0004981,atrial fibrillation,Train: European-only
PGS004292,1,1,1,MONDO_0004981,atrial fibrillation,Train: European-only
PGS004293,1,1,1,MONDO_0004981,atrial fibrillation,Train: European-only
PGS004294,1,1,1,MONDO_0004981,atrial fibrillation,Train: European-only
PGS004295,1,1,1,MONDO_0004989,breast carcinoma,Train: European-only
PGS004296,1,1,1,MONDO_0004989,breast carcinoma,Train: European-only
PGS004297,1,1,1,MONDO_0004989,breast carcinoma,Train: European-only
PGS004298,1,1,1,MONDO_0004989,breast carcinoma,Train: European-only
PGS004299,1,1,1,MONDO_0004989,breast carcinoma,Train: European-only
PGS004300,1,1,1,MONDO_0024331,colorectal carcinoma,Train: European-only
PGS004301,1,1,1,MONDO_0024331,colorectal carcinoma,Train: European-only
PGS004302,1,1,1,MONDO_0024331,colorectal carcinoma,Train: European-only
PGS004303,1,1,1,MONDO_0024331,colorectal carcinoma,Train: European-only
PGS004304,1,1,1,MONDO_0024331,colorectal carcinoma,Train: European-only
PGS004305,1,1,1,MONDO_0005010,coronary artery disorder,Train: European-only
PGS004306,1,1,1,MONDO_0005010,coronary artery disorder,Train: European-only
PGS004307,1,1,1,MONDO_0005010,coronary artery disorder,Train: European-only
PGS004308,1,1,1,MONDO_0005010,coronary artery disorder,Train: European-only
PGS004309,1,1,1,MONDO_0005010,coronary artery disorder,Train: European-only
PGS004323,1,1,1,MONDO_0005148,type 2 diabetes mellitus,Train: East Asian-only
PGS004569,1,1,1,MONDO_0005148,type 2 diabetes mellitus,Train: European-only
PGS004582,1,1,1,EFO_0004309,platelet count,Train: East Asian-only
PGS004583,1,1,1,EFO_0004309,platelet count,Train: East Asian-only
PGS004584,1,1,1,EFO_0004309,platelet count,Train: East Asian-only
PGS004585,1,1,1,HP_0001873,Thrombocytopenia,Train: East Asian-only
PGS004592,1,1,1,EFO_0010176,keratinocyte carcinoma,Train: European-only
PGS004599,1,1,1,MONDO_0005159,prostate carcinoma,Train: East Asian-only
PGS004606,1,1,1,MONDO_0005150,age-related macular degeneration,Train: European-only
PGS004607,1,1,1,MONDO_0005150,age-related macular degeneration,Train: African-only
PGS004621,1,1,1,MONDO_0005155,cirrhosis of liver,Train: European-only
PGS004687,1,1,1,MONDO_0004986,urinary bladder carcinoma,Train: European-only
PGS004688,1,1,1,MONDO_0004989,breast carcinoma,Train: European-only
PGS004689,1,1,1,MONDO_0024331,colorectal carcinoma,Train: European-only
PGS004690,1,1,1,MONDO_0005206,renal carcinoma,Train: European-only
PGS004691,1,1,1,MONDO_0005138,lung carcinoma,Train: European-only
PGS004692,1,1,1,MONDO_0005140,ovarian carcinoma,Train: European-only
PGS004693,1,1,1,MONDO_0005192,exocrine pancreatic carcinoma,Train: European-only
PGS004694,1,1,1,MONDO_0005159,prostate carcinoma,Train: European-only
PGS004860,1,1,1,MONDO_0005138,lung carcinoma,Train: European-only
PGS004861,1,1,1,MONDO_0005021,dilated cardiomyopathy,Train: European-only
PGS004862,1,1,1,MONDO_0005021,dilated cardiomyopathy,Train: European-only
PGS004893,1,1,1,MONDO_0004989,breast carcinoma,Train: Multi incl. EUR
PGS004894,1,1,1,MONDO_0006512,estrogen-receptor positive breast cancer,Train: Multi incl. EUR
PGS004895,1,1,1,MONDO_0006513,estrogen-receptor negative breast cancer,Train: Multi incl. EUR
PGS004908,1,1,1,MONDO_0005206,renal carcinoma,Train: Multi incl. EUR
PGS004909,1,1,1,EFO_0007794,nicotine metabolite ratio,Train: European-only
PGS004910,1,1,1,MONDO_0005045,hypertrophic cardiomyopathy,Train: European-only
PGS004911,1,1,1,MONDO_0005045,hypertrophic cardiomyopathy,Train: European-only
PGS004918,1,1,1,EFO_1001870,late-onset Alzheimer's disease,Train: European-only
PGS004929,1,1,1,MONDO_0004981,atrial fibrillation,Train: European-only
PGS004930,1,1,1,MONDO_0005130,celiac disease,Train: European-only
PGS004931,1,1,1,MONDO_0005393,gout,Train: European-only
PGS004932,1,1,1,EFO_0004612,high density lipoprotein cholesterol measurement,Train: European-only
PGS004933,1,1,1,MONDO_0004872,hemorrhoid,Train: European-only
PGS004934,1,1,1,MONDO_0005044,hypertensive disorder,Train: European-only
PGS004935,1,1,1,MONDO_0005420,hypothyroidism,Train: European-only
PGS004936,1,1,1,EFO_0004611,low density lipoprotein cholesterol measurement,Train: European-only
PGS004937,1,1,1,EFO_0004530,triglyceride measurement,Train: European-only
PGS004938,1,1,1,MONDO_0100096,COVID-19,Train: Multi incl. EUR
PGS005086,1,1,1,MONDO_0005140,ovarian carcinoma,Train: Multi incl. EUR
PGS005087,1,1,1,MONDO_0005140,ovarian carcinoma,Train: Multi incl. EUR
PGS005088,1,1,1,MONDO_0005140,ovarian carcinoma,Train: Multi incl. EUR
PGS005089,1,1,1,MONDO_0005140,ovarian carcinoma,Train: Multi incl. EUR
PGS005090,1,1,1,MONDO_0005300,chronic kidney disease,Train: African-only
PGS005097,1,1,1,MONDO_0005252,heart failure,Train: Multi incl. EUR
PGS005104,1,1,1,MONDO_0004989,breast carcinoma,Train: Multi excl. EUR
PGS005105,1,1,1,MONDO_0006512,estrogen-receptor positive breast cancer,Train: Multi excl. EUR
PGS005106,1,1,1,MONDO_0006513,estrogen-receptor negative breast cancer,Train: Multi excl. EUR
PGS005205,1,1,1,MONDO_0005159,prostate carcinoma,Train: European-only
PGS005218,1,1,1,MONDO_0005420,hypothyroidism,Train: European-only
PGS005236,1,1,1,MONDO_0005010,coronary artery disorder,Train: European-only
PGS005244,1,1,1,MONDO_0005148,type 2 diabetes mellitus,Train: Multi excl. EUR
PGS005246,1,1,1,MONDO_0005148,type 2 diabetes mellitus,Train: European-only
PGS005282,1,1,1,MONDO_0005342,IgA glomerulonephritis,Train: Multi incl. EUR
PGS005283,1,1,1,MONDO_0005342,IgA glomerulonephritis,Train: Multi incl. EUR
PGS005284,1,1,1,MONDO_0005342,IgA glomerulonephritis,Train: Multi incl. EUR
PGS005287,1,1,1,MONDO_0004981,atrial fibrillation,Train: European-only
PGS005288,1,1,1,MONDO_0004981,atrial fibrillation,Train: European-only
PGS005289,1,1,1,MONDO_0004981,atrial fibrillation,Train: European-only
PGS005290,1,1,1,MONDO_0004981,atrial fibrillation,Train: European-only
PGS005291,1,1,1,MONDO_0004981,atrial fibrillation,Train: European-only
PGS005292,1,1,1,MONDO_0004981,atrial fibrillation,Train: European-only
PGS005293,1,1,1,MONDO_0005010,coronary artery disorder,Train: European-only
PGS005294,1,1,1,MONDO_0005010,coronary artery disorder,Train: European-only
PGS005295,1,1,1,MONDO_0005010,coronary artery disorder,Train: European-only
PGS005296,1,1,1,MONDO_0005010,coronary artery disorder,Train: Multi incl. EUR
PGS005297,1,1,1,MONDO_0005010,coronary artery disorder,Train: Multi incl. EUR
PGS005298,1,1,1,MONDO_0005010,coronary artery disorder,Train: Multi incl. EUR
PGS005299,1,1,1,MONDO_0005252,heart failure,Train: European-only
PGS005300,1,1,1,MONDO_0005252,heart failure,Train: European-only
PGS005301,1,1,1,MONDO_0005252,heart failure,Train: European-only
PGS005302,1,1,1,MONDO_0005252,heart failure,Train: European-only
PGS005303,1,1,1,MONDO_0005252,heart failure,Train: European-only
PGS005304,1,1,1,MONDO_0005252,heart failure,Train: European-only
PGS005305,1,1,1,MONDO_0005252,heart failure,Train: European-only
PGS005306,1,1,1,MONDO_0005252,heart failure,Train: European-only
PGS005323,1,1,1,EFO_0000768,idiopathic pulmonary fibrosis,Train: European-only
PGS005338,1,1,1,EFO_0004340,body mass index,Train: Multi incl. EUR
PGS005339,1,1,1,EFO_0004340,body mass index,Train: Multi incl. EUR
PGS005340,1,1,1,EFO_0004340,body mass index,Train: Multi incl. EUR
PGS005342,1,1,1,MONDO_0005148,type 2 diabetes mellitus,Train: Multi incl. EUR
PGS005343,1,1,1,MONDO_0005148,type 2 diabetes mellitus,Train: Multi incl. EUR
PGS005344,1,1,1,MONDO_0005148,type 2 diabetes mellitus,Train: Multi incl. EUR
PGS005388,1,1,1,HP_0004757,Paroxysmal atrial fibrillation,Train: East Asian-only
PGS005394,1,1,1,MONDO_0024331,colorectal carcinoma,Train: Multi incl. EUR
PGS005395,1,1,1,MONDO_0005159,prostate carcinoma,Train: Multi incl. EUR
PGS005396,1,1,1,MONDO_0004989,breast carcinoma,Train: Multi incl. EUR
PGS005398,1,1,1,MONDO_0005147,type 1 diabetes mellitus,Train: European-only
PGS005399,1,1,1,MONDO_0005147,type 1 diabetes mellitus,Train: European-only
PGS005400,1,1,1,MONDO_0005147,type 1 diabetes mellitus,Train: European-only
PGS005402,1,1,1,MONDO_0005575,colorectal cancer,Train: East Asian-only
PGS012513,1,1,1,MONDO_0005361,eosinophilic esophagitis,Train: European-only
PGS012530,1,1,1,MONDO_0005010,coronary artery disorder,Train: Multi incl. EUR
PGS012539,1,1,1,MONDO_0005377,nephrotic syndrome,Train: Multi incl. EUR
PGS012540,1,1,1,EFO_0003913,angina pectoris,Train: European-only
PGS012541,1,1,1,HP_0002099,Asthma,Train: European-only
PGS012542,1,1,1,MONDO_0005010,coronary artery disorder,Train: European-only
PGS012543,1,1,1,MONDO_0005300,chronic kidney disease,Train: Multi incl. EUR
PGS012544,1,1,1,MONDO_0005252,heart failure,Train: European-only
PGS012545,1,1,1,HP_0002140,Ischemic stroke,Train: European-only
PGS012546,1,1,1,MONDO_0005386,peripheral arterial disease,Train: European-only
PGS012547,1,1,1,MONDO_0005148,type 2 diabetes mellitus,Train: European-only
PGS012551,1,1,1,MONDO_0005098,stroke disorder,Train: European-only
PGS012552,1,1,1,MONDO_0005252,heart failure,Train: European-only
PGS012558,1,1,1,MONDO_0005010,coronary artery disorder,Train: Multi incl. EUR
PGS012561,1,1,1,MONDO_0005546,fibromyalgia,Train: European-only
PGS018419,1,1,1,MONDO_0006011,viral hepatitis,Train: East Asian-only
PGS018420,1,1,1,MONDO_0006011,viral hepatitis,Train: East Asian-only
PGS018421,1,1,1,MONDO_0006011,viral hepatitis,Train: East Asian-only
PGS018422,1,1,1,MONDO_0006011,viral hepatitis,Train: East Asian-only
PGS018423,1,1,1,MONDO_0006011,viral hepatitis,Train: East Asian-only
PGS018424,1,1,1,MONDO_0005344,hepatitis B virus infection,Train: East Asian-only
PGS018425,1,1,1,MONDO_0005344,hepatitis B virus infection,Train: East Asian-only
PGS018426,1,1,1,MONDO_0005344,hepatitis B virus infection,Train: East Asian-only
PGS018427,1,1,1,MONDO_0005344,hepatitis B virus infection,Train: East Asian-only
PGS018428,1,1,1,MONDO_0005344,hepatitis B virus infection,Train: East Asian-only
PGS018429,1,1,1,MONDO_0005344,hepatitis B virus infection,Train: East Asian-only
PGS018430,1,1,1,EFO_0008496,chronic hepatitis,Train: East Asian-only
PGS018431,1,1,1,EFO_0008496,chronic hepatitis,Train: East Asian-only
PGS018432,1,1,1,EFO_0008496,chronic hepatitis,Train: East Asian-only
PGS018433,1,1,1,EFO_0008496,chronic hepatitis,Train: East Asian-only
PGS018434,1,1,1,EFO_0008496,chronic hepatitis,Train: East Asian-only
PGS018435,1,1,1,HP_0012115,Hepatitis,Train: East Asian-only
PGS018436,1,1,1,HP_0012115,Hepatitis,Train: East Asian-only
PGS018437,1,1,1,HP_0012115,Hepatitis,Train: East Asian-only
PGS018438,1,1,1,HP_0012115,Hepatitis,Train: East Asian-only
PGS018439,1,1,1,HP_0012115,Hepatitis,Train: East Asian-only
PGS018440,1,1,1,MONDO_0001209,common wart,Train: East Asian-only
PGS018441,1,1,1,MONDO_0001209,common wart,Train: East Asian-only
PGS018442,1,1,1,MONDO_0001209,common wart,Train: East Asian-only
PGS018443,1,1,1,MONDO_0001209,common wart,Train: East Asian-only
PGS018444,1,1,1,MONDO_0001209,common wart,Train: East Asian-only
PGS018445,1,1,1,MONDO_0001628,tinea unguium,Train: East Asian-only
PGS018446,1,1,1,MONDO_0001628,tinea unguium,Train: East Asian-only
PGS018447,1,1,1,MONDO_0001628,tinea unguium,Train: East Asian-only
PGS018448,1,1,1,MONDO_0001628,tinea unguium,Train: East Asian-only
PGS018449,1,1,1,MONDO_0001628,tinea unguium,Train: East Asian-only
PGS018450,1,1,1,MONDO_0004678,dermatophytosis,Train: East Asian-only
PGS018451,1,1,1,MONDO_0004678,dermatophytosis,Train: East Asian-only
PGS018452,1,1,1,MONDO_0004678,dermatophytosis,Train: East Asian-only
PGS018453,1,1,1,MONDO_0004678,dermatophytosis,Train: East Asian-only
PGS018454,1,1,1,MONDO_0004678,dermatophytosis,Train: East Asian-only
PGS018455,1,1,1,MONDO_0005515,oral cavity cancer,Train: East Asian-only
PGS018456,1,1,1,MONDO_0005515,oral cavity cancer,Train: East Asian-only
PGS018457,1,1,1,MONDO_0005515,oral cavity cancer,Train: East Asian-only
PGS018458,1,1,1,MONDO_0005515,oral cavity cancer,Train: East Asian-only
PGS018459,1,1,1,MONDO_0005515,oral cavity cancer,Train: East Asian-only
PGS018460,1,1,1,MONDO_0004631,tongue cancer,Train: East Asian-only
PGS018461,1,1,1,MONDO_0004631,tongue cancer,Train: East Asian-only
PGS018462,1,1,1,MONDO_0004631,tongue cancer,Train: East Asian-only
PGS018463,1,1,1,MONDO_0004631,tongue cancer,Train: East Asian-only
PGS018464,1,1,1,MONDO_0004631,tongue cancer,Train: East Asian-only
PGS018465,1,1,1,MONDO_0002352,larynx cancer,Train: East Asian-only
PGS018466,1,1,1,MONDO_0002352,larynx cancer,Train: East Asian-only
PGS018467,1,1,1,MONDO_0002352,larynx cancer,Train: East Asian-only
PGS018468,1,1,1,MONDO_0002352,larynx cancer,Train: East Asian-only
PGS018469,1,1,1,MONDO_0002352,larynx cancer,Train: East Asian-only
PGS018470,1,1,1,MONDO_0021315,malignant tumor of nasopharynx,Train: East Asian-only
PGS018471,1,1,1,MONDO_0021315,malignant tumor of nasopharynx,Train: East Asian-only
PGS018472,1,1,1,MONDO_0021315,malignant tumor of nasopharynx,Train: East Asian-only
PGS018473,1,1,1,MONDO_0021315,malignant tumor of nasopharynx,Train: East Asian-only
PGS018474,1,1,1,MONDO_0021315,malignant tumor of nasopharynx,Train: East Asian-only
PGS018475,1,1,1,MONDO_0007576,esophageal cancer,Train: East Asian-only
PGS018476,1,1,1,MONDO_0007576,esophageal cancer,Train: East Asian-only
PGS018477,1,1,1,MONDO_0007576,esophageal cancer,Train: East Asian-only
PGS018478,1,1,1,MONDO_0007576,esophageal cancer,Train: East Asian-only
PGS018479,1,1,1,MONDO_0007576,esophageal cancer,Train: East Asian-only
PGS018480,1,1,1,MONDO_0001056,gastric cancer,Train: East Asian-only
PGS018481,1,1,1,MONDO_0001056,gastric cancer,Train: East Asian-only
PGS018482,1,1,1,MONDO_0001056,gastric cancer,Train: East Asian-only
PGS018483,1,1,1,MONDO_0001056,gastric cancer,Train: East Asian-only
PGS018484,1,1,1,MONDO_0001056,gastric cancer,Train: East Asian-only
PGS018485,1,1,1,MONDO_0005575,colorectal cancer,Train: East Asian-only
PGS018486,1,1,1,MONDO_0005575,colorectal cancer,Train: East Asian-only
PGS018487,1,1,1,MONDO_0005575,colorectal cancer,Train: East Asian-only
PGS018488,1,1,1,MONDO_0005575,colorectal cancer,Train: East Asian-only
PGS018489,1,1,1,MONDO_0005575,colorectal cancer,Train: East Asian-only
PGS018490,1,1,1,MONDO_0021063,malignant colon neoplasm,Train: East Asian-only
PGS018491,1,1,1,MONDO_0021063,malignant colon neoplasm,Train: East Asian-only
PGS018492,1,1,1,MONDO_0021063,malignant colon neoplasm,Train: East Asian-only
PGS018493,1,1,1,MONDO_0021063,malignant colon neoplasm,Train: East Asian-only
PGS018494,1,1,1,MONDO_0021063,malignant colon neoplasm,Train: East Asian-only
PGS018495,1,1,1,MONDO_0002423,rectosigmoid junction neoplasm,Train: East Asian-only
PGS018496,1,1,1,MONDO_0002423,rectosigmoid junction neoplasm,Train: East Asian-only
PGS018497,1,1,1,MONDO_0002423,rectosigmoid junction neoplasm,Train: East Asian-only
PGS018498,1,1,1,MONDO_0002423,rectosigmoid junction neoplasm,Train: East Asian-only
PGS018499,1,1,1,MONDO_0002423,rectosigmoid junction neoplasm,Train: East Asian-only
PGS018500,1,1,1,MONDO_0002691,liver cancer,Train: East Asian-only
PGS018501,1,1,1,MONDO_0002691,liver cancer,Train: East Asian-only
PGS018502,1,1,1,MONDO_0002691,liver cancer,Train: East Asian-only
PGS018503,1,1,1,MONDO_0002691,liver cancer,Train: East Asian-only
PGS018504,1,1,1,MONDO_0002691,liver cancer,Train: East Asian-only
PGS018505,1,1,1,MONDO_0002691,liver cancer,Train: East Asian-only
PGS018506,1,1,1,MONDO_0002691,liver cancer,Train: East Asian-only
PGS018507,1,1,1,MONDO_0002691,liver cancer,Train: East Asian-only
PGS018508,1,1,1,MONDO_0002691,liver cancer,Train: East Asian-only
PGS018509,1,1,1,MONDO_0002691,liver cancer,Train: East Asian-only
PGS018510,1,1,1,MONDO_0002516,digestive system cancer,Train: East Asian-only
PGS018511,1,1,1,MONDO_0002516,digestive system cancer,Train: East Asian-only
PGS018512,1,1,1,MONDO_0002516,digestive system cancer,Train: East Asian-only
PGS018513,1,1,1,MONDO_0002516,digestive system cancer,Train: East Asian-only
PGS018514,1,1,1,MONDO_0002516,digestive system cancer,Train: East Asian-only
PGS018515,1,1,1,MONDO_0000376,respiratory system cancer,Train: East Asian-only
PGS018516,1,1,1,MONDO_0000376,respiratory system cancer,Train: East Asian-only
PGS018517,1,1,1,MONDO_0000376,respiratory system cancer,Train: East Asian-only
PGS018518,1,1,1,MONDO_0000376,respiratory system cancer,Train: East Asian-only
PGS018519,1,1,1,MONDO_0000376,respiratory system cancer,Train: East Asian-only
PGS018520,1,1,1,MONDO_0001672,bronchus cancer,Train: East Asian-only
PGS018521,1,1,1,MONDO_0001672,bronchus cancer,Train: East Asian-only
PGS018522,1,1,1,MONDO_0001672,bronchus cancer,Train: East Asian-only
PGS018523,1,1,1,MONDO_0001672,bronchus cancer,Train: East Asian-only
PGS018524,1,1,1,MONDO_0001672,bronchus cancer,Train: East Asian-only
PGS018525,1,1,1,MONDO_0007254,breast cancer,Train: East Asian-only
PGS018526,1,1,1,MONDO_0007254,breast cancer,Train: East Asian-only
PGS018527,1,1,1,MONDO_0007254,breast cancer,Train: East Asian-only
PGS018528,1,1,1,MONDO_0007254,breast cancer,Train: East Asian-only
PGS018529,1,1,1,MONDO_0007254,breast cancer,Train: East Asian-only
PGS018530,1,1,1,MONDO_0007254,breast cancer,Train: East Asian-only
PGS018531,1,1,1,MONDO_0007254,breast cancer,Train: East Asian-only
PGS018532,1,1,1,MONDO_0007254,breast cancer,Train: East Asian-only
PGS018533,1,1,1,MONDO_0007254,breast cancer,Train: East Asian-only
PGS018534,1,1,1,MONDO_0007254,breast cancer,Train: East Asian-only
PGS018535,1,1,1,MONDO_0004379,female breast carcinoma,Train: East Asian-only
PGS018536,1,1,1,MONDO_0004379,female breast carcinoma,Train: East Asian-only
PGS018537,1,1,1,MONDO_0004379,female breast carcinoma,Train: East Asian-only
PGS018538,1,1,1,MONDO_0004379,female breast carcinoma,Train: East Asian-only
PGS018539,1,1,1,MONDO_0004379,female breast carcinoma,Train: East Asian-only
PGS018540,1,1,1,MONDO_0002974,cervical cancer,Train: East Asian-only
PGS018541,1,1,1,MONDO_0002974,cervical cancer,Train: East Asian-only
PGS018542,1,1,1,MONDO_0002974,cervical cancer,Train: East Asian-only
PGS018543,1,1,1,MONDO_0002974,cervical cancer,Train: East Asian-only
PGS018544,1,1,1,MONDO_0002974,cervical cancer,Train: East Asian-only
PGS018545,1,1,1,MONDO_0002974,cervical cancer,Train: East Asian-only
PGS018546,1,1,1,MONDO_0002974,cervical cancer,Train: East Asian-only
PGS018547,1,1,1,MONDO_0002974,cervical cancer,Train: East Asian-only
PGS018548,1,1,1,MONDO_0002974,cervical cancer,Train: East Asian-only
PGS018549,1,1,1,MONDO_0002974,cervical cancer,Train: East Asian-only
PGS018550,1,1,1,MONDO_0022394,cervical intraepithelial neoplasia,Train: East Asian-only
PGS018551,1,1,1,MONDO_0022394,cervical intraepithelial neoplasia,Train: East Asian-only
PGS018552,1,1,1,MONDO_0022394,cervical intraepithelial neoplasia,Train: East Asian-only
PGS018553,1,1,1,MONDO_0022394,cervical intraepithelial neoplasia,Train: East Asian-only
PGS018554,1,1,1,MONDO_0022394,cervical intraepithelial neoplasia,Train: East Asian-only
PGS018555,1,1,1,MONDO_0021353,tumor of uterus,Train: East Asian-only
PGS018556,1,1,1,MONDO_0021353,tumor of uterus,Train: East Asian-only
PGS018557,1,1,1,MONDO_0021353,tumor of uterus,Train: East Asian-only
PGS018558,1,1,1,MONDO_0021353,tumor of uterus,Train: East Asian-only
PGS018559,1,1,1,MONDO_0021353,tumor of uterus,Train: East Asian-only
PGS018560,1,1,1,MONDO_0008315,prostate cancer,Train: East Asian-only
PGS018561,1,1,1,MONDO_0008315,prostate cancer,Train: East Asian-only
PGS018562,1,1,1,MONDO_0008315,prostate cancer,Train: East Asian-only
PGS018563,1,1,1,MONDO_0008315,prostate cancer,Train: East Asian-only
PGS018564,1,1,1,MONDO_0008315,prostate cancer,Train: East Asian-only
PGS018565,1,1,1,MONDO_0001187,urinary bladder cancer,Train: East Asian-only
PGS018566,1,1,1,MONDO_0001187,urinary bladder cancer,Train: East Asian-only
PGS018567,1,1,1,MONDO_0001187,urinary bladder cancer,Train: East Asian-only
PGS018568,1,1,1,MONDO_0001187,urinary bladder cancer,Train: East Asian-only
PGS018569,1,1,1,MONDO_0001187,urinary bladder cancer,Train: East Asian-only
PGS018570,1,1,1,MONDO_0004987,urinary bladder neoplasm,Train: East Asian-only
PGS018571,1,1,1,MONDO_0004987,urinary bladder neoplasm,Train: East Asian-only
PGS018572,1,1,1,MONDO_0004987,urinary bladder neoplasm,Train: East Asian-only
PGS018573,1,1,1,MONDO_0004987,urinary bladder neoplasm,Train: East Asian-only
PGS018574,1,1,1,MONDO_0004987,urinary bladder neoplasm,Train: East Asian-only
PGS018575,1,1,1,MONDO_0002714,central nervous system cancer,Train: East Asian-only
PGS018576,1,1,1,MONDO_0002714,central nervous system cancer,Train: East Asian-only
PGS018577,1,1,1,MONDO_0002714,central nervous system cancer,Train: East Asian-only
PGS018578,1,1,1,MONDO_0002714,central nervous system cancer,Train: East Asian-only
PGS018579,1,1,1,MONDO_0002714,central nervous system cancer,Train: East Asian-only
PGS018580,1,1,1,MONDO_0002108,thyroid cancer,Train: East Asian-only
PGS018581,1,1,1,MONDO_0002108,thyroid cancer,Train: East Asian-only
PGS018582,1,1,1,MONDO_0002108,thyroid cancer,Train: East Asian-only
PGS018583,1,1,1,MONDO_0002108,thyroid cancer,Train: East Asian-only
PGS018584,1,1,1,MONDO_0002108,thyroid cancer,Train: East Asian-only
PGS018585,1,1,1,MONDO_0004992,cancer,Train: East Asian-only
PGS018586,1,1,1,MONDO_0004992,cancer,Train: East Asian-only
PGS018587,1,1,1,MONDO_0004992,cancer,Train: East Asian-only
PGS018588,1,1,1,MONDO_0004992,cancer,Train: East Asian-only
PGS018589,1,1,1,MONDO_0004992,cancer,Train: East Asian-only
PGS018590,1,1,1,MONDO_0005070,neoplasm,Train: East Asian-only
PGS018591,1,1,1,MONDO_0005070,neoplasm,Train: East Asian-only
PGS018592,1,1,1,MONDO_0005070,neoplasm,Train: East Asian-only
PGS018593,1,1,1,MONDO_0005070,neoplasm,Train: East Asian-only
PGS018594,1,1,1,MONDO_0005070,neoplasm,Train: East Asian-only
PGS018595,1,1,1,MONDO_0024881,secondary malignant neoplasm,Train: East Asian-only
PGS018596,1,1,1,MONDO_0024881,secondary malignant neoplasm,Train: East Asian-only
PGS018597,1,1,1,MONDO_0024881,secondary malignant neoplasm,Train: East Asian-only
PGS018598,1,1,1,MONDO_0024881,secondary malignant neoplasm,Train: East Asian-only
PGS018599,1,1,1,MONDO_0024881,secondary malignant neoplasm,Train: East Asian-only
PGS018600,1,1,1,MONDO_0024881,secondary malignant neoplasm,Train: East Asian-only
PGS018601,1,1,1,MONDO_0024881,secondary malignant neoplasm,Train: East Asian-only
PGS018602,1,1,1,MONDO_0024881,secondary malignant neoplasm,Train: East Asian-only
PGS018603,1,1,1,MONDO_0024881,secondary malignant neoplasm,Train: East Asian-only
PGS018604,1,1,1,MONDO_0024881,secondary malignant neoplasm,Train: East Asian-only
PGS018605,1,1,1,MONDO_0005070,neoplasm,Train: East Asian-only
PGS018606,1,1,1,MONDO_0005070,neoplasm,Train: East Asian-only
PGS018607,1,1,1,MONDO_0005070,neoplasm,Train: East Asian-only
PGS018608,1,1,1,MONDO_0005070,neoplasm,Train: East Asian-only
PGS018609,1,1,1,MONDO_0005070,neoplasm,Train: East Asian-only
PGS018610,1,1,1,MONDO_0002278,benign colon neoplasm,Train: East Asian-only
PGS018611,1,1,1,MONDO_0002278,benign colon neoplasm,Train: East Asian-only
PGS018612,1,1,1,MONDO_0002278,benign colon neoplasm,Train: East Asian-only
PGS018613,1,1,1,MONDO_0002278,benign colon neoplasm,Train: East Asian-only
PGS018614,1,1,1,MONDO_0002278,benign colon neoplasm,Train: East Asian-only
PGS018615,1,1,1,MONDO_0000385,benign digestive system neoplasm,Train: East Asian-only
PGS018616,1,1,1,MONDO_0000385,benign digestive system neoplasm,Train: East Asian-only
PGS018617,1,1,1,MONDO_0000385,benign digestive system neoplasm,Train: East Asian-only
PGS018618,1,1,1,MONDO_0000385,benign digestive system neoplasm,Train: East Asian-only
PGS018619,1,1,1,MONDO_0000385,benign digestive system neoplasm,Train: East Asian-only
PGS018620,1,1,1,MONDO_0000632,uterine benign neoplasm,Train: East Asian-only
PGS018621,1,1,1,MONDO_0000632,uterine benign neoplasm,Train: East Asian-only
PGS018622,1,1,1,MONDO_0000632,uterine benign neoplasm,Train: East Asian-only
PGS018623,1,1,1,MONDO_0000632,uterine benign neoplasm,Train: East Asian-only
PGS018624,1,1,1,MONDO_0000632,uterine benign neoplasm,Train: East Asian-only
PGS018625,1,1,1,MONDO_0007886,uterine corpus leiomyoma,Train: East Asian-only
PGS018626,1,1,1,MONDO_0007886,uterine corpus leiomyoma,Train: East Asian-only
PGS018627,1,1,1,MONDO_0007886,uterine corpus leiomyoma,Train: East Asian-only
PGS018628,1,1,1,MONDO_0007886,uterine corpus leiomyoma,Train: East Asian-only
PGS018629,1,1,1,MONDO_0007886,uterine corpus leiomyoma,Train: East Asian-only
PGS018630,1,1,1,MONDO_0056804,benign neoplasm of peripheral nervous system,Train: East Asian-only
PGS018631,1,1,1,MONDO_0056804,benign neoplasm of peripheral nervous system,Train: East Asian-only
PGS018632,1,1,1,MONDO_0056804,benign neoplasm of peripheral nervous system,Train: East Asian-only
PGS018633,1,1,1,MONDO_0056804,benign neoplasm of peripheral nervous system,Train: East Asian-only
PGS018634,1,1,1,MONDO_0056804,benign neoplasm of peripheral nervous system,Train: East Asian-only
PGS018635,1,1,1,MONDO_0006107,benign thyroid gland neoplasm,Train: East Asian-only
PGS018636,1,1,1,MONDO_0006107,benign thyroid gland neoplasm,Train: East Asian-only
PGS018637,1,1,1,MONDO_0006107,benign thyroid gland neoplasm,Train: East Asian-only
PGS018638,1,1,1,MONDO_0006107,benign thyroid gland neoplasm,Train: East Asian-only
PGS018639,1,1,1,MONDO_0006107,benign thyroid gland neoplasm,Train: East Asian-only
PGS018640,1,1,1,MONDO_0002013|MONDO_0006500,lymphangioma|hemangioma,Train: East Asian-only
PGS018641,1,1,1,MONDO_0002013|MONDO_0006500,lymphangioma|hemangioma,Train: East Asian-only
PGS018642,1,1,1,MONDO_0002013|MONDO_0006500,lymphangioma|hemangioma,Train: East Asian-only
PGS018643,1,1,1,MONDO_0002013|MONDO_0006500,lymphangioma|hemangioma,Train: East Asian-only
PGS018644,1,1,1,MONDO_0002013|MONDO_0006500,lymphangioma|hemangioma,Train: East Asian-only
PGS018645,1,1,1,MONDO_0005397,goiter,Train: East Asian-only
PGS018646,1,1,1,MONDO_0005397,goiter,Train: East Asian-only
PGS018647,1,1,1,MONDO_0005397,goiter,Train: East Asian-only
PGS018648,1,1,1,MONDO_0005397,goiter,Train: East Asian-only
PGS018649,1,1,1,MONDO_0005397,goiter,Train: East Asian-only
PGS018650,1,1,1,MONDO_0001252,toxic multinodular goitre,Train: East Asian-only
PGS018651,1,1,1,MONDO_0001252,toxic multinodular goitre,Train: East Asian-only
PGS018652,1,1,1,MONDO_0001252,toxic multinodular goitre,Train: East Asian-only
PGS018653,1,1,1,MONDO_0001252,toxic multinodular goitre,Train: East Asian-only
PGS018654,1,1,1,MONDO_0001252,toxic multinodular goitre,Train: East Asian-only
PGS018655,1,1,1,MONDO_0001658,nontoxic goiter,Train: East Asian-only
PGS018656,1,1,1,MONDO_0001658,nontoxic goiter,Train: East Asian-only
PGS018657,1,1,1,MONDO_0001658,nontoxic goiter,Train: East Asian-only
PGS018658,1,1,1,MONDO_0001658,nontoxic goiter,Train: East Asian-only
PGS018659,1,1,1,MONDO_0001658,nontoxic goiter,Train: East Asian-only
PGS018660,1,1,1,MONDO_0001658,nontoxic goiter,Train: East Asian-only
PGS018661,1,1,1,MONDO_0001658,nontoxic goiter,Train: East Asian-only
PGS018662,1,1,1,MONDO_0001658,nontoxic goiter,Train: East Asian-only
PGS018663,1,1,1,MONDO_0001658,nontoxic goiter,Train: East Asian-only
PGS018664,1,1,1,MONDO_0001658,nontoxic goiter,Train: East Asian-only
PGS018665,1,1,1,MONDO_0010138,thyrotoxicosis,Train: East Asian-only
PGS018666,1,1,1,MONDO_0010138,thyrotoxicosis,Train: East Asian-only
PGS018667,1,1,1,MONDO_0010138,thyrotoxicosis,Train: East Asian-only
PGS018668,1,1,1,MONDO_0010138,thyrotoxicosis,Train: East Asian-only
PGS018669,1,1,1,MONDO_0010138,thyrotoxicosis,Train: East Asian-only
PGS018670,1,1,1,MONDO_0010138,thyrotoxicosis,Train: East Asian-only
PGS018671,1,1,1,MONDO_0005364,Graves disease,Train: East Asian-only
PGS018672,1,1,1,MONDO_0005364,Graves disease,Train: East Asian-only
PGS018673,1,1,1,MONDO_0005364,Graves disease,Train: East Asian-only
PGS018674,1,1,1,MONDO_0005364,Graves disease,Train: East Asian-only
PGS018675,1,1,1,MONDO_0005364,Graves disease,Train: East Asian-only
PGS018676,1,1,1,MONDO_0005364,Graves disease,Train: East Asian-only
PGS018677,1,1,1,MONDO_0005420,hypothyroidism,Train: East Asian-only
PGS018678,1,1,1,MONDO_0005420,hypothyroidism,Train: East Asian-only
PGS018679,1,1,1,MONDO_0005420,hypothyroidism,Train: East Asian-only
PGS018680,1,1,1,MONDO_0005420,hypothyroidism,Train: East Asian-only
PGS018681,1,1,1,MONDO_0005420,hypothyroidism,Train: East Asian-only
PGS018682,1,1,1,MONDO_0005420,hypothyroidism,Train: East Asian-only
PGS018683,1,1,1,MONDO_0005420,hypothyroidism,Train: East Asian-only
PGS018684,1,1,1,MONDO_0005420,hypothyroidism,Train: East Asian-only
PGS018685,1,1,1,MONDO_0005420,hypothyroidism,Train: East Asian-only
PGS018686,1,1,1,MONDO_0005420,hypothyroidism,Train: East Asian-only
PGS018687,1,1,1,MONDO_0005420,hypothyroidism,Train: East Asian-only
PGS018688,1,1,1,MONDO_0005420,hypothyroidism,Train: East Asian-only
PGS018689,1,1,1,MONDO_0004126,thyroiditis,Train: East Asian-only
PGS018690,1,1,1,MONDO_0004126,thyroiditis,Train: East Asian-only
PGS018691,1,1,1,MONDO_0004126,thyroiditis,Train: East Asian-only
PGS018692,1,1,1,MONDO_0004126,thyroiditis,Train: East Asian-only
PGS018693,1,1,1,MONDO_0004126,thyroiditis,Train: East Asian-only
PGS018694,1,1,1,MONDO_0004126,thyroiditis,Train: East Asian-only
PGS018695,1,1,1,MONDO_0007699,Hashimoto thyroiditis,Train: East Asian-only
PGS018696,1,1,1,MONDO_0007699,Hashimoto thyroiditis,Train: East Asian-only
PGS018697,1,1,1,MONDO_0007699,Hashimoto thyroiditis,Train: East Asian-only
PGS018698,1,1,1,MONDO_0007699,Hashimoto thyroiditis,Train: East Asian-only
PGS018699,1,1,1,MONDO_0007699,Hashimoto thyroiditis,Train: East Asian-only
PGS018700,1,1,1,MONDO_0007699,Hashimoto thyroiditis,Train: East Asian-only
PGS018701,1,1,1,MONDO_0007699,Hashimoto thyroiditis,Train: East Asian-only
PGS018702,1,1,1,MONDO_0007699,Hashimoto thyroiditis,Train: East Asian-only
PGS018703,1,1,1,MONDO_0007699,Hashimoto thyroiditis,Train: East Asian-only
PGS018704,1,1,1,MONDO_0007699,Hashimoto thyroiditis,Train: East Asian-only
PGS018705,1,1,1,MONDO_0007699,Hashimoto thyroiditis,Train: East Asian-only
PGS018706,1,1,1,MONDO_0007699,Hashimoto thyroiditis,Train: East Asian-only
PGS018707,1,1,1,MONDO_0003240,thyroid gland disorder,Train: East Asian-only
PGS018708,1,1,1,MONDO_0003240,thyroid gland disorder,Train: East Asian-only
PGS018709,1,1,1,MONDO_0003240,thyroid gland disorder,Train: East Asian-only
PGS018710,1,1,1,MONDO_0003240,thyroid gland disorder,Train: East Asian-only
PGS018711,1,1,1,MONDO_0003240,thyroid gland disorder,Train: East Asian-only
PGS018712,1,1,1,EFO_1000894,dermoid cyst,Train: East Asian-only
PGS018713,1,1,1,EFO_1000894,dermoid cyst,Train: East Asian-only
PGS018714,1,1,1,EFO_1000894,dermoid cyst,Train: East Asian-only
PGS018715,1,1,1,EFO_1000894,dermoid cyst,Train: East Asian-only
PGS018716,1,1,1,EFO_1000894,dermoid cyst,Train: East Asian-only
PGS018717,1,1,1,MONDO_0005015,diabetes mellitus,Train: East Asian-only
PGS018718,1,1,1,MONDO_0005015,diabetes mellitus,Train: East Asian-only
PGS018719,1,1,1,MONDO_0005015,diabetes mellitus,Train: East Asian-only
PGS018720,1,1,1,MONDO_0005015,diabetes mellitus,Train: East Asian-only
PGS018721,1,1,1,MONDO_0005015,diabetes mellitus,Train: East Asian-only
PGS018722,1,1,1,MONDO_0005015,diabetes mellitus,Train: East Asian-only
PGS018723,1,1,1,MONDO_0005148,type 2 diabetes mellitus,Train: East Asian-only
PGS018724,1,1,1,MONDO_0005148,type 2 diabetes mellitus,Train: East Asian-only
PGS018725,1,1,1,MONDO_0005148,type 2 diabetes mellitus,Train: East Asian-only
PGS018726,1,1,1,MONDO_0005148,type 2 diabetes mellitus,Train: East Asian-only
PGS018727,1,1,1,MONDO_0005148,type 2 diabetes mellitus,Train: East Asian-only
PGS018728,1,1,1,MONDO_0005148,type 2 diabetes mellitus,Train: East Asian-only
PGS018729,1,1,1,HP_0011015,Abnormal blood glucose concentration,Train: East Asian-only
PGS018730,1,1,1,HP_0011015,Abnormal blood glucose concentration,Train: East Asian-only
PGS018731,1,1,1,HP_0011015,Abnormal blood glucose concentration,Train: East Asian-only
PGS018732,1,1,1,HP_0011015,Abnormal blood glucose concentration,Train: East Asian-only
PGS018733,1,1,1,HP_0011015,Abnormal blood glucose concentration,Train: East Asian-only
PGS018734,1,1,1,MONDO_0006626,diabetic neuropathy,Train: East Asian-only
PGS018735,1,1,1,MONDO_0006626,diabetic neuropathy,Train: East Asian-only
PGS018736,1,1,1,MONDO_0006626,diabetic neuropathy,Train: East Asian-only
PGS018737,1,1,1,MONDO_0006626,diabetic neuropathy,Train: East Asian-only
PGS018738,1,1,1,MONDO_0006626,diabetic neuropathy,Train: East Asian-only
PGS018739,1,1,1,MONDO_0006626,diabetic neuropathy,Train: East Asian-only
PGS018740,1,1,1,MONDO_0005266,diabetic retinopathy,Train: East Asian-only
PGS018741,1,1,1,MONDO_0005266,diabetic retinopathy,Train: East Asian-only
PGS018742,1,1,1,MONDO_0005266,diabetic retinopathy,Train: East Asian-only
PGS018743,1,1,1,MONDO_0005266,diabetic retinopathy,Train: East Asian-only
PGS018744,1,1,1,MONDO_0005266,diabetic retinopathy,Train: East Asian-only
PGS018745,1,1,1,MONDO_0005266,diabetic retinopathy,Train: East Asian-only
PGS018746,1,1,1,MONDO_0005148,type 2 diabetes mellitus,Train: East Asian-only
PGS018747,1,1,1,MONDO_0005148,type 2 diabetes mellitus,Train: East Asian-only
PGS018748,1,1,1,MONDO_0005148,type 2 diabetes mellitus,Train: East Asian-only
PGS018749,1,1,1,MONDO_0005148,type 2 diabetes mellitus,Train: East Asian-only
PGS018750,1,1,1,MONDO_0005148,type 2 diabetes mellitus,Train: East Asian-only
PGS018751,1,1,1,MONDO_0005148,type 2 diabetes mellitus,Train: East Asian-only
PGS018752,1,1,1,MONDO_0005148,type 2 diabetes mellitus,Train: East Asian-only
PGS018753,1,1,1,MONDO_0005148,type 2 diabetes mellitus,Train: East Asian-only
PGS018754,1,1,1,MONDO_0005148,type 2 diabetes mellitus,Train: East Asian-only
PGS018755,1,1,1,MONDO_0005148,type 2 diabetes mellitus,Train: East Asian-only
PGS018756,1,1,1,MONDO_0005148,type 2 diabetes mellitus,Train: East Asian-only
PGS018757,1,1,1,MONDO_0005148,type 2 diabetes mellitus,Train: East Asian-only
PGS018758,1,1,1,EFO_0009486,diabetic eye disease,Train: East Asian-only
PGS018759,1,1,1,EFO_0009486,diabetic eye disease,Train: East Asian-only
PGS018760,1,1,1,EFO_0009486,diabetic eye disease,Train: East Asian-only
PGS018761,1,1,1,EFO_0009486,diabetic eye disease,Train: East Asian-only
PGS018762,1,1,1,EFO_0009486,diabetic eye disease,Train: East Asian-only
PGS018763,1,1,1,EFO_0009486,diabetic eye disease,Train: East Asian-only
PGS018764,1,1,1,MONDO_0005148,type 2 diabetes mellitus,Train: East Asian-only
PGS018765,1,1,1,MONDO_0005148,type 2 diabetes mellitus,Train: East Asian-only
PGS018766,1,1,1,MONDO_0005148,type 2 diabetes mellitus,Train: East Asian-only
PGS018767,1,1,1,MONDO_0005148,type 2 diabetes mellitus,Train: East Asian-only
PGS018768,1,1,1,MONDO_0005148,type 2 diabetes mellitus,Train: East Asian-only
PGS018769,1,1,1,MONDO_0005148,type 2 diabetes mellitus,Train: East Asian-only
PGS018770,1,1,1,MONDO_0005148,type 2 diabetes mellitus,Train: East Asian-only
PGS018771,1,1,1,MONDO_0005148,type 2 diabetes mellitus,Train: East Asian-only
PGS018772,1,1,1,MONDO_0005148,type 2 diabetes mellitus,Train: East Asian-only
PGS018773,1,1,1,MONDO_0005148,type 2 diabetes mellitus,Train: East Asian-only
PGS018774,1,1,1,MONDO_0005148,type 2 diabetes mellitus,Train: East Asian-only
PGS018775,1,1,1,MONDO_0005148,type 2 diabetes mellitus,Train: East Asian-only
PGS018776,1,1,1,HP_0040270,Impaired glucose tolerance,Train: East Asian-only
PGS018777,1,1,1,HP_0040270,Impaired glucose tolerance,Train: East Asian-only
PGS018778,1,1,1,HP_0040270,Impaired glucose tolerance,Train: East Asian-only
PGS018779,1,1,1,HP_0040270,Impaired glucose tolerance,Train: East Asian-only
PGS018780,1,1,1,HP_0040270,Impaired glucose tolerance,Train: East Asian-only
PGS018781,1,1,1,MONDO_0005066,metabolic disease,Train: East Asian-only
PGS018782,1,1,1,MONDO_0005066,metabolic disease,Train: East Asian-only
PGS018783,1,1,1,MONDO_0005066,metabolic disease,Train: East Asian-only
PGS018784,1,1,1,MONDO_0005066,metabolic disease,Train: East Asian-only
PGS018785,1,1,1,MONDO_0005066,metabolic disease,Train: East Asian-only
PGS018786,1,1,1,MONDO_0005066,metabolic disease,Train: East Asian-only
PGS018787,1,1,1,MONDO_0005066,metabolic disease,Train: East Asian-only
PGS018788,1,1,1,MONDO_0005066,metabolic disease,Train: East Asian-only
PGS018789,1,1,1,MONDO_0005066,metabolic disease,Train: East Asian-only
PGS018790,1,1,1,MONDO_0005066,metabolic disease,Train: East Asian-only
PGS018791,1,1,1,MONDO_0021187,hyperlipidemia,Train: East Asian-only
PGS018792,1,1,1,MONDO_0021187,hyperlipidemia,Train: East Asian-only
PGS018793,1,1,1,MONDO_0021187,hyperlipidemia,Train: East Asian-only
PGS018794,1,1,1,MONDO_0021187,hyperlipidemia,Train: East Asian-only
PGS018795,1,1,1,MONDO_0021187,hyperlipidemia,Train: East Asian-only
PGS018796,1,1,1,MONDO_0002525,inherited lipid metabolism disorder,Train: East Asian-only
PGS018797,1,1,1,MONDO_0002525,inherited lipid metabolism disorder,Train: East Asian-only
PGS018798,1,1,1,MONDO_0002525,inherited lipid metabolism disorder,Train: East Asian-only
PGS018799,1,1,1,MONDO_0002525,inherited lipid metabolism disorder,Train: East Asian-only
PGS018800,1,1,1,MONDO_0002525,inherited lipid metabolism disorder,Train: East Asian-only
PGS018801,1,1,1,HP_0003124,Hypercholesterolemia,Train: East Asian-only
PGS018802,1,1,1,HP_0003124,Hypercholesterolemia,Train: East Asian-only
PGS018803,1,1,1,HP_0003124,Hypercholesterolemia,Train: East Asian-only
PGS018804,1,1,1,HP_0003124,Hypercholesterolemia,Train: East Asian-only
PGS018805,1,1,1,HP_0003124,Hypercholesterolemia,Train: East Asian-only
PGS018806,1,1,1,MONDO_0009387,familial lipoprotein lipase deficiency,Train: East Asian-only
PGS018807,1,1,1,MONDO_0009387,familial lipoprotein lipase deficiency,Train: East Asian-only
PGS018808,1,1,1,MONDO_0009387,familial lipoprotein lipase deficiency,Train: East Asian-only
PGS018809,1,1,1,MONDO_0009387,familial lipoprotein lipase deficiency,Train: East Asian-only
PGS018810,1,1,1,MONDO_0009387,familial lipoprotein lipase deficiency,Train: East Asian-only
PGS018811,1,1,1,MONDO_0021187,hyperlipidemia,Train: East Asian-only
PGS018812,1,1,1,MONDO_0021187,hyperlipidemia,Train: East Asian-only
PGS018813,1,1,1,MONDO_0021187,hyperlipidemia,Train: East Asian-only
PGS018814,1,1,1,MONDO_0021187,hyperlipidemia,Train: East Asian-only
PGS018815,1,1,1,MONDO_0021187,hyperlipidemia,Train: East Asian-only
PGS018816,1,1,1,MONDO_0007319,chondrocalcinosis 2,Train: East Asian-only
PGS018817,1,1,1,MONDO_0007319,chondrocalcinosis 2,Train: East Asian-only
PGS018818,1,1,1,MONDO_0007319,chondrocalcinosis 2,Train: East Asian-only
PGS018819,1,1,1,MONDO_0007319,chondrocalcinosis 2,Train: East Asian-only
PGS018820,1,1,1,MONDO_0007319,chondrocalcinosis 2,Train: East Asian-only
PGS018821,1,1,1,MONDO_0007319,chondrocalcinosis 2,Train: East Asian-only
PGS018822,1,1,1,MONDO_0005393,gout,Train: East Asian-only
PGS018823,1,1,1,MONDO_0005393,gout,Train: East Asian-only
PGS018824,1,1,1,MONDO_0005393,gout,Train: East Asian-only
PGS018825,1,1,1,MONDO_0005393,gout,Train: East Asian-only
PGS018826,1,1,1,MONDO_0005393,gout,Train: East Asian-only
PGS018827,1,1,1,MONDO_0005393,gout,Train: East Asian-only
PGS018828,1,1,1,MONDO_0005393,gout,Train: East Asian-only
PGS018829,1,1,1,MONDO_0005393,gout,Train: East Asian-only
PGS018830,1,1,1,MONDO_0005393,gout,Train: East Asian-only
PGS018831,1,1,1,MONDO_0005393,gout,Train: East Asian-only
PGS018832,1,1,1,MONDO_0005393,gout,Train: East Asian-only
PGS018833,1,1,1,MONDO_0005393,gout,Train: East Asian-only
PGS018834,1,1,1,MONDO_0005066,metabolic disease,Train: East Asian-only
PGS018835,1,1,1,MONDO_0005066,metabolic disease,Train: East Asian-only
PGS018836,1,1,1,MONDO_0005066,metabolic disease,Train: East Asian-only
PGS018837,1,1,1,MONDO_0005066,metabolic disease,Train: East Asian-only
PGS018838,1,1,1,MONDO_0005066,metabolic disease,Train: East Asian-only
PGS018839,1,1,1,MONDO_0019254,inborn disorder of purine or pyrimidine metabolism,Train: East Asian-only
PGS018840,1,1,1,MONDO_0019254,inborn disorder of purine or pyrimidine metabolism,Train: East Asian-only
PGS018841,1,1,1,MONDO_0019254,inborn disorder of purine or pyrimidine metabolism,Train: East Asian-only
PGS018842,1,1,1,MONDO_0019254,inborn disorder of purine or pyrimidine metabolism,Train: East Asian-only
PGS018843,1,1,1,MONDO_0019254,inborn disorder of purine or pyrimidine metabolism,Train: East Asian-only
PGS018844,1,1,1,MONDO_0011122,obesity disorder,Train: East Asian-only
PGS018845,1,1,1,MONDO_0011122,obesity disorder,Train: East Asian-only
PGS018846,1,1,1,MONDO_0011122,obesity disorder,Train: East Asian-only
PGS018847,1,1,1,MONDO_0011122,obesity disorder,Train: East Asian-only
PGS018848,1,1,1,MONDO_0011122,obesity disorder,Train: East Asian-only
PGS018849,1,1,1,MONDO_0011122,obesity disorder,Train: East Asian-only
PGS018850,1,1,1,MONDO_0011122,obesity disorder,Train: East Asian-only
PGS018851,1,1,1,MONDO_0011122,obesity disorder,Train: East Asian-only
PGS018852,1,1,1,MONDO_0011122,obesity disorder,Train: East Asian-only
PGS018853,1,1,1,MONDO_0011122,obesity disorder,Train: East Asian-only
PGS018854,1,1,1,MONDO_0011122,obesity disorder,Train: East Asian-only
PGS018855,1,1,1,MONDO_0011122,obesity disorder,Train: East Asian-only
PGS018856,1,1,1,HP_0002721,Immunodeficiency,Train: East Asian-only
PGS018857,1,1,1,HP_0002721,Immunodeficiency,Train: East Asian-only
PGS018858,1,1,1,HP_0002721,Immunodeficiency,Train: East Asian-only
PGS018859,1,1,1,HP_0002721,Immunodeficiency,Train: East Asian-only
PGS018860,1,1,1,HP_0002721,Immunodeficiency,Train: East Asian-only
PGS018861,1,1,1,HP_0002721,Immunodeficiency,Train: East Asian-only
PGS018862,1,1,1,HP_0002721,Immunodeficiency,Train: East Asian-only
PGS018863,1,1,1,HP_0002721,Immunodeficiency,Train: East Asian-only
PGS018864,1,1,1,HP_0002721,Immunodeficiency,Train: East Asian-only
PGS018865,1,1,1,HP_0002721,Immunodeficiency,Train: East Asian-only
PGS018866,1,1,1,HP_0001891,Iron deficiency anemia,Train: East Asian-only
PGS018867,1,1,1,HP_0001891,Iron deficiency anemia,Train: East Asian-only
PGS018868,1,1,1,HP_0001891,Iron deficiency anemia,Train: East Asian-only
PGS018869,1,1,1,HP_0001891,Iron deficiency anemia,Train: East Asian-only
PGS018870,1,1,1,HP_0001891,Iron deficiency anemia,Train: East Asian-only
PGS018871,1,1,1,HP_0001891,Iron deficiency anemia,Train: East Asian-only
PGS018872,1,1,1,HP_0001891,Iron deficiency anemia,Train: East Asian-only
PGS018873,1,1,1,HP_0001891,Iron deficiency anemia,Train: East Asian-only
PGS018874,1,1,1,HP_0001891,Iron deficiency anemia,Train: East Asian-only
PGS018875,1,1,1,HP_0001891,Iron deficiency anemia,Train: East Asian-only
PGS018876,1,1,1,HP_0001891,Iron deficiency anemia,Train: East Asian-only
PGS018877,1,1,1,HP_0001891,Iron deficiency anemia,Train: East Asian-only
PGS018878,1,1,1,HP_0001891,Iron deficiency anemia,Train: East Asian-only
PGS018879,1,1,1,HP_0001891,Iron deficiency anemia,Train: East Asian-only
PGS018880,1,1,1,HP_0001891,Iron deficiency anemia,Train: East Asian-only
PGS018881,1,1,1,MONDO_0003689,familial hemolytic anemia,Train: East Asian-only
PGS018882,1,1,1,MONDO_0003689,familial hemolytic anemia,Train: East Asian-only
PGS018883,1,1,1,MONDO_0003689,familial hemolytic anemia,Train: East Asian-only
PGS018884,1,1,1,MONDO_0003689,familial hemolytic anemia,Train: East Asian-only
PGS018885,1,1,1,MONDO_0003689,familial hemolytic anemia,Train: East Asian-only
PGS018886,1,1,1,MONDO_0002280,anemia,Train: East Asian-only
PGS018887,1,1,1,MONDO_0002280,anemia,Train: East Asian-only
PGS018888,1,1,1,MONDO_0002280,anemia,Train: East Asian-only
PGS018889,1,1,1,MONDO_0002280,anemia,Train: East Asian-only
PGS018890,1,1,1,MONDO_0002280,anemia,Train: East Asian-only
PGS018891,1,1,1,MONDO_0002039,cognitive disorder,Train: East Asian-only
PGS018892,1,1,1,MONDO_0002039,cognitive disorder,Train: East Asian-only
PGS018893,1,1,1,MONDO_0002039,cognitive disorder,Train: East Asian-only
PGS018894,1,1,1,MONDO_0002039,cognitive disorder,Train: East Asian-only
PGS018895,1,1,1,MONDO_0002039,cognitive disorder,Train: East Asian-only
PGS018896,1,1,1,MONDO_0001627,dementia,Train: East Asian-only
PGS018897,1,1,1,MONDO_0001627,dementia,Train: East Asian-only
PGS018898,1,1,1,MONDO_0001627,dementia,Train: East Asian-only
PGS018899,1,1,1,MONDO_0001627,dementia,Train: East Asian-only
PGS018900,1,1,1,MONDO_0001627,dementia,Train: East Asian-only
PGS018901,1,1,1,MONDO_0005084,mental disorder,Train: East Asian-only
PGS018902,1,1,1,MONDO_0005084,mental disorder,Train: East Asian-only
PGS018903,1,1,1,MONDO_0005084,mental disorder,Train: East Asian-only
PGS018904,1,1,1,MONDO_0005084,mental disorder,Train: East Asian-only
PGS018905,1,1,1,MONDO_0005084,mental disorder,Train: East Asian-only
PGS018906,1,1,1,MONDO_0004975,Alzheimer disease,Train: East Asian-only
PGS018907,1,1,1,MONDO_0004975,Alzheimer disease,Train: East Asian-only
PGS018908,1,1,1,MONDO_0004975,Alzheimer disease,Train: East Asian-only
PGS018909,1,1,1,MONDO_0004975,Alzheimer disease,Train: East Asian-only
PGS018910,1,1,1,MONDO_0004975,Alzheimer disease,Train: East Asian-only
PGS018911,1,1,1,MONDO_0001627,dementia,Train: East Asian-only
PGS018912,1,1,1,MONDO_0001627,dementia,Train: East Asian-only
PGS018913,1,1,1,MONDO_0001627,dementia,Train: East Asian-only
PGS018914,1,1,1,MONDO_0001627,dementia,Train: East Asian-only
PGS018915,1,1,1,MONDO_0001627,dementia,Train: East Asian-only
PGS018916,1,1,1,MONDO_0005084,mental disorder,Train: East Asian-only
PGS018917,1,1,1,MONDO_0005084,mental disorder,Train: East Asian-only
PGS018918,1,1,1,MONDO_0005084,mental disorder,Train: East Asian-only
PGS018919,1,1,1,MONDO_0005084,mental disorder,Train: East Asian-only
PGS018920,1,1,1,MONDO_0005084,mental disorder,Train: East Asian-only
PGS018921,1,1,1,MONDO_0005084,mental disorder,Train: East Asian-only
PGS018922,1,1,1,MONDO_0005084,mental disorder,Train: East Asian-only
PGS018923,1,1,1,MONDO_0005084,mental disorder,Train: East Asian-only
PGS018924,1,1,1,MONDO_0005084,mental disorder,Train: East Asian-only
PGS018925,1,1,1,MONDO_0005084,mental disorder,Train: East Asian-only
PGS018926,1,1,1,MONDO_0005071,nervous system disorder,Train: East Asian-only
PGS018927,1,1,1,MONDO_0005071,nervous system disorder,Train: East Asian-only
PGS018928,1,1,1,MONDO_0005071,nervous system disorder,Train: East Asian-only
PGS018929,1,1,1,MONDO_0005071,nervous system disorder,Train: East Asian-only
PGS018930,1,1,1,MONDO_0005071,nervous system disorder,Train: East Asian-only
PGS018931,1,1,1,HP_0100543,Cognitive impairment,Train: East Asian-only
PGS018932,1,1,1,HP_0100543,Cognitive impairment,Train: East Asian-only
PGS018933,1,1,1,HP_0100543,Cognitive impairment,Train: East Asian-only
PGS018934,1,1,1,HP_0100543,Cognitive impairment,Train: East Asian-only
PGS018935,1,1,1,HP_0100543,Cognitive impairment,Train: East Asian-only
PGS018936,1,1,1,MONDO_0002050,depressive disorder,Train: East Asian-only
PGS018937,1,1,1,MONDO_0002050,depressive disorder,Train: East Asian-only
PGS018938,1,1,1,MONDO_0002050,depressive disorder,Train: East Asian-only
PGS018939,1,1,1,MONDO_0002050,depressive disorder,Train: East Asian-only
PGS018940,1,1,1,MONDO_0002050,depressive disorder,Train: East Asian-only
PGS018941,1,1,1,MONDO_0001942,generalized anxiety disorder,Train: East Asian-only
PGS018942,1,1,1,MONDO_0001942,generalized anxiety disorder,Train: East Asian-only
PGS018943,1,1,1,MONDO_0001942,generalized anxiety disorder,Train: East Asian-only
PGS018944,1,1,1,MONDO_0001942,generalized anxiety disorder,Train: East Asian-only
PGS018945,1,1,1,MONDO_0001942,generalized anxiety disorder,Train: East Asian-only
PGS018946,1,1,1,MONDO_0005084,mental disorder,Train: East Asian-only
PGS018947,1,1,1,MONDO_0005084,mental disorder,Train: East Asian-only
PGS018948,1,1,1,MONDO_0005084,mental disorder,Train: East Asian-only
PGS018949,1,1,1,MONDO_0005084,mental disorder,Train: East Asian-only
PGS018950,1,1,1,MONDO_0005084,mental disorder,Train: East Asian-only
PGS018951,1,1,1,MONDO_0000592,specific developmental disorder,Train: East Asian-only
PGS018952,1,1,1,MONDO_0000592,specific developmental disorder,Train: East Asian-only
PGS018953,1,1,1,MONDO_0000592,specific developmental disorder,Train: East Asian-only
PGS018954,1,1,1,MONDO_0000592,specific developmental disorder,Train: East Asian-only
PGS018955,1,1,1,MONDO_0000592,specific developmental disorder,Train: East Asian-only
PGS018956,1,1,1,MONDO_0021698,alcohol-related disorders,Train: East Asian-only
PGS018957,1,1,1,MONDO_0021698,alcohol-related disorders,Train: East Asian-only
PGS018958,1,1,1,MONDO_0021698,alcohol-related disorders,Train: East Asian-only
PGS018959,1,1,1,MONDO_0021698,alcohol-related disorders,Train: East Asian-only
PGS018960,1,1,1,MONDO_0021698,alcohol-related disorders,Train: East Asian-only
PGS018961,1,1,1,MONDO_0007079,alcohol dependence,Train: East Asian-only
PGS018962,1,1,1,MONDO_0007079,alcohol dependence,Train: East Asian-only
PGS018963,1,1,1,MONDO_0007079,alcohol dependence,Train: East Asian-only
PGS018964,1,1,1,MONDO_0007079,alcohol dependence,Train: East Asian-only
PGS018965,1,1,1,MONDO_0007079,alcohol dependence,Train: East Asian-only
PGS018966,1,1,1,HP_0025234,Parasomnia,Train: East Asian-only
PGS018967,1,1,1,HP_0025234,Parasomnia,Train: East Asian-only
PGS018968,1,1,1,HP_0025234,Parasomnia,Train: East Asian-only
PGS018969,1,1,1,HP_0025234,Parasomnia,Train: East Asian-only
PGS018970,1,1,1,HP_0025234,Parasomnia,Train: East Asian-only
PGS018971,1,1,1,MONDO_0005395,movement disorder,Train: East Asian-only
PGS018972,1,1,1,MONDO_0005395,movement disorder,Train: East Asian-only
PGS018973,1,1,1,MONDO_0005395,movement disorder,Train: East Asian-only
PGS018974,1,1,1,MONDO_0005395,movement disorder,Train: East Asian-only
PGS018975,1,1,1,MONDO_0005395,movement disorder,Train: East Asian-only
PGS018976,1,1,1,MONDO_0013600,insomnia,Train: East Asian-only
PGS018977,1,1,1,MONDO_0013600,insomnia,Train: East Asian-only
PGS018978,1,1,1,MONDO_0013600,insomnia,Train: East Asian-only
PGS018979,1,1,1,MONDO_0013600,insomnia,Train: East Asian-only
PGS018980,1,1,1,MONDO_0013600,insomnia,Train: East Asian-only
PGS018981,1,1,1,HP_0007313,Cerebral degeneration,Train: East Asian-only
PGS018982,1,1,1,HP_0007313,Cerebral degeneration,Train: East Asian-only
PGS018983,1,1,1,HP_0007313,Cerebral degeneration,Train: East Asian-only
PGS018984,1,1,1,HP_0007313,Cerebral degeneration,Train: East Asian-only
PGS018985,1,1,1,HP_0007313,Cerebral degeneration,Train: East Asian-only
PGS018986,1,1,1,MONDO_0005277,migraine disorder,Train: East Asian-only
PGS018987,1,1,1,MONDO_0005277,migraine disorder,Train: East Asian-only
PGS018988,1,1,1,MONDO_0005277,migraine disorder,Train: East Asian-only
PGS018989,1,1,1,MONDO_0005277,migraine disorder,Train: East Asian-only
PGS018990,1,1,1,MONDO_0005277,migraine disorder,Train: East Asian-only
PGS018991,1,1,1,MONDO_0005027,epilepsy,Train: East Asian-only
PGS018992,1,1,1,MONDO_0005027,epilepsy,Train: East Asian-only
PGS018993,1,1,1,MONDO_0005027,epilepsy,Train: East Asian-only
PGS018994,1,1,1,MONDO_0005027,epilepsy,Train: East Asian-only
PGS018995,1,1,1,MONDO_0005027,epilepsy,Train: East Asian-only
PGS018996,1,1,1,MONDO_0002098,facial nerve disorder,Train: East Asian-only
PGS018997,1,1,1,MONDO_0002098,facial nerve disorder,Train: East Asian-only
PGS018998,1,1,1,MONDO_0002098,facial nerve disorder,Train: East Asian-only
PGS018999,1,1,1,MONDO_0002098,facial nerve disorder,Train: East Asian-only
PGS019000,1,1,1,MONDO_0002098,facial nerve disorder,Train: East Asian-only
PGS019001,1,1,1,EFO_0004149,neuropathy,Train: East Asian-only
PGS019002,1,1,1,EFO_0004149,neuropathy,Train: East Asian-only
PGS019003,1,1,1,EFO_0004149,neuropathy,Train: East Asian-only
PGS019004,1,1,1,EFO_0004149,neuropathy,Train: East Asian-only
PGS019005,1,1,1,EFO_0004149,neuropathy,Train: East Asian-only
PGS019006,1,1,1,MONDO_0008375,retinal detachment,Train: East Asian-only
PGS019007,1,1,1,MONDO_0008375,retinal detachment,Train: East Asian-only
PGS019008,1,1,1,MONDO_0008375,retinal detachment,Train: East Asian-only
PGS019009,1,1,1,MONDO_0008375,retinal detachment,Train: East Asian-only
PGS019010,1,1,1,MONDO_0008375,retinal detachment,Train: East Asian-only
PGS019011,1,1,1,MONDO_0005283,retinal disorder,Train: East Asian-only
PGS019012,1,1,1,MONDO_0005283,retinal disorder,Train: East Asian-only
PGS019013,1,1,1,MONDO_0005283,retinal disorder,Train: East Asian-only
PGS019014,1,1,1,MONDO_0005283,retinal disorder,Train: East Asian-only
PGS019015,1,1,1,MONDO_0005283,retinal disorder,Train: East Asian-only
PGS019016,1,1,1,MONDO_0002175,degeneration of macula and posterior pole,Train: East Asian-only
PGS019017,1,1,1,MONDO_0002175,degeneration of macula and posterior pole,Train: East Asian-only
PGS019018,1,1,1,MONDO_0002175,degeneration of macula and posterior pole,Train: East Asian-only
PGS019019,1,1,1,MONDO_0002175,degeneration of macula and posterior pole,Train: East Asian-only
PGS019020,1,1,1,MONDO_0002175,degeneration of macula and posterior pole,Train: East Asian-only
PGS019021,1,1,1,MONDO_0004580,retinal degeneration,Train: East Asian-only
PGS019022,1,1,1,MONDO_0004580,retinal degeneration,Train: East Asian-only
PGS019023,1,1,1,MONDO_0004580,retinal degeneration,Train: East Asian-only
PGS019024,1,1,1,MONDO_0004580,retinal degeneration,Train: East Asian-only
PGS019025,1,1,1,MONDO_0004580,retinal degeneration,Train: East Asian-only
PGS019026,1,1,1,MONDO_0002175,degeneration of macula and posterior pole,Train: East Asian-only
PGS019027,1,1,1,MONDO_0002175,degeneration of macula and posterior pole,Train: East Asian-only
PGS019028,1,1,1,MONDO_0002175,degeneration of macula and posterior pole,Train: East Asian-only
PGS019029,1,1,1,MONDO_0002175,degeneration of macula and posterior pole,Train: East Asian-only
PGS019030,1,1,1,MONDO_0002175,degeneration of macula and posterior pole,Train: East Asian-only
PGS019031,1,1,1,MONDO_0003004,macular degeneration,Train: East Asian-only
PGS019032,1,1,1,MONDO_0003004,macular degeneration,Train: East Asian-only
PGS019033,1,1,1,MONDO_0003004,macular degeneration,Train: East Asian-only
PGS019034,1,1,1,MONDO_0003004,macular degeneration,Train: East Asian-only
PGS019035,1,1,1,MONDO_0003004,macular degeneration,Train: East Asian-only
PGS019036,1,1,1,MONDO_0005041,glaucoma,Train: East Asian-only
PGS019037,1,1,1,MONDO_0005041,glaucoma,Train: East Asian-only
PGS019038,1,1,1,MONDO_0005041,glaucoma,Train: East Asian-only
PGS019039,1,1,1,MONDO_0005041,glaucoma,Train: East Asian-only
PGS019040,1,1,1,MONDO_0005041,glaucoma,Train: East Asian-only
PGS019041,1,1,1,MONDO_0005338,open-angle glaucoma,Train: East Asian-only
PGS019042,1,1,1,MONDO_0005338,open-angle glaucoma,Train: East Asian-only
PGS019043,1,1,1,MONDO_0005338,open-angle glaucoma,Train: East Asian-only
PGS019044,1,1,1,MONDO_0005338,open-angle glaucoma,Train: East Asian-only
PGS019045,1,1,1,MONDO_0005338,open-angle glaucoma,Train: East Asian-only
PGS019046,1,1,1,MONDO_0005129,cataract,Train: East Asian-only
PGS019047,1,1,1,MONDO_0005129,cataract,Train: East Asian-only
PGS019048,1,1,1,MONDO_0005129,cataract,Train: East Asian-only
PGS019049,1,1,1,MONDO_0005129,cataract,Train: East Asian-only
PGS019050,1,1,1,MONDO_0005129,cataract,Train: East Asian-only
PGS019051,1,1,1,HP_0000504,Abnormality of vision,Train: East Asian-only
PGS019052,1,1,1,HP_0000504,Abnormality of vision,Train: East Asian-only
PGS019053,1,1,1,HP_0000504,Abnormality of vision,Train: East Asian-only
PGS019054,1,1,1,HP_0000504,Abnormality of vision,Train: East Asian-only
PGS019055,1,1,1,HP_0000504,Abnormality of vision,Train: East Asian-only
PGS019056,1,1,1,MONDO_0003085,keratitis,Train: East Asian-only
PGS019057,1,1,1,MONDO_0003085,keratitis,Train: East Asian-only
PGS019058,1,1,1,MONDO_0003085,keratitis,Train: East Asian-only
PGS019059,1,1,1,MONDO_0003085,keratitis,Train: East Asian-only
PGS019060,1,1,1,MONDO_0003085,keratitis,Train: East Asian-only
PGS019061,1,1,1,MONDO_0020283,uveitis,Train: East Asian-only
PGS019062,1,1,1,MONDO_0020283,uveitis,Train: East Asian-only
PGS019063,1,1,1,MONDO_0020283,uveitis,Train: East Asian-only
PGS019064,1,1,1,MONDO_0020283,uveitis,Train: East Asian-only
PGS019065,1,1,1,MONDO_0020283,uveitis,Train: East Asian-only
PGS019066,1,1,1,MONDO_0005328,eye disorder,Train: East Asian-only
PGS019067,1,1,1,MONDO_0005328,eye disorder,Train: East Asian-only
PGS019068,1,1,1,MONDO_0005328,eye disorder,Train: East Asian-only
PGS019069,1,1,1,MONDO_0005328,eye disorder,Train: East Asian-only
PGS019070,1,1,1,MONDO_0005328,eye disorder,Train: East Asian-only
PGS019071,1,1,1,MONDO_0005328,eye disorder,Train: East Asian-only
PGS019072,1,1,1,MONDO_0005328,eye disorder,Train: East Asian-only
PGS019073,1,1,1,MONDO_0005328,eye disorder,Train: East Asian-only
PGS019074,1,1,1,MONDO_0005328,eye disorder,Train: East Asian-only
PGS019075,1,1,1,MONDO_0005328,eye disorder,Train: East Asian-only
PGS019076,1,1,1,MONDO_0005441,otitis media,Train: East Asian-only
PGS019077,1,1,1,MONDO_0005441,otitis media,Train: East Asian-only
PGS019078,1,1,1,MONDO_0005441,otitis media,Train: East Asian-only
PGS019079,1,1,1,MONDO_0005441,otitis media,Train: East Asian-only
PGS019080,1,1,1,MONDO_0005441,otitis media,Train: East Asian-only
PGS019081,1,1,1,MONDO_0002643,vestibular disorder,Train: East Asian-only
PGS019082,1,1,1,MONDO_0002643,vestibular disorder,Train: East Asian-only
PGS019083,1,1,1,MONDO_0002643,vestibular disorder,Train: East Asian-only
PGS019084,1,1,1,MONDO_0002643,vestibular disorder,Train: East Asian-only
PGS019085,1,1,1,MONDO_0002643,vestibular disorder,Train: East Asian-only
PGS019086,1,1,1,MONDO_0007972,Meniere disease,Train: East Asian-only
PGS019087,1,1,1,MONDO_0007972,Meniere disease,Train: East Asian-only
PGS019088,1,1,1,MONDO_0007972,Meniere disease,Train: East Asian-only
PGS019089,1,1,1,MONDO_0007972,Meniere disease,Train: East Asian-only
PGS019090,1,1,1,MONDO_0007972,Meniere disease,Train: East Asian-only
PGS019091,1,1,1,HP_0002321,Vertigo,Train: East Asian-only
PGS019092,1,1,1,HP_0002321,Vertigo,Train: East Asian-only
PGS019093,1,1,1,HP_0002321,Vertigo,Train: East Asian-only
PGS019094,1,1,1,HP_0002321,Vertigo,Train: East Asian-only
PGS019095,1,1,1,HP_0002321,Vertigo,Train: East Asian-only
PGS019096,1,1,1,MONDO_0002008,labyrinthitis,Train: East Asian-only
PGS019097,1,1,1,MONDO_0002008,labyrinthitis,Train: East Asian-only
PGS019098,1,1,1,MONDO_0002008,labyrinthitis,Train: East Asian-only
PGS019099,1,1,1,MONDO_0002008,labyrinthitis,Train: East Asian-only
PGS019100,1,1,1,MONDO_0002008,labyrinthitis,Train: East Asian-only
PGS019101,1,1,1,EFO_0009847|HP_0002321,dizziness|Vertigo,Train: East Asian-only
PGS019102,1,1,1,EFO_0009847|HP_0002321,dizziness|Vertigo,Train: East Asian-only
PGS019103,1,1,1,EFO_0009847|HP_0002321,dizziness|Vertigo,Train: East Asian-only
PGS019104,1,1,1,EFO_0009847|HP_0002321,dizziness|Vertigo,Train: East Asian-only
PGS019105,1,1,1,EFO_0009847|HP_0002321,dizziness|Vertigo,Train: East Asian-only
PGS019106,1,1,1,HP_0002321,Vertigo,Train: East Asian-only
PGS019107,1,1,1,HP_0002321,Vertigo,Train: East Asian-only
PGS019108,1,1,1,HP_0002321,Vertigo,Train: East Asian-only
PGS019109,1,1,1,HP_0002321,Vertigo,Train: East Asian-only
PGS019110,1,1,1,HP_0002321,Vertigo,Train: East Asian-only
PGS019111,1,1,1,MONDO_0005365,hearing loss disorder,Train: East Asian-only
PGS019112,1,1,1,MONDO_0005365,hearing loss disorder,Train: East Asian-only
PGS019113,1,1,1,MONDO_0005365,hearing loss disorder,Train: East Asian-only
PGS019114,1,1,1,MONDO_0005365,hearing loss disorder,Train: East Asian-only
PGS019115,1,1,1,MONDO_0005365,hearing loss disorder,Train: East Asian-only
PGS019116,1,1,1,MONDO_0020678,sensorineural hearing loss disorder,Train: East Asian-only
PGS019117,1,1,1,MONDO_0020678,sensorineural hearing loss disorder,Train: East Asian-only
PGS019118,1,1,1,MONDO_0020678,sensorineural hearing loss disorder,Train: East Asian-only
PGS019119,1,1,1,MONDO_0020678,sensorineural hearing loss disorder,Train: East Asian-only
PGS019120,1,1,1,MONDO_0020678,sensorineural hearing loss disorder,Train: East Asian-only
PGS019121,1,1,1,HP_0000360,Tinnitus,Train: East Asian-only
PGS019122,1,1,1,HP_0000360,Tinnitus,Train: East Asian-only
PGS019123,1,1,1,HP_0000360,Tinnitus,Train: East Asian-only
PGS019124,1,1,1,HP_0000360,Tinnitus,Train: East Asian-only
PGS019125,1,1,1,HP_0000360,Tinnitus,Train: East Asian-only
PGS019126,1,1,1,HP_0000822,Hypertension,Train: East Asian-only
PGS019127,1,1,1,HP_0000822,Hypertension,Train: East Asian-only
PGS019128,1,1,1,HP_0000822,Hypertension,Train: East Asian-only
PGS019129,1,1,1,HP_0000822,Hypertension,Train: East Asian-only
PGS019130,1,1,1,HP_0000822,Hypertension,Train: East Asian-only
PGS019131,1,1,1,HP_0000822,Hypertension,Train: East Asian-only
PGS019132,1,1,1,MONDO_0001134,essential hypertension,Train: East Asian-only
PGS019133,1,1,1,MONDO_0001134,essential hypertension,Train: East Asian-only
PGS019134,1,1,1,MONDO_0001134,essential hypertension,Train: East Asian-only
PGS019135,1,1,1,MONDO_0001134,essential hypertension,Train: East Asian-only
PGS019136,1,1,1,MONDO_0001134,essential hypertension,Train: East Asian-only
PGS019137,1,1,1,MONDO_0001134,essential hypertension,Train: East Asian-only
PGS019138,1,1,1,MONDO_0001302,hypertensive heart disease,Train: East Asian-only
PGS019139,1,1,1,MONDO_0001302,hypertensive heart disease,Train: East Asian-only
PGS019140,1,1,1,MONDO_0001302,hypertensive heart disease,Train: East Asian-only
PGS019141,1,1,1,MONDO_0001302,hypertensive heart disease,Train: East Asian-only
PGS019142,1,1,1,MONDO_0001302,hypertensive heart disease,Train: East Asian-only
PGS019143,1,1,1,MONDO_0001302,hypertensive heart disease,Train: East Asian-only
PGS019144,1,1,1,MONDO_0005044,hypertensive disorder,Train: East Asian-only
PGS019145,1,1,1,MONDO_0005044,hypertensive disorder,Train: East Asian-only
PGS019146,1,1,1,MONDO_0005044,hypertensive disorder,Train: East Asian-only
PGS019147,1,1,1,MONDO_0005044,hypertensive disorder,Train: East Asian-only
PGS019148,1,1,1,MONDO_0005044,hypertensive disorder,Train: East Asian-only
PGS019149,1,1,1,MONDO_0001302,hypertensive heart disease,Train: East Asian-only
PGS019150,1,1,1,MONDO_0001302,hypertensive heart disease,Train: East Asian-only
PGS019151,1,1,1,MONDO_0001302,hypertensive heart disease,Train: East Asian-only
PGS019152,1,1,1,MONDO_0001302,hypertensive heart disease,Train: East Asian-only
PGS019153,1,1,1,MONDO_0001302,hypertensive heart disease,Train: East Asian-only
PGS019154,1,1,1,MONDO_0001302,hypertensive heart disease,Train: East Asian-only
PGS019155,1,1,1,MONDO_0024644,myocardial ischemia,Train: East Asian-only
PGS019156,1,1,1,MONDO_0024644,myocardial ischemia,Train: East Asian-only
PGS019157,1,1,1,MONDO_0024644,myocardial ischemia,Train: East Asian-only
PGS019158,1,1,1,MONDO_0024644,myocardial ischemia,Train: East Asian-only
PGS019159,1,1,1,MONDO_0024644,myocardial ischemia,Train: East Asian-only
PGS019160,1,1,1,MONDO_0005068,myocardial infarction,Train: East Asian-only
PGS019161,1,1,1,MONDO_0005068,myocardial infarction,Train: East Asian-only
PGS019162,1,1,1,MONDO_0005068,myocardial infarction,Train: East Asian-only
PGS019163,1,1,1,MONDO_0005068,myocardial infarction,Train: East Asian-only
PGS019164,1,1,1,MONDO_0005068,myocardial infarction,Train: East Asian-only
PGS019165,1,1,1,MONDO_0021661,coronary atherosclerosis,Train: East Asian-only
PGS019166,1,1,1,MONDO_0021661,coronary atherosclerosis,Train: East Asian-only
PGS019167,1,1,1,MONDO_0021661,coronary atherosclerosis,Train: East Asian-only
PGS019168,1,1,1,MONDO_0021661,coronary atherosclerosis,Train: East Asian-only
PGS019169,1,1,1,MONDO_0021661,coronary atherosclerosis,Train: East Asian-only
PGS019170,1,1,1,MONDO_0001493,chronic pulmonary heart disease,Train: East Asian-only
PGS019171,1,1,1,MONDO_0001493,chronic pulmonary heart disease,Train: East Asian-only
PGS019172,1,1,1,MONDO_0001493,chronic pulmonary heart disease,Train: East Asian-only
PGS019173,1,1,1,MONDO_0001493,chronic pulmonary heart disease,Train: East Asian-only
PGS019174,1,1,1,MONDO_0001493,chronic pulmonary heart disease,Train: East Asian-only
PGS019175,1,1,1,MONDO_0001493,chronic pulmonary heart disease,Train: East Asian-only
PGS019176,1,1,1,MONDO_0001493,chronic pulmonary heart disease,Train: East Asian-only
PGS019177,1,1,1,MONDO_0001493,chronic pulmonary heart disease,Train: East Asian-only
PGS019178,1,1,1,MONDO_0001493,chronic pulmonary heart disease,Train: East Asian-only
PGS019179,1,1,1,MONDO_0001493,chronic pulmonary heart disease,Train: East Asian-only
PGS019180,1,1,1,MONDO_0004995,cardiovascular disorder,Train: East Asian-only
PGS019181,1,1,1,MONDO_0004995,cardiovascular disorder,Train: East Asian-only
PGS019182,1,1,1,MONDO_0004995,cardiovascular disorder,Train: East Asian-only
PGS019183,1,1,1,MONDO_0004995,cardiovascular disorder,Train: East Asian-only
PGS019184,1,1,1,MONDO_0004995,cardiovascular disorder,Train: East Asian-only
PGS019185,1,1,1,EFO_0004269,cardiac arrhythmia,Train: East Asian-only
PGS019186,1,1,1,EFO_0004269,cardiac arrhythmia,Train: East Asian-only
PGS019187,1,1,1,EFO_0004269,cardiac arrhythmia,Train: East Asian-only
PGS019188,1,1,1,EFO_0004269,cardiac arrhythmia,Train: East Asian-only
PGS019189,1,1,1,EFO_0004269,cardiac arrhythmia,Train: East Asian-only
PGS019190,1,1,1,EFO_0009493,paroxysmal tachycardia,Train: East Asian-only
PGS019191,1,1,1,EFO_0009493,paroxysmal tachycardia,Train: East Asian-only
PGS019192,1,1,1,EFO_0009493,paroxysmal tachycardia,Train: East Asian-only
PGS019193,1,1,1,EFO_0009493,paroxysmal tachycardia,Train: East Asian-only
PGS019194,1,1,1,EFO_0009493,paroxysmal tachycardia,Train: East Asian-only
PGS019195,1,1,1,MONDO_0004981,atrial fibrillation,Train: East Asian-only
PGS019196,1,1,1,MONDO_0004981,atrial fibrillation,Train: East Asian-only
PGS019197,1,1,1,MONDO_0004981,atrial fibrillation,Train: East Asian-only
PGS019198,1,1,1,MONDO_0004981,atrial fibrillation,Train: East Asian-only
PGS019199,1,1,1,MONDO_0004981,atrial fibrillation,Train: East Asian-only
PGS019200,1,1,1,EFO_0004269,cardiac arrhythmia,Train: East Asian-only
PGS019201,1,1,1,EFO_0004269,cardiac arrhythmia,Train: East Asian-only
PGS019202,1,1,1,EFO_0004269,cardiac arrhythmia,Train: East Asian-only
PGS019203,1,1,1,EFO_0004269,cardiac arrhythmia,Train: East Asian-only
PGS019204,1,1,1,EFO_0004269,cardiac arrhythmia,Train: East Asian-only
PGS019205,1,1,1,HP_0006699,Premature atrial contractions,Train: East Asian-only
PGS019206,1,1,1,HP_0006699,Premature atrial contractions,Train: East Asian-only
PGS019207,1,1,1,HP_0006699,Premature atrial contractions,Train: East Asian-only
PGS019208,1,1,1,HP_0006699,Premature atrial contractions,Train: East Asian-only
PGS019209,1,1,1,HP_0006699,Premature atrial contractions,Train: East Asian-only
PGS019210,1,1,1,MONDO_0004981,atrial fibrillation,Train: East Asian-only
PGS019211,1,1,1,MONDO_0004981,atrial fibrillation,Train: East Asian-only
PGS019212,1,1,1,MONDO_0004981,atrial fibrillation,Train: East Asian-only
PGS019213,1,1,1,MONDO_0004981,atrial fibrillation,Train: East Asian-only
PGS019214,1,1,1,MONDO_0004981,atrial fibrillation,Train: East Asian-only
PGS019215,1,1,1,EFO_0000551,intracranial hemorrhage,Train: East Asian-only
PGS019216,1,1,1,EFO_0000551,intracranial hemorrhage,Train: East Asian-only
PGS019217,1,1,1,EFO_0000551,intracranial hemorrhage,Train: East Asian-only
PGS019218,1,1,1,EFO_0000551,intracranial hemorrhage,Train: East Asian-only
PGS019219,1,1,1,EFO_0000551,intracranial hemorrhage,Train: East Asian-only
PGS019220,1,1,1,MONDO_0013792,intracerebral hemorrhage,Train: East Asian-only
PGS019221,1,1,1,MONDO_0013792,intracerebral hemorrhage,Train: East Asian-only
PGS019222,1,1,1,MONDO_0013792,intracerebral hemorrhage,Train: East Asian-only
PGS019223,1,1,1,MONDO_0013792,intracerebral hemorrhage,Train: East Asian-only
PGS019224,1,1,1,MONDO_0013792,intracerebral hemorrhage,Train: East Asian-only
PGS019225,1,1,1,MONDO_0011057,cerebrovascular disorder,Train: East Asian-only
PGS019226,1,1,1,MONDO_0011057,cerebrovascular disorder,Train: East Asian-only
PGS019227,1,1,1,MONDO_0011057,cerebrovascular disorder,Train: East Asian-only
PGS019228,1,1,1,MONDO_0011057,cerebrovascular disorder,Train: East Asian-only
PGS019229,1,1,1,MONDO_0011057,cerebrovascular disorder,Train: East Asian-only
PGS019230,1,1,1,MONDO_0000944,cerebral artery occlusion,Train: East Asian-only
PGS019231,1,1,1,MONDO_0000944,cerebral artery occlusion,Train: East Asian-only
PGS019232,1,1,1,MONDO_0000944,cerebral artery occlusion,Train: East Asian-only
PGS019233,1,1,1,MONDO_0000944,cerebral artery occlusion,Train: East Asian-only
PGS019234,1,1,1,MONDO_0000944,cerebral artery occlusion,Train: East Asian-only
PGS019235,1,1,1,HP_0002637,Cerebral ischemia,Train: East Asian-only
PGS019236,1,1,1,HP_0002637,Cerebral ischemia,Train: East Asian-only
PGS019237,1,1,1,HP_0002637,Cerebral ischemia,Train: East Asian-only
PGS019238,1,1,1,HP_0002637,Cerebral ischemia,Train: East Asian-only
PGS019239,1,1,1,HP_0002637,Cerebral ischemia,Train: East Asian-only
PGS019240,1,1,1,MONDO_0011057,cerebrovascular disorder,Train: East Asian-only
PGS019241,1,1,1,MONDO_0011057,cerebrovascular disorder,Train: East Asian-only
PGS019242,1,1,1,MONDO_0011057,cerebrovascular disorder,Train: East Asian-only
PGS019243,1,1,1,MONDO_0011057,cerebrovascular disorder,Train: East Asian-only
PGS019244,1,1,1,MONDO_0011057,cerebrovascular disorder,Train: East Asian-only
PGS019245,1,1,1,MONDO_0011057,cerebrovascular disorder,Train: East Asian-only
PGS019246,1,1,1,MONDO_0011057,cerebrovascular disorder,Train: East Asian-only
PGS019247,1,1,1,MONDO_0011057,cerebrovascular disorder,Train: East Asian-only
PGS019248,1,1,1,MONDO_0011057,cerebrovascular disorder,Train: East Asian-only
PGS019249,1,1,1,MONDO_0011057,cerebrovascular disorder,Train: East Asian-only
PGS019250,1,1,1,MONDO_0000944,cerebral artery occlusion,Train: East Asian-only
PGS019251,1,1,1,MONDO_0000944,cerebral artery occlusion,Train: East Asian-only
PGS019252,1,1,1,MONDO_0000944,cerebral artery occlusion,Train: East Asian-only
PGS019253,1,1,1,MONDO_0000944,cerebral artery occlusion,Train: East Asian-only
PGS019254,1,1,1,MONDO_0000944,cerebral artery occlusion,Train: East Asian-only
PGS019255,1,1,1,EFO_0003907,deep vein thrombosis,Train: East Asian-only
PGS019256,1,1,1,EFO_0003907,deep vein thrombosis,Train: East Asian-only
PGS019257,1,1,1,EFO_0003907,deep vein thrombosis,Train: East Asian-only
PGS019258,1,1,1,EFO_0003907,deep vein thrombosis,Train: East Asian-only
PGS019259,1,1,1,EFO_0003907,deep vein thrombosis,Train: East Asian-only
PGS019260,1,1,1,MONDO_0024355,respiratory tract infectious disorder,Train: East Asian-only
PGS019261,1,1,1,MONDO_0024355,respiratory tract infectious disorder,Train: East Asian-only
PGS019262,1,1,1,MONDO_0024355,respiratory tract infectious disorder,Train: East Asian-only
PGS019263,1,1,1,MONDO_0024355,respiratory tract infectious disorder,Train: East Asian-only
PGS019264,1,1,1,MONDO_0024355,respiratory tract infectious disorder,Train: East Asian-only
PGS019265,1,1,1,MONDO_0002258,pharyngitis,Train: East Asian-only
PGS019266,1,1,1,MONDO_0002258,pharyngitis,Train: East Asian-only
PGS019267,1,1,1,MONDO_0002258,pharyngitis,Train: East Asian-only
PGS019268,1,1,1,MONDO_0002258,pharyngitis,Train: East Asian-only
PGS019269,1,1,1,MONDO_0002258,pharyngitis,Train: East Asian-only
PGS019270,1,1,1,MONDO_0006031,chronic rhinosinusitis,Train: East Asian-only
PGS019271,1,1,1,MONDO_0006031,chronic rhinosinusitis,Train: East Asian-only
PGS019272,1,1,1,MONDO_0006031,chronic rhinosinusitis,Train: East Asian-only
PGS019273,1,1,1,MONDO_0006031,chronic rhinosinusitis,Train: East Asian-only
PGS019274,1,1,1,MONDO_0006031,chronic rhinosinusitis,Train: East Asian-only
PGS019275,1,1,1,MONDO_0011786,allergic rhinitis,Train: East Asian-only
PGS019276,1,1,1,MONDO_0011786,allergic rhinitis,Train: East Asian-only
PGS019277,1,1,1,MONDO_0011786,allergic rhinitis,Train: East Asian-only
PGS019278,1,1,1,MONDO_0011786,allergic rhinitis,Train: East Asian-only
PGS019279,1,1,1,MONDO_0011786,allergic rhinitis,Train: East Asian-only
PGS019280,1,1,1,MONDO_0005249,pneumonia,Train: East Asian-only
PGS019281,1,1,1,MONDO_0005249,pneumonia,Train: East Asian-only
PGS019282,1,1,1,MONDO_0005249,pneumonia,Train: East Asian-only
PGS019283,1,1,1,MONDO_0005249,pneumonia,Train: East Asian-only
PGS019284,1,1,1,MONDO_0005249,pneumonia,Train: East Asian-only
PGS019285,1,1,1,EFO_0009759,Chronic Obstructive Asthma,Train: East Asian-only
PGS019286,1,1,1,EFO_0009759,Chronic Obstructive Asthma,Train: East Asian-only
PGS019287,1,1,1,EFO_0009759,Chronic Obstructive Asthma,Train: East Asian-only
PGS019288,1,1,1,EFO_0009759,Chronic Obstructive Asthma,Train: East Asian-only
PGS019289,1,1,1,EFO_0009759,Chronic Obstructive Asthma,Train: East Asian-only
PGS019290,1,1,1,MONDO_0003781,bronchitis,Train: East Asian-only
PGS019291,1,1,1,MONDO_0003781,bronchitis,Train: East Asian-only
PGS019292,1,1,1,MONDO_0003781,bronchitis,Train: East Asian-only
PGS019293,1,1,1,MONDO_0003781,bronchitis,Train: East Asian-only
PGS019294,1,1,1,MONDO_0003781,bronchitis,Train: East Asian-only
PGS019295,1,1,1,HP_0012735,Cough,Train: East Asian-only
PGS019296,1,1,1,HP_0012735,Cough,Train: East Asian-only
PGS019297,1,1,1,HP_0012735,Cough,Train: East Asian-only
PGS019298,1,1,1,HP_0012735,Cough,Train: East Asian-only
PGS019299,1,1,1,HP_0012735,Cough,Train: East Asian-only
PGS019300,1,1,1,MONDO_0006999,tooth disorder,Train: East Asian-only
PGS019301,1,1,1,MONDO_0006999,tooth disorder,Train: East Asian-only
PGS019302,1,1,1,MONDO_0006999,tooth disorder,Train: East Asian-only
PGS019303,1,1,1,MONDO_0006999,tooth disorder,Train: East Asian-only
PGS019304,1,1,1,MONDO_0006999,tooth disorder,Train: East Asian-only
PGS019305,1,1,1,MONDO_0002508,gingivitis,Train: East Asian-only
PGS019306,1,1,1,MONDO_0002508,gingivitis,Train: East Asian-only
PGS019307,1,1,1,MONDO_0002508,gingivitis,Train: East Asian-only
PGS019308,1,1,1,MONDO_0002508,gingivitis,Train: East Asian-only
PGS019309,1,1,1,MONDO_0002508,gingivitis,Train: East Asian-only
PGS019310,1,1,1,MONDO_0001028,acute pericementitis,Train: East Asian-only
PGS019311,1,1,1,MONDO_0001028,acute pericementitis,Train: East Asian-only
PGS019312,1,1,1,MONDO_0001028,acute pericementitis,Train: East Asian-only
PGS019313,1,1,1,MONDO_0001028,acute pericementitis,Train: East Asian-only
PGS019314,1,1,1,MONDO_0001028,acute pericementitis,Train: East Asian-only
PGS019315,1,1,1,EFO_0009468,jaw disease,Train: East Asian-only
PGS019316,1,1,1,EFO_0009468,jaw disease,Train: East Asian-only
PGS019317,1,1,1,EFO_0009468,jaw disease,Train: East Asian-only
PGS019318,1,1,1,EFO_0009468,jaw disease,Train: East Asian-only
PGS019319,1,1,1,EFO_0009468,jaw disease,Train: East Asian-only
PGS019320,1,1,1,MONDO_0005473,temporomandibular joint disorder,Train: East Asian-only
PGS019321,1,1,1,MONDO_0005473,temporomandibular joint disorder,Train: East Asian-only
PGS019322,1,1,1,MONDO_0005473,temporomandibular joint disorder,Train: East Asian-only
PGS019323,1,1,1,MONDO_0005473,temporomandibular joint disorder,Train: East Asian-only
PGS019324,1,1,1,MONDO_0005473,temporomandibular joint disorder,Train: East Asian-only
PGS019325,1,1,1,EFO_1001898,mucositis,Train: East Asian-only
PGS019326,1,1,1,EFO_1001898,mucositis,Train: East Asian-only
PGS019327,1,1,1,EFO_1001898,mucositis,Train: East Asian-only
PGS019328,1,1,1,EFO_1001898,mucositis,Train: East Asian-only
PGS019329,1,1,1,EFO_1001898,mucositis,Train: East Asian-only
PGS019330,1,1,1,HP_0004398,Peptic ulcer,Train: East Asian-only
PGS019331,1,1,1,HP_0004398,Peptic ulcer,Train: East Asian-only
PGS019332,1,1,1,HP_0004398,Peptic ulcer,Train: East Asian-only
PGS019333,1,1,1,HP_0004398,Peptic ulcer,Train: East Asian-only
PGS019334,1,1,1,HP_0004398,Peptic ulcer,Train: East Asian-only
PGS019335,1,1,1,MONDO_0005412,duodenal ulcer,Train: East Asian-only
PGS019336,1,1,1,MONDO_0005412,duodenal ulcer,Train: East Asian-only
PGS019337,1,1,1,MONDO_0005412,duodenal ulcer,Train: East Asian-only
PGS019338,1,1,1,MONDO_0005412,duodenal ulcer,Train: East Asian-only
PGS019339,1,1,1,MONDO_0005412,duodenal ulcer,Train: East Asian-only
PGS019340,1,1,1,EFO_1001866,ventral hernia,Train: East Asian-only
PGS019341,1,1,1,EFO_1001866,ventral hernia,Train: East Asian-only
PGS019342,1,1,1,EFO_1001866,ventral hernia,Train: East Asian-only
PGS019343,1,1,1,EFO_1001866,ventral hernia,Train: East Asian-only
PGS019344,1,1,1,EFO_1001866,ventral hernia,Train: East Asian-only
PGS019345,1,1,1,HP_0000023,Inguinal hernia,Train: East Asian-only
PGS019346,1,1,1,HP_0000023,Inguinal hernia,Train: East Asian-only
PGS019347,1,1,1,HP_0000023,Inguinal hernia,Train: East Asian-only
PGS019348,1,1,1,HP_0000023,Inguinal hernia,Train: East Asian-only
PGS019349,1,1,1,HP_0000023,Inguinal hernia,Train: East Asian-only
PGS019350,1,1,1,HP_0005224,Rectal abscess,Train: East Asian-only
PGS019351,1,1,1,HP_0005224,Rectal abscess,Train: East Asian-only
PGS019352,1,1,1,HP_0005224,Rectal abscess,Train: East Asian-only
PGS019353,1,1,1,HP_0005224,Rectal abscess,Train: East Asian-only
PGS019354,1,1,1,HP_0005224,Rectal abscess,Train: East Asian-only
PGS019355,1,1,1,MONDO_0006644,alcoholic liver cirrhosis,Train: East Asian-only
PGS019356,1,1,1,MONDO_0006644,alcoholic liver cirrhosis,Train: East Asian-only
PGS019357,1,1,1,MONDO_0006644,alcoholic liver cirrhosis,Train: East Asian-only
PGS019358,1,1,1,MONDO_0006644,alcoholic liver cirrhosis,Train: East Asian-only
PGS019359,1,1,1,MONDO_0006644,alcoholic liver cirrhosis,Train: East Asian-only
PGS019360,1,1,1,MONDO_0013209,metabolic dysfunction-associated steatotic liver disease,Train: East Asian-only
PGS019361,1,1,1,MONDO_0013209,metabolic dysfunction-associated steatotic liver disease,Train: East Asian-only
PGS019362,1,1,1,MONDO_0013209,metabolic dysfunction-associated steatotic liver disease,Train: East Asian-only
PGS019363,1,1,1,MONDO_0013209,metabolic dysfunction-associated steatotic liver disease,Train: East Asian-only
PGS019364,1,1,1,MONDO_0013209,metabolic dysfunction-associated steatotic liver disease,Train: East Asian-only
PGS019365,1,1,1,MONDO_0005155,cirrhosis of liver,Train: East Asian-only
PGS019366,1,1,1,MONDO_0005155,cirrhosis of liver,Train: East Asian-only
PGS019367,1,1,1,MONDO_0005155,cirrhosis of liver,Train: East Asian-only
PGS019368,1,1,1,MONDO_0005155,cirrhosis of liver,Train: East Asian-only
PGS019369,1,1,1,MONDO_0005155,cirrhosis of liver,Train: East Asian-only
PGS019370,1,1,1,MONDO_0005154,liver disorder,Train: East Asian-only
PGS019371,1,1,1,MONDO_0005154,liver disorder,Train: East Asian-only
PGS019372,1,1,1,MONDO_0005154,liver disorder,Train: East Asian-only
PGS019373,1,1,1,MONDO_0005154,liver disorder,Train: East Asian-only
PGS019374,1,1,1,MONDO_0005154,liver disorder,Train: East Asian-only
PGS019375,1,1,1,EFO_0009628,abnormal result of function studies,Train: East Asian-only
PGS019376,1,1,1,EFO_0009628,abnormal result of function studies,Train: East Asian-only
PGS019377,1,1,1,EFO_0009628,abnormal result of function studies,Train: East Asian-only
PGS019378,1,1,1,EFO_0009628,abnormal result of function studies,Train: East Asian-only
PGS019379,1,1,1,EFO_0009628,abnormal result of function studies,Train: East Asian-only
PGS019380,1,1,1,MONDO_0012672,cholelithiasis,Train: East Asian-only
PGS019381,1,1,1,MONDO_0012672,cholelithiasis,Train: East Asian-only
PGS019382,1,1,1,MONDO_0012672,cholelithiasis,Train: East Asian-only
PGS019383,1,1,1,MONDO_0012672,cholelithiasis,Train: East Asian-only
PGS019384,1,1,1,MONDO_0012672,cholelithiasis,Train: East Asian-only
PGS019385,1,1,1,MONDO_0012672,cholelithiasis,Train: East Asian-only
PGS019386,1,1,1,MONDO_0012672,cholelithiasis,Train: East Asian-only
PGS019387,1,1,1,MONDO_0012672,cholelithiasis,Train: East Asian-only
PGS019388,1,1,1,MONDO_0012672,cholelithiasis,Train: East Asian-only
PGS019389,1,1,1,MONDO_0012672,cholelithiasis,Train: East Asian-only
PGS019390,1,1,1,MONDO_0004868,biliary tract disorder,Train: East Asian-only
PGS019391,1,1,1,MONDO_0004868,biliary tract disorder,Train: East Asian-only
PGS019392,1,1,1,MONDO_0004868,biliary tract disorder,Train: East Asian-only
PGS019393,1,1,1,MONDO_0004868,biliary tract disorder,Train: East Asian-only
PGS019394,1,1,1,MONDO_0004868,biliary tract disorder,Train: East Asian-only
PGS019395,1,1,1,MONDO_0007642,isolated agenesis of gallbladder,Train: East Asian-only
PGS019396,1,1,1,MONDO_0007642,isolated agenesis of gallbladder,Train: East Asian-only
PGS019397,1,1,1,MONDO_0007642,isolated agenesis of gallbladder,Train: East Asian-only
PGS019398,1,1,1,MONDO_0007642,isolated agenesis of gallbladder,Train: East Asian-only
PGS019399,1,1,1,MONDO_0007642,isolated agenesis of gallbladder,Train: East Asian-only
PGS019400,1,1,1,MONDO_0002356,pancreas disorder,Train: East Asian-only
PGS019401,1,1,1,MONDO_0002356,pancreas disorder,Train: East Asian-only
PGS019402,1,1,1,MONDO_0002356,pancreas disorder,Train: East Asian-only
PGS019403,1,1,1,MONDO_0002356,pancreas disorder,Train: East Asian-only
PGS019404,1,1,1,MONDO_0002356,pancreas disorder,Train: East Asian-only
PGS019405,1,1,1,MONDO_0001166,nephritis,Train: East Asian-only
PGS019406,1,1,1,MONDO_0001166,nephritis,Train: East Asian-only
PGS019407,1,1,1,MONDO_0001166,nephritis,Train: East Asian-only
PGS019408,1,1,1,MONDO_0001166,nephritis,Train: East Asian-only
PGS019409,1,1,1,MONDO_0001166,nephritis,Train: East Asian-only
PGS019410,1,1,1,HP_0000112,Nephropathy,Train: East Asian-only
PGS019411,1,1,1,HP_0000112,Nephropathy,Train: East Asian-only
PGS019412,1,1,1,HP_0000112,Nephropathy,Train: East Asian-only
PGS019413,1,1,1,HP_0000112,Nephropathy,Train: East Asian-only
PGS019414,1,1,1,HP_0000112,Nephropathy,Train: East Asian-only
PGS019415,1,1,1,HP_0000112|MONDO_0001166,Nephropathy|nephritis,Train: East Asian-only
PGS019416,1,1,1,HP_0000112|MONDO_0001166,Nephropathy|nephritis,Train: East Asian-only
PGS019417,1,1,1,HP_0000112|MONDO_0001166,Nephropathy|nephritis,Train: East Asian-only
PGS019418,1,1,1,HP_0000112|MONDO_0001166,Nephropathy|nephritis,Train: East Asian-only
PGS019419,1,1,1,HP_0000112|MONDO_0001166,Nephropathy|nephritis,Train: East Asian-only
PGS019420,1,1,1,HP_0000112|MONDO_0001166,Nephropathy|nephritis,Train: East Asian-only
PGS019421,1,1,1,HP_0000112|MONDO_0001166,Nephropathy|nephritis,Train: East Asian-only
PGS019422,1,1,1,HP_0000112|MONDO_0001166,Nephropathy|nephritis,Train: East Asian-only
PGS019423,1,1,1,HP_0000112|MONDO_0001166,Nephropathy|nephritis,Train: East Asian-only
PGS019424,1,1,1,HP_0000112|MONDO_0001166,Nephropathy|nephritis,Train: East Asian-only
PGS019425,1,1,1,HP_0000112|MONDO_0001166,Nephropathy|nephritis,Train: East Asian-only
PGS019426,1,1,1,HP_0000112|MONDO_0001166,Nephropathy|nephritis,Train: East Asian-only
PGS019427,1,1,1,MONDO_0001106,kidney failure,Train: East Asian-only
PGS019428,1,1,1,MONDO_0001106,kidney failure,Train: East Asian-only
PGS019429,1,1,1,MONDO_0001106,kidney failure,Train: East Asian-only
PGS019430,1,1,1,MONDO_0001106,kidney failure,Train: East Asian-only
PGS019431,1,1,1,MONDO_0001106,kidney failure,Train: East Asian-only
PGS019432,1,1,1,MONDO_0005300,chronic kidney disease,Train: East Asian-only
PGS019433,1,1,1,MONDO_0005300,chronic kidney disease,Train: East Asian-only
PGS019434,1,1,1,MONDO_0005300,chronic kidney disease,Train: East Asian-only
PGS019435,1,1,1,MONDO_0005300,chronic kidney disease,Train: East Asian-only
PGS019436,1,1,1,MONDO_0005300,chronic kidney disease,Train: East Asian-only
PGS019437,1,1,1,EFO_0009909,stage 5 chronic kidney disease,Train: East Asian-only
PGS019438,1,1,1,EFO_0009909,stage 5 chronic kidney disease,Train: East Asian-only
PGS019439,1,1,1,EFO_0009909,stage 5 chronic kidney disease,Train: East Asian-only
PGS019440,1,1,1,EFO_0009909,stage 5 chronic kidney disease,Train: East Asian-only
PGS019441,1,1,1,EFO_0009909,stage 5 chronic kidney disease,Train: East Asian-only
PGS019442,1,1,1,MONDO_0005300,chronic kidney disease,Train: East Asian-only
PGS019443,1,1,1,MONDO_0005300,chronic kidney disease,Train: East Asian-only
PGS019444,1,1,1,MONDO_0005300,chronic kidney disease,Train: East Asian-only
PGS019445,1,1,1,MONDO_0005300,chronic kidney disease,Train: East Asian-only
PGS019446,1,1,1,MONDO_0005300,chronic kidney disease,Train: East Asian-only
PGS019447,1,1,1,MONDO_0005300,chronic kidney disease,Train: East Asian-only
PGS019448,1,1,1,MONDO_0002118,urinary system disorder,Train: East Asian-only
PGS019449,1,1,1,MONDO_0002118,urinary system disorder,Train: East Asian-only
PGS019450,1,1,1,MONDO_0002118,urinary system disorder,Train: East Asian-only
PGS019451,1,1,1,MONDO_0002118,urinary system disorder,Train: East Asian-only
PGS019452,1,1,1,MONDO_0002118,urinary system disorder,Train: East Asian-only
PGS019453,1,1,1,EFO_0008619,Simple Cyst of Kidney,Train: East Asian-only
PGS019454,1,1,1,EFO_0008619,Simple Cyst of Kidney,Train: East Asian-only
PGS019455,1,1,1,EFO_0008619,Simple Cyst of Kidney,Train: East Asian-only
PGS019456,1,1,1,EFO_0008619,Simple Cyst of Kidney,Train: East Asian-only
PGS019457,1,1,1,EFO_0008619,Simple Cyst of Kidney,Train: East Asian-only
PGS019458,1,1,1,MONDO_0100338,urinary tract infection,Train: East Asian-only
PGS019459,1,1,1,MONDO_0100338,urinary tract infection,Train: East Asian-only
PGS019460,1,1,1,MONDO_0100338,urinary tract infection,Train: East Asian-only
PGS019461,1,1,1,MONDO_0100338,urinary tract infection,Train: East Asian-only
PGS019462,1,1,1,MONDO_0100338,urinary tract infection,Train: East Asian-only
PGS019463,1,1,1,HP_0000790,Hematuria,Train: East Asian-only
PGS019464,1,1,1,HP_0000790,Hematuria,Train: East Asian-only
PGS019465,1,1,1,HP_0000790,Hematuria,Train: East Asian-only
PGS019466,1,1,1,HP_0000790,Hematuria,Train: East Asian-only
PGS019467,1,1,1,HP_0000790,Hematuria,Train: East Asian-only
PGS019468,1,1,1,HP_0002907,Microscopic hematuria,Train: East Asian-only
PGS019469,1,1,1,HP_0002907,Microscopic hematuria,Train: East Asian-only
PGS019470,1,1,1,HP_0002907,Microscopic hematuria,Train: East Asian-only
PGS019471,1,1,1,HP_0002907,Microscopic hematuria,Train: East Asian-only
PGS019472,1,1,1,HP_0002907,Microscopic hematuria,Train: East Asian-only
PGS019473,1,1,1,OBA_0000173,urinary volume,Train: East Asian-only
PGS019474,1,1,1,OBA_0000173,urinary volume,Train: East Asian-only
PGS019475,1,1,1,OBA_0000173,urinary volume,Train: East Asian-only
PGS019476,1,1,1,OBA_0000173,urinary volume,Train: East Asian-only
PGS019477,1,1,1,OBA_0000173,urinary volume,Train: East Asian-only
PGS019478,1,1,1,OBA_0000173,urinary volume,Train: East Asian-only
PGS019479,1,1,1,OBA_2050015,kidney volume,Train: East Asian-only
PGS019480,1,1,1,OBA_2050015,kidney volume,Train: East Asian-only
PGS019481,1,1,1,OBA_2050015,kidney volume,Train: East Asian-only
PGS019482,1,1,1,OBA_2050015,kidney volume,Train: East Asian-only
PGS019483,1,1,1,OBA_2050015,kidney volume,Train: East Asian-only
PGS019484,1,1,1,OBA_2050015,kidney volume,Train: East Asian-only
PGS019485,1,1,1,MONDO_0007009,ureterolithiasis,Train: East Asian-only
PGS019486,1,1,1,MONDO_0007009,ureterolithiasis,Train: East Asian-only
PGS019487,1,1,1,MONDO_0007009,ureterolithiasis,Train: East Asian-only
PGS019488,1,1,1,MONDO_0007009,ureterolithiasis,Train: East Asian-only
PGS019489,1,1,1,MONDO_0007009,ureterolithiasis,Train: East Asian-only
PGS019490,1,1,1,MONDO_0007009,ureterolithiasis,Train: East Asian-only
PGS019491,1,1,1,MONDO_0005510,hydronephrosis,Train: East Asian-only
PGS019492,1,1,1,MONDO_0005510,hydronephrosis,Train: East Asian-only
PGS019493,1,1,1,MONDO_0005510,hydronephrosis,Train: East Asian-only
PGS019494,1,1,1,MONDO_0005510,hydronephrosis,Train: East Asian-only
PGS019495,1,1,1,MONDO_0005510,hydronephrosis,Train: East Asian-only
PGS019496,1,1,1,MONDO_0005510,hydronephrosis,Train: East Asian-only
PGS019497,1,1,1,MONDO_0002118,urinary system disorder,Train: East Asian-only
PGS019498,1,1,1,MONDO_0002118,urinary system disorder,Train: East Asian-only
PGS019499,1,1,1,MONDO_0002118,urinary system disorder,Train: East Asian-only
PGS019500,1,1,1,MONDO_0002118,urinary system disorder,Train: East Asian-only
PGS019501,1,1,1,MONDO_0002118,urinary system disorder,Train: East Asian-only
PGS019502,1,1,1,MONDO_0002118,urinary system disorder,Train: East Asian-only
PGS019503,1,1,1,MONDO_0002118,urinary system disorder,Train: East Asian-only
PGS019504,1,1,1,MONDO_0002118,urinary system disorder,Train: East Asian-only
PGS019505,1,1,1,MONDO_0002118,urinary system disorder,Train: East Asian-only
PGS019506,1,1,1,MONDO_0002118,urinary system disorder,Train: East Asian-only
PGS019507,1,1,1,EFO_0009628,abnormal result of function studies,Train: East Asian-only
PGS019508,1,1,1,EFO_0009628,abnormal result of function studies,Train: East Asian-only
PGS019509,1,1,1,EFO_0009628,abnormal result of function studies,Train: East Asian-only
PGS019510,1,1,1,EFO_0009628,abnormal result of function studies,Train: East Asian-only
PGS019511,1,1,1,EFO_0009628,abnormal result of function studies,Train: East Asian-only
PGS019512,1,1,1,HP_0000016,Urinary retention,Train: East Asian-only
PGS019513,1,1,1,HP_0000016,Urinary retention,Train: East Asian-only
PGS019514,1,1,1,HP_0000016,Urinary retention,Train: East Asian-only
PGS019515,1,1,1,HP_0000016,Urinary retention,Train: East Asian-only
PGS019516,1,1,1,HP_0000016,Urinary retention,Train: East Asian-only
PGS019517,1,1,1,HP_0000103,Polyuria,Train: East Asian-only
PGS019518,1,1,1,HP_0000103,Polyuria,Train: East Asian-only
PGS019519,1,1,1,HP_0000103,Polyuria,Train: East Asian-only
PGS019520,1,1,1,HP_0000103,Polyuria,Train: East Asian-only
PGS019521,1,1,1,HP_0000103,Polyuria,Train: East Asian-only
PGS019522,1,1,1,MONDO_0010811,benign prostatic hyperplasia,Train: East Asian-only
PGS019523,1,1,1,MONDO_0010811,benign prostatic hyperplasia,Train: East Asian-only
PGS019524,1,1,1,MONDO_0010811,benign prostatic hyperplasia,Train: East Asian-only
PGS019525,1,1,1,MONDO_0010811,benign prostatic hyperplasia,Train: East Asian-only
PGS019526,1,1,1,MONDO_0010811,benign prostatic hyperplasia,Train: East Asian-only
PGS019527,1,1,1,MONDO_0002036,penile disorder,Train: East Asian-only
PGS019528,1,1,1,MONDO_0002036,penile disorder,Train: East Asian-only
PGS019529,1,1,1,MONDO_0002036,penile disorder,Train: East Asian-only
PGS019530,1,1,1,MONDO_0002036,penile disorder,Train: East Asian-only
PGS019531,1,1,1,MONDO_0002036,penile disorder,Train: East Asian-only
PGS019532,1,1,1,MONDO_0005219,breast fibrocystic disease,Train: East Asian-only
PGS019533,1,1,1,MONDO_0005219,breast fibrocystic disease,Train: East Asian-only
PGS019534,1,1,1,MONDO_0005219,breast fibrocystic disease,Train: East Asian-only
PGS019535,1,1,1,MONDO_0005219,breast fibrocystic disease,Train: East Asian-only
PGS019536,1,1,1,MONDO_0005219,breast fibrocystic disease,Train: East Asian-only
PGS019537,1,1,1,MONDO_0021100,breast neoplasm,Train: East Asian-only
PGS019538,1,1,1,MONDO_0021100,breast neoplasm,Train: East Asian-only
PGS019539,1,1,1,MONDO_0021100,breast neoplasm,Train: East Asian-only
PGS019540,1,1,1,MONDO_0021100,breast neoplasm,Train: East Asian-only
PGS019541,1,1,1,MONDO_0021100,breast neoplasm,Train: East Asian-only
PGS019542,1,1,1,MONDO_0002657,breast disorder,Train: East Asian-only
PGS019543,1,1,1,MONDO_0002657,breast disorder,Train: East Asian-only
PGS019544,1,1,1,MONDO_0002657,breast disorder,Train: East Asian-only
PGS019545,1,1,1,MONDO_0002657,breast disorder,Train: East Asian-only
PGS019546,1,1,1,MONDO_0002657,breast disorder,Train: East Asian-only
PGS019547,1,1,1,EFO_0003765,sign or symptom,Train: East Asian-only
PGS019548,1,1,1,EFO_0003765,sign or symptom,Train: East Asian-only
PGS019549,1,1,1,EFO_0003765,sign or symptom,Train: East Asian-only
PGS019550,1,1,1,EFO_0003765,sign or symptom,Train: East Asian-only
PGS019551,1,1,1,EFO_0003765,sign or symptom,Train: East Asian-only
PGS019552,1,1,1,MONDO_0005133,endometriosis,Train: East Asian-only
PGS019553,1,1,1,MONDO_0005133,endometriosis,Train: East Asian-only
PGS019554,1,1,1,MONDO_0005133,endometriosis,Train: East Asian-only
PGS019555,1,1,1,MONDO_0005133,endometriosis,Train: East Asian-only
PGS019556,1,1,1,MONDO_0005133,endometriosis,Train: East Asian-only
PGS019557,1,1,1,MONDO_0005558,ovarian disorder,Train: East Asian-only
PGS019558,1,1,1,MONDO_0005558,ovarian disorder,Train: East Asian-only
PGS019559,1,1,1,MONDO_0005558,ovarian disorder,Train: East Asian-only
PGS019560,1,1,1,MONDO_0005558,ovarian disorder,Train: East Asian-only
PGS019561,1,1,1,MONDO_0005558,ovarian disorder,Train: East Asian-only
PGS019562,1,1,1,MONDO_1060204,menstrual disorder,Train: East Asian-only
PGS019563,1,1,1,MONDO_1060204,menstrual disorder,Train: East Asian-only
PGS019564,1,1,1,MONDO_1060204,menstrual disorder,Train: East Asian-only
PGS019565,1,1,1,MONDO_1060204,menstrual disorder,Train: East Asian-only
PGS019566,1,1,1,MONDO_1060204,menstrual disorder,Train: East Asian-only
PGS019567,1,1,1,MONDO_1060204,menstrual disorder,Train: East Asian-only
PGS019568,1,1,1,MONDO_1060204,menstrual disorder,Train: East Asian-only
PGS019569,1,1,1,MONDO_1060204,menstrual disorder,Train: East Asian-only
PGS019570,1,1,1,MONDO_1060204,menstrual disorder,Train: East Asian-only
PGS019571,1,1,1,MONDO_1060204,menstrual disorder,Train: East Asian-only
PGS019572,1,1,1,MONDO_0005227|MONDO_0005230,abscess|cellulitis,Train: East Asian-only
PGS019573,1,1,1,MONDO_0005227|MONDO_0005230,abscess|cellulitis,Train: East Asian-only
PGS019574,1,1,1,MONDO_0005227|MONDO_0005230,abscess|cellulitis,Train: East Asian-only
PGS019575,1,1,1,MONDO_0005227|MONDO_0005230,abscess|cellulitis,Train: East Asian-only
PGS019576,1,1,1,MONDO_0005227|MONDO_0005230,abscess|cellulitis,Train: East Asian-only
PGS019577,1,1,1,EFO_1000674|HP_0020083,carbuncle|Furuncle,Train: East Asian-only
PGS019578,1,1,1,EFO_1000674|HP_0020083,carbuncle|Furuncle,Train: East Asian-only
PGS019579,1,1,1,EFO_1000674|HP_0020083,carbuncle|Furuncle,Train: East Asian-only
PGS019580,1,1,1,EFO_1000674|HP_0020083,carbuncle|Furuncle,Train: East Asian-only
PGS019581,1,1,1,EFO_1000674|HP_0020083,carbuncle|Furuncle,Train: East Asian-only
PGS019582,1,1,1,MONDO_0005093,skin disorder,Train: East Asian-only
PGS019583,1,1,1,MONDO_0005093,skin disorder,Train: East Asian-only
PGS019584,1,1,1,MONDO_0005093,skin disorder,Train: East Asian-only
PGS019585,1,1,1,MONDO_0005093,skin disorder,Train: East Asian-only
PGS019586,1,1,1,MONDO_0005093,skin disorder,Train: East Asian-only
PGS019587,1,1,1,MONDO_0005093,skin disorder,Train: East Asian-only
PGS019588,1,1,1,MONDO_0005093,skin disorder,Train: East Asian-only
PGS019589,1,1,1,MONDO_0005093,skin disorder,Train: East Asian-only
PGS019590,1,1,1,MONDO_0005093,skin disorder,Train: East Asian-only
PGS019591,1,1,1,MONDO_0005093,skin disorder,Train: East Asian-only
PGS019592,1,1,1,MONDO_0005093,skin disorder,Train: East Asian-only
PGS019593,1,1,1,MONDO_0007915,systemic lupus erythematosus,Train: East Asian-only
PGS019594,1,1,1,MONDO_0007915,systemic lupus erythematosus,Train: East Asian-only
PGS019595,1,1,1,MONDO_0007915,systemic lupus erythematosus,Train: East Asian-only
PGS019596,1,1,1,MONDO_0007915,systemic lupus erythematosus,Train: East Asian-only
PGS019597,1,1,1,MONDO_0007915,systemic lupus erythematosus,Train: East Asian-only
PGS019598,1,1,1,MONDO_0007915,systemic lupus erythematosus,Train: East Asian-only
PGS019599,1,1,1,MONDO_0007915,systemic lupus erythematosus,Train: East Asian-only
PGS019600,1,1,1,MONDO_0007915,systemic lupus erythematosus,Train: East Asian-only
PGS019601,1,1,1,MONDO_0007915,systemic lupus erythematosus,Train: East Asian-only
PGS019602,1,1,1,MONDO_0007915,systemic lupus erythematosus,Train: East Asian-only
PGS019603,1,1,1,MONDO_0007915,systemic lupus erythematosus,Train: East Asian-only
PGS019604,1,1,1,MONDO_0007915,systemic lupus erythematosus,Train: East Asian-only
PGS019605,1,1,1,MONDO_0005083,psoriasis,Train: East Asian-only
PGS019606,1,1,1,MONDO_0005083,psoriasis,Train: East Asian-only
PGS019607,1,1,1,MONDO_0005083,psoriasis,Train: East Asian-only
PGS019608,1,1,1,MONDO_0005083,psoriasis,Train: East Asian-only
PGS019609,1,1,1,MONDO_0005083,psoriasis,Train: East Asian-only
PGS019610,1,1,1,MONDO_0005083,psoriasis,Train: East Asian-only
PGS019611,1,1,1,MONDO_0005083,psoriasis,Train: East Asian-only
PGS019612,1,1,1,MONDO_0005083,psoriasis,Train: East Asian-only
PGS019613,1,1,1,MONDO_0005083,psoriasis,Train: East Asian-only
PGS019614,1,1,1,MONDO_0005083,psoriasis,Train: East Asian-only
PGS019615,1,1,1,MONDO_0005083,psoriasis,Train: East Asian-only
PGS019616,1,1,1,MONDO_0005083,psoriasis,Train: East Asian-only
PGS019617,1,1,1,EFO_1001494,psoriasis vulgaris,Train: East Asian-only
PGS019618,1,1,1,EFO_1001494,psoriasis vulgaris,Train: East Asian-only
PGS019619,1,1,1,EFO_1001494,psoriasis vulgaris,Train: East Asian-only
PGS019620,1,1,1,EFO_1001494,psoriasis vulgaris,Train: East Asian-only
PGS019621,1,1,1,EFO_1001494,psoriasis vulgaris,Train: East Asian-only
PGS019622,1,1,1,EFO_1001494,psoriasis vulgaris,Train: East Asian-only
PGS019623,1,1,1,MONDO_0011849,psoriatic arthritis,Train: East Asian-only
PGS019624,1,1,1,MONDO_0011849,psoriatic arthritis,Train: East Asian-only
PGS019625,1,1,1,MONDO_0011849,psoriatic arthritis,Train: East Asian-only
PGS019626,1,1,1,MONDO_0011849,psoriatic arthritis,Train: East Asian-only
PGS019627,1,1,1,MONDO_0011849,psoriatic arthritis,Train: East Asian-only
PGS019628,1,1,1,MONDO_0011849,psoriatic arthritis,Train: East Asian-only
PGS019629,1,1,1,MONDO_0006607,sebaceous gland disorder,Train: East Asian-only
PGS019630,1,1,1,MONDO_0006607,sebaceous gland disorder,Train: East Asian-only
PGS019631,1,1,1,MONDO_0006607,sebaceous gland disorder,Train: East Asian-only
PGS019632,1,1,1,MONDO_0006607,sebaceous gland disorder,Train: East Asian-only
PGS019633,1,1,1,MONDO_0006607,sebaceous gland disorder,Train: East Asian-only
PGS019634,1,1,1,MONDO_0011438,acne,Train: East Asian-only
PGS019635,1,1,1,MONDO_0011438,acne,Train: East Asian-only
PGS019636,1,1,1,MONDO_0011438,acne,Train: East Asian-only
PGS019637,1,1,1,MONDO_0011438,acne,Train: East Asian-only
PGS019638,1,1,1,MONDO_0011438,acne,Train: East Asian-only
PGS019639,1,1,1,MONDO_0003900,connective tissue disorder,Train: East Asian-only
PGS019640,1,1,1,MONDO_0003900,connective tissue disorder,Train: East Asian-only
PGS019641,1,1,1,MONDO_0003900,connective tissue disorder,Train: East Asian-only
PGS019642,1,1,1,MONDO_0003900,connective tissue disorder,Train: East Asian-only
PGS019643,1,1,1,MONDO_0003900,connective tissue disorder,Train: East Asian-only
PGS019644,1,1,1,MONDO_0003900,connective tissue disorder,Train: East Asian-only
PGS019645,1,1,1,MONDO_0010030,Sjogren syndrome,Train: East Asian-only
PGS019646,1,1,1,MONDO_0010030,Sjogren syndrome,Train: East Asian-only
PGS019647,1,1,1,MONDO_0010030,Sjogren syndrome,Train: East Asian-only
PGS019648,1,1,1,MONDO_0010030,Sjogren syndrome,Train: East Asian-only
PGS019649,1,1,1,MONDO_0010030,Sjogren syndrome,Train: East Asian-only
PGS019650,1,1,1,MONDO_0010030,Sjogren syndrome,Train: East Asian-only
PGS019651,1,1,1,MONDO_0003900,connective tissue disorder,Train: East Asian-only
PGS019652,1,1,1,MONDO_0003900,connective tissue disorder,Train: East Asian-only
PGS019653,1,1,1,MONDO_0003900,connective tissue disorder,Train: East Asian-only
PGS019654,1,1,1,MONDO_0003900,connective tissue disorder,Train: East Asian-only
PGS019655,1,1,1,MONDO_0003900,connective tissue disorder,Train: East Asian-only
PGS019656,1,1,1,MONDO_0008383,rheumatoid arthritis,Train: East Asian-only
PGS019657,1,1,1,MONDO_0008383,rheumatoid arthritis,Train: East Asian-only
PGS019658,1,1,1,MONDO_0008383,rheumatoid arthritis,Train: East Asian-only
PGS019659,1,1,1,MONDO_0008383,rheumatoid arthritis,Train: East Asian-only
PGS019660,1,1,1,MONDO_0008383,rheumatoid arthritis,Train: East Asian-only
PGS019661,1,1,1,MONDO_0008383,rheumatoid arthritis,Train: East Asian-only
PGS019662,1,1,1,MONDO_0008383,rheumatoid arthritis,Train: East Asian-only
PGS019663,1,1,1,MONDO_0008383,rheumatoid arthritis,Train: East Asian-only
PGS019664,1,1,1,MONDO_0008383,rheumatoid arthritis,Train: East Asian-only
PGS019665,1,1,1,MONDO_0008383,rheumatoid arthritis,Train: East Asian-only
PGS019666,1,1,1,MONDO_0001434,inflammatory spondylopathy,Train: East Asian-only
PGS019667,1,1,1,MONDO_0001434,inflammatory spondylopathy,Train: East Asian-only
PGS019668,1,1,1,MONDO_0001434,inflammatory spondylopathy,Train: East Asian-only
PGS019669,1,1,1,MONDO_0001434,inflammatory spondylopathy,Train: East Asian-only
PGS019670,1,1,1,MONDO_0001434,inflammatory spondylopathy,Train: East Asian-only
PGS019671,1,1,1,MONDO_0005306,ankylosing spondylitis,Train: East Asian-only
PGS019672,1,1,1,MONDO_0005306,ankylosing spondylitis,Train: East Asian-only
PGS019673,1,1,1,MONDO_0005306,ankylosing spondylitis,Train: East Asian-only
PGS019674,1,1,1,MONDO_0005306,ankylosing spondylitis,Train: East Asian-only
PGS019675,1,1,1,MONDO_0005306,ankylosing spondylitis,Train: East Asian-only
PGS019676,1,1,1,MONDO_0005306,ankylosing spondylitis,Train: East Asian-only
PGS019677,1,1,1,MONDO_0006816,arthropathy,Train: East Asian-only
PGS019678,1,1,1,MONDO_0006816,arthropathy,Train: East Asian-only
PGS019679,1,1,1,MONDO_0006816,arthropathy,Train: East Asian-only
PGS019680,1,1,1,MONDO_0006816,arthropathy,Train: East Asian-only
PGS019681,1,1,1,MONDO_0006816,arthropathy,Train: East Asian-only
PGS019682,1,1,1,MONDO_0006816,arthropathy,Train: East Asian-only
PGS019683,1,1,1,MONDO_0006816,arthropathy,Train: East Asian-only
PGS019684,1,1,1,MONDO_0006816,arthropathy,Train: East Asian-only
PGS019685,1,1,1,MONDO_0006816,arthropathy,Train: East Asian-only
PGS019686,1,1,1,MONDO_0006816,arthropathy,Train: East Asian-only
PGS019687,1,1,1,MONDO_0001332,palindromic rheumatism,Train: East Asian-only
PGS019688,1,1,1,MONDO_0001332,palindromic rheumatism,Train: East Asian-only
PGS019689,1,1,1,MONDO_0001332,palindromic rheumatism,Train: East Asian-only
PGS019690,1,1,1,MONDO_0001332,palindromic rheumatism,Train: East Asian-only
PGS019691,1,1,1,MONDO_0001332,palindromic rheumatism,Train: East Asian-only
PGS019692,1,1,1,MONDO_0006816,arthropathy,Train: East Asian-only
PGS019693,1,1,1,MONDO_0006816,arthropathy,Train: East Asian-only
PGS019694,1,1,1,MONDO_0006816,arthropathy,Train: East Asian-only
PGS019695,1,1,1,MONDO_0006816,arthropathy,Train: East Asian-only
PGS019696,1,1,1,MONDO_0006816,arthropathy,Train: East Asian-only
PGS019697,1,1,1,EFO_0001408,cervical neck region,Train: East Asian-only
PGS019698,1,1,1,EFO_0001408,cervical neck region,Train: East Asian-only
PGS019699,1,1,1,EFO_0001408,cervical neck region,Train: East Asian-only
PGS019700,1,1,1,EFO_0001408,cervical neck region,Train: East Asian-only
PGS019701,1,1,1,EFO_0001408,cervical neck region,Train: East Asian-only
PGS019702,1,1,1,HP_0000925,Abnormality of the vertebral column,Train: East Asian-only
PGS019703,1,1,1,HP_0000925,Abnormality of the vertebral column,Train: East Asian-only
PGS019704,1,1,1,HP_0000925,Abnormality of the vertebral column,Train: East Asian-only
PGS019705,1,1,1,HP_0000925,Abnormality of the vertebral column,Train: East Asian-only
PGS019706,1,1,1,HP_0000925,Abnormality of the vertebral column,Train: East Asian-only
PGS019707,1,1,1,EFO_0009470,soft tissue disease,Train: East Asian-only
PGS019708,1,1,1,EFO_0009470,soft tissue disease,Train: East Asian-only
PGS019709,1,1,1,EFO_0009470,soft tissue disease,Train: East Asian-only
PGS019710,1,1,1,EFO_0009470,soft tissue disease,Train: East Asian-only
PGS019711,1,1,1,EFO_0009470,soft tissue disease,Train: East Asian-only
PGS019712,1,1,1,HP_0100537,Fasciitis,Train: East Asian-only
PGS019713,1,1,1,HP_0100537,Fasciitis,Train: East Asian-only
PGS019714,1,1,1,HP_0100537,Fasciitis,Train: East Asian-only
PGS019715,1,1,1,HP_0100537,Fasciitis,Train: East Asian-only
PGS019716,1,1,1,HP_0100537,Fasciitis,Train: East Asian-only
PGS019717,1,1,1,MONDO_0005554,rheumatic disorder,Train: East Asian-only
PGS019718,1,1,1,MONDO_0005554,rheumatic disorder,Train: East Asian-only
PGS019719,1,1,1,MONDO_0005554,rheumatic disorder,Train: East Asian-only
PGS019720,1,1,1,MONDO_0005554,rheumatic disorder,Train: East Asian-only
PGS019721,1,1,1,MONDO_0005554,rheumatic disorder,Train: East Asian-only
PGS019722,1,1,1,MONDO_0005298|MONDO_0005315,osteoporosis|bone fracture,Train: East Asian-only
PGS019723,1,1,1,MONDO_0005298|MONDO_0005315,osteoporosis|bone fracture,Train: East Asian-only
PGS019724,1,1,1,MONDO_0005298|MONDO_0005315,osteoporosis|bone fracture,Train: East Asian-only
PGS019725,1,1,1,MONDO_0005298|MONDO_0005315,osteoporosis|bone fracture,Train: East Asian-only
PGS019726,1,1,1,MONDO_0005298|MONDO_0005315,osteoporosis|bone fracture,Train: East Asian-only
PGS019727,1,1,1,MONDO_0005298,osteoporosis,Train: East Asian-only
PGS019728,1,1,1,MONDO_0005298,osteoporosis,Train: East Asian-only
PGS019729,1,1,1,MONDO_0005298,osteoporosis,Train: East Asian-only
PGS019730,1,1,1,MONDO_0005298,osteoporosis,Train: East Asian-only
PGS019731,1,1,1,MONDO_0005298,osteoporosis,Train: East Asian-only
PGS019732,1,1,1,HP_0011868,Sciatica,Train: East Asian-only
PGS019733,1,1,1,HP_0011868,Sciatica,Train: East Asian-only
PGS019734,1,1,1,HP_0011868,Sciatica,Train: East Asian-only
PGS019735,1,1,1,HP_0011868,Sciatica,Train: East Asian-only
PGS019736,1,1,1,HP_0011868,Sciatica,Train: East Asian-only
PGS019737,1,1,1,EFO_0002970,muscular disease,Train: East Asian-only
PGS019738,1,1,1,EFO_0002970,muscular disease,Train: East Asian-only
PGS019739,1,1,1,EFO_0002970,muscular disease,Train: East Asian-only
PGS019740,1,1,1,EFO_0002970,muscular disease,Train: East Asian-only
PGS019741,1,1,1,EFO_0002970,muscular disease,Train: East Asian-only
PGS019742,1,1,1,HP_0009763,Limb pain,Train: East Asian-only
PGS019743,1,1,1,HP_0009763,Limb pain,Train: East Asian-only
PGS019744,1,1,1,HP_0009763,Limb pain,Train: East Asian-only
PGS019745,1,1,1,HP_0009763,Limb pain,Train: East Asian-only
PGS019746,1,1,1,HP_0009763,Limb pain,Train: East Asian-only
PGS019747,1,1,1,EFO_0003952,fever of unknown origin,Train: East Asian-only
PGS019748,1,1,1,EFO_0003952,fever of unknown origin,Train: East Asian-only
PGS019749,1,1,1,EFO_0003952,fever of unknown origin,Train: East Asian-only
PGS019750,1,1,1,EFO_0003952,fever of unknown origin,Train: East Asian-only
PGS019751,1,1,1,EFO_0003952,fever of unknown origin,Train: East Asian-only
PGS019752,1,1,1,EFO_0009628,abnormal result of function studies,Train: East Asian-only
PGS019753,1,1,1,EFO_0009628,abnormal result of function studies,Train: East Asian-only
PGS019754,1,1,1,EFO_0009628,abnormal result of function studies,Train: East Asian-only
PGS019755,1,1,1,EFO_0009628,abnormal result of function studies,Train: East Asian-only
PGS019756,1,1,1,EFO_0009628,abnormal result of function studies,Train: East Asian-only
PGS019757,1,1,1,HP_0010931,Abnormal circulating sodium concentration,Train: East Asian-only
PGS019758,1,1,1,HP_0010931,Abnormal circulating sodium concentration,Train: East Asian-only
PGS019759,1,1,1,HP_0010931,Abnormal circulating sodium concentration,Train: East Asian-only
PGS019760,1,1,1,HP_0010931,Abnormal circulating sodium concentration,Train: East Asian-only
PGS019761,1,1,1,HP_0010931,Abnormal circulating sodium concentration,Train: East Asian-only
PGS019762,1,1,1,HP_0010931,Abnormal circulating sodium concentration,Train: East Asian-only
PGS019763,1,1,1,EFO_0010677,"cytological, histological or immunological finding",Train: East Asian-only
PGS019764,1,1,1,EFO_0010677,"cytological, histological or immunological finding",Train: East Asian-only
PGS019765,1,1,1,EFO_0010677,"cytological, histological or immunological finding",Train: East Asian-only
PGS019766,1,1,1,EFO_0010677,"cytological, histological or immunological finding",Train: East Asian-only
PGS019767,1,1,1,EFO_0010677,"cytological, histological or immunological finding",Train: East Asian-only
PGS019768,1,1,1,EFO_0005127,cancer biomarker measurement,Train: East Asian-only
PGS019769,1,1,1,EFO_0005127,cancer biomarker measurement,Train: East Asian-only
PGS019770,1,1,1,EFO_0005127,cancer biomarker measurement,Train: East Asian-only
PGS019771,1,1,1,EFO_0005127,cancer biomarker measurement,Train: East Asian-only
PGS019772,1,1,1,EFO_0005127,cancer biomarker measurement,Train: East Asian-only
PGS019773,1,1,1,OBA_2050200,prostate specific antigen amount,Train: East Asian-only
PGS019774,1,1,1,OBA_2050200,prostate specific antigen amount,Train: East Asian-only
PGS019775,1,1,1,OBA_2050200,prostate specific antigen amount,Train: East Asian-only
PGS019776,1,1,1,OBA_2050200,prostate specific antigen amount,Train: East Asian-only
PGS019777,1,1,1,OBA_2050200,prostate specific antigen amount,Train: East Asian-only
PGS019778,1,1,1,MONDO_0005480,contact dermatitis,Train: East Asian-only
PGS019779,1,1,1,MONDO_0005480,contact dermatitis,Train: East Asian-only
PGS019780,1,1,1,MONDO_0005480,contact dermatitis,Train: East Asian-only
PGS019781,1,1,1,MONDO_0005480,contact dermatitis,Train: East Asian-only
PGS019782,1,1,1,MONDO_0005480,contact dermatitis,Train: East Asian-only
PGS019783,1,1,1,MONDO_0005492,urticaria,Train: East Asian-only
PGS019784,1,1,1,MONDO_0005492,urticaria,Train: East Asian-only
PGS019785,1,1,1,MONDO_0005492,urticaria,Train: East Asian-only
PGS019786,1,1,1,MONDO_0005492,urticaria,Train: East Asian-only
PGS019787,1,1,1,MONDO_0005492,urticaria,Train: East Asian-only
PGS019788,1,1,1,EFO_0004736,aspartate aminotransferase measurement,Train: East Asian-only
PGS019789,1,1,1,OBA_2050062,serum alanine aminotransferase amount,Train: East Asian-only
PGS019790,1,1,1,EFO_0004570,bilirubin measurement,Train: East Asian-only
PGS019791,1,1,1,EFO_0004340,body mass index,Train: East Asian-only
PGS019792,1,1,1,OBA_VT0005265,blood urea nitrogen amount,Train: East Asian-only
PGS019793,1,1,1,EFO_0006336,diastolic blood pressure,Train: East Asian-only
PGS019794,1,1,1,EFO_0004468,glucose measurement,Train: East Asian-only
PGS019795,1,1,1,EFO_0004509,hemoglobin measurement,Train: East Asian-only
PGS019796,1,1,1,EFO_0004541,HbA1c measurement,Train: East Asian-only
PGS019797,1,1,1,EFO_0004348,hematocrit,Train: East Asian-only
PGS019798,1,1,1,EFO_0004195,LDL cholesterol,Train: East Asian-only
PGS019799,1,1,1,OBA_VT0001253,body height,Train: East Asian-only
PGS019800,1,1,1,OBA_1001087,heart rate,Train: East Asian-only
PGS019801,1,1,1,EFO_0004195,LDL cholesterol,Train: East Asian-only
PGS019802,1,1,1,EFO_0006340,mean arterial pressure,Train: East Asian-only
PGS019803,1,1,1,EFO_0004309,platelet count,Train: East Asian-only
PGS019804,1,1,1,EFO_0005763,pulse pressure measurement,Train: East Asian-only
PGS019805,1,1,1,EFO_0004305,erythrocyte count,Train: East Asian-only
PGS019806,1,1,1,EFO_0006335,systolic blood pressure,Train: East Asian-only
PGS019807,1,1,1,OBA_2050096,serum creatinine amount,Train: East Asian-only
PGS019808,1,1,1,EFO_0004574,total cholesterol measurement,Train: East Asian-only
PGS019809,1,1,1,EFO_0004530,triglyceride measurement,Train: East Asian-only
PGS019810,1,1,1,EFO_0004761,uric acid measurement,Train: East Asian-only
PGS019811,1,1,1,OBA_VT0000217,leukocyte quantity,Train: East Asian-only
PGS019812,1,1,1,EFO_0004736,aspartate aminotransferase measurement,Train: East Asian-only
PGS019813,1,1,1,OBA_2050062,serum alanine aminotransferase amount,Train: East Asian-only
PGS019814,1,1,1,EFO_0004570,bilirubin measurement,Train: East Asian-only
PGS019815,1,1,1,EFO_0004340,body mass index,Train: East Asian-only
PGS019816,1,1,1,OBA_VT0005265,blood urea nitrogen amount,Train: East Asian-only
PGS019817,1,1,1,EFO_0006336,diastolic blood pressure,Train: East Asian-only
PGS019818,1,1,1,EFO_0004468,glucose measurement,Train: East Asian-only
PGS019819,1,1,1,EFO_0004509,hemoglobin measurement,Train: East Asian-only
PGS019820,1,1,1,EFO_0004541,HbA1c measurement,Train: East Asian-only
PGS019821,1,1,1,EFO_0004348,hematocrit,Train: East Asian-only
PGS019822,1,1,1,EFO_0004195,LDL cholesterol,Train: East Asian-only
PGS019823,1,1,1,OBA_VT0001253,body height,Train: East Asian-only
PGS019824,1,1,1,OBA_1001087,heart rate,Train: East Asian-only
PGS019825,1,1,1,EFO_0004195,LDL cholesterol,Train: East Asian-only
PGS019826,1,1,1,EFO_0006340,mean arterial pressure,Train: East Asian-only
PGS019827,1,1,1,EFO_0004309,platelet count,Train: East Asian-only
PGS019828,1,1,1,EFO_0005763,pulse pressure measurement,Train: East Asian-only
PGS019829,1,1,1,EFO_0004305,erythrocyte count,Train: East Asian-only
PGS019830,1,1,1,EFO_0006335,systolic blood pressure,Train: East Asian-only
PGS019831,1,1,1,OBA_2050096,serum creatinine amount,Train: East Asian-only
PGS019832,1,1,1,EFO_0004574,total cholesterol measurement,Train: East Asian-only
PGS019833,1,1,1,EFO_0004530,triglyceride measurement,Train: East Asian-only
PGS019834,1,1,1,EFO_0004761,uric acid measurement,Train: East Asian-only
PGS019835,1,1,1,OBA_VT0000217,leukocyte quantity,Train: East Asian-only
PGS019836,1,1,1,EFO_0004736,aspartate aminotransferase measurement,Train: East Asian-only
PGS019837,1,1,1,OBA_2050062,serum alanine aminotransferase amount,Train: East Asian-only
PGS019838,1,1,1,EFO_0004570,bilirubin measurement,Train: East Asian-only
PGS019839,1,1,1,EFO_0004340,body mass index,Train: East Asian-only
PGS019864,1,1,1,OBA_VT0005265,blood urea nitrogen amount,Train: East Asian-only
PGS019865,1,1,1,EFO_0006336,diastolic blood pressure,Train: East Asian-only
PGS019866,1,1,1,EFO_0004468,glucose measurement,Train: East Asian-only
PGS019867,1,1,1,EFO_0004509,hemoglobin measurement,Train: East Asian-only
PGS019868,1,1,1,EFO_0004541,HbA1c measurement,Train: East Asian-only
PGS019869,1,1,1,EFO_0004348,hematocrit,Train: East Asian-only
PGS019870,1,1,1,EFO_0004195,LDL cholesterol,Train: East Asian-only
PGS019871,1,1,1,OBA_VT0001253,body height,Train: East Asian-only
PGS019872,1,1,1,OBA_1001087,heart rate,Train: East Asian-only
PGS019873,1,1,1,EFO_0004195,LDL cholesterol,Train: East Asian-only
PGS019874,1,1,1,EFO_0006340,mean arterial pressure,Train: East Asian-only
PGS019875,1,1,1,EFO_0004309,platelet count,Train: East Asian-only
PGS019876,1,1,1,EFO_0005763,pulse pressure measurement,Train: East Asian-only
PGS019877,1,1,1,EFO_0004305,erythrocyte count,Train: East Asian-only
PGS019878,1,1,1,EFO_0006335,systolic blood pressure,Train: East Asian-only
PGS019879,1,1,1,OBA_2050096,serum creatinine amount,Train: East Asian-only
PGS019880,1,1,1,EFO_0004574,total cholesterol measurement,Train: East Asian-only
PGS019890,1,1,1,EFO_0004468,glucose measurement,Train: East Asian-only
PGS019891,1,1,1,EFO_0004509,hemoglobin measurement,Train: East Asian-only
PGS019892,1,1,1,EFO_0004541,HbA1c measurement,Train: East Asian-only
PGS019893,1,1,1,EFO_0004348,hematocrit,Train: East Asian-only
PGS019894,1,1,1,EFO_0004195,LDL cholesterol,Train: East Asian-only
PGS019895,1,1,1,OBA_VT0001253,body height,Train: East Asian-only
PGS019896,1,1,1,OBA_1001087,heart rate,Train: East Asian-only
PGS019897,1,1,1,EFO_0004195,LDL cholesterol,Train: East Asian-only
PGS019898,1,1,1,EFO_0006340,mean arterial pressure,Train: East Asian-only
PGS019899,1,1,1,EFO_0004309,platelet count,Train: East Asian-only
PGS019900,1,1,1,EFO_0005763,pulse pressure measurement,Train: East Asian-only
PGS019901,1,1,1,EFO_0004305,erythrocyte count,Train: East Asian-only
PGS019902,1,1,1,EFO_0006335,systolic blood pressure,Train: East Asian-only
PGS019903,1,1,1,OBA_2050096,serum creatinine amount,Train: East Asian-only
PGS019904,1,1,1,EFO_0004574,total cholesterol measurement,Train: East Asian-only
PGS019905,1,1,1,EFO_0004530,triglyceride measurement,Train: East Asian-only
PGS019906,1,1,1,EFO_0004761,uric acid measurement,Train: East Asian-only
PGS019907,1,1,1,OBA_VT0000217,leukocyte quantity,Train: East Asian-only
PGS019908,1,1,1,EFO_0004340,body mass index,Train: East Asian-only
PGS019909,1,1,1,OBA_VT0005265,blood urea nitrogen amount,Train: East Asian-only
PGS019910,1,1,1,EFO_0006336,diastolic blood pressure,Train: East Asian-only
PGS019911,1,1,1,EFO_0004468,glucose measurement,Train: East Asian-only
PGS019912,1,1,1,EFO_0004541,HbA1c measurement,Train: East Asian-only
PGS019913,1,1,1,EFO_0006340,mean arterial pressure,Train: East Asian-only
PGS019914,1,1,1,EFO_0005763,pulse pressure measurement,Train: East Asian-only
PGS019915,1,1,1,EFO_0006335,systolic blood pressure,Train: East Asian-only
PGS019916,1,1,1,OBA_2050096,serum creatinine amount,Train: East Asian-only
