catalog_snapshot,trait_label,trained_bucket,target_ancestry,side,evaluation_ancestry,pgs_id,pgs_name,dev_method,n_variants,performance_id,sampleset_id,auc,estimate_ci_lower,estimate_ci_upper,ci_source,n_individuals,n_cases,n_controls,pct_male,covariates_txt,cohort_txt,or_txt,hr_txt,catalog_all_of_us
20260923,Apparent Treatment-Resistant Hypertension,Train: Multi incl. EUR,African,European,European,PGS002238,SBP_PRS,PRS-CS,1119444,PPM012730,PSS009512,0.68,0.669,0.689,reported_native_or_parsed,28545,2961,25584,46,"age, age^2, bmi, sex, top 10 principal components of ancestry",BioVU,"1.11 [1.06,1.17]",NA,FALSE
20260923,Apparent Treatment-Resistant Hypertension,Train: Multi incl. EUR,African,Target,African,PGS002238,SBP_PRS,PRS-CS,1119444,PPM012729,PSS009511,0.666,0.637,0.683,reported_native_or_parsed,5026,574,4452,37,"age, age^2, bmi, sex, top 10 principal components of ancestry",BioVU,"1.05 [0.95,1.17]",NA,FALSE
20260923,Apparent Treatment-Resistant Hypertension,Train: Multi incl. EUR,African,European,European,PGS002239,DBP_PRS,PRS-CS,1119054,PPM012727,PSS009512,0.679,0.667841432653722,0.6899577332788518,inferred_hm,28545,2961,25584,46,"age, age^2, bmi, sex, top 10 principal components of ancestry",BioVU,"1.05 [1.01,1.11]",NA,FALSE
20260923,Apparent Treatment-Resistant Hypertension,Train: Multi incl. EUR,African,Target,African,PGS002239,DBP_PRS,PRS-CS,1119054,PPM012726,PSS009511,0.663,0.644,0.688,reported_native_or_parsed,5026,574,4452,37,"age, age^2, bmi, sex, top 10 principal components of ancestry",BioVU,"1.04 [0.94,1.16]",NA,FALSE
20260923,Breast Carcinoma,Train: European-only,African,European,European,PGS005345,SCT,SCT (Stacked Clumping and Thresholding),435538,PPM023137,PSS012140,0.641,0.632,0.651,reported_native_or_parsed,212360,3083,209277,0,-,UKB,NA,NA,FALSE
20260923,Breast Carcinoma,Train: European-only,African,European,European,PGS005345,SCT,SCT (Stacked Clumping and Thresholding),435538,PPM023142,PSS012138,0.637,0.598,0.677,reported_native_or_parsed,8291,176,8115,0,-,QSKIN,NA,NA,FALSE
20260923,Breast Carcinoma,Train: European-only,African,European,European,PGS005345,SCT,SCT (Stacked Clumping and Thresholding),435538,PPM023147,PSS012137,0.658,0.619,0.697,reported_native_or_parsed,2654,194,2460,0,-,MCCS,NA,NA,FALSE
20260923,Breast Carcinoma,Train: European-only,African,European,European,PGS005345,SCT,SCT (Stacked Clumping and Thresholding),435538,PPM023162,PSS012140,0.645,0.635,0.655,reported_native_or_parsed,212360,3083,209277,0,Age-specific absolute risk adjusted by PGS relative risk,UKB,NA,NA,FALSE
20260923,Breast Carcinoma,Train: European-only,African,European,European,PGS005345,SCT,SCT (Stacked Clumping and Thresholding),435538,PPM023167,PSS012138,0.638,0.598,0.679,reported_native_or_parsed,8291,176,8115,0,Age-specific absolute risk adjusted by PGS relative risk,QSKIN,NA,NA,FALSE
20260923,Breast Carcinoma,Train: European-only,African,European,European,PGS005345,SCT,SCT (Stacked Clumping and Thresholding),435538,PPM023172,PSS012137,0.647,0.609,0.686,reported_native_or_parsed,2654,194,2460,0,Age-specific absolute risk adjusted by PGS relative risk,MCCS,NA,NA,FALSE
20260923,Breast Carcinoma,Train: European-only,African,Target,African,PGS005345,SCT,SCT (Stacked Clumping and Thresholding),435538,PPM023152,PSS012139,0.626,0.517,0.735,reported_native_or_parsed,4427,27,4400,0,-,UKB,NA,NA,FALSE
20260923,Breast Carcinoma,Train: European-only,African,Target,African,PGS005345,SCT,SCT (Stacked Clumping and Thresholding),435538,PPM023177,PSS012139,0.621,0.526,0.716,reported_native_or_parsed,4427,27,4400,0,Age-specific absolute risk adjusted by PGS relative risk,UKB,NA,NA,FALSE
20260923,Breast Carcinoma,Train: European-only,African,European,European,PGS005346,LDpred2,LDpred2,961355,PPM023138,PSS012140,0.663,0.654,0.673,reported_native_or_parsed,212360,3083,209277,0,-,UKB,NA,NA,FALSE
20260923,Breast Carcinoma,Train: European-only,African,European,European,PGS005346,LDpred2,LDpred2,961355,PPM023143,PSS012138,0.658,0.619,0.697,reported_native_or_parsed,8291,176,8115,0,-,QSKIN,NA,NA,FALSE
20260923,Breast Carcinoma,Train: European-only,African,European,European,PGS005346,LDpred2,LDpred2,961355,PPM023148,PSS012137,0.683,0.644,0.722,reported_native_or_parsed,2654,194,2460,0,-,MCCS,NA,NA,FALSE
20260923,Breast Carcinoma,Train: European-only,African,European,European,PGS005346,LDpred2,LDpred2,961355,PPM023163,PSS012140,0.667,0.657,0.676,reported_native_or_parsed,212360,3083,209277,0,Age-specific absolute risk adjusted by PGS relative risk,UKB,NA,NA,FALSE
20260923,Breast Carcinoma,Train: European-only,African,European,European,PGS005346,LDpred2,LDpred2,961355,PPM023168,PSS012138,0.656,0.616,0.696,reported_native_or_parsed,8291,176,8115,0,Age-specific absolute risk adjusted by PGS relative risk,QSKIN,NA,NA,FALSE
20260923,Breast Carcinoma,Train: European-only,African,European,European,PGS005346,LDpred2,LDpred2,961355,PPM023173,PSS012137,0.676,0.636,0.715,reported_native_or_parsed,2654,194,2460,0,Age-specific absolute risk adjusted by PGS relative risk,MCCS,NA,NA,FALSE
20260923,Breast Carcinoma,Train: European-only,African,Target,African,PGS005346,LDpred2,LDpred2,961355,PPM023153,PSS012139,0.592,0.479,0.705,reported_native_or_parsed,4427,27,4400,0,-,UKB,NA,NA,FALSE
20260923,Breast Carcinoma,Train: European-only,African,Target,African,PGS005346,LDpred2,LDpred2,961355,PPM023178,PSS012139,0.59,0.488,0.691,reported_native_or_parsed,4427,27,4400,0,Age-specific absolute risk adjusted by PGS relative risk,UKB,NA,NA,FALSE
20260923,Breast Carcinoma,Train: European-only,African,European,European,PGS005347,PRS-CS,PRS-CS,941932,PPM023139,PSS012140,0.658,0.649,0.668,reported_native_or_parsed,212360,3083,209277,0,-,UKB,NA,NA,FALSE
20260923,Breast Carcinoma,Train: European-only,African,European,European,PGS005347,PRS-CS,PRS-CS,941932,PPM023144,PSS012138,0.662,0.622,0.701,reported_native_or_parsed,8291,176,8115,0,-,QSKIN,NA,NA,FALSE
20260923,Breast Carcinoma,Train: European-only,African,European,European,PGS005347,PRS-CS,PRS-CS,941932,PPM023149,PSS012137,0.673,0.634,0.712,reported_native_or_parsed,2654,194,2460,0,-,MCCS,NA,NA,FALSE
20260923,Breast Carcinoma,Train: European-only,African,European,European,PGS005347,PRS-CS,PRS-CS,941932,PPM023164,PSS012140,0.662,0.652,0.672,reported_native_or_parsed,212360,3083,209277,0,Age-specific absolute risk adjusted by PGS relative risk,UKB,NA,NA,FALSE
20260923,Breast Carcinoma,Train: European-only,African,European,European,PGS005347,PRS-CS,PRS-CS,941932,PPM023169,PSS012138,0.656,0.616,0.696,reported_native_or_parsed,8291,176,8115,0,Age-specific absolute risk adjusted by PGS relative risk,QSKIN,NA,NA,FALSE
20260923,Breast Carcinoma,Train: European-only,African,European,European,PGS005347,PRS-CS,PRS-CS,941932,PPM023174,PSS012137,0.663,0.625,0.701,reported_native_or_parsed,2654,194,2460,0,Age-specific absolute risk adjusted by PGS relative risk,MCCS,NA,NA,FALSE
20260923,Breast Carcinoma,Train: European-only,African,Target,African,PGS005347,PRS-CS,PRS-CS,941932,PPM023154,PSS012139,0.598,0.483,0.713,reported_native_or_parsed,4427,27,4400,0,-,UKB,NA,NA,FALSE
20260923,Breast Carcinoma,Train: European-only,African,Target,African,PGS005347,PRS-CS,PRS-CS,941932,PPM023179,PSS012139,0.592,0.489,0.695,reported_native_or_parsed,4427,27,4400,0,Age-specific absolute risk adjusted by PGS relative risk,UKB,NA,NA,FALSE
20260923,Breast Carcinoma,Train: European-only,African,European,European,PGS005348,SBayesR,SBayesR,789305,PPM023140,PSS012140,0.663,0.654,0.673,reported_native_or_parsed,212360,3083,209277,0,-,UKB,NA,NA,FALSE
20260923,Breast Carcinoma,Train: European-only,African,European,European,PGS005348,SBayesR,SBayesR,789305,PPM023145,PSS012138,0.65,0.611,0.69,reported_native_or_parsed,8291,176,8115,0,-,QSKIN,NA,NA,FALSE
20260923,Breast Carcinoma,Train: European-only,African,European,European,PGS005348,SBayesR,SBayesR,789305,PPM023150,PSS012137,0.666,0.627,0.706,reported_native_or_parsed,2654,194,2460,0,-,MCCS,NA,NA,FALSE
20260923,Breast Carcinoma,Train: European-only,African,European,European,PGS005348,SBayesR,SBayesR,789305,PPM023165,PSS012140,0.667,0.657,0.676,reported_native_or_parsed,212360,3083,209277,0,Age-specific absolute risk adjusted by PGS relative risk,UKB,NA,NA,FALSE
20260923,Breast Carcinoma,Train: European-only,African,European,European,PGS005348,SBayesR,SBayesR,789305,PPM023170,PSS012138,0.646,0.607,0.685,reported_native_or_parsed,8291,176,8115,0,Age-specific absolute risk adjusted by PGS relative risk,QSKIN,NA,NA,FALSE
20260923,Breast Carcinoma,Train: European-only,African,European,European,PGS005348,SBayesR,SBayesR,789305,PPM023175,PSS012137,0.66,0.621,0.699,reported_native_or_parsed,2654,194,2460,0,Age-specific absolute risk adjusted by PGS relative risk,MCCS,NA,NA,FALSE
20260923,Breast Carcinoma,Train: European-only,African,Target,African,PGS005348,SBayesR,SBayesR,789305,PPM023155,PSS012139,0.607,0.501,0.713,reported_native_or_parsed,4427,27,4400,0,-,UKB,NA,NA,FALSE
20260923,Breast Carcinoma,Train: European-only,African,Target,African,PGS005348,SBayesR,SBayesR,789305,PPM023180,PSS012139,0.611,0.514,0.707,reported_native_or_parsed,4427,27,4400,0,Age-specific absolute risk adjusted by PGS relative risk,UKB,NA,NA,FALSE
20260923,Breast Carcinoma,Train: European-only,South Asian,European,European,PGS005345,SCT,SCT (Stacked Clumping and Thresholding),435538,PPM023137,PSS012140,0.641,0.632,0.651,reported_native_or_parsed,212360,3083,209277,0,-,UKB,NA,NA,FALSE
20260923,Breast Carcinoma,Train: European-only,South Asian,European,European,PGS005345,SCT,SCT (Stacked Clumping and Thresholding),435538,PPM023142,PSS012138,0.637,0.598,0.677,reported_native_or_parsed,8291,176,8115,0,-,QSKIN,NA,NA,FALSE
20260923,Breast Carcinoma,Train: European-only,South Asian,European,European,PGS005345,SCT,SCT (Stacked Clumping and Thresholding),435538,PPM023147,PSS012137,0.658,0.619,0.697,reported_native_or_parsed,2654,194,2460,0,-,MCCS,NA,NA,FALSE
20260923,Breast Carcinoma,Train: European-only,South Asian,European,European,PGS005345,SCT,SCT (Stacked Clumping and Thresholding),435538,PPM023162,PSS012140,0.645,0.635,0.655,reported_native_or_parsed,212360,3083,209277,0,Age-specific absolute risk adjusted by PGS relative risk,UKB,NA,NA,FALSE
20260923,Breast Carcinoma,Train: European-only,South Asian,European,European,PGS005345,SCT,SCT (Stacked Clumping and Thresholding),435538,PPM023167,PSS012138,0.638,0.598,0.679,reported_native_or_parsed,8291,176,8115,0,Age-specific absolute risk adjusted by PGS relative risk,QSKIN,NA,NA,FALSE
20260923,Breast Carcinoma,Train: European-only,South Asian,European,European,PGS005345,SCT,SCT (Stacked Clumping and Thresholding),435538,PPM023172,PSS012137,0.647,0.609,0.686,reported_native_or_parsed,2654,194,2460,0,Age-specific absolute risk adjusted by PGS relative risk,MCCS,NA,NA,FALSE
20260923,Breast Carcinoma,Train: European-only,South Asian,Target,South Asian,PGS005345,SCT,SCT (Stacked Clumping and Thresholding),435538,PPM023157,PSS012141,0.659,0.585,0.732,reported_native_or_parsed,4435,43,4392,0,-,UKB,NA,NA,FALSE
20260923,Breast Carcinoma,Train: European-only,South Asian,Target,South Asian,PGS005345,SCT,SCT (Stacked Clumping and Thresholding),435538,PPM023182,PSS012141,0.635,0.559,0.712,reported_native_or_parsed,4435,43,4392,0,Age-specific absolute risk adjusted by PGS relative risk,UKB,NA,NA,FALSE
20260923,Breast Carcinoma,Train: European-only,South Asian,European,European,PGS005346,LDpred2,LDpred2,961355,PPM023138,PSS012140,0.663,0.654,0.673,reported_native_or_parsed,212360,3083,209277,0,-,UKB,NA,NA,FALSE
20260923,Breast Carcinoma,Train: European-only,South Asian,European,European,PGS005346,LDpred2,LDpred2,961355,PPM023143,PSS012138,0.658,0.619,0.697,reported_native_or_parsed,8291,176,8115,0,-,QSKIN,NA,NA,FALSE
20260923,Breast Carcinoma,Train: European-only,South Asian,European,European,PGS005346,LDpred2,LDpred2,961355,PPM023148,PSS012137,0.683,0.644,0.722,reported_native_or_parsed,2654,194,2460,0,-,MCCS,NA,NA,FALSE
20260923,Breast Carcinoma,Train: European-only,South Asian,European,European,PGS005346,LDpred2,LDpred2,961355,PPM023163,PSS012140,0.667,0.657,0.676,reported_native_or_parsed,212360,3083,209277,0,Age-specific absolute risk adjusted by PGS relative risk,UKB,NA,NA,FALSE
20260923,Breast Carcinoma,Train: European-only,South Asian,European,European,PGS005346,LDpred2,LDpred2,961355,PPM023168,PSS012138,0.656,0.616,0.696,reported_native_or_parsed,8291,176,8115,0,Age-specific absolute risk adjusted by PGS relative risk,QSKIN,NA,NA,FALSE
20260923,Breast Carcinoma,Train: European-only,South Asian,European,European,PGS005346,LDpred2,LDpred2,961355,PPM023173,PSS012137,0.676,0.636,0.715,reported_native_or_parsed,2654,194,2460,0,Age-specific absolute risk adjusted by PGS relative risk,MCCS,NA,NA,FALSE
20260923,Breast Carcinoma,Train: European-only,South Asian,Target,South Asian,PGS005346,LDpred2,LDpred2,961355,PPM023158,PSS012141,0.67,0.59,0.75,reported_native_or_parsed,4435,43,4392,0,-,UKB,NA,NA,FALSE
20260923,Breast Carcinoma,Train: European-only,South Asian,Target,South Asian,PGS005346,LDpred2,LDpred2,961355,PPM023183,PSS012141,0.642,0.558,0.727,reported_native_or_parsed,4435,43,4392,0,Age-specific absolute risk adjusted by PGS relative risk,UKB,NA,NA,FALSE
20260923,Breast Carcinoma,Train: European-only,South Asian,European,European,PGS005347,PRS-CS,PRS-CS,941932,PPM023139,PSS012140,0.658,0.649,0.668,reported_native_or_parsed,212360,3083,209277,0,-,UKB,NA,NA,FALSE
20260923,Breast Carcinoma,Train: European-only,South Asian,European,European,PGS005347,PRS-CS,PRS-CS,941932,PPM023144,PSS012138,0.662,0.622,0.701,reported_native_or_parsed,8291,176,8115,0,-,QSKIN,NA,NA,FALSE
20260923,Breast Carcinoma,Train: European-only,South Asian,European,European,PGS005347,PRS-CS,PRS-CS,941932,PPM023149,PSS012137,0.673,0.634,0.712,reported_native_or_parsed,2654,194,2460,0,-,MCCS,NA,NA,FALSE
20260923,Breast Carcinoma,Train: European-only,South Asian,European,European,PGS005347,PRS-CS,PRS-CS,941932,PPM023164,PSS012140,0.662,0.652,0.672,reported_native_or_parsed,212360,3083,209277,0,Age-specific absolute risk adjusted by PGS relative risk,UKB,NA,NA,FALSE
20260923,Breast Carcinoma,Train: European-only,South Asian,European,European,PGS005347,PRS-CS,PRS-CS,941932,PPM023169,PSS012138,0.656,0.616,0.696,reported_native_or_parsed,8291,176,8115,0,Age-specific absolute risk adjusted by PGS relative risk,QSKIN,NA,NA,FALSE
20260923,Breast Carcinoma,Train: European-only,South Asian,European,European,PGS005347,PRS-CS,PRS-CS,941932,PPM023174,PSS012137,0.663,0.625,0.701,reported_native_or_parsed,2654,194,2460,0,Age-specific absolute risk adjusted by PGS relative risk,MCCS,NA,NA,FALSE
20260923,Breast Carcinoma,Train: European-only,South Asian,Target,South Asian,PGS005347,PRS-CS,PRS-CS,941932,PPM023159,PSS012141,0.678,0.597,0.76,reported_native_or_parsed,4435,43,4392,0,-,UKB,NA,NA,FALSE
20260923,Breast Carcinoma,Train: European-only,South Asian,Target,South Asian,PGS005347,PRS-CS,PRS-CS,941932,PPM023184,PSS012141,0.653,0.569,0.737,reported_native_or_parsed,4435,43,4392,0,Age-specific absolute risk adjusted by PGS relative risk,UKB,NA,NA,FALSE
20260923,Breast Carcinoma,Train: European-only,South Asian,European,European,PGS005348,SBayesR,SBayesR,789305,PPM023140,PSS012140,0.663,0.654,0.673,reported_native_or_parsed,212360,3083,209277,0,-,UKB,NA,NA,FALSE
20260923,Breast Carcinoma,Train: European-only,South Asian,European,European,PGS005348,SBayesR,SBayesR,789305,PPM023145,PSS012138,0.65,0.611,0.69,reported_native_or_parsed,8291,176,8115,0,-,QSKIN,NA,NA,FALSE
20260923,Breast Carcinoma,Train: European-only,South Asian,European,European,PGS005348,SBayesR,SBayesR,789305,PPM023150,PSS012137,0.666,0.627,0.706,reported_native_or_parsed,2654,194,2460,0,-,MCCS,NA,NA,FALSE
20260923,Breast Carcinoma,Train: European-only,South Asian,European,European,PGS005348,SBayesR,SBayesR,789305,PPM023165,PSS012140,0.667,0.657,0.676,reported_native_or_parsed,212360,3083,209277,0,Age-specific absolute risk adjusted by PGS relative risk,UKB,NA,NA,FALSE
20260923,Breast Carcinoma,Train: European-only,South Asian,European,European,PGS005348,SBayesR,SBayesR,789305,PPM023170,PSS012138,0.646,0.607,0.685,reported_native_or_parsed,8291,176,8115,0,Age-specific absolute risk adjusted by PGS relative risk,QSKIN,NA,NA,FALSE
20260923,Breast Carcinoma,Train: European-only,South Asian,European,European,PGS005348,SBayesR,SBayesR,789305,PPM023175,PSS012137,0.66,0.621,0.699,reported_native_or_parsed,2654,194,2460,0,Age-specific absolute risk adjusted by PGS relative risk,MCCS,NA,NA,FALSE
20260923,Breast Carcinoma,Train: European-only,South Asian,Target,South Asian,PGS005348,SBayesR,SBayesR,789305,PPM023160,PSS012141,0.657,0.575,0.74,reported_native_or_parsed,4435,43,4392,0,-,UKB,NA,NA,FALSE
20260923,Breast Carcinoma,Train: European-only,South Asian,Target,South Asian,PGS005348,SBayesR,SBayesR,789305,PPM023185,PSS012141,0.639,0.556,0.723,reported_native_or_parsed,4435,43,4392,0,Age-specific absolute risk adjusted by PGS relative risk,UKB,NA,NA,FALSE
20260923,Breast cancer,Train: European-only,East Asian,European,European,PGS001336,GBE_cancer1002,snpnet,555,PPM009168,PSS007618,0.80561,0.79545,0.81577,reported_native_or_parsed,24905,954,23951,NA,"age, sex, UKB array type, Genotype PCs",UKB,NA,NA,FALSE
20260923,Breast cancer,Train: European-only,East Asian,European,European,PGS001336,GBE_cancer1002,snpnet,555,PPM009170,PSS007620,0.80961,0.80348,0.81573,reported_native_or_parsed,67425,2471,64954,NA,"age, sex, UKB array type, Genotype PCs",UKB,NA,NA,FALSE
20260923,Breast cancer,Train: European-only,East Asian,Target,East Asian,PGS001336,GBE_cancer1002,snpnet,555,PPM009167,PSS007617,0.7602,0.71475,0.80565,reported_native_or_parsed,1704,53,1651,NA,"age, sex, UKB array type, Genotype PCs",UKB,NA,NA,FALSE
20260923,Breast cancer,Train: European-only,South Asian,European,European,PGS001336,GBE_cancer1002,snpnet,555,PPM009168,PSS007618,0.80561,0.79545,0.81577,reported_native_or_parsed,24905,954,23951,NA,"age, sex, UKB array type, Genotype PCs",UKB,NA,NA,FALSE
20260923,Breast cancer,Train: European-only,South Asian,European,European,PGS001336,GBE_cancer1002,snpnet,555,PPM009170,PSS007620,0.80961,0.80348,0.81573,reported_native_or_parsed,67425,2471,64954,NA,"age, sex, UKB array type, Genotype PCs",UKB,NA,NA,FALSE
20260923,Breast cancer,Train: European-only,South Asian,Target,South Asian,PGS001336,GBE_cancer1002,snpnet,555,PPM009169,PSS007619,0.83564,0.81289,0.85838,reported_native_or_parsed,7831,161,7670,NA,"age, sex, UKB array type, Genotype PCs",UKB,NA,NA,FALSE
20260923,Breast cancer,Train: European-only,South Asian,European,European,PGS003983,dbslmm.auto.GCST004988.Breast_cancer,DBSLMM-auto,1137459,PPM019389,PSS011215,0.63153585,0.6209314,0.6421403,reported_native_or_parsed,130758,2685,128073,0,0,EB,"1.6050758 [1.54448557,1.66804298]",NA,FALSE
20260923,Breast cancer,Train: European-only,South Asian,European,European,PGS003983,dbslmm.auto.GCST004988.Breast_cancer,DBSLMM-auto,1137459,PPM019390,PSS011227,0.64804283,0.64364562,0.65244004,reported_native_or_parsed,217530,16076,201454,0,0,FinnGen,"1.71524768 [1.68709681,1.74386827]",NA,FALSE
20260923,Breast cancer,Train: European-only,South Asian,European,European,PGS003983,dbslmm.auto.GCST004988.Breast_cancer,DBSLMM-auto,1137459,PPM019392,PSS011254,0.64270938,0.62948583,0.65593293,reported_native_or_parsed,35377,1729,33648,0,0,HUNT,"1.70143286 [1.61964223,1.78735386]",NA,FALSE
20260923,Breast cancer,Train: European-only,South Asian,European,European,PGS003983,dbslmm.auto.GCST004988.Breast_cancer,DBSLMM-auto,1137459,PPM019394,PSS011268,0.65328709,0.64349623,0.66307795,reported_native_or_parsed,48968,3120,45848,0,0,UKB,"1.75801307 [1.6931535,1.82535722]",NA,FALSE
20260923,Breast cancer,Train: European-only,South Asian,Target,South Asian,PGS003983,dbslmm.auto.GCST004988.Breast_cancer,DBSLMM-auto,1137459,PPM019391,PSS011238,0.61682903,0.57775913,0.65589892,reported_native_or_parsed,24319,197,24122,0,0,G&H,"1.53934496 [1.33718466,1.77206857]",NA,FALSE
20260923,Breast cancer,Train: European-only,South Asian,Target,South Asian,PGS003983,dbslmm.auto.GCST004988.Breast_cancer,DBSLMM-auto,1137459,PPM019393,PSS011282,0.60326474,0.56283686,0.64369262,reported_native_or_parsed,4350,196,4154,0,0,UKB,"1.46699809 [1.26742431,1.69799758]",NA,FALSE
20260923,Breast cancer,Train: European-only,South Asian,European,European,PGS003999,lassosum.auto.GCST004988.Breast_cancer,lassosum.auto,13086,PPM019425,PSS011215,0.63946833,0.62889119,0.65004547,reported_native_or_parsed,130758,2685,128073,0,0,EB,"1.65454252 [1.59239759,1.71911272]",NA,FALSE
20260923,Breast cancer,Train: European-only,South Asian,European,European,PGS003999,lassosum.auto.GCST004988.Breast_cancer,lassosum.auto,13086,PPM019426,PSS011227,0.64796674,0.6435976,0.65233588,reported_native_or_parsed,217530,16076,201454,0,0,FinnGen,"1.71120477 [1.68318494,1.73969104]",NA,FALSE
20260923,Breast cancer,Train: European-only,South Asian,European,European,PGS003999,lassosum.auto.GCST004988.Breast_cancer,lassosum.auto,13086,PPM019428,PSS011254,0.64444249,0.6312226,0.65766239,reported_native_or_parsed,35377,1729,33648,0,0,HUNT,"1.71178877 [1.62971047,1.79800083]",NA,FALSE
20260923,Breast cancer,Train: European-only,South Asian,European,European,PGS003999,lassosum.auto.GCST004988.Breast_cancer,lassosum.auto,13086,PPM019430,PSS011268,0.65239885,0.64250552,0.66229219,reported_native_or_parsed,48968,3120,45848,0,0,UKB,"1.75341498 [1.6889839,1.82030397]",NA,FALSE
20260923,Breast cancer,Train: European-only,South Asian,Target,South Asian,PGS003999,lassosum.auto.GCST004988.Breast_cancer,lassosum.auto,13086,PPM019427,PSS011238,0.63036912,0.59126423,0.66947401,reported_native_or_parsed,24319,197,24122,0,0,G&H,"1.60370665 [1.39434739,1.84450091]",NA,FALSE
20260923,Breast cancer,Train: European-only,South Asian,Target,South Asian,PGS003999,lassosum.auto.GCST004988.Breast_cancer,lassosum.auto,13086,PPM019429,PSS011282,0.60906318,0.56630285,0.65182352,reported_native_or_parsed,4350,196,4154,0,0,UKB,"1.48538131 [1.28422223,1.71804972]",NA,FALSE
20260923,Breast cancer,Train: European-only,South Asian,European,European,PGS004025,ldpred2.auto.GCST004988.Breast_cancer,LDpred2-auto,1041298,PPM019401,PSS011215,0.64171337,0.63118121,0.65224553,reported_native_or_parsed,130758,2685,128073,0,0,EB,"1.66191221 [1.59929671,1.72697924]",NA,FALSE
20260923,Breast cancer,Train: European-only,South Asian,European,European,PGS004025,ldpred2.auto.GCST004988.Breast_cancer,LDpred2-auto,1041298,PPM019402,PSS011227,0.65593151,0.65157997,0.66028305,reported_native_or_parsed,217530,16076,201454,0,0,FinnGen,"1.77035216 [1.74117276,1.80002055]",NA,FALSE
20260923,Breast cancer,Train: European-only,South Asian,European,European,PGS004025,ldpred2.auto.GCST004988.Breast_cancer,LDpred2-auto,1041298,PPM019404,PSS011254,0.64862587,0.63550699,0.66174475,reported_native_or_parsed,35377,1729,33648,0,0,HUNT,"1.74007474 [1.65600677,1.82841046]",NA,FALSE
20260923,Breast cancer,Train: European-only,South Asian,European,European,PGS004025,ldpred2.auto.GCST004988.Breast_cancer,LDpred2-auto,1041298,PPM019406,PSS011268,0.65975886,0.65001199,0.66950573,reported_native_or_parsed,48968,3120,45848,0,0,UKB,"1.80647225 [1.73980278,1.87569651]",NA,FALSE
20260923,Breast cancer,Train: European-only,South Asian,Target,South Asian,PGS004025,ldpred2.auto.GCST004988.Breast_cancer,LDpred2-auto,1041298,PPM019403,PSS011238,0.63168898,0.59299282,0.67038513,reported_native_or_parsed,24319,197,24122,0,0,G&H,"1.61351539 [1.40208165,1.85683331]",NA,FALSE
20260923,Breast cancer,Train: European-only,South Asian,Target,South Asian,PGS004025,ldpred2.auto.GCST004988.Breast_cancer,LDpred2-auto,1041298,PPM019405,PSS011282,0.60329053,0.56051089,0.64607018,reported_native_or_parsed,4350,196,4154,0,0,UKB,"1.44836046 [1.25210644,1.67537516]",NA,FALSE
20260923,Breast cancer,Train: European-only,South Asian,European,European,PGS004040,ldpred2.CV.GCST004988.Breast_cancer,LDpred2.CV,1041298,PPM019365,PSS011215,0.64154541,0.63100072,0.65209011,reported_native_or_parsed,130758,2685,128073,0,0,EB,"1.66024436 [1.59771962,1.72521592]",NA,FALSE
20260923,Breast cancer,Train: European-only,South Asian,European,European,PGS004040,ldpred2.CV.GCST004988.Breast_cancer,LDpred2.CV,1041298,PPM019366,PSS011227,0.65623802,0.65188392,0.66059213,reported_native_or_parsed,217530,16076,201454,0,0,FinnGen,"1.77071748 [1.74154078,1.80038299]",NA,FALSE
20260923,Breast cancer,Train: European-only,South Asian,European,European,PGS004040,ldpred2.CV.GCST004988.Breast_cancer,LDpred2.CV,1041298,PPM019368,PSS011254,0.64976175,0.63666034,0.66286316,reported_native_or_parsed,35377,1729,33648,0,0,HUNT,"1.74575229 [1.66147743,1.8343018]",NA,FALSE
20260923,Breast cancer,Train: European-only,South Asian,European,European,PGS004040,ldpred2.CV.GCST004988.Breast_cancer,LDpred2.CV,1041298,PPM019370,PSS011268,0.65978971,0.65003927,0.66954015,reported_native_or_parsed,48968,3120,45848,0,0,UKB,"1.80882172 [1.74205374,1.87814873]",NA,FALSE
20260923,Breast cancer,Train: European-only,South Asian,Target,South Asian,PGS004040,ldpred2.CV.GCST004988.Breast_cancer,LDpred2.CV,1041298,PPM019367,PSS011238,0.62870878,0.58989471,0.66752285,reported_native_or_parsed,24319,197,24122,0,0,G&H,"1.6050288 [1.39429381,1.84761448]",NA,FALSE
20260923,Breast cancer,Train: European-only,South Asian,Target,South Asian,PGS004040,ldpred2.CV.GCST004988.Breast_cancer,LDpred2.CV,1041298,PPM019369,PSS011282,0.60655331,0.56457528,0.64853134,reported_native_or_parsed,4350,196,4154,0,0,UKB,"1.46589146 [1.26693944,1.69608562]",NA,FALSE
20260923,Breast cancer,Train: European-only,South Asian,European,European,PGS004053,megaprs.auto.GCST004988.Breast_cancer,megaprs.auto,869407,PPM019413,PSS011215,0.63339866,0.62282373,0.64397359,reported_native_or_parsed,130758,2685,128073,0,0,EB,"1.61463708 [1.55394223,1.67770259]",NA,FALSE
20260923,Breast cancer,Train: European-only,South Asian,European,European,PGS004053,megaprs.auto.GCST004988.Breast_cancer,megaprs.auto,869407,PPM019414,PSS011227,0.6499628,0.64560075,0.65432486,reported_native_or_parsed,217530,16076,201454,0,0,FinnGen,"1.72899314 [1.70061022,1.75784976]",NA,FALSE
20260923,Breast cancer,Train: European-only,South Asian,European,European,PGS004053,megaprs.auto.GCST004988.Breast_cancer,megaprs.auto,869407,PPM019416,PSS011254,0.64563182,0.63247965,0.65878399,reported_native_or_parsed,35377,1729,33648,0,0,HUNT,"1.71549804 [1.6331199,1.80203152]",NA,FALSE
20260923,Breast cancer,Train: European-only,South Asian,European,European,PGS004053,megaprs.auto.GCST004988.Breast_cancer,megaprs.auto,869407,PPM019418,PSS011268,0.65298774,0.64321086,0.66276462,reported_native_or_parsed,48968,3120,45848,0,0,UKB,"1.75979222 [1.69513119,1.82691975]",NA,FALSE
20260923,Breast cancer,Train: European-only,South Asian,Target,South Asian,PGS004053,megaprs.auto.GCST004988.Breast_cancer,megaprs.auto,869407,PPM019415,PSS011238,0.62692733,0.58820997,0.66564469,reported_native_or_parsed,24319,197,24122,0,0,G&H,"1.58283241 [1.37520299,1.8218099]",NA,FALSE
20260923,Breast cancer,Train: European-only,South Asian,Target,South Asian,PGS004053,megaprs.auto.GCST004988.Breast_cancer,megaprs.auto,869407,PPM019417,PSS011282,0.59716968,0.55485917,0.63948019,reported_native_or_parsed,4350,196,4154,0,0,UKB,"1.42422549 [1.23268451,1.64552911]",NA,FALSE
20260923,Breast cancer,Train: European-only,South Asian,European,European,PGS004069,megaprs.CV.GCST004988.Breast_cancer,megaprs.CV,869407,PPM019407,PSS011215,0.63736779,0.62675736,0.64797822,reported_native_or_parsed,130758,2685,128073,0,0,EB,"1.64102699 [1.57912878,1.70535148]",NA,FALSE
20260923,Breast cancer,Train: European-only,South Asian,European,European,PGS004069,megaprs.CV.GCST004988.Breast_cancer,megaprs.CV,869407,PPM019408,PSS011227,0.65241994,0.6480568,0.65678307,reported_native_or_parsed,217530,16076,201454,0,0,FinnGen,"1.74320476 [1.71450629,1.77238361]",NA,FALSE
20260923,Breast cancer,Train: European-only,South Asian,European,European,PGS004069,megaprs.CV.GCST004988.Breast_cancer,megaprs.CV,869407,PPM019410,PSS011254,0.64679457,0.63364992,0.65993923,reported_native_or_parsed,35377,1729,33648,0,0,HUNT,"1.72444636 [1.64139537,1.81169954]",NA,FALSE
20260923,Breast cancer,Train: European-only,South Asian,European,European,PGS004069,megaprs.CV.GCST004988.Breast_cancer,megaprs.CV,869407,PPM019412,PSS011268,0.65584993,0.64609462,0.66560523,reported_native_or_parsed,48968,3120,45848,0,0,UKB,"1.7841662 [1.71851145,1.85232925]",NA,FALSE
20260923,Breast cancer,Train: European-only,South Asian,Target,South Asian,PGS004069,megaprs.CV.GCST004988.Breast_cancer,megaprs.CV,869407,PPM019409,PSS011238,0.62313832,0.58448319,0.66179345999999994,reported_native_or_parsed,24319,197,24122,0,0,G&H,"1.56535612 [1.35914439,1.80285464]",NA,FALSE
20260923,Breast cancer,Train: European-only,South Asian,Target,South Asian,PGS004069,megaprs.CV.GCST004988.Breast_cancer,megaprs.CV,869407,PPM019411,PSS011282,0.61087174,0.57033984,0.65140365,reported_native_or_parsed,4350,196,4154,0,0,UKB,"1.51041312 [1.305849,1.74702266]",NA,FALSE
20260923,Breast cancer,Train: European-only,South Asian,European,European,PGS004083,prscs.auto.GCST004988.Breast_cancer,PRS-CS-auto,1103877,PPM019419,PSS011215,0.6353194,0.62467241,0.64596639,reported_native_or_parsed,130758,2685,128073,0,0,EB,"1.6280185 [1.56683043,1.69159609]",NA,FALSE
20260923,Breast cancer,Train: European-only,South Asian,European,European,PGS004083,prscs.auto.GCST004988.Breast_cancer,PRS-CS-auto,1103877,PPM019420,PSS011227,0.65207304,0.64770258,0.65644351,reported_native_or_parsed,217530,16076,201454,0,0,FinnGen,"1.73797206 [1.70945914,1.76696055]",NA,FALSE
20260923,Breast cancer,Train: European-only,South Asian,European,European,PGS004083,prscs.auto.GCST004988.Breast_cancer,PRS-CS-auto,1103877,PPM019422,PSS011254,0.64670641,0.63347915,0.65993367,reported_native_or_parsed,35377,1729,33648,0,0,HUNT,"1.72093545 [1.6384216,1.80760485]",NA,FALSE
20260923,Breast cancer,Train: European-only,South Asian,European,European,PGS004083,prscs.auto.GCST004988.Breast_cancer,PRS-CS-auto,1103877,PPM019424,PSS011268,0.65534965,0.64554283,0.66515647,reported_native_or_parsed,48968,3120,45848,0,0,UKB,"1.77491549 [1.70965861,1.84266319]",NA,FALSE
20260923,Breast cancer,Train: European-only,South Asian,Target,South Asian,PGS004083,prscs.auto.GCST004988.Breast_cancer,PRS-CS-auto,1103877,PPM019421,PSS011238,0.62734147,0.58839198,0.66629096,reported_native_or_parsed,24319,197,24122,0,0,G&H,"1.57453627 [1.3683506,1.81179039]",NA,FALSE
20260923,Breast cancer,Train: European-only,South Asian,Target,South Asian,PGS004083,prscs.auto.GCST004988.Breast_cancer,PRS-CS-auto,1103877,PPM019423,PSS011282,0.61378509,0.57261519,0.65495499,reported_native_or_parsed,4350,196,4154,0,0,UKB,"1.51133319 [1.30438605,1.7511135]",NA,FALSE
20260923,Breast cancer,Train: European-only,South Asian,European,European,PGS004107,pt_clump.auto.GCST004988.Breast_cancer,pt_clump.auto,209,PPM019371,PSS011215,0.61482822,0.6041949,0.62546154,reported_native_or_parsed,130758,2685,128073,0,0,EB,"1.50344697 [1.44736806,1.56169867]",NA,FALSE
20260923,Breast cancer,Train: European-only,South Asian,European,European,PGS004107,pt_clump.auto.GCST004988.Breast_cancer,pt_clump.auto,209,PPM019372,PSS011227,0.61664401,0.61218514,0.62110289,reported_native_or_parsed,217530,16076,201454,0,0,FinnGen,"1.51589555 [1.49147674,1.54071414]",NA,FALSE
20260923,Breast cancer,Train: European-only,South Asian,European,European,PGS004107,pt_clump.auto.GCST004988.Breast_cancer,pt_clump.auto,209,PPM019374,PSS011254,0.61419294,0.60043482,0.62795106,reported_native_or_parsed,35377,1729,33648,0,0,HUNT,"1.51725796 [1.4458611,1.59218042]",NA,FALSE
20260923,Breast cancer,Train: European-only,South Asian,European,European,PGS004107,pt_clump.auto.GCST004988.Breast_cancer,pt_clump.auto,209,PPM019376,PSS011268,0.61809187,0.60795567,0.62822808,reported_native_or_parsed,48968,3120,45848,0,0,UKB,"1.52553171 [1.47054481,1.58257468]",NA,FALSE
20260923,Breast cancer,Train: European-only,South Asian,Target,South Asian,PGS004107,pt_clump.auto.GCST004988.Breast_cancer,pt_clump.auto,209,PPM019373,PSS011238,0.59684558,0.55878634,0.63490483,reported_native_or_parsed,24319,197,24122,0,0,G&H,"1.4136769 [1.22998344,1.62480429]",NA,FALSE
20260923,Breast cancer,Train: European-only,South Asian,Target,South Asian,PGS004107,pt_clump.auto.GCST004988.Breast_cancer,pt_clump.auto,209,PPM019375,PSS011282,0.58935572,0.54856639,0.63014506,reported_native_or_parsed,4350,196,4154,0,0,UKB,"1.36643525 [1.18199147,1.57966055]",NA,FALSE
20260923,Breast cancer,Train: European-only,South Asian,European,European,PGS004123,pt_clump_nested.CV.GCST004988.Breast_cancer,pt_clump_nested.CV,982,PPM019377,PSS011215,0.61677206,0.60614744,0.62739669,reported_native_or_parsed,130758,2685,128073,0,0,EB,"1.51371358 [1.45690938,1.57273254]",NA,FALSE
20260923,Breast cancer,Train: European-only,South Asian,European,European,PGS004123,pt_clump_nested.CV.GCST004988.Breast_cancer,pt_clump_nested.CV,982,PPM019378,PSS011227,0.62593272,0.62148932,0.63037613,reported_native_or_parsed,217530,16076,201454,0,0,FinnGen,"1.57309006 [1.54753963,1.59906233]",NA,FALSE
20260923,Breast cancer,Train: European-only,South Asian,European,European,PGS004123,pt_clump_nested.CV.GCST004988.Breast_cancer,pt_clump_nested.CV,982,PPM019380,PSS011254,0.61643084,0.60273161,0.63013007,reported_native_or_parsed,35377,1729,33648,0,0,HUNT,"1.54351269 [1.46962869,1.62111114]",NA,FALSE
20260923,Breast cancer,Train: European-only,South Asian,European,European,PGS004123,pt_clump_nested.CV.GCST004988.Breast_cancer,pt_clump_nested.CV,982,PPM019382,PSS011268,0.62786392,0.61789935,0.63782848,reported_native_or_parsed,48968,3120,45848,0,0,UKB,"1.58737756 [1.52948202,1.64746461]",NA,FALSE
20260923,Breast cancer,Train: European-only,South Asian,Target,South Asian,PGS004123,pt_clump_nested.CV.GCST004988.Breast_cancer,pt_clump_nested.CV,982,PPM019379,PSS011238,0.61391669,0.57666682,0.65116657,reported_native_or_parsed,24319,197,24122,0,0,G&H,"1.4888535 [1.29381926,1.7132878]",NA,FALSE
20260923,Breast cancer,Train: European-only,South Asian,Target,South Asian,PGS004123,pt_clump_nested.CV.GCST004988.Breast_cancer,pt_clump_nested.CV,982,PPM019381,PSS011282,0.58630973,0.54480747,0.62781198,reported_native_or_parsed,4350,196,4154,0,0,UKB,"1.35605179 [1.17281707,1.56791414]",NA,FALSE
20260923,Breast cancer,Train: European-only,South Asian,European,European,PGS004153,UKBB_EnsPGS.GCST004988.Breast_cancer,UKBB-EUR.MultiPRS.CV,1133268,PPM019383,PSS011215,0.64491649,0.63436542,0.65546756,reported_native_or_parsed,130758,2685,128073,0,0,EB,"1.68727998 [1.62374245,1.75330376]",NA,FALSE
20260923,Breast cancer,Train: European-only,South Asian,European,European,PGS004153,UKBB_EnsPGS.GCST004988.Breast_cancer,UKBB-EUR.MultiPRS.CV,1133268,PPM019384,PSS011227,0.66011868,0.65578171,0.66445565,reported_native_or_parsed,217530,16076,201454,0,0,FinnGen,"1.79574426 [1.76611997,1.82586546]",NA,FALSE
20260923,Breast cancer,Train: European-only,South Asian,European,European,PGS004153,UKBB_EnsPGS.GCST004988.Breast_cancer,UKBB-EUR.MultiPRS.CV,1133268,PPM019386,PSS011254,0.65471562,0.6415564,0.66787483,reported_native_or_parsed,35377,1729,33648,0,0,HUNT,"1.77954046 [1.69371921,1.86971028]",NA,FALSE
20260923,Breast cancer,Train: European-only,South Asian,European,European,PGS004153,UKBB_EnsPGS.GCST004988.Breast_cancer,UKBB-EUR.MultiPRS.CV,1133268,PPM019388,PSS011268,0.66250277,0.65279453,0.67221102,reported_native_or_parsed,48968,3120,45848,0,0,UKB,"1.82571574 [1.75833364,1.89568002]",NA,FALSE
20260923,Breast cancer,Train: European-only,South Asian,Target,South Asian,PGS004153,UKBB_EnsPGS.GCST004988.Breast_cancer,UKBB-EUR.MultiPRS.CV,1133268,PPM019385,PSS011238,0.64010716,0.60165094,0.67856339,reported_native_or_parsed,24319,197,24122,0,0,G&H,"1.65970539 [1.44271166,1.90933646]",NA,FALSE
20260923,Breast cancer,Train: European-only,South Asian,Target,South Asian,PGS004153,UKBB_EnsPGS.GCST004988.Breast_cancer,UKBB-EUR.MultiPRS.CV,1133268,PPM019387,PSS011282,0.61894731,0.57716253,0.6607321,reported_native_or_parsed,4350,196,4154,0,0,UKB,"1.54651901 [1.33583678,1.79042912]",NA,FALSE
20260923,Breast cancer,Train: Multi incl. EUR,East Asian,European,European,PGS000028,PRS,composite likelihood ratio,83,PPM000060,PSS000039,0.63,0.59,0.67,reported_native_or_parsed,774,387,387,0,NA,CPMCBHC,NA,NA,FALSE
20260923,Breast cancer,Train: Multi incl. EUR,East Asian,Target,East Asian,PGS000028,PRS,composite likelihood ratio,83,PPM000059,PSS000038,0.62,0.52,0.73,reported_native_or_parsed,102,51,51,0,NA,CPMCBHC,NA,NA,FALSE
20260923,Colorectal cancer,Train: European-only,African,European,European,PGS003851,CRC_PRS_EUR,LDpred,1180765,PPM018669,PSS011059,0.654,0.639,0.669,reported_native_or_parsed,72791,1311,71480,41.6,"age, sex",GERA,NA,NA,FALSE
20260923,Colorectal cancer,Train: European-only,African,European,European,PGS003851,CRC_PRS_EUR,LDpred,1180765,PPM018684,PSS011065,0.638,0.624,0.652,reported_native_or_parsed,118756,3651,115105,52.75,"Age, sex, PCs 1-10",CPSII|GERA|eMERGE|BCC,NA,NA,FALSE
20260923,Colorectal cancer,Train: European-only,African,Target,African,PGS003851,CRC_PRS_EUR,LDpred,1180765,PPM018671,PSS011057,0.543,0.5,0.6241,reported_native_or_parsed,5249,56,5193,65.5,"age, sex",GERA,NA,NA,FALSE
20260923,Colorectal cancer,Train: European-only,African,Target,African,PGS003851,CRC_PRS_EUR,LDpred,1180765,PPM018682,PSS011063,0.526,0.419,0.62,reported_native_or_parsed,13823,1954,11869,44,"Age, sex, PCs 1-10",GERA|eMERGE|MG-AA,NA,NA,FALSE
20260923,Colorectal cancer,Train: European-only,East Asian,European,European,PGS003851,CRC_PRS_EUR,LDpred,1180765,PPM018669,PSS011059,0.654,0.639,0.669,reported_native_or_parsed,72791,1311,71480,41.6,"age, sex",GERA,NA,NA,FALSE
20260923,Colorectal cancer,Train: European-only,East Asian,European,European,PGS003851,CRC_PRS_EUR,LDpred,1180765,PPM018684,PSS011065,0.638,0.624,0.652,reported_native_or_parsed,118756,3651,115105,52.75,"Age, sex, PCs 1-10",CPSII|GERA|eMERGE|BCC,NA,NA,FALSE
20260923,Colorectal cancer,Train: European-only,East Asian,Target,East Asian,PGS003851,CRC_PRS_EUR,LDpred,1180765,PPM018670,PSS011058,0.601,0.538,0.664,reported_native_or_parsed,6966,96,6870,42.1,"age, sex",GERA,NA,NA,FALSE
20260923,Colorectal cancer,Train: European-only,Hispanic or Latin American,European,European,PGS003851,CRC_PRS_EUR,LDpred,1180765,PPM018669,PSS011059,0.654,0.639,0.669,reported_native_or_parsed,72791,1311,71480,41.6,"age, sex",GERA,NA,NA,FALSE
20260923,Colorectal cancer,Train: European-only,Hispanic or Latin American,European,European,PGS003851,CRC_PRS_EUR,LDpred,1180765,PPM018684,PSS011065,0.638,0.624,0.652,reported_native_or_parsed,118756,3651,115105,52.75,"Age, sex, PCs 1-10",CPSII|GERA|eMERGE|BCC,NA,NA,FALSE
20260923,Colorectal cancer,Train: European-only,Hispanic or Latin American,Target,Hispanic or Latin American,PGS003851,CRC_PRS_EUR,LDpred,1180765,PPM018672,PSS011060,0.602,0.542,0.662,reported_native_or_parsed,6660,70,6590,38.7,"age, sex",GERA,NA,NA,FALSE
20260923,Colorectal cancer,Train: European-only,Hispanic or Latin American,Target,Hispanic or Latin American,PGS003851,CRC_PRS_EUR,LDpred,1180765,PPM018683,PSS011064,0.584,0.511,0.656,reported_native_or_parsed,10377,1681,8696,47.5,"Age, sex, PCs 1-10",GERA|HCCS,NA,NA,FALSE
20260923,Colorectal cancer,Train: Multi incl. EUR,African,European,European,PGS003850,CRC_PRS_200loci,Genome-wide significant variants,205,PPM018680,PSS011065,0.61,0.6,0.62,reported_native_or_parsed,118756,3651,115105,52.75,"Age, sex, PCs 1-4",CPSII|GERA|eMERGE|BCC,1.62,NA,FALSE
20260923,Colorectal cancer,Train: Multi incl. EUR,African,Target,African,PGS003850,CRC_PRS_200loci,Genome-wide significant variants,205,PPM018678,PSS011063,0.58,0.56,0.59,reported_native_or_parsed,13823,1954,11869,44,"Age, sex, PCs 1-4",GERA|eMERGE|MG-AA,1.25,NA,FALSE
20260923,Colorectal cancer,Train: Multi incl. EUR,African,European,European,PGS003852,CRC_PRS_EUR_EAS,LDpred2,1016596,PPM018676,PSS011065,0.65,0.64,0.66,reported_native_or_parsed,118756,3651,115105,52.75,"Age, sex, PCs 1-4",CPSII|GERA|eMERGE|BCC,"1.67 [1.6,1.75]",NA,FALSE
20260923,Colorectal cancer,Train: Multi incl. EUR,African,Target,African,PGS003852,CRC_PRS_EUR_EAS,LDpred2,1016596,PPM018674,PSS011063,0.59,0.57,0.61,reported_native_or_parsed,13823,1954,11869,44,"Age, sex, PCs 1-4",GERA|eMERGE|MG-AA,"1.39 [1.31,1.47]",NA,FALSE
20260923,Colorectal cancer,Train: Multi incl. EUR,Hispanic or Latin American,European,European,PGS003850,CRC_PRS_200loci,Genome-wide significant variants,205,PPM018680,PSS011065,0.61,0.6,0.62,reported_native_or_parsed,118756,3651,115105,52.75,"Age, sex, PCs 1-4",CPSII|GERA|eMERGE|BCC,1.62,NA,FALSE
20260923,Colorectal cancer,Train: Multi incl. EUR,Hispanic or Latin American,Target,Hispanic or Latin American,PGS003850,CRC_PRS_200loci,Genome-wide significant variants,205,PPM018679,PSS011064,0.59,0.57,0.6,reported_native_or_parsed,10377,1681,8696,47.5,"Age, sex, PCs 1-4",GERA|HCCS,1.37,NA,FALSE
20260923,Colorectal cancer,Train: Multi incl. EUR,Hispanic or Latin American,European,European,PGS003852,CRC_PRS_EUR_EAS,LDpred2,1016596,PPM018676,PSS011065,0.65,0.64,0.66,reported_native_or_parsed,118756,3651,115105,52.75,"Age, sex, PCs 1-4",CPSII|GERA|eMERGE|BCC,"1.67 [1.6,1.75]",NA,FALSE
20260923,Colorectal cancer,Train: Multi incl. EUR,Hispanic or Latin American,Target,Hispanic or Latin American,PGS003852,CRC_PRS_EUR_EAS,LDpred2,1016596,PPM018675,PSS011064,0.62,0.6,0.63,reported_native_or_parsed,10377,1681,8696,47.5,"Age, sex, PCs 1-4",GERA|HCCS,"1.62 [1.51,1.73]",NA,FALSE
20260923,Coronary heart disease (incident and prevalent),Train: Multi incl. EUR,African,European,European,PGS000011,GRS50,Genome-wide significant variants,50,PPM000598,PSS000333,0.75,0.7434703215879584,0.756417926423724,inferred_hm,45645,8108,37537,44.6,"age at first EHR record, duration of EHR, sex, eMERGE site, first five ancestry-specific principal components",MAYO|BioVU|eMERGE|Columbia|KP|Nugene|CCHMC|MyCode|Marshfield|PHB|BioMe,"1.28 [1.25,1.32]",NA,FALSE
20260923,Coronary heart disease (incident and prevalent),Train: Multi incl. EUR,African,Target,African,PGS000011,GRS50,Genome-wide significant variants,50,PPM000601,PSS000331,0.763,0.7429981121390307,0.781902135937021,inferred_hm,7597,838,6759,31,"age at first EHR record, duration of EHR, sex, eMERGE site, first five ancestry-specific principal components",BioVU|eMERGE|Columbia|KP|Nugene|PHB|BioMe,"1.05 [0.98,1.14]",NA,FALSE
20260923,Coronary heart disease (incident and prevalent),Train: Multi incl. EUR,African,European,European,PGS000013,GPS_CAD,LDpred,6630150,PPM000599,PSS000333,0.77,0.7636231398873919,0.7762552343232489,inferred_hm,45645,8108,37537,44.6,"age at first EHR record, duration of EHR, sex, eMERGE site, first five ancestry-specific principal components",MAYO|BioVU|eMERGE|Columbia|KP|Nugene|CCHMC|MyCode|Marshfield|PHB|BioMe,"1.66 [1.62,1.71]",NA,FALSE
20260923,Coronary heart disease (incident and prevalent),Train: Multi incl. EUR,African,European,European,PGS000013,GPS_CAD,LDpred,6630150,PPM017089,PSS010122,0.784,0.76,0.808,reported_native_or_parsed,4218,388,3830,47,"sex, age",CoLaus,"1.6 [1.44,1.79]",NA,FALSE
20260923,Coronary heart disease (incident and prevalent),Train: Multi incl. EUR,African,Target,African,PGS000013,GPS_CAD,LDpred,6630150,PPM000602,PSS000331,0.771,0.7511690957175866,0.7896929377140595,inferred_hm,7597,838,6759,31,"age at first EHR record, duration of EHR, sex, eMERGE site, first five ancestry-specific principal components",BioVU|eMERGE|Columbia|KP|Nugene|PHB|BioMe,"1.3 [1.21,1.41]",NA,FALSE
20260923,Coronary heart disease (incident and prevalent),Train: Multi incl. EUR,African,European,European,PGS000018,metaGRS_CAD,metaGRS,1745179,PPM000600,PSS000333,0.772,0.7656396669195497,0.7782377156571095,inferred_hm,45645,8108,37537,44.6,"age at first EHR record, duration of EHR, sex, eMERGE site, first five ancestry-specific principal components",MAYO|BioVU|eMERGE|Columbia|KP|Nugene|CCHMC|MyCode|Marshfield|PHB|BioMe,"1.73 [1.68,1.78]",NA,FALSE
20260923,Coronary heart disease (incident and prevalent),Train: Multi incl. EUR,African,European,European,PGS000018,metaGRS_CAD,metaGRS,1745179,PPM017085,PSS010122,0.793,0.77,0.816,reported_native_or_parsed,4218,388,3830,47,"sex, age",CoLaus,"1.63 [1.45,1.83]",NA,FALSE
20260923,Coronary heart disease (incident and prevalent),Train: Multi incl. EUR,African,Target,African,PGS000018,metaGRS_CAD,metaGRS,1745179,PPM000603,PSS000331,0.775,0.755258855811658,0.7935839937098786,inferred_hm,7597,838,6759,31,"age at first EHR record, duration of EHR, sex, eMERGE site, first five ancestry-specific principal components",BioVU|eMERGE|Columbia|KP|Nugene|PHB|BioMe,"1.4 [1.3,1.52]",NA,FALSE
20260923,Coronary heart disease (incident and prevalent),Train: Multi incl. EUR,African,European,European,PGS000200,GRS28,Genome-wide significant variants,28,PPM000610,PSS000333,0.748,0.7414562474318029,0.7544329834141472,inferred_hm,45645,8108,37537,44.6,"age at first EHR record, duration of EHR, sex, eMERGE site, first five ancestry-specific principal components",MAYO|BioVU|eMERGE|Columbia|KP|Nugene|CCHMC|MyCode|Marshfield|PHB|BioMe,"1.24 [1.21,1.28]",NA,FALSE
20260923,Coronary heart disease (incident and prevalent),Train: Multi incl. EUR,African,Target,African,PGS000200,GRS28,Genome-wide significant variants,28,PPM000611,PSS000331,0.763,0.7429981121390307,0.781902135937021,inferred_hm,7597,838,6759,31,"age at first EHR record, duration of EHR, sex, eMERGE site, first five ancestry-specific principal components",BioVU|eMERGE|Columbia|KP|Nugene|PHB|BioMe,"1.07 [0.99,1.16]",NA,FALSE
20260923,Coronary heart disease (incident and prevalent),Train: Multi incl. EUR,Hispanic or Latin American,European,European,PGS000011,GRS50,Genome-wide significant variants,50,PPM000598,PSS000333,0.75,0.7434703215879584,0.756417926423724,inferred_hm,45645,8108,37537,44.6,"age at first EHR record, duration of EHR, sex, eMERGE site, first five ancestry-specific principal components",MAYO|BioVU|eMERGE|Columbia|KP|Nugene|CCHMC|MyCode|Marshfield|PHB|BioMe,"1.28 [1.25,1.32]",NA,FALSE
20260923,Coronary heart disease (incident and prevalent),Train: Multi incl. EUR,Hispanic or Latin American,Target,Hispanic or Latin American,PGS000011,GRS50,Genome-wide significant variants,50,PPM000604,PSS000335,0.769,0.740094446117248,0.7955787498818142,inferred_hm,2493,419,2074,36.2,"age at first EHR record, duration of EHR, sex, eMERGE site, first five ancestry-specific principal components",MAYO|BioVU|eMERGE|Columbia|KP|Nugene|PHB|BioMe,"1.2 [1.06,1.35]",NA,FALSE
20260923,Coronary heart disease (incident and prevalent),Train: Multi incl. EUR,Hispanic or Latin American,European,European,PGS000013,GPS_CAD,LDpred,6630150,PPM000599,PSS000333,0.77,0.7636231398873919,0.7762552343232489,inferred_hm,45645,8108,37537,44.6,"age at first EHR record, duration of EHR, sex, eMERGE site, first five ancestry-specific principal components",MAYO|BioVU|eMERGE|Columbia|KP|Nugene|CCHMC|MyCode|Marshfield|PHB|BioMe,"1.66 [1.62,1.71]",NA,FALSE
20260923,Coronary heart disease (incident and prevalent),Train: Multi incl. EUR,Hispanic or Latin American,European,European,PGS000013,GPS_CAD,LDpred,6630150,PPM017089,PSS010122,0.784,0.76,0.808,reported_native_or_parsed,4218,388,3830,47,"sex, age",CoLaus,"1.6 [1.44,1.79]",NA,FALSE
20260923,Coronary heart disease (incident and prevalent),Train: Multi incl. EUR,Hispanic or Latin American,Target,Hispanic or Latin American,PGS000013,GPS_CAD,LDpred,6630150,PPM000605,PSS000335,0.776,0.747320520273509,0.802285518284014,inferred_hm,2493,419,2074,36.2,"age at first EHR record, duration of EHR, sex, eMERGE site, first five ancestry-specific principal components",MAYO|BioVU|eMERGE|Columbia|KP|Nugene|PHB|BioMe,"1.42 [1.25,1.61]",NA,FALSE
20260923,Coronary heart disease (incident and prevalent),Train: Multi incl. EUR,Hispanic or Latin American,European,European,PGS000018,metaGRS_CAD,metaGRS,1745179,PPM000600,PSS000333,0.772,0.7656396669195497,0.7782377156571095,inferred_hm,45645,8108,37537,44.6,"age at first EHR record, duration of EHR, sex, eMERGE site, first five ancestry-specific principal components",MAYO|BioVU|eMERGE|Columbia|KP|Nugene|CCHMC|MyCode|Marshfield|PHB|BioMe,"1.73 [1.68,1.78]",NA,FALSE
20260923,Coronary heart disease (incident and prevalent),Train: Multi incl. EUR,Hispanic or Latin American,European,European,PGS000018,metaGRS_CAD,metaGRS,1745179,PPM017085,PSS010122,0.793,0.77,0.816,reported_native_or_parsed,4218,388,3830,47,"sex, age",CoLaus,"1.63 [1.45,1.83]",NA,FALSE
20260923,Coronary heart disease (incident and prevalent),Train: Multi incl. EUR,Hispanic or Latin American,Target,Hispanic or Latin American,PGS000018,metaGRS_CAD,metaGRS,1745179,PPM000606,PSS000335,0.794,0.7659606510133298,0.8194718084477043,inferred_hm,2493,419,2074,36.2,"age at first EHR record, duration of EHR, sex, eMERGE site, first five ancestry-specific principal components",MAYO|BioVU|eMERGE|Columbia|KP|Nugene|PHB|BioMe,"1.93 [1.67,2.22]",NA,FALSE
20260923,Coronary heart disease (incident and prevalent),Train: Multi incl. EUR,Hispanic or Latin American,European,European,PGS000200,GRS28,Genome-wide significant variants,28,PPM000610,PSS000333,0.748,0.7414562474318029,0.7544329834141472,inferred_hm,45645,8108,37537,44.6,"age at first EHR record, duration of EHR, sex, eMERGE site, first five ancestry-specific principal components",MAYO|BioVU|eMERGE|Columbia|KP|Nugene|CCHMC|MyCode|Marshfield|PHB|BioMe,"1.24 [1.21,1.28]",NA,FALSE
20260923,Coronary heart disease (incident and prevalent),Train: Multi incl. EUR,Hispanic or Latin American,Target,Hispanic or Latin American,PGS000200,GRS28,Genome-wide significant variants,28,PPM000612,PSS000335,0.771,0.7421577753955566,0.7974962535382099,inferred_hm,2493,419,2074,36.2,"age at first EHR record, duration of EHR, sex, eMERGE site, first five ancestry-specific principal components",MAYO|BioVU|eMERGE|Columbia|KP|Nugene|PHB|BioMe,"1.27 [1.12,1.42]",NA,FALSE
20260923,Epithelial non-mucinous ovarian cancer,Train: European-only,East Asian,European,European,PGS002250,PRS_S4,Select and shrink for summary statistics (S4),27240,PPM016269,PSS010091,0.588,0.564892771759518,0.6107257202520578,inferred_hm,198758,657,198101,0,NA,UKB,"1.38 [1.28,1.48]",NA,FALSE
20260923,Epithelial non-mucinous ovarian cancer,Train: European-only,East Asian,Target,East Asian,PGS002250,PRS_S4,Select and shrink for summary statistics (S4),27240,PPM016272,PSS010090,0.538,0.5245559418951902,0.5513890193637365,inferred_hm,7669,2841,4828,0,NA,OCAC,"1.14 [1.08,1.19]",NA,FALSE
20260923,Epithelial non-mucinous ovarian cancer,Train: European-only,East Asian,European,European,PGS003394,PRS_Stepwise,Stepwise logistic regression,36,PPM016274,PSS010091,0.595,0.5718521176943767,0.6177329768107886,inferred_hm,198758,657,198101,0,NA,UKB,"1.39 [1.29,1.5]",NA,FALSE
20260923,Epithelial non-mucinous ovarian cancer,Train: European-only,East Asian,Target,East Asian,PGS003394,PRS_Stepwise,Stepwise logistic regression,36,PPM016275,PSS010090,0.542,0.5285543612176374,0.5553847403780907,inferred_hm,7669,2841,4828,0,NA,OCAC,"1.17 [1.11,1.23]",NA,FALSE
20260923,Incident chronic obstructive pulmonary disease before age 50 years,Train: European-only,African,European,European,PGS001800,PRS_FEV1,lassosum,1713430,PPM015563,PSS009985,0.739,0.718,0.761,reported_native_or_parsed,6647,NA,NA,52.3,"PGS001801, early-life risk factors, principal components of genetic ancestry",COPDGene,"1.55 [1.41,1.71]",NA,FALSE
20260923,Incident chronic obstructive pulmonary disease before age 50 years,Train: European-only,African,Target,African,PGS001800,PRS_FEV1,lassosum,1713430,PPM015564,PSS009983,0.635,0.595,0.675,reported_native_or_parsed,2464,NA,NA,57.6,"PGS001801, early-life risk factors, principal components of genetic ancestry",COPDGene,"1.23 [1.05,1.43]",NA,FALSE
20260923,Incident chronic obstructive pulmonary disease before age 50 years,Train: European-only,African,European,European,PGS001801,PRS_Ratio,lassosum,1232916,PPM015566,PSS009985,0.739,0.718,0.761,reported_native_or_parsed,6647,NA,NA,52.3,"PGS001800, early-life risk factors, principal components of genetic ancestry",COPDGene,"1.55 [1.41,1.71]",NA,FALSE
20260923,Incident chronic obstructive pulmonary disease before age 50 years,Train: European-only,African,Target,African,PGS001801,PRS_Ratio,lassosum,1232916,PPM015567,PSS009983,0.635,0.595,0.675,reported_native_or_parsed,2464,NA,NA,57.6,"PGS001800, early-life risk factors, principal components of genetic ancestry",COPDGene,"1.23 [1.05,1.43]",NA,FALSE
20260923,Incident coronary heart disease,Train: Multi incl. EUR,East Asian,European,European,PGS004696,multi_anc_hg37CSx,PRS-CSx,1289980,PPM020904,PSS011448,0.774,0.7660558629762767,0.781751229797029,inferred_hm,52702,4970,47732,NA,"age, sex, 10 PCs",WHI|ARIC|CHS|MESA|eMERGE,"1.65 [1.59,1.71]",NA,FALSE
20260923,Incident coronary heart disease,Train: Multi incl. EUR,East Asian,Target,East Asian,PGS004696,multi_anc_hg37CSx,PRS-CSx,1289980,PPM020910,PSS011447,0.762,0.7544482563727573,0.7693904862435694,inferred_hm,22751,6321,16430,NA,"age, sex, 10 PCs",BBJ|TaiChi|OACIS,"1.59 [1.54,1.64]",NA,FALSE
20260923,Incident coronary heart disease,Train: Multi incl. EUR,East Asian,European,European,PGS004697,eur_anc_hg37CSx,PRS-CSx,1120251,PPM020903,PSS011448,0.773,0.7650461613201196,0.7807617405264295,inferred_hm,52702,4970,47732,NA,"age, sex, 10 PCs",WHI|ARIC|CHS|MESA|eMERGE,"1.55 [1.5,1.6]",NA,FALSE
20260923,Incident coronary heart disease,Train: Multi incl. EUR,East Asian,Target,East Asian,PGS004697,eur_anc_hg37CSx,PRS-CSx,1120251,PPM020909,PSS011447,0.756,0.7483897380855364,0.7634528348346559,inferred_hm,22751,6321,16430,NA,"age, sex, 10 PCs",BBJ|TaiChi|OACIS,"1.51 [1.44,1.59]",NA,FALSE
20260923,Incident coronary heart disease,Train: Multi incl. EUR,East Asian,European,European,PGS004698,multi_anc_hg37PT,Pruning and Thresholding (P+T),542218,PPM020913,PSS011448,0.773,0.7650461613201196,0.7807617405264295,inferred_hm,52702,4970,47732,NA,"age, sex, 10 PCs",WHI|ARIC|CHS|MESA|eMERGE,1.65,NA,FALSE
20260923,Incident coronary heart disease,Train: Multi incl. EUR,East Asian,Target,East Asian,PGS004698,multi_anc_hg37PT,Pruning and Thresholding (P+T),542218,PPM020916,PSS011447,0.748,0.7403152143741555,0.755532468540289,inferred_hm,22751,6321,16430,NA,"age, sex, 10 PCs",BBJ|TaiChi|OACIS,"1.56 [1.5,1.61]",NA,FALSE
20260923,Incident coronary heart disease,Train: Multi incl. EUR,Hispanic or Latin American,European,European,PGS004696,multi_anc_hg37CSx,PRS-CSx,1289980,PPM020904,PSS011448,0.774,0.7660558629762767,0.781751229797029,inferred_hm,52702,4970,47732,NA,"age, sex, 10 PCs",WHI|ARIC|CHS|MESA|eMERGE,"1.65 [1.59,1.71]",NA,FALSE
20260923,Incident coronary heart disease,Train: Multi incl. EUR,Hispanic or Latin American,Target,Hispanic or Latin American,PGS004696,multi_anc_hg37CSx,PRS-CSx,1289980,PPM020908,PSS011449,0.706,0.6720669325934671,0.7377917421854601,inferred_hm,6138,314,5824,NA,"age, sex, 10 PCs",WHI|MESA|eMERGE,"1.51 [1.35,1.69]",NA,FALSE
20260923,Incident coronary heart disease,Train: Multi incl. EUR,Hispanic or Latin American,European,European,PGS004697,eur_anc_hg37CSx,PRS-CSx,1120251,PPM020903,PSS011448,0.773,0.7650461613201196,0.7807617405264295,inferred_hm,52702,4970,47732,NA,"age, sex, 10 PCs",WHI|ARIC|CHS|MESA|eMERGE,"1.55 [1.5,1.6]",NA,FALSE
20260923,Incident coronary heart disease,Train: Multi incl. EUR,Hispanic or Latin American,Target,Hispanic or Latin American,PGS004697,eur_anc_hg37CSx,PRS-CSx,1120251,PPM020907,PSS011449,0.708,0.674096143023327,0.7397385783057099,inferred_hm,6138,314,5824,NA,"age, sex, 10 PCs",WHI|MESA|eMERGE,"1.52 [1.36,1.71]",NA,FALSE
20260923,Incident coronary heart disease,Train: Multi incl. EUR,Hispanic or Latin American,European,European,PGS004698,multi_anc_hg37PT,Pruning and Thresholding (P+T),542218,PPM020913,PSS011448,0.773,0.7650461613201196,0.7807617405264295,inferred_hm,52702,4970,47732,NA,"age, sex, 10 PCs",WHI|ARIC|CHS|MESA|eMERGE,1.65,NA,FALSE
20260923,Incident coronary heart disease,Train: Multi incl. EUR,Hispanic or Latin American,Target,Hispanic or Latin American,PGS004698,multi_anc_hg37PT,Pruning and Thresholding (P+T),542218,PPM020915,PSS011449,0.699,0.6649718219703824,0.7309702769478457,inferred_hm,6138,314,5824,NA,"age, sex, 10 PCs",WHI|MESA|eMERGE,"1.38 [1.24,1.54]",NA,FALSE
20260923,Incident coronary heart disease,Train: Multi incl. EUR,South Asian,European,European,PGS004696,multi_anc_hg37CSx,PRS-CSx,1289980,PPM020904,PSS011448,0.774,0.7660558629762767,0.781751229797029,inferred_hm,52702,4970,47732,NA,"age, sex, 10 PCs",WHI|ARIC|CHS|MESA|eMERGE,"1.65 [1.59,1.71]",NA,FALSE
20260923,Incident coronary heart disease,Train: Multi incl. EUR,South Asian,Target,South Asian,PGS004696,multi_anc_hg37CSx,PRS-CSx,1289980,PPM020912,PSS011450,0.803,0.7788401494360807,0.8251132302329542,inferred_hm,9178,517,8661,NA,"age, sex, 10 PCs",UKB,"2.67 [2.39,3.01]",NA,FALSE
20260923,Incident coronary heart disease,Train: Multi incl. EUR,South Asian,European,European,PGS004697,eur_anc_hg37CSx,PRS-CSx,1120251,PPM020903,PSS011448,0.773,0.7650461613201196,0.7807617405264295,inferred_hm,52702,4970,47732,NA,"age, sex, 10 PCs",WHI|ARIC|CHS|MESA|eMERGE,"1.55 [1.5,1.6]",NA,FALSE
20260923,Incident coronary heart disease,Train: Multi incl. EUR,South Asian,Target,South Asian,PGS004697,eur_anc_hg37CSx,PRS-CSx,1120251,PPM020911,PSS011450,0.803,0.7788401494360807,0.8251132302329542,inferred_hm,9178,517,8661,NA,"age, sex, 10 PCs",UKB,"2.47 [2.23,2.73]",NA,FALSE
20260923,Incident coronary heart disease,Train: Multi incl. EUR,South Asian,European,European,PGS004698,multi_anc_hg37PT,Pruning and Thresholding (P+T),542218,PPM020913,PSS011448,0.773,0.7650461613201196,0.7807617405264295,inferred_hm,52702,4970,47732,NA,"age, sex, 10 PCs",WHI|ARIC|CHS|MESA|eMERGE,1.65,NA,FALSE
20260923,Incident coronary heart disease,Train: Multi incl. EUR,South Asian,Target,South Asian,PGS004698,multi_anc_hg37PT,Pruning and Thresholding (P+T),542218,PPM020917,PSS011450,0.786,0.7613117372584134,0.8087760807087931,inferred_hm,9178,517,8661,NA,"age, sex, 10 PCs",UKB,"2.75 [2.41,3.14]",NA,FALSE
20260923,Seropositive RA,Train: Multi incl. EUR,South Asian,European,European,PGS004118,pt_clump.auto.GCST90013534.RA,pt_clump.auto,91,PPM020005,PSS011222,0.57951242,0.56779004,0.5912348,reported_native_or_parsed,199274,2384,196890,NA,0,EB,"1.33056123 [1.27927587,1.3839026]",NA,FALSE
20260923,Seropositive RA,Train: Multi incl. EUR,South Asian,European,European,PGS004118,pt_clump.auto.GCST90013534.RA,pt_clump.auto,91,PPM020006,PSS011233,0.59424645,0.58836034,0.60013257,reported_native_or_parsed,388890,9332,379558,NA,0,FinnGen,"1.40295959 [1.37512281,1.43135987]",NA,FALSE
20260923,Seropositive RA,Train: Multi incl. EUR,South Asian,European,European,PGS004118,pt_clump.auto.GCST90013534.RA,pt_clump.auto,91,PPM020008,PSS011262,0.57047194,0.55330355,0.58764034,reported_native_or_parsed,66865,1139,65726,NA,0,HUNT,"1.30274132 [1.23029942,1.37944872]",NA,FALSE
20260923,Seropositive RA,Train: Multi incl. EUR,South Asian,European,European,PGS004118,pt_clump.auto.GCST90013534.RA,pt_clump.auto,91,PPM020009,PSS011275,0.62336664,0.58200096,0.66473232,reported_native_or_parsed,90274,205,90069,NA,0,UKB,"1.56662791 [1.37347647,1.78694216]",NA,FALSE
20260923,Seropositive RA,Train: Multi incl. EUR,South Asian,Target,South Asian,PGS004118,pt_clump.auto.GCST90013534.RA,pt_clump.auto,91,PPM020007,PSS011246,0.65379174,0.59209129,0.71549218,reported_native_or_parsed,44057,60,43997,NA,0,G&H,"1.70576488 [1.31671088,2.20977427]",NA,FALSE
20260923,Seropositive RA,Train: Multi incl. EUR,South Asian,European,European,PGS004133,pt_clump_nested.CV.GCST90013534.RA,pt_clump_nested.CV,155,PPM020010,PSS011222,0.58105264,0.56930556,0.59279972,reported_native_or_parsed,199274,2384,196890,NA,0,EB,"1.34748816 [1.29508225,1.40201468]",NA,FALSE
20260923,Seropositive RA,Train: Multi incl. EUR,South Asian,European,European,PGS004133,pt_clump_nested.CV.GCST90013534.RA,pt_clump_nested.CV,155,PPM020011,PSS011233,0.59988036,0.59403334,0.60572738,reported_native_or_parsed,388890,9332,379558,NA,0,FinnGen,"1.4356229 [1.40681814,1.46501743]",NA,FALSE
20260923,Seropositive RA,Train: Multi incl. EUR,South Asian,European,European,PGS004133,pt_clump_nested.CV.GCST90013534.RA,pt_clump_nested.CV,155,PPM020013,PSS011262,0.57616183,0.55915512,0.59316854,reported_native_or_parsed,66865,1139,65726,NA,0,HUNT,"1.33066622 [1.25591817,1.40986302]",NA,FALSE
20260923,Seropositive RA,Train: Multi incl. EUR,South Asian,European,European,PGS004133,pt_clump_nested.CV.GCST90013534.RA,pt_clump_nested.CV,155,PPM020014,PSS011275,0.60811855,0.56762836,0.64860873,reported_native_or_parsed,90274,205,90069,NA,0,UKB,"1.49068123 [1.30391606,1.70419754]",NA,FALSE
20260923,Seropositive RA,Train: Multi incl. EUR,South Asian,Target,South Asian,PGS004133,pt_clump_nested.CV.GCST90013534.RA,pt_clump_nested.CV,155,PPM020012,PSS011246,0.62630388,0.55995128,0.69265647,reported_native_or_parsed,44057,60,43997,NA,0,G&H,"1.546173 [1.19528898,2.00006106]",NA,FALSE
20260923,Stroke excluding subarachnoid hemorrhage,Train: Multi incl. EUR,South Asian,European,European,PGS003984,dbslmm.auto.GCST005838.Stroke,DBSLMM-auto,1121845,PPM019449,PSS011223,0.53316252,0.52473906,0.54158598,reported_native_or_parsed,48148,4515,43633,NA,0,EB,"1.12082635 [1.08824491,1.15438327]",NA,FALSE
20260923,Stroke excluding subarachnoid hemorrhage,Train: Multi incl. EUR,South Asian,European,European,PGS003984,dbslmm.auto.GCST005838.Stroke,DBSLMM-auto,1121845,PPM019450,PSS011234,0.54056611,0.53695,0.54418221,reported_native_or_parsed,376733,26166,350567,NA,0,FinnGen,"1.1534137 [1.13900681,1.16800282]",NA,FALSE
20260923,Stroke excluding subarachnoid hemorrhage,Train: Multi incl. EUR,South Asian,European,European,PGS003984,dbslmm.auto.GCST005838.Stroke,DBSLMM-auto,1121845,PPM019452,PSS011263,0.53176243,0.52370534,0.53981953,reported_native_or_parsed,66865,5204,61661,NA,0,HUNT,"1.12141128 [1.09009411,1.15362816]",NA,FALSE
20260923,Stroke excluding subarachnoid hemorrhage,Train: Multi incl. EUR,South Asian,European,European,PGS003984,dbslmm.auto.GCST005838.Stroke,DBSLMM-auto,1121845,PPM019454,PSS011276,0.55394564,0.54139946,0.56649182,reported_native_or_parsed,90274,2035,88239,NA,0,UKB,"1.2091245 [1.15705376,1.26353856]",NA,FALSE
20260923,Stroke excluding subarachnoid hemorrhage,Train: Multi incl. EUR,South Asian,Target,South Asian,PGS003984,dbslmm.auto.GCST005838.Stroke,DBSLMM-auto,1121845,PPM019451,PSS011247,0.52518752,0.49747233,0.55290272,reported_native_or_parsed,44057,424,43633,NA,0,G&H,"1.09189051 [0.99222365,1.20156871]",NA,FALSE
20260923,Stroke excluding subarachnoid hemorrhage,Train: Multi incl. EUR,South Asian,Target,South Asian,PGS003984,dbslmm.auto.GCST005838.Stroke,DBSLMM-auto,1121845,PPM019453,PSS011290,0.54627963,0.50596882,0.58659045,reported_native_or_parsed,9326,211,9115,NA,0,UKB,"1.18126358 [1.0309514,1.3534912]",NA,FALSE
20260923,Stroke excluding subarachnoid hemorrhage,Train: Multi incl. EUR,South Asian,European,European,PGS004000,lassosum.auto.GCST005838.Stroke,lassosum.auto,2371,PPM019497,PSS011223,0.52666275,0.51816735,0.53515816,reported_native_or_parsed,48148,4515,43633,NA,0,EB,"1.09991862 [1.06793864,1.13285627]",NA,FALSE
20260923,Stroke excluding subarachnoid hemorrhage,Train: Multi incl. EUR,South Asian,European,European,PGS004000,lassosum.auto.GCST005838.Stroke,lassosum.auto,2371,PPM019498,PSS011234,0.53217798,0.52855431,0.53580164,reported_native_or_parsed,376733,26166,350567,NA,0,FinnGen,"1.12014927 [1.10615947,1.134316]",NA,FALSE
20260923,Stroke excluding subarachnoid hemorrhage,Train: Multi incl. EUR,South Asian,European,European,PGS004000,lassosum.auto.GCST005838.Stroke,lassosum.auto,2371,PPM019500,PSS011263,0.53372024,0.52560348,0.541837,reported_native_or_parsed,66865,5204,61661,NA,0,HUNT,"1.12602489 [1.09455712,1.15839733]",NA,FALSE
20260923,Stroke excluding subarachnoid hemorrhage,Train: Multi incl. EUR,South Asian,European,European,PGS004000,lassosum.auto.GCST005838.Stroke,lassosum.auto,2371,PPM019502,PSS011276,0.53743397,0.52459314,0.55027481,reported_native_or_parsed,90274,2035,88239,NA,0,UKB,"1.12992714 [1.08122629,1.18082159]",NA,FALSE
20260923,Stroke excluding subarachnoid hemorrhage,Train: Multi incl. EUR,South Asian,Target,South Asian,PGS004000,lassosum.auto.GCST005838.Stroke,lassosum.auto,2371,PPM019499,PSS011247,0.50961985,0.48298884,0.53625086,reported_native_or_parsed,44057,424,43633,NA,0,G&H,"1.03582237 [0.94136503,1.13975765]",NA,FALSE
20260923,Stroke excluding subarachnoid hemorrhage,Train: Multi incl. EUR,South Asian,Target,South Asian,PGS004000,lassosum.auto.GCST005838.Stroke,lassosum.auto,2371,PPM019501,PSS011290,0.51988909,0.48202597,0.55775222,reported_native_or_parsed,9326,211,9115,NA,0,UKB,"1.05895439 [0.92378141,1.21390666]",NA,FALSE
20260923,Stroke excluding subarachnoid hemorrhage,Train: Multi incl. EUR,South Asian,European,European,PGS004015,lassosum.CV.GCST005838.Stroke,lassosum.CV,65138,PPM019503,PSS011223,0.52856921,0.52001445,0.53712397,reported_native_or_parsed,48148,4515,43633,NA,0,EB,"1.10789018 [1.07566831,1.14107726]",NA,FALSE
20260923,Stroke excluding subarachnoid hemorrhage,Train: Multi incl. EUR,South Asian,European,European,PGS004015,lassosum.CV.GCST005838.Stroke,lassosum.CV,65138,PPM019504,PSS011234,0.53782157,0.53420355,0.54143959,reported_native_or_parsed,376733,26166,350567,NA,0,FinnGen,"1.14267363 [1.12839302,1.15713496]",NA,FALSE
20260923,Stroke excluding subarachnoid hemorrhage,Train: Multi incl. EUR,South Asian,European,European,PGS004015,lassosum.CV.GCST005838.Stroke,lassosum.CV,65138,PPM019506,PSS011263,0.53260376,0.52447165,0.54073587,reported_native_or_parsed,66865,5204,61661,NA,0,HUNT,"1.12027231 [1.08897574,1.15246834]",NA,FALSE
20260923,Stroke excluding subarachnoid hemorrhage,Train: Multi incl. EUR,South Asian,European,European,PGS004015,lassosum.CV.GCST005838.Stroke,lassosum.CV,65138,PPM019508,PSS011276,0.54519779,0.53247659,0.557919,reported_native_or_parsed,90274,2035,88239,NA,0,UKB,"1.17791771 [1.12708219,1.2310461]",NA,FALSE
20260923,Stroke excluding subarachnoid hemorrhage,Train: Multi incl. EUR,South Asian,Target,South Asian,PGS004015,lassosum.CV.GCST005838.Stroke,lassosum.CV,65138,PPM019505,PSS011247,0.53470756,0.50835875,0.56105638,reported_native_or_parsed,44057,424,43633,NA,0,G&H,"1.10577264 [1.00477493,1.21692241]",NA,FALSE
20260923,Stroke excluding subarachnoid hemorrhage,Train: Multi incl. EUR,South Asian,Target,South Asian,PGS004015,lassosum.CV.GCST005838.Stroke,lassosum.CV,65138,PPM019507,PSS011290,0.55553603,0.51834024,0.59273181,reported_native_or_parsed,9326,211,9115,NA,0,UKB,"1.18186743 [1.03090876,1.35493138]",NA,FALSE
20260923,Stroke excluding subarachnoid hemorrhage,Train: Multi incl. EUR,South Asian,European,European,PGS004041,ldpred2.CV.GCST005838.Stroke,LDpred2.CV,1011468,PPM019431,PSS011223,0.53109557,0.52258315,0.53960799,reported_native_or_parsed,48148,4515,43633,NA,0,EB,"1.11588306 [1.08343617,1.14930168]",NA,FALSE
20260923,Stroke excluding subarachnoid hemorrhage,Train: Multi incl. EUR,South Asian,European,European,PGS004041,ldpred2.CV.GCST005838.Stroke,LDpred2.CV,1011468,PPM019432,PSS011234,0.54311112,0.53949521,0.54672704,reported_native_or_parsed,376733,26166,350567,NA,0,FinnGen,"1.16331807 [1.14877996,1.17804017]",NA,FALSE
20260923,Stroke excluding subarachnoid hemorrhage,Train: Multi incl. EUR,South Asian,European,European,PGS004041,ldpred2.CV.GCST005838.Stroke,LDpred2.CV,1011468,PPM019434,PSS011263,0.53728854,0.52919837,0.54537871,reported_native_or_parsed,66865,5204,61661,NA,0,HUNT,"1.1392096 [1.10739553,1.17193764]",NA,FALSE
20260923,Stroke excluding subarachnoid hemorrhage,Train: Multi incl. EUR,South Asian,European,European,PGS004041,ldpred2.CV.GCST005838.Stroke,LDpred2.CV,1011468,PPM019436,PSS011276,0.55309041,0.54044775,0.56573307,reported_native_or_parsed,90274,2035,88239,NA,0,UKB,"1.20936332 [1.15728071,1.26378987]",NA,FALSE
20260923,Stroke excluding subarachnoid hemorrhage,Train: Multi incl. EUR,South Asian,Target,South Asian,PGS004041,ldpred2.CV.GCST005838.Stroke,LDpred2.CV,1011468,PPM019433,PSS011247,0.53257472,0.50585239,0.55929704,reported_native_or_parsed,44057,424,43633,NA,0,G&H,"1.11160039 [1.01001276,1.22340576]",NA,FALSE
20260923,Stroke excluding subarachnoid hemorrhage,Train: Multi incl. EUR,South Asian,Target,South Asian,PGS004041,ldpred2.CV.GCST005838.Stroke,LDpred2.CV,1011468,PPM019435,PSS011290,0.56450359,0.52632653,0.60268065,reported_native_or_parsed,9326,211,9115,NA,0,UKB,"1.21092046 [1.05660791,1.38776963]",NA,FALSE
20260923,Stroke excluding subarachnoid hemorrhage,Train: Multi incl. EUR,South Asian,European,European,PGS004054,megaprs.auto.GCST005838.Stroke,megaprs.auto,852173,PPM019473,PSS011223,0.53265118,0.52410638,0.54119598,reported_native_or_parsed,48148,4515,43633,NA,0,EB,"1.12004658 [1.08747936,1.15358912]",NA,FALSE
20260923,Stroke excluding subarachnoid hemorrhage,Train: Multi incl. EUR,South Asian,European,European,PGS004054,megaprs.auto.GCST005838.Stroke,megaprs.auto,852173,PPM019474,PSS011234,0.54466538,0.54105858,0.54827219,reported_native_or_parsed,376733,26166,350567,NA,0,FinnGen,"1.1697064 [1.15508988,1.18450788]",NA,FALSE
20260923,Stroke excluding subarachnoid hemorrhage,Train: Multi incl. EUR,South Asian,European,European,PGS004054,megaprs.auto.GCST005838.Stroke,megaprs.auto,852173,PPM019476,PSS011263,0.53901586,0.53097366,0.54705807,reported_native_or_parsed,66865,5204,61661,NA,0,HUNT,"1.1469006 [1.11485209,1.17987041]",NA,FALSE
20260923,Stroke excluding subarachnoid hemorrhage,Train: Multi incl. EUR,South Asian,European,European,PGS004054,megaprs.auto.GCST005838.Stroke,megaprs.auto,852173,PPM019478,PSS011276,0.55421414,0.54154316,0.56688511,reported_native_or_parsed,90274,2035,88239,NA,0,UKB,"1.21482693 [1.16243507,1.26958012]",NA,FALSE
20260923,Stroke excluding subarachnoid hemorrhage,Train: Multi incl. EUR,South Asian,Target,South Asian,PGS004054,megaprs.auto.GCST005838.Stroke,megaprs.auto,852173,PPM019475,PSS011247,0.52468807,0.49822599,0.55115015999999994,reported_native_or_parsed,44057,424,43633,NA,0,G&H,"1.09217786 [0.99244315,1.20193532]",NA,FALSE
20260923,Stroke excluding subarachnoid hemorrhage,Train: Multi incl. EUR,South Asian,Target,South Asian,PGS004054,megaprs.auto.GCST005838.Stroke,megaprs.auto,852173,PPM019477,PSS011290,0.56841647,0.52959783,0.60723511,reported_native_or_parsed,9326,211,9115,NA,0,UKB,"1.23491822 [1.07805871,1.41460106]",NA,FALSE
20260923,Stroke excluding subarachnoid hemorrhage,Train: Multi incl. EUR,South Asian,European,European,PGS004070,megaprs.CV.GCST005838.Stroke,megaprs.CV,852173,PPM019479,PSS011223,0.53342218,0.52488642,0.54195793,reported_native_or_parsed,48148,4515,43633,NA,0,EB,"1.12261856 [1.08997461,1.15624017]",NA,FALSE
20260923,Stroke excluding subarachnoid hemorrhage,Train: Multi incl. EUR,South Asian,European,European,PGS004070,megaprs.CV.GCST005838.Stroke,megaprs.CV,852173,PPM019480,PSS011234,0.54523701,0.54162844,0.54884559,reported_native_or_parsed,376733,26166,350567,NA,0,FinnGen,"1.1723635 [1.15771305,1.18719934]",NA,FALSE
20260923,Stroke excluding subarachnoid hemorrhage,Train: Multi incl. EUR,South Asian,European,European,PGS004070,megaprs.CV.GCST005838.Stroke,megaprs.CV,852173,PPM019482,PSS011263,0.53865502,0.53061568,0.54669435,reported_native_or_parsed,66865,5204,61661,NA,0,HUNT,"1.14508121 [1.11308982,1.17799207]",NA,FALSE
20260923,Stroke excluding subarachnoid hemorrhage,Train: Multi incl. EUR,South Asian,European,European,PGS004070,megaprs.CV.GCST005838.Stroke,megaprs.CV,852173,PPM019484,PSS011276,0.5562771,0.54365516,0.56889903,reported_native_or_parsed,90274,2035,88239,NA,0,UKB,"1.2247679 [1.1719543,1.27996152]",NA,FALSE
20260923,Stroke excluding subarachnoid hemorrhage,Train: Multi incl. EUR,South Asian,Target,South Asian,PGS004070,megaprs.CV.GCST005838.Stroke,megaprs.CV,852173,PPM019481,PSS011247,0.52534679,0.49869346,0.55200012,reported_native_or_parsed,44057,424,43633,NA,0,G&H,"1.09523546 [0.99518242,1.20534758]",NA,FALSE
20260923,Stroke excluding subarachnoid hemorrhage,Train: Multi incl. EUR,South Asian,Target,South Asian,PGS004070,megaprs.CV.GCST005838.Stroke,megaprs.CV,852173,PPM019483,PSS011290,0.56985595,0.53098801,0.60872389,reported_native_or_parsed,9326,211,9115,NA,0,UKB,"1.24252138 [1.08479041,1.42318679]",NA,FALSE
20260923,Stroke excluding subarachnoid hemorrhage,Train: Multi incl. EUR,South Asian,European,European,PGS004098,prscs.CV.GCST005838.Stroke,PRS-CS.CV,1091747,PPM019485,PSS011223,0.52781152,0.51930204,0.53632099,reported_native_or_parsed,48148,4515,43633,NA,0,EB,"1.10211008 [1.07007216,1.13510722]",NA,FALSE
20260923,Stroke excluding subarachnoid hemorrhage,Train: Multi incl. EUR,South Asian,European,European,PGS004098,prscs.CV.GCST005838.Stroke,PRS-CS.CV,1091747,PPM019486,PSS011234,0.54021718,0.53659848,0.54383588,reported_native_or_parsed,376733,26166,350567,NA,0,FinnGen,"1.15334852 [1.13893748,1.16794189]",NA,FALSE
20260923,Stroke excluding subarachnoid hemorrhage,Train: Multi incl. EUR,South Asian,European,European,PGS004098,prscs.CV.GCST005838.Stroke,PRS-CS.CV,1091747,PPM019488,PSS011263,0.53212733,0.52404907,0.54020559,reported_native_or_parsed,66865,5204,61661,NA,0,HUNT,"1.11616515 [1.08500902,1.14821592]",NA,FALSE
20260923,Stroke excluding subarachnoid hemorrhage,Train: Multi incl. EUR,South Asian,European,European,PGS004098,prscs.CV.GCST005838.Stroke,PRS-CS.CV,1091747,PPM019490,PSS011276,0.54928192,0.53668704,0.56187681,reported_native_or_parsed,90274,2035,88239,NA,0,UKB,"1.19230561 [1.14094472,1.24597857]",NA,FALSE
20260923,Stroke excluding subarachnoid hemorrhage,Train: Multi incl. EUR,South Asian,Target,South Asian,PGS004098,prscs.CV.GCST005838.Stroke,PRS-CS.CV,1091747,PPM019487,PSS011247,0.54028866,0.51369443,0.56688289,reported_native_or_parsed,44057,424,43633,NA,0,G&H,"1.14226801 [1.03770693,1.25736482]",NA,FALSE
20260923,Stroke excluding subarachnoid hemorrhage,Train: Multi incl. EUR,South Asian,Target,South Asian,PGS004098,prscs.CV.GCST005838.Stroke,PRS-CS.CV,1091747,PPM019489,PSS011290,0.56611803,0.52672065,0.60551542,reported_native_or_parsed,9326,211,9115,NA,0,UKB,"1.23173135 [1.07615164,1.40980329]",NA,FALSE
20260923,Stroke excluding subarachnoid hemorrhage,Train: Multi incl. EUR,South Asian,European,European,PGS004108,pt_clump.auto.GCST005838.Stroke,pt_clump.auto,13,PPM019437,PSS011223,0.52243162,0.51400537,0.53085786,reported_native_or_parsed,48148,4515,43633,NA,0,EB,"1.08290552 [1.0515096,1.11523886]",NA,FALSE
20260923,Stroke excluding subarachnoid hemorrhage,Train: Multi incl. EUR,South Asian,European,European,PGS004108,pt_clump.auto.GCST005838.Stroke,pt_clump.auto,13,PPM019438,PSS011234,0.51813805,0.51449934,0.52177675,reported_native_or_parsed,376733,26166,350567,NA,0,FinnGen,"1.06579249 [1.05251543,1.07923704]",NA,FALSE
20260923,Stroke excluding subarachnoid hemorrhage,Train: Multi incl. EUR,South Asian,European,European,PGS004108,pt_clump.auto.GCST005838.Stroke,pt_clump.auto,13,PPM019440,PSS011263,0.51759799,0.50942967,0.5257663,reported_native_or_parsed,66865,5204,61661,NA,0,HUNT,"1.06708597 [1.03737253,1.09765048]",NA,FALSE
20260923,Stroke excluding subarachnoid hemorrhage,Train: Multi incl. EUR,South Asian,European,European,PGS004108,pt_clump.auto.GCST005838.Stroke,pt_clump.auto,13,PPM019442,PSS011276,0.52424078,0.51165085,0.53683071,reported_native_or_parsed,90274,2035,88239,NA,0,UKB,"1.08404756 [1.03738951,1.13280412]",NA,FALSE
20260923,Stroke excluding subarachnoid hemorrhage,Train: Multi incl. EUR,South Asian,Target,South Asian,PGS004108,pt_clump.auto.GCST005838.Stroke,pt_clump.auto,13,PPM019439,PSS011247,0.51050789,0.4829624,0.53805337,reported_native_or_parsed,44057,424,43633,NA,0,G&H,"0.97392878 [0.88492665,1.07188237]",NA,FALSE
20260923,Stroke excluding subarachnoid hemorrhage,Train: Multi incl. EUR,South Asian,Target,South Asian,PGS004108,pt_clump.auto.GCST005838.Stroke,pt_clump.auto,13,PPM019441,PSS011290,0.49948083,0.4589389,0.54002276,reported_native_or_parsed,9326,211,9115,NA,0,UKB,"0.99729421 [0.87003302,1.1431701]",NA,FALSE
20260923,Stroke excluding subarachnoid hemorrhage,Train: Multi incl. EUR,South Asian,European,European,PGS004124,pt_clump_nested.CV.GCST005838.Stroke,pt_clump_nested.CV,5808,PPM019443,PSS011223,0.51986954,0.51135121,0.52838787,reported_native_or_parsed,48148,4515,43633,NA,0,EB,"1.06894373 [1.03785867,1.10095983]",NA,FALSE
20260923,Stroke excluding subarachnoid hemorrhage,Train: Multi incl. EUR,South Asian,European,European,PGS004124,pt_clump_nested.CV.GCST005838.Stroke,pt_clump_nested.CV,5808,PPM019444,PSS011234,0.52700267,0.52339166,0.53061368,reported_native_or_parsed,376733,26166,350567,NA,0,FinnGen,"1.10078147 [1.08703793,1.11469876]",NA,FALSE
20260923,Stroke excluding subarachnoid hemorrhage,Train: Multi incl. EUR,South Asian,European,European,PGS004124,pt_clump_nested.CV.GCST005838.Stroke,pt_clump_nested.CV,5808,PPM019446,PSS011263,0.52918963,0.52105192,0.53732734,reported_native_or_parsed,66865,5204,61661,NA,0,HUNT,"1.10771682 [1.07678618,1.13953594]",NA,FALSE
20260923,Stroke excluding subarachnoid hemorrhage,Train: Multi incl. EUR,South Asian,European,European,PGS004124,pt_clump_nested.CV.GCST005838.Stroke,pt_clump_nested.CV,5808,PPM019448,PSS011276,0.53537392,0.52278904,0.54795879,reported_native_or_parsed,90274,2035,88239,NA,0,UKB,"1.13266135 [1.08394966,1.18356209]",NA,FALSE
20260923,Stroke excluding subarachnoid hemorrhage,Train: Multi incl. EUR,South Asian,Target,South Asian,PGS004124,pt_clump_nested.CV.GCST005838.Stroke,pt_clump_nested.CV,5808,PPM019445,PSS011247,0.53267263,0.5056658,0.55967946,reported_native_or_parsed,44057,424,43633,NA,0,G&H,"1.12773171 [1.02478049,1.24102559]",NA,FALSE
20260923,Stroke excluding subarachnoid hemorrhage,Train: Multi incl. EUR,South Asian,Target,South Asian,PGS004124,pt_clump_nested.CV.GCST005838.Stroke,pt_clump_nested.CV,5808,PPM019447,PSS011290,0.5449782,0.50570189,0.58425451,reported_native_or_parsed,9326,211,9115,NA,0,UKB,"1.14402567 [0.99833483,1.31097774]",NA,FALSE
20260923,Stroke excluding subarachnoid hemorrhage,Train: Multi incl. EUR,South Asian,European,European,PGS004154,UKBB_EnsPGS.GCST005838.Stroke,UKBB-EUR.MultiPRS.CV,1116976,PPM019461,PSS011223,0.53509473,0.52657818,0.54361127,reported_native_or_parsed,48148,4515,43633,NA,0,EB,"1.12873414 [1.09591702,1.16253397]",NA,FALSE
20260923,Stroke excluding subarachnoid hemorrhage,Train: Multi incl. EUR,South Asian,European,European,PGS004154,UKBB_EnsPGS.GCST005838.Stroke,UKBB-EUR.MultiPRS.CV,1116976,PPM019462,PSS011234,0.54564548,0.54203694,0.54925403,reported_native_or_parsed,376733,26166,350567,NA,0,FinnGen,"1.17326867 [1.15860257,1.18812042]",NA,FALSE
20260923,Stroke excluding subarachnoid hemorrhage,Train: Multi incl. EUR,South Asian,European,European,PGS004154,UKBB_EnsPGS.GCST005838.Stroke,UKBB-EUR.MultiPRS.CV,1116976,PPM019464,PSS011263,0.53788623,0.52982296,0.5459495,reported_native_or_parsed,66865,5204,61661,NA,0,HUNT,"1.14197217 [1.11007941,1.17478122]",NA,FALSE
20260923,Stroke excluding subarachnoid hemorrhage,Train: Multi incl. EUR,South Asian,European,European,PGS004154,UKBB_EnsPGS.GCST005838.Stroke,UKBB-EUR.MultiPRS.CV,1116976,PPM019466,PSS011276,0.55734388,0.54468967,0.56999809,reported_native_or_parsed,90274,2035,88239,NA,0,UKB,"1.23114813 [1.17806817,1.28661969]",NA,FALSE
20260923,Stroke excluding subarachnoid hemorrhage,Train: Multi incl. EUR,South Asian,Target,South Asian,PGS004154,UKBB_EnsPGS.GCST005838.Stroke,UKBB-EUR.MultiPRS.CV,1116976,PPM019463,PSS011247,0.52297492,0.49629776,0.54965208,reported_native_or_parsed,44057,424,43633,NA,0,G&H,"1.0828671 [0.98396133,1.19171469]",NA,FALSE
20260923,Stroke excluding subarachnoid hemorrhage,Train: Multi incl. EUR,South Asian,Target,South Asian,PGS004154,UKBB_EnsPGS.GCST005838.Stroke,UKBB-EUR.MultiPRS.CV,1116976,PPM019465,PSS011290,0.55516167,0.51584288,0.59448045,reported_native_or_parsed,9326,211,9115,NA,0,UKB,"1.18095532 [1.03046264,1.35342652]",NA,FALSE
20260923,Type 2 diabetes,Train: European-only,East Asian,European,European,PGS000330,PRS_T2D,LDpred,6437380,PPM021416,PSS011737,0.726,0.721,0.73,reported_native_or_parsed,109021,10069,98952,NA,"Age at baseline, sex (PGS adjusted for 20 PCs prior to model fitting)",AllofUs,"1.79 [1.75,1.83]",NA,TRUE
20260923,Type 2 diabetes,Train: European-only,East Asian,Target,East Asian,PGS000330,PRS_T2D,LDpred,6437380,PPM021611,PSS011745,0.714,0.658,0.77,reported_native_or_parsed,1432,76,1356,NA,"Age at baseline, sex assessment centre (PGS adjusted for 20 PCs prior to model fitting)",UKB,"1.43 [1.12,1.83]",NA,FALSE
20260923,Type 2 diabetes,Train: European-only,East Asian,European,European,PGS000713,T2D,snpnet (multi-PRS),183830,PPM021420,PSS011737,0.712,0.707,0.717,reported_native_or_parsed,109021,10069,98952,NA,"Age at baseline, sex (PGS adjusted for 20 PCs prior to model fitting)",AllofUs,"1.63 [1.6,1.67]",NA,TRUE
20260923,Type 2 diabetes,Train: European-only,East Asian,Target,East Asian,PGS000713,T2D,snpnet (multi-PRS),183830,PPM021597,PSS011745,0.754,0.7,0.808,reported_native_or_parsed,1432,76,1356,NA,"Age at baseline, sex assessment centre (PGS adjusted for 20 PCs prior to model fitting)",UKB,"1.9 [1.48,2.45]",NA,FALSE
20260923,Type 2 diabetes,Train: European-only,East Asian,European,European,PGS000729,T2D_PGS,LD thinning,2017388,PPM021419,PSS011737,0.712,0.707,0.717,reported_native_or_parsed,109021,10069,98952,NA,"Age at baseline, sex (PGS adjusted for 20 PCs prior to model fitting)",AllofUs,"1.65 [1.61,1.68]",NA,TRUE
20260923,Type 2 diabetes,Train: European-only,East Asian,Target,East Asian,PGS000729,T2D_PGS,LD thinning,2017388,PPM021613,PSS011745,0.718,0.666,0.771,reported_native_or_parsed,1432,76,1356,NA,"Age at baseline, sex assessment centre (PGS adjusted for 20 PCs prior to model fitting)",UKB,"1.4 [1.1,1.8]",NA,FALSE
20260923,Type 2 diabetes,Train: European-only,East Asian,European,European,PGS000864,T2D-gPRS,LD clumping,389243,PPM021431,PSS011737,0.687,0.682,0.692,reported_native_or_parsed,109021,10069,98952,NA,"Age at baseline, sex (PGS adjusted for 20 PCs prior to model fitting)",AllofUs,"1.34 [1.32,1.37]",NA,TRUE
20260923,Type 2 diabetes,Train: European-only,East Asian,Target,East Asian,PGS000864,T2D-gPRS,LD clumping,389243,PPM021617,PSS011745,0.7,0.643,0.757,reported_native_or_parsed,1432,76,1356,NA,"Age at baseline, sex assessment centre (PGS adjusted for 20 PCs prior to model fitting)",UKB,"1.05 [0.83,1.32]",NA,FALSE
20260923,Type 2 diabetes,Train: European-only,East Asian,European,European,PGS000868,T2D_221,Genome-wide significant variants,221,PPM021429,PSS011737,0.696,0.691,0.701,reported_native_or_parsed,109021,10069,98952,NA,"Age at baseline, sex (PGS adjusted for 20 PCs prior to model fitting)",AllofUs,"1.48 [1.45,1.51]",NA,TRUE
20260923,Type 2 diabetes,Train: European-only,East Asian,Target,East Asian,PGS000868,T2D_221,Genome-wide significant variants,221,PPM021608,PSS011745,0.727,0.672,0.782,reported_native_or_parsed,1432,76,1356,NA,"Age at baseline, sex assessment centre (PGS adjusted for 20 PCs prior to model fitting)",UKB,"1.57 [1.24,2.0]",NA,FALSE
20260923,Type 2 diabetes,Train: European-only,East Asian,European,European,PGS001295,GBE_HC165,snpnet,385,PPM008975,PSS004314,0.69318,0.65625,0.73011,reported_native_or_parsed,24905,180,24725,NA,"age, sex, UKB array type, Genotype PCs",UKB,NA,NA,FALSE
20260923,Type 2 diabetes,Train: European-only,East Asian,European,European,PGS001295,GBE_HC165,snpnet,385,PPM008977,PSS004316,0.68247,0.66155,0.70338,reported_native_or_parsed,67425,581,66844,NA,"age, sex, UKB array type, Genotype PCs",UKB,NA,NA,FALSE
20260923,Type 2 diabetes,Train: European-only,East Asian,Target,East Asian,PGS001295,GBE_HC165,snpnet,385,PPM008974,PSS004313,0.83509,0.71831,0.95186,reported_native_or_parsed,1704,16,1688,NA,"age, sex, UKB array type, Genotype PCs",UKB,NA,NA,FALSE
20260923,Type 2 diabetes,Train: European-only,East Asian,European,European,PGS001818,portability-PLR_250.2,Penalized regression (bigstatsr),30745,PPM021421,PSS011737,0.709,0.704,0.714,reported_native_or_parsed,109021,10069,98952,NA,"Age at baseline, sex (PGS adjusted for 20 PCs prior to model fitting)",AllofUs,"1.62 [1.58,1.65]",NA,TRUE
20260923,Type 2 diabetes,Train: European-only,East Asian,Target,East Asian,PGS001818,portability-PLR_250.2,Penalized regression (bigstatsr),30745,PPM021602,PSS011745,0.734,0.679,0.788,reported_native_or_parsed,1432,76,1356,NA,"Age at baseline, sex assessment centre (PGS adjusted for 20 PCs prior to model fitting)",UKB,"1.74 [1.36,2.22]",NA,FALSE
20260923,Type 2 diabetes,Train: European-only,East Asian,European,European,PGS002026,portability-ldpred2_250.2,LDpred2 (bigsnpr),830783,PPM021418,PSS011737,0.714,0.709,0.719,reported_native_or_parsed,109021,10069,98952,NA,"Age at baseline, sex (PGS adjusted for 20 PCs prior to model fitting)",AllofUs,"1.67 [1.63,1.71]",NA,TRUE
20260923,Type 2 diabetes,Train: European-only,East Asian,Target,East Asian,PGS002026,portability-ldpred2_250.2,LDpred2 (bigsnpr),830783,PPM021605,PSS011745,0.722,0.664,0.78,reported_native_or_parsed,1432,76,1356,NA,"Age at baseline, sex assessment centre (PGS adjusted for 20 PCs prior to model fitting)",UKB,"1.6 [1.26,2.03]",NA,FALSE
20260923,Type 2 diabetes,Train: European-only,East Asian,European,European,PGS002671,disease_T2D.PolyFun-pred,PolyFun-pred,258382,PPM021424,PSS011737,0.704,0.699,0.708,reported_native_or_parsed,109021,10069,98952,NA,"Age at baseline, sex (PGS adjusted for 20 PCs prior to model fitting)",AllofUs,"1.55 [1.52,1.59]",NA,TRUE
20260923,Type 2 diabetes,Train: European-only,East Asian,Target,East Asian,PGS002671,disease_T2D.PolyFun-pred,PolyFun-pred,258382,PPM021604,PSS011745,0.737,0.68,0.793,reported_native_or_parsed,1432,76,1356,NA,"Age at baseline, sex assessment centre (PGS adjusted for 20 PCs prior to model fitting)",UKB,"1.73 [1.35,2.21]",NA,FALSE
20260923,Type 2 diabetes,Train: European-only,East Asian,European,European,PGS002771,Type_2_diabetes_prscs,PRS-CS,1091608,PPM021411,PSS011737,0.735,0.73,0.74,reported_native_or_parsed,109021,10069,98952,NA,"Age at baseline, sex (PGS adjusted for 20 PCs prior to model fitting)",AllofUs,"1.89 [1.85,1.94]",NA,TRUE
20260923,Type 2 diabetes,Train: European-only,East Asian,Target,East Asian,PGS002771,Type_2_diabetes_prscs,PRS-CS,1091608,PPM021607,PSS011745,0.728,0.673,0.783,reported_native_or_parsed,1432,76,1356,NA,"Age at baseline, sex assessment centre (PGS adjusted for 20 PCs prior to model fitting)",UKB,"1.64 [1.27,2.12]",NA,FALSE
20260923,Type 2 diabetes,Train: European-only,East Asian,European,European,PGS002780,GTG_T2D_SCT,Stacked clumping and thresholding (SCT),419209,PPM021430,PSS011737,0.694,0.689,0.699,reported_native_or_parsed,109021,10069,98952,NA,"Age at baseline, sex (PGS adjusted for 20 PCs prior to model fitting)",AllofUs,"1.46 [1.42,1.49]",NA,TRUE
20260923,Type 2 diabetes,Train: European-only,East Asian,Target,East Asian,PGS002780,GTG_T2D_SCT,Stacked clumping and thresholding (SCT),419209,PPM021610,PSS011745,0.712,0.655,0.769,reported_native_or_parsed,1432,76,1356,NA,"Age at baseline, sex assessment centre (PGS adjusted for 20 PCs prior to model fitting)",UKB,"1.44 [1.13,1.83]",NA,FALSE
20260923,Type 2 diabetes,Train: European-only,Hispanic or Latin American,European,European,PGS000330,PRS_T2D,LDpred,6437380,PPM021416,PSS011737,0.726,0.721,0.73,reported_native_or_parsed,109021,10069,98952,NA,"Age at baseline, sex (PGS adjusted for 20 PCs prior to model fitting)",AllofUs,"1.79 [1.75,1.83]",NA,TRUE
20260923,Type 2 diabetes,Train: European-only,Hispanic or Latin American,Target,Hispanic or Latin American,PGS000330,PRS_T2D,LDpred,6437380,PPM021495,PSS011736,0.768,0.761,0.775,reported_native_or_parsed,33652,4033,29619,NA,"Age at baseline, sex (PGS adjusted for 20 PCs prior to model fitting)",AllofUs,"1.58 [1.53,1.64]",NA,TRUE
20260923,Type 2 diabetes,Train: European-only,Hispanic or Latin American,European,European,PGS000713,T2D,snpnet (multi-PRS),183830,PPM021420,PSS011737,0.712,0.707,0.717,reported_native_or_parsed,109021,10069,98952,NA,"Age at baseline, sex (PGS adjusted for 20 PCs prior to model fitting)",AllofUs,"1.63 [1.6,1.67]",NA,TRUE
20260923,Type 2 diabetes,Train: European-only,Hispanic or Latin American,Target,Hispanic or Latin American,PGS000713,T2D,snpnet (multi-PRS),183830,PPM021499,PSS011736,0.762,0.755,0.769,reported_native_or_parsed,33652,4033,29619,NA,"Age at baseline, sex (PGS adjusted for 20 PCs prior to model fitting)",AllofUs,"1.46 [1.41,1.51]",NA,TRUE
20260923,Type 2 diabetes,Train: European-only,Hispanic or Latin American,European,European,PGS000729,T2D_PGS,LD thinning,2017388,PPM021419,PSS011737,0.712,0.707,0.717,reported_native_or_parsed,109021,10069,98952,NA,"Age at baseline, sex (PGS adjusted for 20 PCs prior to model fitting)",AllofUs,"1.65 [1.61,1.68]",NA,TRUE
20260923,Type 2 diabetes,Train: European-only,Hispanic or Latin American,Target,Hispanic or Latin American,PGS000729,T2D_PGS,LD thinning,2017388,PPM021501,PSS011736,0.761,0.754,0.768,reported_native_or_parsed,33652,4033,29619,NA,"Age at baseline, sex (PGS adjusted for 20 PCs prior to model fitting)",AllofUs,"1.45 [1.4,1.51]",NA,TRUE
20260923,Type 2 diabetes,Train: European-only,Hispanic or Latin American,European,European,PGS000864,T2D-gPRS,LD clumping,389243,PPM021431,PSS011737,0.687,0.682,0.692,reported_native_or_parsed,109021,10069,98952,NA,"Age at baseline, sex (PGS adjusted for 20 PCs prior to model fitting)",AllofUs,"1.34 [1.32,1.37]",NA,TRUE
20260923,Type 2 diabetes,Train: European-only,Hispanic or Latin American,Target,Hispanic or Latin American,PGS000864,T2D-gPRS,LD clumping,389243,PPM021509,PSS011736,0.745,0.738,0.752,reported_native_or_parsed,33652,4033,29619,NA,"Age at baseline, sex (PGS adjusted for 20 PCs prior to model fitting)",AllofUs,"1.02 [0.99,1.06]",NA,TRUE
20260923,Type 2 diabetes,Train: European-only,Hispanic or Latin American,European,European,PGS000868,T2D_221,Genome-wide significant variants,221,PPM021429,PSS011737,0.696,0.691,0.701,reported_native_or_parsed,109021,10069,98952,NA,"Age at baseline, sex (PGS adjusted for 20 PCs prior to model fitting)",AllofUs,"1.48 [1.45,1.51]",NA,TRUE
20260923,Type 2 diabetes,Train: European-only,Hispanic or Latin American,Target,Hispanic or Latin American,PGS000868,T2D_221,Genome-wide significant variants,221,PPM021507,PSS011736,0.758,0.751,0.765,reported_native_or_parsed,33652,4033,29619,NA,"Age at baseline, sex (PGS adjusted for 20 PCs prior to model fitting)",AllofUs,"1.38 [1.33,1.43]",NA,TRUE
20260923,Type 2 diabetes,Train: European-only,Hispanic or Latin American,European,European,PGS001818,portability-PLR_250.2,Penalized regression (bigstatsr),30745,PPM021421,PSS011737,0.709,0.704,0.714,reported_native_or_parsed,109021,10069,98952,NA,"Age at baseline, sex (PGS adjusted for 20 PCs prior to model fitting)",AllofUs,"1.62 [1.58,1.65]",NA,TRUE
20260923,Type 2 diabetes,Train: European-only,Hispanic or Latin American,Target,Hispanic or Latin American,PGS001818,portability-PLR_250.2,Penalized regression (bigstatsr),30745,PPM021498,PSS011736,0.762,0.755,0.769,reported_native_or_parsed,33652,4033,29619,NA,"Age at baseline, sex (PGS adjusted for 20 PCs prior to model fitting)",AllofUs,"1.46 [1.41,1.51]",NA,TRUE
20260923,Type 2 diabetes,Train: European-only,Hispanic or Latin American,European,European,PGS002026,portability-ldpred2_250.2,LDpred2 (bigsnpr),830783,PPM021418,PSS011737,0.714,0.709,0.719,reported_native_or_parsed,109021,10069,98952,NA,"Age at baseline, sex (PGS adjusted for 20 PCs prior to model fitting)",AllofUs,"1.67 [1.63,1.71]",NA,TRUE
20260923,Type 2 diabetes,Train: European-only,Hispanic or Latin American,Target,Hispanic or Latin American,PGS002026,portability-ldpred2_250.2,LDpred2 (bigsnpr),830783,PPM021496,PSS011736,0.764,0.757,0.771,reported_native_or_parsed,33652,4033,29619,NA,"Age at baseline, sex (PGS adjusted for 20 PCs prior to model fitting)",AllofUs,"1.49 [1.44,1.55]",NA,TRUE
20260923,Type 2 diabetes,Train: European-only,Hispanic or Latin American,European,European,PGS002671,disease_T2D.PolyFun-pred,PolyFun-pred,258382,PPM021424,PSS011737,0.704,0.699,0.708,reported_native_or_parsed,109021,10069,98952,NA,"Age at baseline, sex (PGS adjusted for 20 PCs prior to model fitting)",AllofUs,"1.55 [1.52,1.59]",NA,TRUE
20260923,Type 2 diabetes,Train: European-only,Hispanic or Latin American,Target,Hispanic or Latin American,PGS002671,disease_T2D.PolyFun-pred,PolyFun-pred,258382,PPM021502,PSS011736,0.761,0.754,0.768,reported_native_or_parsed,33652,4033,29619,NA,"Age at baseline, sex (PGS adjusted for 20 PCs prior to model fitting)",AllofUs,"1.44 [1.39,1.49]",NA,TRUE
20260923,Type 2 diabetes,Train: European-only,Hispanic or Latin American,European,European,PGS002771,Type_2_diabetes_prscs,PRS-CS,1091608,PPM021411,PSS011737,0.735,0.73,0.74,reported_native_or_parsed,109021,10069,98952,NA,"Age at baseline, sex (PGS adjusted for 20 PCs prior to model fitting)",AllofUs,"1.89 [1.85,1.94]",NA,TRUE
20260923,Type 2 diabetes,Train: European-only,Hispanic or Latin American,Target,Hispanic or Latin American,PGS002771,Type_2_diabetes_prscs,PRS-CS,1091608,PPM021493,PSS011736,0.775,0.769,0.782,reported_native_or_parsed,33652,4033,29619,NA,"Age at baseline, sex (PGS adjusted for 20 PCs prior to model fitting)",AllofUs,"1.7 [1.64,1.76]",NA,TRUE
20260923,Type 2 diabetes,Train: European-only,Hispanic or Latin American,European,European,PGS002780,GTG_T2D_SCT,Stacked clumping and thresholding (SCT),419209,PPM021430,PSS011737,0.694,0.689,0.699,reported_native_or_parsed,109021,10069,98952,NA,"Age at baseline, sex (PGS adjusted for 20 PCs prior to model fitting)",AllofUs,"1.46 [1.42,1.49]",NA,TRUE
20260923,Type 2 diabetes,Train: European-only,Hispanic or Latin American,Target,Hispanic or Latin American,PGS002780,GTG_T2D_SCT,Stacked clumping and thresholding (SCT),419209,PPM021508,PSS011736,0.756,0.749,0.763,reported_native_or_parsed,33652,4033,29619,NA,"Age at baseline, sex (PGS adjusted for 20 PCs prior to model fitting)",AllofUs,"1.35 [1.31,1.4]",NA,TRUE
20260923,Type 2 diabetes,Train: European-only,South Asian,European,European,PGS000330,PRS_T2D,LDpred,6437380,PPM021416,PSS011737,0.726,0.721,0.73,reported_native_or_parsed,109021,10069,98952,NA,"Age at baseline, sex (PGS adjusted for 20 PCs prior to model fitting)",AllofUs,"1.79 [1.75,1.83]",NA,TRUE
20260923,Type 2 diabetes,Train: European-only,South Asian,Target,South Asian,PGS000330,PRS_T2D,LDpred,6437380,PPM021626,PSS011749,0.724,0.709,0.738,reported_native_or_parsed,6992,1253,5739,NA,"Age at baseline, sex assessment centre (PGS adjusted for 20 PCs prior to model fitting)",UKB,"1.62 [1.51,1.73]",NA,FALSE
20260923,Type 2 diabetes,Train: European-only,South Asian,European,European,PGS000713,T2D,snpnet (multi-PRS),183830,PPM021420,PSS011737,0.712,0.707,0.717,reported_native_or_parsed,109021,10069,98952,NA,"Age at baseline, sex (PGS adjusted for 20 PCs prior to model fitting)",AllofUs,"1.63 [1.6,1.67]",NA,TRUE
20260923,Type 2 diabetes,Train: European-only,South Asian,Target,South Asian,PGS000713,T2D,snpnet (multi-PRS),183830,PPM021630,PSS011749,0.721,0.705,0.736,reported_native_or_parsed,6992,1253,5739,NA,"Age at baseline, sex assessment centre (PGS adjusted for 20 PCs prior to model fitting)",UKB,"1.59 [1.49,1.7]",NA,FALSE
20260923,Type 2 diabetes,Train: European-only,South Asian,European,European,PGS000729,T2D_PGS,LD thinning,2017388,PPM021419,PSS011737,0.712,0.707,0.717,reported_native_or_parsed,109021,10069,98952,NA,"Age at baseline, sex (PGS adjusted for 20 PCs prior to model fitting)",AllofUs,"1.65 [1.61,1.68]",NA,TRUE
20260923,Type 2 diabetes,Train: European-only,South Asian,Target,South Asian,PGS000729,T2D_PGS,LD thinning,2017388,PPM021632,PSS011749,0.717,0.703,0.732,reported_native_or_parsed,6992,1253,5739,NA,"Age at baseline, sex assessment centre (PGS adjusted for 20 PCs prior to model fitting)",UKB,"1.55 [1.45,1.66]",NA,FALSE
20260923,Type 2 diabetes,Train: European-only,South Asian,European,European,PGS000864,T2D-gPRS,LD clumping,389243,PPM021431,PSS011737,0.687,0.682,0.692,reported_native_or_parsed,109021,10069,98952,NA,"Age at baseline, sex (PGS adjusted for 20 PCs prior to model fitting)",AllofUs,"1.34 [1.32,1.37]",NA,TRUE
20260923,Type 2 diabetes,Train: European-only,South Asian,Target,South Asian,PGS000864,T2D-gPRS,LD clumping,389243,PPM021638,PSS011749,0.693,0.678,0.709,reported_native_or_parsed,6992,1253,5739,NA,"Age at baseline, sex assessment centre (PGS adjusted for 20 PCs prior to model fitting)",UKB,"1.23 [1.16,1.31]",NA,FALSE
20260923,Type 2 diabetes,Train: European-only,South Asian,European,European,PGS000868,T2D_221,Genome-wide significant variants,221,PPM021429,PSS011737,0.696,0.691,0.701,reported_native_or_parsed,109021,10069,98952,NA,"Age at baseline, sex (PGS adjusted for 20 PCs prior to model fitting)",AllofUs,"1.48 [1.45,1.51]",NA,TRUE
20260923,Type 2 diabetes,Train: European-only,South Asian,Target,South Asian,PGS000868,T2D_221,Genome-wide significant variants,221,PPM021636,PSS011749,0.711,0.696,0.726,reported_native_or_parsed,6992,1253,5739,NA,"Age at baseline, sex assessment centre (PGS adjusted for 20 PCs prior to model fitting)",UKB,"1.49 [1.39,1.59]",NA,FALSE
20260923,Type 2 diabetes,Train: European-only,South Asian,European,European,PGS001295,GBE_HC165,snpnet,385,PPM008975,PSS004314,0.69318,0.65625,0.73011,reported_native_or_parsed,24905,180,24725,NA,"age, sex, UKB array type, Genotype PCs",UKB,NA,NA,FALSE
20260923,Type 2 diabetes,Train: European-only,South Asian,European,European,PGS001295,GBE_HC165,snpnet,385,PPM008977,PSS004316,0.68247,0.66155,0.70338,reported_native_or_parsed,67425,581,66844,NA,"age, sex, UKB array type, Genotype PCs",UKB,NA,NA,FALSE
20260923,Type 2 diabetes,Train: European-only,South Asian,Target,South Asian,PGS001295,GBE_HC165,snpnet,385,PPM008976,PSS004315,0.65806,0.61856,0.69756,reported_native_or_parsed,7831,171,7660,NA,"age, sex, UKB array type, Genotype PCs",UKB,NA,NA,FALSE
20260923,Type 2 diabetes,Train: European-only,South Asian,European,European,PGS001818,portability-PLR_250.2,Penalized regression (bigstatsr),30745,PPM021421,PSS011737,0.709,0.704,0.714,reported_native_or_parsed,109021,10069,98952,NA,"Age at baseline, sex (PGS adjusted for 20 PCs prior to model fitting)",AllofUs,"1.62 [1.58,1.65]",NA,TRUE
20260923,Type 2 diabetes,Train: European-only,South Asian,Target,South Asian,PGS001818,portability-PLR_250.2,Penalized regression (bigstatsr),30745,PPM021628,PSS011749,0.723,0.708,0.738,reported_native_or_parsed,6992,1253,5739,NA,"Age at baseline, sex assessment centre (PGS adjusted for 20 PCs prior to model fitting)",UKB,"1.61 [1.51,1.72]",NA,FALSE
20260923,Type 2 diabetes,Train: European-only,South Asian,European,European,PGS002026,portability-ldpred2_250.2,LDpred2 (bigsnpr),830783,PPM021418,PSS011737,0.714,0.709,0.719,reported_native_or_parsed,109021,10069,98952,NA,"Age at baseline, sex (PGS adjusted for 20 PCs prior to model fitting)",AllofUs,"1.67 [1.63,1.71]",NA,TRUE
20260923,Type 2 diabetes,Train: European-only,South Asian,Target,South Asian,PGS002026,portability-ldpred2_250.2,LDpred2 (bigsnpr),830783,PPM021624,PSS011749,0.724,0.709,0.739,reported_native_or_parsed,6992,1253,5739,NA,"Age at baseline, sex assessment centre (PGS adjusted for 20 PCs prior to model fitting)",UKB,"1.64 [1.53,1.75]",NA,FALSE
20260923,Type 2 diabetes,Train: European-only,South Asian,European,European,PGS002671,disease_T2D.PolyFun-pred,PolyFun-pred,258382,PPM021424,PSS011737,0.704,0.699,0.708,reported_native_or_parsed,109021,10069,98952,NA,"Age at baseline, sex (PGS adjusted for 20 PCs prior to model fitting)",AllofUs,"1.55 [1.52,1.59]",NA,TRUE
20260923,Type 2 diabetes,Train: European-only,South Asian,Target,South Asian,PGS002671,disease_T2D.PolyFun-pred,PolyFun-pred,258382,PPM021627,PSS011749,0.721,0.706,0.736,reported_native_or_parsed,6992,1253,5739,NA,"Age at baseline, sex assessment centre (PGS adjusted for 20 PCs prior to model fitting)",UKB,"1.61 [1.51,1.72]",NA,FALSE
20260923,Type 2 diabetes,Train: European-only,South Asian,European,European,PGS002771,Type_2_diabetes_prscs,PRS-CS,1091608,PPM021411,PSS011737,0.735,0.73,0.74,reported_native_or_parsed,109021,10069,98952,NA,"Age at baseline, sex (PGS adjusted for 20 PCs prior to model fitting)",AllofUs,"1.89 [1.85,1.94]",NA,TRUE
20260923,Type 2 diabetes,Train: European-only,South Asian,Target,South Asian,PGS002771,Type_2_diabetes_prscs,PRS-CS,1091608,PPM021622,PSS011749,0.742,0.728,0.757,reported_native_or_parsed,6992,1253,5739,NA,"Age at baseline, sex assessment centre (PGS adjusted for 20 PCs prior to model fitting)",UKB,"1.85 [1.73,1.99]",NA,FALSE
20260923,Type 2 diabetes,Train: European-only,South Asian,European,European,PGS002780,GTG_T2D_SCT,Stacked clumping and thresholding (SCT),419209,PPM021430,PSS011737,0.694,0.689,0.699,reported_native_or_parsed,109021,10069,98952,NA,"Age at baseline, sex (PGS adjusted for 20 PCs prior to model fitting)",AllofUs,"1.46 [1.42,1.49]",NA,TRUE
20260923,Type 2 diabetes,Train: European-only,South Asian,Target,South Asian,PGS002780,GTG_T2D_SCT,Stacked clumping and thresholding (SCT),419209,PPM021634,PSS011749,0.713,0.698,0.729,reported_native_or_parsed,6992,1253,5739,NA,"Age at baseline, sex assessment centre (PGS adjusted for 20 PCs prior to model fitting)",UKB,"1.53 [1.43,1.63]",NA,FALSE
20260923,Type 2 diabetes,Train: European-only,South Asian,European,European,PGS004106,pt_clump.auto.GCST004773.T2D,pt_clump.auto,35,PPM019299,PSS011225,0.56402768,0.55881253,0.56924282,reported_native_or_parsed,199274,12344,186930,NA,0,EB,"1.25412833 [1.23159004,1.27707908]",NA,FALSE
20260923,Type 2 diabetes,Train: European-only,South Asian,European,European,PGS004106,pt_clump.auto.GCST004773.T2D,pt_clump.auto,35,PPM019300,PSS011236,0.56765826,0.56515777,0.57015874,reported_native_or_parsed,377408,59345,318063,NA,0,FinnGen,"1.27060399 [1.2594811,1.28182511]",NA,FALSE
20260923,Type 2 diabetes,Train: European-only,South Asian,European,European,PGS004106,pt_clump.auto.GCST004773.T2D,pt_clump.auto,35,PPM019302,PSS011265,0.57537395,0.56607472,0.58467319,reported_native_or_parsed,66865,3861,63004,NA,0,HUNT,"1.30688413 [1.26507981,1.35006987]",NA,FALSE
20260923,Type 2 diabetes,Train: European-only,South Asian,European,European,PGS004106,pt_clump.auto.GCST004773.T2D,pt_clump.auto,35,PPM019304,PSS011278,0.57938532,0.5719205,0.58685014,reported_native_or_parsed,90274,5937,84337,NA,0,UKB,"1.32877401 [1.29422201,1.36424846]",NA,FALSE
20260923,Type 2 diabetes,Train: European-only,South Asian,Target,South Asian,PGS004106,pt_clump.auto.GCST004773.T2D,pt_clump.auto,35,PPM019301,PSS011249,0.54708512,0.5396201,0.55455013,reported_native_or_parsed,44057,6630,37427,NA,0,G&H,"1.18560489 [1.15490323,1.21712273]",NA,FALSE
20260923,Type 2 diabetes,Train: European-only,South Asian,Target,South Asian,PGS004106,pt_clump.auto.GCST004773.T2D,pt_clump.auto,35,PPM019303,PSS011291,0.55908368,0.54504874,0.57311861,reported_native_or_parsed,9326,2066,7260,NA,0,UKB,"1.25033449 [1.19003292,1.31369168]",NA,FALSE
20260923,Type 2 diabetes,Train: Multi incl. EUR,African,European,European,PGS004859,T2D_PRS_CS,PRS-CS,1108235,PPM021088,PSS011518,0.77,0.76,0.78,reported_native_or_parsed,22306,3646,18660,NA,"age, sex, 10 principal components",AllofUs,"2.33 [2.23,2.43]",NA,TRUE
20260923,Type 2 diabetes,Train: Multi incl. EUR,African,Target,African,PGS004859,T2D_PRS_CS,PRS-CS,1108235,PPM021085,PSS011514,0.76,0.74,0.77,reported_native_or_parsed,7010,2004,5006,NA,"age, sex, 10 principal components",AllofUs,"1.43 [1.35,1.52]",NA,TRUE
20260923,Type 2 diabetes,Train: Multi incl. EUR,African,Target,African,PGS004859,T2D_PRS_CS,PRS-CS,1108235,PPM021090,PSS011515,0.75,0.74,0.75,reported_native_or_parsed,7010,2004,5006,NA,"age, sex, 10 principal components",AllofUs,"1.93 [1.87,1.99]",NA,TRUE
20260923,Type 2 diabetes,Train: Multi incl. EUR,East Asian,European,European,PGS003443,PRScsx_T2D_LAT_EURweights,PRS-CSx,1092496,PPM021412,PSS011737,0.731,0.726,0.736,reported_native_or_parsed,109021,10069,98952,NA,"Age at baseline, sex (PGS adjusted for 20 PCs prior to model fitting)",AllofUs,"1.86 [1.82,1.9]",NA,TRUE
20260923,Type 2 diabetes,Train: Multi incl. EUR,East Asian,Target,East Asian,PGS003443,PRScsx_T2D_LAT_EURweights,PRS-CSx,1092496,PPM021599,PSS011745,0.738,0.684,0.791,reported_native_or_parsed,1432,76,1356,NA,"Age at baseline, sex assessment centre (PGS adjusted for 20 PCs prior to model fitting)",UKB,"1.8 [1.4,2.32]",NA,FALSE
20260923,Type 2 diabetes,Train: Multi incl. EUR,East Asian,European,European,PGS004859,T2D_PRS_CS,PRS-CS,1108235,PPM021088,PSS011518,0.77,0.76,0.78,reported_native_or_parsed,22306,3646,18660,NA,"age, sex, 10 principal components",AllofUs,"2.33 [2.23,2.43]",NA,TRUE
20260923,Type 2 diabetes,Train: Multi incl. EUR,East Asian,Target,East Asian,PGS004859,T2D_PRS_CS,PRS-CS,1108235,PPM021087,PSS011517,0.84,0.79,0.9,reported_native_or_parsed,663,100,563,NA,"age, sex, 10 principal components",AllofUs,"1.8 [1.4,2.32]",NA,TRUE
20260923,Type 2 diabetes,Train: Multi incl. EUR,Hispanic or Latin American,European,European,PGS002308,PRScsx_T2D,PRS-CSx,1259754,PPM013064,PSS009677,0.793,0.7869718277088381,0.7989011796442494,inferred_hm,54793,8389,46404,NA,"age, sex, top 10 PCs, study site",eMERGE,"1.96 [1.91,2.02]",NA,FALSE
20260923,Type 2 diabetes,Train: Multi incl. EUR,Hispanic or Latin American,Target,Hispanic or Latin American,PGS002308,PRScsx_T2D,PRS-CSx,1259754,PPM013066,PSS009678,0.851,0.8328335851663495,0.8675062926549698,inferred_hm,2374,868,1506,NA,"age, sex, top 10 PCs, study site",eMERGE,"2.08 [1.84,2.35]",NA,FALSE
20260923,Type 2 diabetes,Train: Multi incl. EUR,Hispanic or Latin American,European,European,PGS003443,PRScsx_T2D_LAT_EURweights,PRS-CSx,1092496,PPM021412,PSS011737,0.731,0.726,0.736,reported_native_or_parsed,109021,10069,98952,NA,"Age at baseline, sex (PGS adjusted for 20 PCs prior to model fitting)",AllofUs,"1.86 [1.82,1.9]",NA,TRUE
20260923,Type 2 diabetes,Train: Multi incl. EUR,Hispanic or Latin American,Target,Hispanic or Latin American,PGS003443,PRScsx_T2D_LAT_EURweights,PRS-CSx,1092496,PPM021488,PSS011736,0.78,0.773,0.786,reported_native_or_parsed,33652,4033,29619,NA,"Age at baseline, sex (PGS adjusted for 20 PCs prior to model fitting)",AllofUs,"1.77 [1.71,1.84]",NA,TRUE
20260923,Type 2 diabetes,Train: Multi incl. EUR,Hispanic or Latin American,European,European,PGS003867,T2D_PRScs_ARB,PRS-CS,1068166,PPM021415,PSS011737,0.73,0.725,0.735,reported_native_or_parsed,109021,10069,98952,NA,"Age at baseline, sex (PGS adjusted for 20 PCs prior to model fitting)",AllofUs,"1.84 [1.8,1.88]",NA,TRUE
20260923,Type 2 diabetes,Train: Multi incl. EUR,Hispanic or Latin American,Target,Hispanic or Latin American,PGS003867,T2D_PRScs_ARB,PRS-CS,1068166,PPM021492,PSS011736,0.776,0.769,0.783,reported_native_or_parsed,33652,4033,29619,NA,"Age at baseline, sex (PGS adjusted for 20 PCs prior to model fitting)",AllofUs,"1.72 [1.65,1.78]",NA,TRUE
20260923,Type 2 diabetes,Train: Multi incl. EUR,Hispanic or Latin American,European,European,PGS004859,T2D_PRS_CS,PRS-CS,1108235,PPM021088,PSS011518,0.77,0.76,0.78,reported_native_or_parsed,22306,3646,18660,NA,"age, sex, 10 principal components",AllofUs,"2.33 [2.23,2.43]",NA,TRUE
20260923,Type 2 diabetes,Train: Multi incl. EUR,Hispanic or Latin American,Target,Hispanic or Latin American,PGS004859,T2D_PRS_CS,PRS-CS,1108235,PPM021086,PSS011516,0.84,0.82,0.86,reported_native_or_parsed,5382,1325,4057,NA,"age, sex, 10 principal components",AllofUs,"2.09 [1.92,2.27]",NA,TRUE
20260923,Type 2 diabetes,Train: Multi incl. EUR,Hispanic or Latin American,European,European,PGS005242,T2D_PRS_PRS_CSx_META_T,PRS-CSx,1257036,PPM022723,PSS012060,0.761,0.754,0.769,reported_native_or_parsed,22063,4076,17987,17.1,"age, sex, BMI, sub-study, and first 10 PCs",PAGE,"1.78 [1.7,1.87]",NA,FALSE
20260923,Type 2 diabetes,Train: Multi incl. EUR,Hispanic or Latin American,Target,Hispanic or Latin American,PGS005242,T2D_PRS_PRS_CSx_META_T,PRS-CSx,1257036,PPM022721,PSS012061,0.753,0.747,0.759,reported_native_or_parsed,22647,9441,13206,36.8,"age, sex, BMI, sub-study, and first 10 PCs",PAGE,"1.86 [1.8,1.92]",NA,FALSE
20260923,Type 2 diabetes,Train: Multi incl. EUR,Middle Eastern or North African,European,European,PGS003867,T2D_PRScs_ARB,PRS-CS,1068166,PPM021415,PSS011737,0.73,0.725,0.735,reported_native_or_parsed,109021,10069,98952,NA,"Age at baseline, sex (PGS adjusted for 20 PCs prior to model fitting)",AllofUs,"1.84 [1.8,1.88]",NA,TRUE
20260923,Type 2 diabetes,Train: Multi incl. EUR,Middle Eastern or North African,Target,Middle Eastern or North African,PGS003867,T2D_PRScs_ARB,PRS-CS,1068166,PPM018759,PSS011097,0.7384,0.7194,0.7574,reported_native_or_parsed,2669,NA,NA,NA,"age, sex, array version, and the first 10 principal components of ancestry",NA,"1.83 [1.74,1.92]",NA,FALSE
20260923,Type 2 diabetes,Train: Multi incl. EUR,South Asian,European,European,PGS003443,PRScsx_T2D_LAT_EURweights,PRS-CSx,1092496,PPM021412,PSS011737,0.731,0.726,0.736,reported_native_or_parsed,109021,10069,98952,NA,"Age at baseline, sex (PGS adjusted for 20 PCs prior to model fitting)",AllofUs,"1.86 [1.82,1.9]",NA,TRUE
20260923,Type 2 diabetes,Train: Multi incl. EUR,South Asian,Target,South Asian,PGS003443,PRScsx_T2D_LAT_EURweights,PRS-CSx,1092496,PPM021618,PSS011749,0.746,0.732,0.761,reported_native_or_parsed,6992,1253,5739,NA,"Age at baseline, sex assessment centre (PGS adjusted for 20 PCs prior to model fitting)",UKB,"1.91 [1.78,2.05]",NA,FALSE
20260923,Type 2 diabetes,Train: Multi incl. EUR,South Asian,European,European,PGS004859,T2D_PRS_CS,PRS-CS,1108235,PPM021088,PSS011518,0.77,0.76,0.78,reported_native_or_parsed,22306,3646,18660,NA,"age, sex, 10 principal components",AllofUs,"2.33 [2.23,2.43]",NA,TRUE
20260923,Type 2 diabetes,Train: Multi incl. EUR,South Asian,Target,South Asian,PGS004859,T2D_PRS_CS,PRS-CS,1108235,PPM021089,PSS011519,0.88,0.81,0.95,reported_native_or_parsed,323,88,235,NA,"age, sex, 10 principal components",AllofUs,"2.28 [1.64,3.16]",NA,TRUE
