Cohort ID,Cohort Name,Previous/other/additional names
1000G,1000 Genomes,
100-plus,100-plus Study of cognitively healthy centenarians,
23andMe,23andMe,
23mofang,23mofang Personal Genome Services,
2SISTER,The Two Sister Study,
300BCG,300BCG,
300-OB,300_Obese cohort,
300TZFG,300 Tanzania functional genomics (FG) study,
3C,Three City Study,
3DFN,3D Facial Norms cohort,
4D,Die Deutsche Diabetes Dialyse Studie,DDDD
4D-SZ,4D-SZ cohort,
500FG,500FG,
A2A,The Women's Health Study: From Adolescence to Adulthood,
A4,Anti-Amyloid Treatment in Asymptomatic Alzheimer's Disease,
AAA,Aspirin for Asymptomatic Atherosclerosis Study,
AAAGC,African Ancestry Anthropometry Genetics,
AABC,African American Breast Cancer Cohort,
AABCG,African Ancestry Breast Cancer Genetic consortium,
AA-DHS,African American-Diabetes Heart Study,
AADM,Africa America Diabetes Mellitus,
AAGC,Australian Asthma Genetics Consortium,
Aalborg,Aalborg University Hospital blood bank,
AAPC,African Ancestry Prostate Cancer Consortium,
Aarhus,Aarhus,
AAS,African American Study,
AASC,Anti-Aging Study Cohort,
AASK,African American Study of Kidney disease and hypertension,
ABCC,Asia Breast Cancer Consortium,
ABCD,Adolescent Brain Cognitive Development,
ABCFS,Australian Breast Cancer Family Study,
ABCS,Amsterdam Breast Cancer Study,
ABCS-F,Amsterdam Breast Cancer Study - Familial,
ABCTB,Australian Breast Cancer Tissue Bank,
ABDC,Anonymous Blood Donor Cohort,
ABIL,"Australian Imaging, Biomarker & Lifestyle Flagship Study of Ageing",
ABP,Adelaide Blood Pools,
AC,Aneurysm Consortium AAA GWAS dataset,
ACC,Autism CaseControl cohort,
ACCC,Asia Colorectal Cancer Consortium,
ACCME,African Collaborative Center for Microbiome and Genomics Research,
ACCORD,Action to Control Cardiovascular Risk in Diabetes,
ACCT,Anglo Cardiff Collaborative Trial,
ACE,Autism Centre of Excellence,
ACG,Alcoholic Cirrhosis GWAS,
ACP,Asian Cancer Project,
ACPRC,Age and Cognitive Performance Research Cohort,
ACS,Australia Cancer Study,
ACS_b,Amsterdam Cohort Studies on HIV infection and AIDS,
ACS_c,American Cancer Society Prevention Study,
ACSGH,"Affective Center at St Goran Hospital, Stockholm",
ACT,Adult Changes in Thought,
ACTG,AIDS Clinical Trials Group,
ACTS,ACTS,
ACUCH,Amyloidosis Center at University Clinic Heidelberg,
ADAGES,African Descent and Glaucoma Evaluation Study,
ADAMS,A Genetic Association study in Diverse Ancestries of Multiple Sclerosis,
ADC,Alzheimer Disease Center,
ADCC,Alzheimer’s Disease Cardiff Cohort,
Add Health,National Longitudinal Study of Adolescent to Adult Health,AddHealth
ADDITION,ADDITION study,
ADDITION-PRO,ADDITION-PRO,
ADELAHYDE,ADELAHYDE/Nancy/ERA-France,
ADGC,Alzheimer Disease Genetic Consortium,
ADGE,Alcohol Dependence GWAS in European- and African Americans,
ADHD,Attention-deficit Hyperactivity Disorder,
ADMIRAL,Admixture and Risk of Acute Leukemia,
ADNI,Alzheimers Disease Neuroimaging Initiative,
ADNI-DOD,ADNI Department of Defense studies,ADNIDOD
ADRN,Atopic Dermatitis Research Network,
ADSP,Alzheimer's Disease Sequencing Project,
ADVANCE,"Atherosclerotic Disease, Vascular function, and Genetic Epidemiology",
ADVANCE_TRIAL,Action in Diabetes and Vascular disease: Preterax and Diamicron-MR Controlled Evaluation,
AEB,Aneurysm Express Biobank Study,
AEGS1,AtheroExpress,
AFGen,AFGen Consortium,
AFLMU,Atrial Fibrillation Biobank Ludwig Maximilian University Study,
AFNET,German Competence Network for Atrial Fibrillation,
AFOS,Amish Family Osteoporosis Study,
AFTER_EU,AFTER (EURAGEDIC) European Rational Approach for the Genetics of Diabetic Complications,AFTER EU
AG,Ambry Genetics,
AGDS,Australian Genetics of Depression Study,
AGEN,Asian Genetic Epidemiology Network,
AGENT2D,Asian Genetic Epidemiology Network Type 2 Diabetes Consortium,
AGES,Aging Gene-Environment Susceptibility - Reykjavik Study,
AGP,Autism Genome Project,
AGRE,Autism Genetic Resource Exchange,
AGS,San Francisco Bay Area Adult Glioma Study,
AHS,Agricultural Health Study,
AIBL,"The Australian Imaging, Biomarkers and Lifestyle Study",
Aichi,Aichi Study,
Aichi_Con,"Asian Consortium, Colorectal Cancer Aichi",
AIDHS,Asian Indian Diabetic Heart Study,
Airwave,Airwave Health Monitoring Study,
AITD,AITD Autoimmune thyroid disease,
ALIENOR,"Antioxydants, Lipides Essentiels, Nutrition et maladies OculaiRes",
ALIVE,AIDS Linked to the IntraVenous Experience,
AllofUs,All of Us Research Program | National Institutes of Health (NIH),
ALS,ALS Study,
ALSPAC,Avon Longitudinal Study of Parents and Children,
AmBCD,Amsterdam Born Children and their Development,ABCD
AMBER,The African American Breast Cancer Epidemiology and Risk consortium,
AMC-PAS,Osteoporosis Clinic of Asan Medical Center,
AmDem,Amsterdam Dementia Cohort,
AMFS,Australian Melanoma Family Study,
AMI,Acute Myocardial Infarction Gene Study/Dortmund Health Study,
AMISH,The older order AMISH population studies,
AMP PD,Accelerating Medicines Partnership–Parkinson’s Disease,
Amsterdam,University of Amsterdam,
Amsterdam_UMC_COVID_study_group,Amsterdam UMC COVID study group,
AncestryDNA,AncestryDNA,
ANDIS,All New Diabetics In Scania,
ANECS,Australian National Endometrial Cancer Study,
ANGI,Anorexia Nervosa Genetics Initiative,
Angio-Lueb,Luebeck Angiographic Study,
ANGST,Anxiety NeuroGenetics STudy,
ANM,AddNeuroMed,
Ansan,Ansan Study,
Ansung,Ansung Study,
ANZgene,The Australia and New Zealand Multiple Sclerosis Genetics Conortium,
ANZRAG,Australian & New Zealand Registry of Advanced Glaucoma,
AOCS,Australian Ovarian Cancer Study,
AOGC,Anglo-Australasian Osteoporosis Genetics Consortium,
AOTT,Alberta Ovarian Tumor Types study,
APC,Adenoma Prevention with Celecoxib,
APCB,Australian Prostate Cancer BioResource,
APCDR,African Partnership for Chronic Disease Research,
APDGC,Autopsy-Confirmed PD GWAS Consortium,
APOSS,Aberdeen Prospective Osteoporosis Screening Study,
APRICOT,Anakinra for Pustular Psoriasis: Response in a Controlled Trial,
Apulia,Salus in Apulia study,
ARCADIA,Assessment of Renal and Cervical Artery DysplasIA,
ARCAGE,ARCAGE,
ARCGSES,Alcohol Related Cancers and Genetic Susceptibility in Europe Study,
arcOGEN,Arthritis Research UK Osteoarthritis Genetics,
ARCTIC,Assessment of Risk in Colorectal Tumors In Canada,
AREDS,Age-Related Eye Disease Study,
ARGO,Arthroplasty and the Genetics of Osteoarthritis,
ARIC,Atherosclerosis Risk in Communities Study,
ARIES,Accessible Resource for Integrated Epigenomic Studies,
ARISTOTLE,Apixaban for the Prevention of Stroke in Subjects With Atrial Fibrillation,
ARK,African Research Kidney Disease study,
Army STARRS,The Army Study to Assess Risk and Resilience in Servicemembers,
AROS,Aarhus Osteoporosis Study,
ARREST,AmsteRdam REsuscitation STudies,
ART,Alzheimers Research Trust,
ASAP,Advanced Study of Aortic Pathology,
ASCOT,Anglo-Scandinavian Cardiac Outcomes Trial,
ASGC,Australian Stroke Genetics Collaborative,
Ashford,Ashford,
Ash-Jewish,The Ashkenazi Jewish Dataset,
ASHRAM,Arsenic Health Risk Assessment and Molecular Epidemiology,
ASPIS,Athens Study of Psychosis Proneness and Incidence of Schizophrenia,
ASPREE,The ASPirin in Reducing Events in the Elderly trial,
ASPS,Austrian Stroke Prevention Study,
ASSESS-AKI,"Assessment, Serial Evaluation, and Subsequent Sequelae of AKI Study",
ASTAGR,Asian Skin Traits and Genetic Research,
ASTERISK,Association Study Evaluating Risk for Sporadic Colorectal Cancer,
ASTON,The Aston Cohort,
ATBC,"Alpha-Tocopherol, Beta-Carotene Cancer Prevention Study",
ATES,Australian Twin Eye study,
Atherogene,Atherogene Registry,
AtheroRemo,AtheroRemo,"AtheroRemo 1, AtheroRemo 2"
AtheroRemo 1,AtheroRemo 1,
AtheroRemo 2,AtheroRemo 2,
ATM,Australia ATM,
ATR,Australian Twin Registry,
AUGOSA,Asthma UK Genetics of Severe Asthma,
AugUR,Age-related diseases: Understanding Genetic and non-genetic influences - a study at the University of Regensburg,
AUMC,Amsterdam UMC,
AUMC_DCM,Amsterdam UMC dilated cardiomyopathy GWAS cohort,
AusDiane,Austrian Diabetic Nephropathy Study,
AUSTWIN,Australian Twin-Family Studies,
AWI-Gen,Africa Wits-INDEPTH partnership for Genomics studies,
B58C,British 1958 Birth Cohort Study,
BACCS,Bipolar Affective Case Control Study,
BACS,Berkeley Aging Cohort Study,
Baependi,Baependi Heart Study,BHS
BAGS,Barbados Asthma Genetics Study,
BAMBUI,Bambui (Brazil) Cohort Study of Ageing,
BAMSE,"Children, Allergy, Milieu, Stockholm, Epidemiology",
BannerHealth,Banner Health study,
Barcelona-1,"Barcelona-1, MútuaTerrassa University Hospital",
BARCODE1,BARCODE1,
BAS,Beijing Atherosclerosis Study,
BASE,The Berlin Aging Study,
BASIC,"The Biology, Affect, Stress, Imaging and Cognition Study",
BASICMAR,BASe de datos de ICtus del hospital del MAR,
BATS,Brisbane Adolescent Twins Study,
BayerScheringPharma,BayerScheringPharma,
BBC,Berlin Birth Cohort,
BBCC,Bavarian Breast Cancer Cases and Controls,
BBCS,British Breast Cancer Study,
BBCS_b,Brescia Bladder Cancer Study,
BBCS_c,Baltimore Breast Cancer Study,
BBJ,BioBank Japan Project,
BBM,Broad Bayer Munich,
BBofA,Biobank of the Americas,
BC,BC,
BCAC,Breast Cancer Association Consortium,
BCBL,Brain and Language cohort,
BCC,Basquecolon cohort,
BCCA,British Columbia Non-Hodgkin Lymphoma Study,
BCCR,Breast Cancer Collaborative Registry,
BCEES,Breast Cancer Employment and Environment Study,
BCFH,The British Columbia Familial Hypercholesterolemia cohort,
BCFR,Breast Cancer Family Registry,
BCFR-AU,Breast Cancer Family Registry Australia,
BCFR-CA,Breast Cancer Family Registry Canada,
BCFR-NCA,Breast Cancer Family Registry California,
BCFR-NY,New York Breast Cancer Family Registry,
BCFR-ONT,Breast Cancer Familial Registry Ontario,
BCFR-PA,Philadelphia Breast Cancer Family Registry,
BCFR-UT,Utah site of the Breast Cancer Family Registry,
BCFR-UTAH,Utah Breast Cancer Family Registry,
BCG,Barry Caerphilly Growth Study,
BCINIS,Breast Cancer In Northern Israel Study,
BCPP,Bladder Cancer Prognosis Programme,
BCQ19,Biobanque Québécoise de la Covid-19,
BCST,Breast Cancer Study in Taiwan,
BCX,Blood-Cell Consortium,
BD,Belgian Donors,
BDA,British Diabetes Association,
BDAPUSC,Brain Development and Air Pollution Ultrafine Particles in School Children,
BDC,Barbara Davis Center,
BDES,Beaver Dam Eye Study,
BDRN,Bipolar Disorder Research Network,
BEACON,BEACON,
BECS,Bavarian Endometrial Cancer Cases and Controls Study,
BELFAS,Belfast Elderly Longitudinal Free-living Ageing Study,
Belgium_AD,Flanders-Belgian study cohort,
Bellygenes,the Bellygenes initiative,
BEOCOPD,Boston Early-Onset COPD Study,
BES,Beijing Eye Study,
BEST,Bangladesh Vitamin E and Selenium Trial,
BEST_Florida,The Black Women: Etiology and Survival of Triple-Negative Breast Cancers (BEST) Study,
BetaGene,"Observational study of obesity, insulin resistance and beta cell dysfunction in Mexican-Americans",
BFBOCC,Baltic Familial Breast and Ovarian Cancer Consortium,
BfDR,BfDR,
BFM,Berlin_Frankfurt_Munster trials,
BFS,Bipolar Family Study,
BGS,Breakthrough Generations Study,
BGWAS,Beijing genome-wide association studies,
BHF-FHS,British Heart Foundation Family Heart Study,
BHP,Bandim Health Project,
BHS,Busselton Health Study,
BHS_b,Bogalusa Heart Study,
BIAS,Brazilian Immunogenetics of Asthma and Schistosomiasis,
BiB,Born in Bradford,
BICWALZS,Biobank Innovation for Chronic Cerebrovascular Disease With Alzheimer’s Disease Study,
BiDirect,The BiDirect study,
BIDMC,BIDMC,
BIG,Brain Imaging Genetics,
BIGCS,Born in Guangzhou Cohort Study,
BIGGS,Breast Cancer In Galway Genetic Study,
BiGS,Bipolar Genome Study,
BIOCARD,Biomarkers for Older Controls at Risk for Dementia,
BioImage,BioImage Study: A Clinical Study of Burden of Atherosclerotic Disease in an At-Risk Population,
BioMe,BioMe® BioBank Program (Institute for Personalized Medicine at the Icahn School of Medicine at Mount Sinai),"BioMe Biobank (BMBB), MT. SINAI BioMe Biobank Platform (IMP), Charles R Bronfman Institute for Personalized Medicine - IPM / BioBank Genome Wide Association Study of Cardiovascular, Renal and Metabolic Phenotypes (IPM), Charles R Bronfman Institute for Personalized Medicine - IPM / BioBank Genome Wide Association Study of Cardiovascular, Renal and Metabolic Phenotypes I (IPM I), Charles R Bronfman Institute for Personalized Medicine - IPM / BioBank Genome Wide Association Study of Cardiovascular, Renal and Metabolic Phenotypes II (IPM II), IPM_EA_Affy, IPM_EA_Illu, Mount Sinai BioMe BioBank (Mount Sinai)"
BIONIC,Biobanks Netherlands Internet Collaboration,
BIOPATH,Biological pathways of risk and resilience in Syrian refugee children,
Bio-PD,Biological Determinants of Peritoneal Dialysis (Bio-PD) study,
BioResource,NIHR Cambridge BioResource,
Bio-SHiFT,Serial Biomarker Measurements and New Echocardiographic Techniques in chronic Heart Failure Patients Result in Tailored Prediction of Prognosis,
BIOSTAT-CHF,A systems BIOlogy Study to TAilored Treatment in Chronic Heart Failure,
BioVU,"BioVU, the Vanderbilt DNA Databank project",
Blantyre,"Blantyre-Wellcome Trust Project in Blantyre, Malawi",
BLITZ,Begleitende Evaluierung innovativer Testverfahren zur Darmkrebsfrüherkennung,
BLOODOMICS,Bloodomics project,
BLSA,Baltimore Longitudinal Study of Ageing,
BLTS,Brisbane Longitudinal Twin Study,
BMBSA,BRCA-gene mutations and Breast Cancer in South African Women,
BMDCS,Bone Mineral Density in Childhood Study,
BMES,Blue Mountain Eye Study,
BNCS,Barbados National Cancer Study,
BOCC,Bavarian Ovarian Cancer Cases and Controls,
BOCS,Belgium Ovarian Cancer Study,
BOMA,"BOMA-Bipolar Study, University of Bonn and CIMH Mannheim",
Bonn,"Department of Psychiatry, University of Bonn",
Bonn-OMNI,Bonn-OMNI,
BoSCO,Bonn Study of COVID19 genetics,
BOTS,Botnia Study,
BPC3,The National Cancer Institute Breast and Prostate Cancer Cohort Consortium,
BPPP,"Botnia Prevalence, Prediction and Prevention of Diabetes study",
B-PROOF,B-vitamins for the prevention of osteoporotic fractures,
BQC19,Biobanque Quebec COVID19,
BRACOVID,Genetic determinants of COVID-19 complications in the Brazilian population,
BRAGGSS,Biologics in Rheumatoid Arthritis Genetics and Genomics Study Syndicate,
BRAINS,Bio-Repository of DNA in Stroke,
BrainSCALE,BrainSCALE,
BRASS,Brigham Rheumatoid Arthritis Sequential Study,
BRAVE,Bangladesh Risk of Acute Vascular Events Study,
Brazil,Brazilian Cohort,
BREOGAN,Breast Oncology Galicia Network,
BRI,"Benaroya Research Institute, Seattle, Washington",
BRICOH,Beckman Research Institute of the City of Hope,
BRIGHT,British Genetics of Hypertension study,
Broad CVDi,Broad Institute's Cardiovascular Disease Initiative Study,
BRRD,NIHR BioResourse for Rare Diseases,
BRUNECK,Bruneck study,
BSBC,Belgian Case Control Study of Bladder Cancer,
BSN,BSN,
BSSH-GODD,British Society for Surgery of the Hand Genetics of Dupuytren's Disease study,
BSTOP,Biomarkers of Systemic Treatment Outcomes in Psoriasis study,
BSUCH,Breast Cancer Study of the University Clinic Heidelberg,
BTDS,Beijing Type 2 Diabetes Studies,
BTNS,Brisbane Twin Nevus Study,
BusSante,Bus santé,
BV,Biobanco Vasco,
BWH,Brigham and Womens Hospital,
BWHS,Black Womens Health Study,
CABRIO-C,Cantabria-Camargo,
CABRIO-CC,Cantabria Osteoporosis Case-control,
CACTI,The Coronary Artery Calcification in Type 1 Diabetes,
CADD,Center on Antisocial Drug Dependence,
CADISP,Cervical Artery Dissection and Ischemic Stroke Patients,
CADomics,Coronary Artery Disease and genomics,
CaePS,Caerphilly Prospective Study,
CAG,Chicago Asthma Genetics,
CAGE,Cardio-metabolic Genome Epidemiology Study,
CAGE-Amagasaki,Cardio-metabolic Genome Epidemiology Study - Amagasaki,
CAGE-Fukuoka,Kyushu University Fukuoka Cohort Study,
CAGE-KING,CAGE-KING_Quad,
CAGE-NCGM,National Center for Global health and Medicine hospital-based cohort study,
CAHRES,Cancer Hormone Replacement Epidemiology in Sweden,
CAIFOS,Calcium Intake Fracture Outcome Study,
CALEX-FAM,Calex-family,
CALGB,Cancer and Leukemia Group B,
CAMA,Cancer de Mama,
CAMH,Center for Addiction and Mental Health,
CAMOS,Canadian Multicentre Osteoporosis Study,
CAMP,Childhood Asthma Management Program,
CamPaIGN,Cambridgeshire Parkinson's Incidence from GP to Neurologist,
CAMSCH,Chinese Academy of Medical Sciences Cancer Hospital,
CANADA,CANADA,
CanBCS,Canadian Breast Cancer Study,
CANDELA,Consortium for the Analysis of the Diversity and Evolution of Latin America,
CanPath,Canadian Partnership for Tomorrow's Health,
canSCAD,Canadian spontaneous coronary artery dissection study,
CanSS,Canadian Screening Study,
CAP,Cholesterol and Atherosclerosis Pharmacogenetics,
CaP_Genes,Prostate Cancer Genetics Study,CaP Genes
CAPOC,Chinese Antipsychotics Pharmacogenomics Consortium,
CAPPS,Canadian Childhood Cohorts: Canadian Asthma Primary Prevention Study,
CAPS,Cancer Prostate in Sweden,
CAPS_b,Carotid Atherosclerosis Progression Study,
CAPUA,The Cancer de Pulmon en Asturias study,
CARDIA,Coronary Artery Risk Development in Young Adults,
CARDIOGENICS,Cardiogenics Study,
CARDIoGRAM,Coronary ARtery DIsease Genome-wide Replication And Meta-analysis,
CARDIoGRAMplusC4D,CARDIoGRAMplusC4D,
CARDS,Collaborative Atorvastatin Diabetes Study,
CARE,Los Angeles component of The Womens Contraceptive and Reproductive Experiences Study,
CARE_b,Cholesterol and Recurrent Events,
CARE_c,Childhood Asthma Research and Education,
CARET,Carotene and Retinol Efficacy Trial,
CART,Center for Autism Research and Treatment,
CARTaGENE,"CARTaGENE cohort (CHU Sainte-Justine, Quebec, Canada)",
CAS,China Atherosclerosis Study,
CASP,Collaborative Association Study of Psoriasis,
CATHGEN,CATHeterization GENetics,
CATIE,Clinical Antipsychotic Trials of Intervention Effectiveness,
CATIE-US,Clinical Antipsychotic Trials of Intervention Effectiveness US,
CATS,Comorbidity and Trauma Study,
CATSS,Child and Adolescent Twin Study in Sweden,
CAUG,California Uganda Study,
CA UG Study,California and Uganda Prostate Cancer Study,
CAVAS,Cardiovascular Disease Association Study,
CBC,Cryptosporidiosis and Enteropathogens in Bangladesh Birth Cohort,
CBCS,Carolina Breast Cancer Study,
CBR,Cambridge BioResource,
CCAF,Cleveland Clinic AF Study,
CCCGS,Croatian Colorectal Cancer Genetic Study,
CCCS,Cambridgeshire Case-Control Study,
CCF,Cleveland Clinic Foundation,
CCFR,Colon Cancer Family Registry,
CCFR-II,Colon Cancer Family Registry Set II,
CCGB,Cleveland Clinic GeneBank Study,CCGB_2
CCGB_2,Cleveland Clinic Gene Bank 2,
CCGP,Crete Cancer Genetics Program,
CCHC,Cameron County Hispanic Cohort,
CCHMC,Better Outcomes for Children (Cincinnati Children’s Hospital Medical Center),
CCHS,Copenhagen City Heart Study,
CCHS_b,China Cardiovascular Health Study,
CCI,CCI,
CCNMU,Cancer Center of Nanjing Medical University,
CCPM,Colorado Center for Personalized Medicine Biobank,
CCPS,Chicago Cancer Prone Study,
CCRLP,California Cancer Records Linkage Project,
CCSS,Childhood Cancer Survivor Study,
C-data,Comprehensive Sickle Cell Centers Collaborative Data project,
CECILE,CECILE Breast Cancer Study,
CECS,Connecticut Endometrial Cancer Study,
CEDAR,Correlated Expression & Disease Association Research,
CEDAR_Penn,Center for Education and Drug Abuse Research,
CEDIR,Besta Cerebrovascular Diseases Registry,
CEERCC,CEERCC case-control study,
CEFALO,"Population based case-control study of brain tumors in children and adolescents aged 7–19 years conducted in Sweden, Denmark, Norway, and Switzerland",
CENTER-TBI,Collaborative European NeuroTrauma Effectiveness Research,
CEPH,Centre dEtude du Polymorphisme Humain,
CERA,Cohort for Efficiencies in Research Administration,
CeRePP,French Prostate Cancer Case-Control Study,
CFRD,Cystic Fibrosis-Related Diabetes Study,
CFS,Cleveland Family Study,
CF_TSS,Cystic Fibrosis Twin and Sibling Study,
CG,Color Genomics,
CGARe,Candidate Gene Association Resource,
CGC,Cardiovascular Genome Centre,
CGEMS,National Cancer Institute Cancer Genetic Markers of Susceptibility,
CGI,Japan Coronavirus Taskforce,
CGPS,Copenhagen General Population Study,
CGR,Cancer Genomics Research Laboratory,
CGS,Canadian Cystic fibrosis Gene Modifier Study,
CHANCE,Carolina Head and Neck Cancer Epidemiology,
Changfeng,Shanghai Changfeng Study,
CHAP,Chicago Health and Aging Project,
CHARGE,CHARGE,
CHARM,Candesartan in Heart failure Assessment of Reduction in Mortality and morbidit,
CHAVI,Center for HIV/AIDS Vaccine Immunology,
CHB,Copenhagen Hospital Biobank,Copenhagen Hospital Biobank - Cardiovascular Disease Cohort (CHB-CVDC)
CHDS,Christchurch Health and Development Study,
Chicago,Chicago,
CHILD,CHILD cohort study,
CHIMGEN,Chinese Imaging Genetics,
ChinaMUCA-1998,China Multi-Center Collaborative Study of Cardiovascular Epidemiology,
Chingford,Chingford study,
CHIP,Cardiovascular Health Improvement Project,
CHIPGECS,Chinese Prostate Cancer Genetic and Environmental Correlation Study,
CHNS,China Health and Nutrition Survey,
ChooseWell 365,﻿ChooseWell 365 Study,
CHOP,Childrens Hospital of Philadelphia,
CHRIS,The Cooperative Health Research in South Tyrol,
CHS,Cardiovascular Health Study,
CHS_b,Childrens Health Study,
CIBMTR-NMDP,Center for International Blood and Marrow Transplant Research - National Marrow Donor Program Research Sample Repository,
CIHDS,Copenhagen ischaemic Heart Disease Study,
Cilento,Cilento study,
CIMBA,Consortium of Investigators of Modifiers of BRCA1/2,
CIMIC,Community Intervention of Metabolic Syndrome in China and Chinese Family Health Study,
CITA,Mayo Clinic Center for Individualized Treatment of Addiction,
CKB,China Kadoorie Biobank,
CKC,Chinese Keratoconus Cohort Study,
CKDGen,Chronic Kidney Disease Genetics (CKDGen) Consortium,
CKiD,Chronic Kidney Disease in Children,
CLARITY,ChiLdhood Arthritis Risk factor Identification sTudY,
CLDRC,Colorado Learning Disabilities Research Centre,
CLEAR,Consortium for the Longitudinal Evaluation of African Americans with Early Rheumatoid Arthritis,
CleftCollective,The Cleft Collective,
CLHNS,Cebu Longitudinal Health and Nutrition Survey,
CLOZUK,The CLOZUK cohort,
CLSA,Canadian Longitudinal Study on Aging,
CLUE,Give Us a Clue to Cancer and Heart Disease Study,
CLUEII,Give Us a Clue to Cancer and Heart Disease Study II,
CMERC-HI,Cardiovascular and Metabolic Disease Etiology Research Center-High Risk,
CMHS,California Mens Health Study,
CMUH,China Medical University Hospital,
CNG,Centre National de G_notypage,
CNICS,Centers for AIDS Research (CFAR) Network of Integrated Clinical Systems,
CNIO,Spanish National Cancer Centre,
CNIO-BCS,Spanish National Cancer Centre Breast Cancer Study,
CNMA,"Nutrition, Metabolism and Atherosclerosis Clinic (CNMA) of Institut de recherches cliniques de Montréal",
CNP,UCLA Consortium for Neuropsychiatric Phenomics,
CNRFP,Centre National de Recherche et de Formation sur le Paludisme,
CNTR,Chinese National Twin Registry,
CNULCS,Chonnam National University Lung Cancer Study,
COBRE,COBRE for Oral Health Study,
CODA,COPD in dusty areas,
COG,Childrens Oncology Group 9906 study,
COGA,The Collaborative Study on the Genetics of Alcoholism,
COGEN,The Copenhagen Cardiovascular Genetic study,
COGEND,Collaborative Genetic Study of Nicotine Dependence,
COGENT,Continental Origins and Genetic Epidemiology Network,
COGES,Collaborative Oncology Gene-Environment Study,
COGS,Colorectal Cancer Genetics Study,
COH,City of Hope Cancer Centre,
COHRA,Center for Oral Health Research in Appalachia,
COIN,COIN,
COIN-B,COIN-B,
CoLaus,Cohorte Lausannoise,
Colo2&3,Hawaii Colorectal Cancer studies 2&3,
ColoCare,ColoCare Study,
COLON,"Colorectal Cancer: Longitudinal Observational study on Nutritional and lifestyle factors that influence colorectal tumor recurrence, survival and quality of life",
COLT,Cohort in Lung Transplantation,
COL_Twin,Colorado Longitidinal Twin Study,
Columbia,Columbia University Medical Center,
COLUMBUS,Post-Columbian Study of Environmental and Heritable Causes of Breast Cancer,
COMPASS,Consortium of Minority Population Genome-Wide Association Studies of Stroke,
conFIRM,conFIRM,
ConLiGen,Consortium on Lithium Genetics,
CONOR,Cohort of Adults in Norway,
CONSIT,CONSIT,
CONSIT_TEAM,CONsorzio Studi ITaliani sui Tumori Ereditari Alla Mammella,CONSIT TEAM
CONVERGE,CONVERGE,
COPACETIC,"COPD Pathology: Adressing Critical gaps, Early Treatment & diagnosis and Innovative Concepts",
CopBCS,Copenhagen Breast Cancer Study,
COPDGene,Chronic Obstructive Pulmonary Disease Gene Study,
CopenhagenLCS,Copenhagen Lung Cancer Study,
COPSAC,Copenhagen Study on Asthma in Childhood,
COPSAC2010,Copenhagen Prospective Studies on Asthma in Childhood 2010,
Corea-COVID-19,Corea (Genetics of COVID-related Manifestation),
CORECT,The Colorectal Transdisciplinary Study,
CoRGI,Colorectal Tumour Gene Identification study,
CORIELL,Coriell Cell Repositories,
COROGENE,COROGENE: International Studies of Infarct Survival,
CORSA,Colorectal Cancer Study of Austria,
COS,Connecticut Ovary Study,
COSM,Cohort of Swedish Men,
CPCS,Copenhagen Prostate Cancer Study,
CPDR,Center for Prostate Disease Research,
CPMCBHC,California Pacific Medical Center Research Breast Health Cohort,
CPNDS,Canadian Pharmacogenomics Network for Drug Safety,
CPS,Cancer Prevention Study,
CPSII,Cancer Prevention Study II (including the Nutrition cohort),
CRA,Genetic Epidemiology of Asthma in Costa Rica,
CRC,Cardiometabolic Risk in Chinese,
CRCCS,Czech Republic Colorectal Cancer Study,
CRCGEN,Colorectal Cancer Genetics & Genomics,
CREAM,Consortium for Refractive Error and Myopia,
CRIC,Chronic Renal Insufficiency Study Study,
CRISPS,Hong Kong Cardiovascular Risk Factor Prevalence Study,
CROATIA-KORCULA,CROATIA-Korcula Study,
CROATIA-SPLIT,CROATIA-Split Study,
CROATIA-VIS,Vis Island Study (Croatia),
CRPDC,Clinical Research Platform based on Dementia Cohort,
CRUK-CRI,Cancer Research UK - Cambridge Research Institute,
CSDC,Combined Small Datasets Collection,
CSGA,CSGA,
CSMC,Cedars-Sinai Medical Centre,
CSSCD,Cooperative Study of Sickle Cell Disease,
CTMM,Center for Translational Molecular Medicine,Circulating Cells Cohort
CTS,California Teachers Study,
CU-COVID-19,Columbia University COVID19 Biobank,
CUHKDS,Chinese University of Hong Kong Diabetes Study,
CURES,Chennai Urban Rural Epidemiology Study,
CURES_China,China pUlmonary thromboembolism REgistry Study,CURES
CVPI-SCDr,CVPath Institute Sudden Cardiac Death registry,
CWRU,Case Western Reserve University,
Czech_Post,Czech Post,
Czech_post-MONICA,Czech post-MONICA Study,Czech post-MONICA
D2D2007,FIN-D2D study,
DACHS,Darmkrebs: Chancen der Verhütung durch Screening,
DAG,Dutch Asthma GWAS study,
DAHANCA,Danish Head and Neck cancer Study Group,
DaHS,Dallas Heart Study,
DAIHSGC,Dutch AIH Study Group Consortium,
DALS,"Diet, Activity, and Lifestyle Study",
Danfund,The Danish study of Functional Disorders,
Danshi,Combined Danshi,
DATATOP,Deprenyl and Tocopherol Antioxidative Therapy of Parkinsonism,
DaTeCa,Danish Testicular Cancer cohort,
DBB,The Diet-Body-Brain cohort,
DBCS,The Dortmund Bladder Cancer Study,
DBDS,Danish Blood Donor Study,
dbGAP,National Institutes of Health Genotype and Phenotype database,
DBS,Dutch Breda Study,
DC,Diabetic Cohort,
DCC,Duke Cognition Cohort,
DCCT,Diabetes Control and Complication Trial,
DCH,"Diet, Cancer and Health cohort",
DCHS,Drakenstein Child Health Study,
DC-IBD,IBD discovery case cohort,
DCPC,"Case-Control Study of Prostate Cancer among African Americans in Washington, DC",
DCS,Hoorn Diabetes Care System,
DDS,Durban Diabetes Study,
DeCC,Depression Case Control study,
deCODE,deCODE Genetics,
deCODE_CAD,deCODE CAD,deCODE CAD
DeCOI,German COVID-19 Omics Initiative,
DEGESGO,The Dementia Genetic Spanish Consortium,
DeKAF Genomics,Deterioration of Kidney Allograft Function Genomics Cohort,
DemGene,DemGene Project,
DEMOKRITOS,Hellenic Cooperative Oncology Group,
DeNoPa,De Novo Parkinson's cohort,
Dental SCORE,Dental Strategies Concentrating on Risk Evaluation,
DepGenesNetworks,DepGenesNetworks,
DESIR,Epidemiological Study on the Insulin Resistance syndrome study,
DFBBCS,Dutch Familial Bilateral Breast Cancer Study,
DFCCS,Dutch Familial Colorectal Cancer Study,
DFCI,Harvard Breast Cancer SPORE Blood Repository,
DFCI-GCC,Dana-Farber Cancer Institute - Gastrointestinal Cancer Clinic,
DFHCC,Dana-Farber Harvard Cancer Centre,
DFTJ,Dongfeng-Tongji cohort study,
DGC,Danish Glostrup Cohort,
DGDG,Diabetes Gene Discovery Group,
DGI,"Diabetes Genetics Initiative of Broad Institute of Harvard and MIT, Lund University, and Novartis Institutes of BioMedical Research",
DGP,Diabetes Genetics in Pakistan,
DHIVCS,Danish HIV Cohort Study,
DHS,Dortmund Health Study,
DHSR,Danish Health Service Register,
DiabHS,The Diabetes Heart Study,DHS
DIACORE,DIAbetes COhoRtE,
DIAGEN,Diabetes Genetics,
DIAGRAM,European descent in the Diabetes Genetics Replication And Meta-analysis,
DIAMANTE,DIAbetes Meta-ANalysis Trans-Ethnic association studies,
DIAMOND,Diabetes Multi-omic Investigation of Drug Response,
DIAN,The Dominantly Inherited Alzheimer Network,
DIETCOMPLYF,DietCompLyf Breast Cancer Survival Study,
DIGPD,Drug Interaction with Genes in Parkinson's disease,
DILGOM,Lifestyle and Genetic determinants of Obesity and Metabolic syndrome study,
DILIN,Drug-Induced Liver Injury Network,
DIPP,Diabetes Prediction and Prevention,
DIRECT,Diabetes Research on Patient Stratification,
discovEHR,discovEHR collaboration cohort from MyCode Community Health Initiative of the Geisinger Health System,
DISCOVeRY-BMT,Determining the Influence of Susceptibility Conveying Variants Related to One-Year Mortality after BMT,
DKFZ,Deutsches Krebsforschungszentrum (German Cancer Research Center),
DLS,Danish Longevity Study,
DMHDS,Dunedin Multidisciplinary Health and Development Study,
DMP,Dutch Microbiome Project,
DMS,Diabetes in Mexico Study,
DN,Singapore Study of Diabetic Nephropathy,
DNA_Lacunar,DNA Lacunar 2,
DNBC,Danish National Birth Cohort,
DNHS,The Detroit Neighborhood Health Study,
DNMUV,"Department of Neurology, Medical University of Vienna",
DNPR,Danish National Patient Register,
DNS,Duke Neurogenetics Study,
DOES,Dubbo Osteoporosis Epidemiology Study,
Doetinchem,Doetinchem Cohort Study,
DoNBONN,"Department of Neurosurgery, University of Bonn Medical Center",
DOPS,Danish Osteoporosis Prevention Study,
DOVE,Diseases of the Ovary and their Evaluation Study,
DPCR,Danish Psychiatric Central Register,
DPMS,Danish Pelvic Mass Study,
DPP,Diabetes Prevention Program,
DPS,DPS,
DREAM,Diabetes Reduction Assessment with Ramipril and Rosiglitazone Medication,
DRIVE,"Discovery, Biology and Risk of Inherited Variants in Breast Cancer Consortium",
DRS_EXTRA,Dose-Responses to Exercise Training,DRS EXTRA
DTR,Danish Twin Registry,
DTWC,Dutch Twin Cohort,
Duke,Duke Clinic,
DUKE_2,Duke Cathgen Study,
Duke FEATURE,Duke study of Functional Endpoints for Age-related Macular Degeneration,
Duke_GKD,Duke Genetics of Kidney Disease,
DUKW,Diabetes UK Warren repository,
DuMS,Duke Memory study,
DUNDEE,DUNDEE,
Dutch,Dutch Renal Cell Cancer Study,
Dutch HeFH,The Dutch heterozygous familial hypercholesterolemia screening program,
E2C2,E2C2,
EADB,The European Alzheimer’s Disease DNA Biobank dataset,
EADI,EADI,
EAGLE,Environment and Genetics in Lung Cancer Etiology Study,
EAPEH,European American and Poland Extreme Height panels,
EAS,EAS,
EAS-Edinburgh,Edinburgh artery study,
EAST-AFNET4,EAST-AFNET4 trial,
EB,Estonian Biobank,
ECAC,Endometrial Cancer Association Consortium,
ECACC,European Collection of Cell Cultures,
ECHA,European Challenge for Healthy Aging,
ECLIPSE,Evaluation of COPD Longitudinally to Identify Predictive Surrogate End-points,
ECRHS,European Community Respiratory Health Survey,
ECS,European Collaborative Study,
ECTIM,Etude Cas-T_moin sur lInfarctus du Myocarde,
EDC,Pittsburgh Epidemiology of Diabetes Complications Study,
EDIC,Epidemiology of Diabetes Interventions and Complications,
Edinburgh,University of Edinburgh,
EDIS,Epidemiology of Dementia in Singapore,
EDITH,Etude des D_terminants/Interaction de la THrombose veineuse,
EDOS,Edinburgh Osteoporosis Study,
EDRN,Early Detection Research Network,
EEBCS,Eastern European Bladder Cancer Study,
EESP,The Eastern Europe Study Population,
EFIGA,Estudio Familiar de Influencia Genetica en Alzheimer,
EFSOCH,Exeter Family Study of Childhood Health,
EGCUT,Estonian Genome Center of the University of Tartu,
EGEA,Epidemiological study of Genetics and Environment of Asthma,
EGG,Early Growth Genetics Consortium,
EGLE,Early Genetics and Lifecourse Epidemiology,
EGS,Emory Genebank Study,
EIMS,Epidemiological Investigation of Multiple Sclerosis,
EIRA,Epidemiological Investigation of Rheumatoid Arthritis,
ELCCS,Epidemiology & Genetics Unit Lymphoma Case-Control study,
ELGAN,Extremely Low Gestational Age Newborns,
ELLIPSE,Prostate,
ELSA,The English Longitudinal Study of Ageing,
ELSA-Brasil,Estudo Longitudinal de Saude do Adulto cohort,
ELVS,The Early Language in Victoria Study,
Ely,Ely Study,
Ely_case,Ely case_control study,
EMAS,European Male Ageing Study,
EMBLEM,Epidemiology of Burkitt Lymphoma in East African Children and Minors,
EMBRACE,Epidemiological study of BRCA1 and BRCA2 mutation carriers,
EMC,Erasmus Medical Center,
eMERGE,Medical Records and Genomics study,
EMIF,European Medical Information Framework,"EMIF-AD 90+, EMIF-AD PreclinAD"
EMIL,EMIL,
ENGAGE_AF-TIMI_48,The Effective Anticoagulation with Factor Xa Next Generation in Atrial Fibrillation-Thrombolysis in Myocardial Infarction 48,ENGAGE AF-TIMI 48
ENGELA,Environmental and genetic risks factors study in adult lymphoma,
EOPCS,Early Onset Prostate Cancer Study,
EOVT,Early-Onset Venous Thrombosis,
EPHESUS,The Eplerenone Post-Acute Myocardial Infarction Heart Failure Efficacy and Survival Study,
EPIC,European Prospective Investigation into Cancer,
EPICAP,Epidemiology of Prostate Cancer,
EPIC_CAD,EPIC CAD,EPIC CAD
EPIC-Norfolk,European Prospective Investigation of Cancer-Norfolk,
EPIC-Obesity,European Prospective Investigation into Cancer and Nutrition _ Obesity study cohort,
EPIC_Obs,Early Pseudomonas Infection Control Observational Study,
EPICOLON,EPICOLON,
EPICPotsdam,"European Investigation into Cancer and Nutrition, Potsdam study",
EPIC-Potsdam,European Prospective Investigation of Cancer-Potsdam,
EPICURE,EPICURE Consortium,
EPIDG,Epidemiology of Diabetes and Gestational Diabetes cohort,
EPIFUND,EPIFUND,
EPIGEN,EPIGEN,
Epi_Gen_AJ_SZ,Epidemiology genetic program AJ schizophrenia case-control samples,
EpiHealth,Epidemiology for Health,
EpiLymph,Epilymph case-control study in six European countries,
EPI-NPC-2005,EPI-NPC-2005 study,
EPIPARK,EPIPARK,
EPOS,European Prospective Osteoporosis Study,
EPOZ,Epidemiologisch Preventief Onderzoek Zoetermeer,
eQTL,Expression Quantitative Trait Loci _ Lung,
ERASE,Evaluation of Risk of ALL treatment-related Side-Effects,
ERF,Erasmus Rucphen Family Study,
ERICA-SA,Evolving Risk Factors for Cancer in African populations study,
E-Risk,Environmental Risk Longitudinal Twin Study,
ERSPC,European Randomised Study of Screening for Prostate Cancer,
ESAC,ESophageal Adeno-carcinoma,
ESCALE,Etude Sur les Cancers et les Leucémies de l'Enfant,
ESS,Edinburgh Stroke Study,
ESSEN,Essen Obesity Study,
Essen-Heidelberg,Essen-Heidelberg,
ESTHER,"Epidemiological investigations on chances of preventing, recognizing early and optimally treating chronic diseases in an elderly population / Epidemiologische Studie zu Chancen der Verhütung, Früherkennung und optimierten Therapie chronischer Erkrankungen in der älteren Bevölkerung, Verlauf der diagnotischen Abklärung bei Krebspatienten","Epidemiological investigations of the chances of preventing, recognizing early and optimally treating chronic diseases in an elderly population (ESTHER_ELDERLY), Epidemiologische Studie zu Chancen der Verhütung, Früherkennung und optimierten Therapie chronischer Erkrankungen in der älteren Bevölkerung, Verlauf der diagnotischen Abklärung bei Krebspatienten (ESTHER-VERDI)"
ESTHER_VERDI,"Epidemiologische Studie zu Chancen der Verhütung, Früherkennung und optimierten Therapie chronischer Erkrankungen in der älteren Bevölkerung; Verlauf der diagnotischen Abklärung bei Krebspatienten",
ET2DS,Edinburgh Type 2 Diabetes Study,
Eudragene,Eudragene,
EUGENDA,EUGENDA,
EUGENE2,European network on Functional Genomics of Type 2 Diabetes,
EU-RLS GENE,EU-RLS GENE,
EURODIAB,EURODIAB,
EUROSPAN,European Special Population Network consortium,
EuroTARGET,EuroTARGET project,
EWUH-PCOS,Ewha Woman's University Hospital PCOS Study,
EXCEED,"Extended Cohort for E-health, Environment and DNA",
EXTEND,"Exeter 10,000 Study",
EYHS,European Youth Heart Study,
F5Leiden,F5Leiden Cohort,
FAMHES,Guangxi Fangchenggang Area Male Health and Examination Survey,
FamHS,Family Heart Study,
FAMILY,Family Atherosclerosis Monitoring In earLY life study,
FARIVE,Etude des Facteurs de Risque de thrombose Veineuse,
FAS,Fatty Acid Sensor Study,
FBCS,Familial Breast Cancer Study,
FBPP,The Family Blood Pressure Program,
FCCC,Fox Chase Cancer Center,
FCCPS,Finnish Colorectal Cancer Predisposition Study,
FCCS,Fukuoka Colorectal Cancer Study,
FDS,Fremantle Diabetes Study,
FECD,Fuchs Endothelial Corneal Dystrophy Controls,
FEIRI,FMD European/International Registry and Initiative,
Fels,Fels Longitudinal Study,
Fenland,The Fenland Study,
FES,Framingham Eye Study,
FGC,Finnish Genome Center,
FGENTCARD,Functional genomic diagnostic tools for coronary artery disease,
FGFP,Flemish Gut Flora Project,
FHCRC,"Fred Hutchinson Cancer Research Center, Seattle US",
FHRISK,Family History Clinic in Manchester,
FHS,Framingham Heart Study,
FINCAVAS,Finnish Cardiovascular Study,
FIND,The Family Investigation of Nephropathy and Diabetes,
FIN-D2D,FIN-D2D,
FinDonor,FinDonor 10 000 study,
FinGesture,FinGesture,
FinHealth,National FinHealth 2017 Study,
Finland,Finland,
FinnDiane,Finnish Diabetic Nephropathy,
FinnGen,FinnGen Biobank,
FinnTwin12,The Younger Finnish Twin Cohort,
FinnTwin16,FinnTwin16,
FinnTwinOld,The Older Finnish Twin Cohort,
FINRISK,FINRISK,
FINRISK97,FINRISK 1997,
FinRSPC,Finnish Randomized Study of Screening for Prostate Cancer,
FinSO,Finland SO replication,
Fiola,Familial Influences On Literacy Abilities,
FIRE3,"Phase 3 Randomized Clinical Trial (FOLFIRI + cetuximab, FOLFIRI + bevacizumab",
FISSIC,Fangshan Family-Based Ischemic Stroke Study in China,
FITSA,Finnish Twin Study on Aging,
FLCCA,the Female Lung Cancer Consortium in Asia,
FLCS,Fudan Lung Cancer Study,
FLEMENGHO,"Flemish Study on Environment, Genes and Health Outcomes",
FLVS-II,Fleurbaix-Laventie Ville Sant_ II study,
FMB,FondaMental Bipolar,
FOCI,Follow-up of Ovarian Cancer Genetic Association and Interaction Studies,
FOCUS,Food Chain Plus Cohort,
FOR2107,The FOR2107 consortium,
FOS,Framingham Offspring Study,
FOTS,Familial Ovarian Tumor Study,
FOURIER,FOURIER,
FPCC,CeRePP French Prostate Case-Control Study,
FPGMX,Fundación Pública Galega de Medicina Xenómica,
FrBCS,French Bladder Cancer Study,
FRENCH,French Case-Control Study,
FrGMC,French Cystic fibrosis Gene Modifier study,
FRISCII,FRISCII,
FROC&GEOCS,Genetic Epidemiology of Ovarian Cancer,
FSCD,"FinnTwin, Family Study of Cocaine Dependence",
FTC,Finnish Twin Cohort Study,
FTC/NAG-FIN,Nicotine Addiction Genetics - Finland study,
FTCS,Familial Testicular Cancer Study,
FTLD-TDP WGS,FTLD-TDP WGS International consortium,Whole genome sequencing consortium on Frontotemporal dementia with underlying TDP-43 pathology
Fudan-Huashan,Fudan-Huashan Study,
FUSION,Finland-United States Investigation of Non-Insulin-Dependent Diabetes Mellitus Genetics,
FVG,Friuli-Venezia Giulia,
GABC,Genes and Blood Clotting Study,
GABRIELA,GABRIEL (a multidisciplinary study to identify the genetic and environmental causes of asthma in the European Community) Advanced studies,
GACRS,Genetics of Asthma in Costa Rica Study,
GAF,Genetics in Atrial Fibrillation,
GAGRN,German Alzheimer disease Integrates Genome Research Network,
GAIN,Genetic Association Information Network,
GAIN.AST,Genetics of Asthma International Network,
GAIN-BP,Bipolar Disorder Genetic Association Information Network,
GAIN-MDD,Genetic Association Information Network-MDD Study,
GALA,Genetics of Asthma in Latino Americans,
GALA_II,Genes- Environments & Admixture in Latino Americans study,
GALAXY,Gut-and-Liver Axis in Alcoholic Liver Fibrosis,
GALEON,GALicia Estudio Oncológico de coloN,
GAME-ON,The Genetic Associations and Mechanisms in Oncology,
GAMS,Genetic Analysis of Multiple Sclerosis,
GAPC,Genetic Analysis of Psoriasis Consortium,
GAPP,The genetic and phenotypic determinants of blood pressure and other cardiovascular risk factors (Liechtenstein),
GaPP2,Gabapentin for chronic pelvic pain in women,
GARBH-Ini,Interdisciplinary Group for Advanced Research on BirtH outcomes - DBT India Initiative,
GARD,Gwangju Alzheimer's and Related Dementias,
GARP,Genetics OsteoArthritis and Progression,
GAS,Gabriel Advanced Survey,
GASC,German Aortic Stenosis Cohort,
GASP,Genetic Asthma Susceptibility to Indoor Pollution in Peru,
GAsP2,GenomeAsia Phase 2,
GASSC,Genetic Architecture of Smoking and Smoking Cessation,
GBHS,Ghana Breast Health Study,
GBMI,Global Biobank Meta-analysis Initiative,
GBP,Australian Genetics of Bipolar Disorder study,
GBTDS,Guizhou-Bijie Type 2 Diabetes Study,
GCADC,Gothenburg Cervical Artery Dissection Collection,
GCAN,Genetic Consortium for Anorexia Nervosa,
GCAP,"NIMH Genes, Cognition and Psychosis Program",
GCAT,GCAT. Genomes For Life.,
GCC,Greek Coronary Disease Cohort,
GC-HBOC,German Consortium for Hereditary Breast & Ovarian Cancer,
GCI,Genomics Collaborative Initiative,
GCKD,German Chronic Kidney Disease Study,
GCNKSS,Greater Cincinnati/Northern Kentucky Stroke Study,
GD,German Dupuytren study,
GDLP,Genome Database of Latvian Population,
GDS,Guangdong Study,
GECAP,Gene-Environment Interaction in Prostate Cancer Study,
GECCO,Genetics and Epidemiology of Colorectal Cancer Consortium,
Gecko Drenthe,The Groningen Expert Center for Kids with Obesity Drenthe study,
GEDI,Gene-Environment Development Initiative,
GEFOS,Genetic Factors for Osteoporosis Consortium,
GEHA,Genetics of Healthy Aging,
GEL,Genomics England,"UK 100,000 Genomes Project (100k Genomes)"
GELA,Treatment program of DLBCL patients from the Groupe dEtude des Lymphomes de lAdulte,
GELAC,Genetic Epidemiological Study of Lung Adenocarcinoma,
GELCAPS,Genetic Lung Cancer Predisposition Study,
GELCC,GELCC familial lung cancer samples,
GEL-S,"Genes and Environment in Lung Cancer, Singapore Study",
GEM,Genetic Epidemiology of Migraine,
GEM_Ginkgo,Ginkgo Evaluation of Memory (GEM) study,
GEMO,Genetic Modifiers of cancer risk in BRCA1/2 mutation carriers,
GEMS,Genetic Epidemiology of Metabolic Syndrome study,
GEN-03,Genomics of Kidney Transplantation Study,
Gen3G,Genetics of Glucose regulation in Gestation and Growth,
GENADA,Genotype Phenotype Associations in Alzheimers Disease,
GENCOVID,"GEN-COVID, reCOVID",
GENDAI,Gene and Diet Attica Investigation,
GENEDIAB,Genetics of Diabetic Nephropathy,
Gene_MSA_CH,Gene MSA Switzerland,Gene MSA CH
Gene_MSA_NL,Gene MSA NL,Gene MSA NL
Gene_MSA_US,Gene MSA US,Gene MSA US
GenEPA,GenEPA,
GenePARE,Genetic Predictors of Adverse Radiotherapy Effects Study,
Gene-PARE,Genetic Predictors of Adverse Radiotherapy Effects,
GenePD,Genome-wide scan for Parkinsons diseaseÌ¨ Initiative,
GenerAAtions,Genetic and Environmental Risk Factors for Alzheimer's Disease Among African Americans,
Generation_R,Generation R Study Group,Generation R
GeneRISK,GeneRISK,
GENESIS,GENESIS,
GeneSTAR,Genetic STudy of Aspirin Responsiveness,
GeneSTAR_b,Johns Hopkins - Genetic STudy of Atherosclerosis Risk,
Genetics_COVID19_Korea,Genetic influences on severity of COVID-19 illness in Korea,
GENEVA,GENEVA Study,
GENEVA-DCS,GENEVA Dental Caries Study,
GenHAT,Genetics of Hypertension Associated Treatment,
GENICA,Gene Environment Interaction and Breast Cancer in Germany,
GENIE,Gene-Environmental Interaction and phenotype study,
Genizon,Genizon BioSciences,
GenKOLS,Genetics of Chronic Obstructive Lung Disease,
GENMETS,GenMets sub cohort for the Health 2000 Study,
GEnMS,Genes and Environment in Multiple Sclerosis,
GenNet,GenNet,
GENOA,Genetic Epidemiology Network of Arteriopathy,
GenomALC,Genetics of alcoholic liver cirrhosis consortium,
GenomeAsia100K,GenomeAsia 100K project,
GenoMEL,GenoMEL,
GenomEUtwin,GenomEUtwin study,
genomicc,GenOMICC (Genetics Of Mortality in Critical Care),
Genotek,Genotek COVID-19 study,
GenoTPA,Genetic Study in Ischemic Stroke Patients treated with r-tPA,
GenPOD,GenPOD,
GENRA,Genetics Network Rheumatology Amsterdam,
GenRED,Genetics of Recurrent Early-Onset Depression,
GENRIC,Genomics Research in Cardiovascular Disease,
GenSalt,Genetic Epidemiology Network of Salt-Sensitivity Study,
GEN-SEP,Genetics of Sepsis-induced ARDS Network,
GENUFAD,Genetic Studies in Nuclear Families with Atopic Dermatitis,
GENYO,GENYO,
Georgetown,Georgetown,
GEOS,Genetics of Early Onset Stroke,
GEP,Genetic Etiologies of Primary-Open angle Glaucoma Study,
GEPARSIXTO,GEPARSIXTO Trial,
GERA,Genetic Epidemiology Research in Adult Health and Aging,
GERAD,GERAD,
German_BP,German BP sample,
German_sib-pair,German sib-pair study,
GerMIFS,German Myocardial Infarction Family Study,
GESBC,Genetic Epidemiologic Study of Breast Cancer by Age 50,
GESGA,German Study of the Genetics of Alcoholism,
GESUS,Danish General Suburban Population Study,
G-FaST,G-FaST,
GFG,Genes for Good,
GGAF,Groningen Genetics of Atrial Fibrillation Study,
GGP,Genes for Good Project,
GH,Group Health,
G&H,Genes & Health,"East London Genes & Health (ELGH), Bradford Genes & Health, Manchester Genes & Health"
GH70,Gothenburg H70 Birth Cohort Studies and Clinical AD,
Ghana,Ghana,
Ghana_Prostate,Ghana Prostate,Ghana Prostate
GHRAS,Greek Health Randomized Aging Study,
GHS,Gutenberg Health Study,"GHS-I, GHS-II"
GHSG,German Hodgkin Study Group,
GIANT,Genetic Investigation of ANthropometric Traits (GIANT) consortium,
GICC,Glioma International Case Control Consortium,
GIFT,Genetics In Familial Thrombosis,
GIG,Genomic Imaging Gottingen,
GIMS,Genes in Myopia study,
GINI,German Infant Study on the influence of Nutrition Intervention,
GINIplus,The German Infant Study on the Influence of Nutrition Intervention plus Air pollution and Genetics on Allergy Development,
GISHEAL,Genetic and Immunological Studies of European and African HIV-1+ Long Term Non-Progressors,
GISSI-P,Gruppo Italiano per lo Studio della Sopravvivenza nell'Infarto miocardico (GISSI) -Prevenzione trial,
GIST,Glaucoma Inheritance Study in Tasmania,
GLACIER,Gene-Lifestyle interactions And Complex traits Involved in Elevated disease Risk Study,
GLAD,Genetic Links to Anxiety and Depression,
Glasgow,Glasgow,
GLAUGEN,The Glaucoma Genes and Environment Study,
GLC,German Lung Cancer Study,
GLGC,Global Lipid Genetics Consortium,
GLIDE,Gene-Lifestyle Interactions in Dental Endpoints,
Gliogene,Gliogene: A Familial Brain Tumor Study,
GliomaScan,GliomaScan,
GlobalGout,GlobalGout Genetics Consortium,
GLS,German Longevity Study,
G.MAS,German Multicenter Allergy Study,
GMC,Geisinger Medical Center,
GMetS,GMetS (France),
GMMG,German Multiple Myeloma Study Group,
GMOS,Gut Microbiota and Obesity Study,
GMS,Genetic Modifier Study,
GMS_CFLD,Genetic Modifier Study of Severe Cystic Fibrosis Liver Disease,
GNEHGI2020Q2,Genentech Human Genetics Initiative Cancer Immunology Cohort 2020 Q2,
GNHS,Guangzhou Nutrition and Health Study,
GO,Genetics of Osteoarthritis Consortium,
GOBS,Genetics of Brain Structure and Function,
GO-CAT,Genetics of Childhood Cancer Treatment,
GOCS,German Ovarian Cancer Study,
GOCS_Chilean,Growth and Obesity Chilean Cohort Study,
GoDARTS,Genetics of diabetes Audit and Research,
GODDAF,Genetic Origin of Dupuytren Disease study,
GOI,Genetics of Impulsivity project,
GoKinD,Genetics of Kidneys in Diabetes Study,
GOLDN,Genetics of Lipid Lowering Drugs and Diet Network study,
GOLDR,Genetics of Latinos Diabetic Retinopathy,
GOMAP,Genetic Overlap between Metabolic and Psychiatric traits,
GOOD,Gothenburg Osteoporosis and Obesity Determinants study,
GOS,Geelong Osteoporosis Study,
GoSHARE,Genetics of the Scottish Health Research Register,
GOYA,Genetics of Overweight Young Adults,
GP2,Global Parkinson's Genetics Program,
GPC,Genetics of Personality Consortium,
GPS,Ghana Prostate Study,
GRAAD,Genomic Research on Asthma in the African Diaspora,
GRACE,Genetic Risk Assessment for Chinese Eaglet - T1D,
GR@ACE,Genome Research at Fundació ACE,
GRACE_Genetics,Global Registry of Acute Coronary Events,
GRaD,"Genes, Reading and Dyslexia",
GRADE,Genetic Risk Assessment of Defibrillator Events,
GRADS,Genomic Research in Alpha-1 Antitrypsin Deficiency and Sarcoidosis study,
GRAND,Genetic characteristics of coRonary Artery disease in ChiNese young aDults,
GRAPHIC,Genetic Regulation of Arterial Pressure in Humans in the Community,
GRAS,Gottingen Research Association for Schizophrenia,
GRAZ,GRAZ,
GRCCDS,Genomic Research Cohorts for CCMB Diabetes Study,
GRECO,Groningen Renal Hemodynamic Cohort Study Group,
GRFOCR,Gilda Radner Familial Ovarian Cancer Registry,
GRHCP,Gilda Radner Hereditary Cancer Program,
GRID,Genetic Resource Investigating Diabetes,
GRIso,Genetic Research in Isolated,
GRIV,Genomics of Resistance to Immunodeficiency Virus,
GRMIC,Greek Recurrent Myocardial Infarction Cohort,
GSH,Georgia Stress and Heart study,
GSICSS,"Glasgow, Scotland ImmunoChip Study Samples",
GSK,GlaxoSmithKline,
GSMS,Great Smoky Mountains Study,
GSP,Brain Genomics Superstruct Project,
GS:SFHS,Generation Scotland: Scottish Family Health Study,Generation Scotland
GTB,Ghanaian TB study,
GTES,Guangzhou Twin Eye Study,
GTJR,Greek TJR cases,
Guangzhou,"Asian Consortium, Colorectal Cancer Guangzhou",
GUB,Genito-Urinary BioBank,"gub1, gub2"
GUSTO,Growing Up in Singapore Towards healthy Outcomes (GUSTO) mother-offspring cohort,
GWAS_UK2,GWAS_UK2,
GXE,Gene By Environment,
H2T2DS,Health2 T2D Study,
HAALSI,Health and Aging in Africa: A Longitudinal Study of an INDEPTH Community in South Africa,
HABC,"Health, aging and body composition study",
HABCS,Hannover Breast Cancer Study,
HABS,Harvard Aging Brain Study,
HAD-B1-IIT,HangAmDan-B1-Investigator Initiated Trial study,
HAECS,Hannover-Almaty Endometrial Cancer Study,
HALST,Healthy Aging Longitudinal Study in Taiwan,
HANDLS,Healthy Aging in Neighborhoods of Diversity across the Life Span Study,
HAPI,HAPI Heart Study,
HAPO,Hyperglycemia and Adverse Pregnancy Outcomes study,
HAPPIEST,Hasselt Appendicitis Immunology and Environmental Study,
HARPS,Heart Attack Risk in Puget Sound,
Harvard,Harvard,
HAS,Hawaiian Adenoma Study,
Hawaiian_Colo2&3,Hawaiian Colorectal Cancer Studies 2&3,Hawaiian Colo2&3
HBCP,Helsinki Breast Cancer Project,
HBCS,Helsinki Birth Cohort Study,
HBDI,U.S.A. Human Biological Data Interchange,
HBS,Harvard Biomarkers Study,
HCCS,Hispanic Colorectal Cancer Study,
HCES-Br,Hwasun Cancer Epidemiology Study-Breast,
HCES-CRC,Hwasun Cancer Epidemiology Study-Colon and Rectum Cancer,
HCHS,Hispanic Community Health Study,
HCHS-SOL,Hispanic Community Health Study / Study of Latinos,"HCHS, SOL"
HCHS/SOL,Hispanic Community Health Study / Study of Latinos,
HCMR,Hypertrophic Cardiomyopathy registry,
HCS,Hunter Community Study,
HCSC,Hospital Clinico San Carlos,
HDAAM,High Density SNP Association Analysis of Melanoma,
HDR,Hospital Discharge Register Sweden,
HEALS,The Health Effects of Arsenic Longitudinal Study,
Health2,Health2 Study,
Health2000,Health2000 Study,Health 2000
Health2006,Health2006 Study,
Health2008,Health2008,
Health2010,Health2010,
HealthABC,"Health, Aging and Body Composition Study",Health ABC
HEBCS,Helsinki Breast Cancer Study,
HEBON,Hereditary Breast and Ovarian Study Netherlands,
HECS,Hawaii Endometrial Cancer Study,
HeiDE,Heidelberger Langzeitstudie zu Risikofaktoren und Diagnose chronischer Erkrankungen,
HELENA,Healthy Lifestyle in Europe by Nutrition in Adolescence study,
HELIAD,Hellenic Longitudinal Investigation of Aging and Diet,
HELIC,Greece Hellenic Isolated Cohorts,
HELIOS,Health for Life in Singapore,
HELIX,Human Early Life Exposome,
Helix_Exome,Helix Exome+ COVID-19 Phenotypes,Helix
HeOCS,Helsinki Ovarian Cancer Study,
HerCS,Hertfordshire Cohort Study,
HerediGene,HerediGene study,
HERITAGE,"Health, Risk Factors, Training and Genetics Family Study",
HERMES,HERMES Consortium,
HERPACC,Hospital-based Epidemiologic Research Program at Aichi Cancer Center,
HEXA,Health Examinee Shared Control Study,
HF-ACTION,Heart Failure: a Controlled Trial Investigating Outcomes of Exercise Training,
HFPGR,Henry Ford Heart Failure Pharmacogenomic Registry,
HGDS,Hemophilia Growth and Development Study,
HGF,The Helmholtz-Gemeinschaft Deutscher Forschungszentren,
HGI,Human Genetics Initiative,
HHO,Health Habits and Opinions study,
HHS,The Hordaland Health Study,HUSK
HIHG,Hussman Institute of Human Genomics,
HISAYAMA,The Hisayama study,
HISLA,Hispanic/Latino Anthropometry Consortium,
HJECS,Hannover-Jena Endometrial Cancer Study,
HJOCS,Hannover-Jena Ovarian Cancer Study,
HKBCS,Hong Kong Breast Cancer Study,
HKCES,Hong Kong Children Eye Study,
HKDB,Hong Kong Diabetes Biobank,
HKDDDPC,Hong Kong Degenerative Disc Disease Population Cohort,
HKDR,Hong Kong Diabetes Register,
HKOS,Hong Kong Osteoporosis Study,
HKS,Hong Kong Study,
HLCS,Harvard Lung Cancer Study,
HMBCS,Hannover-Minsk Breast Cancer Study,
HMGU,HMGU,
HMOCS,Hannover-Minsk Ovarian Cancer Study,
HN5000,United Kingdom case-series,
HNP,Healthy Nevada Project,
HNR,Heinz Nixdorf Recall Study,
HOCS,Hawaii Ovarian Cancer Study,
Hoorn,Hoorn study,
Hoorn study,Hoorn study,
HOPE,Hormones and Ovarian Cancer Prediction Study,
HOPE_Zhejiang,Healthy Zhejiang One Million People Cohort,HOPE
HostSeq,HostSeq initiative,
H-PEACE,the Health and Prevention Enhancement cohort,
HPFS,Health Professional Follow-up Study,
HPFS3,Prospective cohort of men (USA),
HPS,Heart Protection Study,
HRS,Health and Retirement Study,
HSDS,Helsinki Sudden Death Study/Tampere Coronary Study,
HSG,Hvidoere Study Group on Childhood Diabetes,
HSIEA,The Hellenic study of Interactions between SNPs & Eating in Atherosclerosis,
HS ProCARE,Hidradenitis Suppurativa Program for Research and Care Excellence,
HTDS,Hubei Type 2 Diabetes Studies,
HTN,Hypertension-Insulin Resistance Family Study,
HTN-IR,The Hypertension-Insulin Resistance Family Study,
HTO,Oxford Family Blood Pressure Study,
HUBCS,Hannover-Ufa Breast Cancer Study,
HUFS,Howard University Family Study,
HUGR,Hebrew university geneomic resource AJ schizophrenia case-control sample,
HUNBOCS,Molecular Genetic Studies of Breast and Ovarian Cancer in Hungary,
HUNT,Nord-Trøndelag Health Study,
HUNT2,North Trondelag Health Study,
HUOCS,Hannover-Ufa Ovarian Cancer Study,
HUVH,Hospital Universitari Vall dHebron,
HVH,Heart and Vascular Health Study,
HYPERGEN,Hypertension Genetic Epidemiology Network,
HYPERGENES,Hypergenes - European Network for Genetic-Epidemological Studies,
HypnoLaus,HypnoLaus,
HZ,Hamburg-Zagreb,
i2b2,Integrating Biology & the Bedside,
IABS,Icelandic Atrioventricular Block Sample,
IAFS,Icelandic Atrial Fibrillation Sample,
IAMDGC,International AMD genomics consortium,
IARC,International Agency for Research on Cancer Study,
IARCCES,International Agency for Research on Cancer Central Europe Study,
IASPSAD,"GFG, Irish Affected Sib Pair Study of Alcohol Dependence",
IATVB,Italian Atherosclerosis Thrombosis and Vascular Biology,
IBCCS,International BRCA1/2 carirer cohort study,
IBCS,Iceland Bladder Cancer Study,
IBG,Institute for Behavioral Genetics,
IB-liver,Indiana Biobank Liver cohort,
IBSEN,Inflammatory Bowel disease in South-Eastern Norway,
iCaRe2,integrated Cancer Repository for Cancer Research,
ICBP,International Consortium for Blood Pressure Genome-wide Association Studies,
ICCBD,International Cohort Collection for Bipolar Disorder,
Icelandic,Icelandic cohort,
ICFA,IrsiCaixa Foundation Acute/Recent HIV-1 Infection Cohort,
ICGC,International Cancer Genome Consortium-Chronic Lymphocytic Leukemia,
ICGH,International Collaboration for the Genomics of HIV,
ICGHD_ARC,International Consortium on the Genetics of Heroin Dependence - Alcohol Related Conditions,
ICGHD_CIDR,International Consortium on the Genetics of Heroin Dependence - Center for Inherited Disease Research,
ICGHD_RATRP,International Consortium on the Genetics of Heroin Dependence - Research on Alcohol and Tobacco Related Phenotypes,
ICGN,International COPD Genetics Network,
ICH,ICH,
ICICLE,Study to Investigate the Genetics on In Situ Carcinoma of the Ductal,
ICO,Institut Català d'Oncologia,
iCOGS,iCOGS,
ICR,Icelandic Cancer Registry,
ICR_b,Institute of Cancer Research,
ICR-GWAS,UK lung cancer GWAS from the Institute for Cancer Research,
ICSHIB,International Collaborative Study on Hypertension in Blacks,
IDDMGEN,Tyypin 1 Diabetekseen Sairastuneita Perheenjäsenineen,
IDEFICS,Identification and prevention of Dietary- and lifestyle-induced health EFfects In Children and infantS,
IDIBAPS,Hospital Clinic-IDIBAPS Acute/Recent HIV-1 Infection Cohort,
IECG,Icelandic ECG study sample,
IEGC,International Endometriosis Genetics Consortium,
IFS,Irish Family Study,
IFS_b,Icona Foundation Study,
IGAP,International Genomics of Alzheimer's Project,
IGBFS,Indiana Genetics of Bone Fragility Study,
IGD,The Icelandic Genealogical Database,
IGEDEPP,Interaction of Gene and Environment of Depression in PostPartum,
IGE-PCV,Interaction Gåne-Environment en Physiopathologie Cardio-Vasculaire,
IGGC,International Glaucoma Genetics Consortium,
IHCC,International Hereditary Cancer Centre,
IHCS,Intermountain Heart Collaborative Study,Intermountain Healthcare
IHGC,International Headache Genetics Consortium,
IHIVCS,International HIV Controllers Study,
IHS,Intern Health Study,
IIBDGC,IIBDGC genotyped CD study,
IKSDR,Icelandic Kidney Stone Disease Registry at LUH,
ILCCO,International Lung Cancer Consortium (Lung cancer OncoArray project),
Illumina_iControlDB,Illumina iControlDB,Illumina iControlDB
ILM,Imperial-Liverpool-Melbourne Collaboration,
ILUH,"Infanta Leonor University Hospital (Madrid, Spain)",
IMAGE,International Multi-Center ADHD Gene Project,"image-i, image-ii"
IMAGEN,IMAGEN,
IMHS,Intermountain Heart Study,
IMM,Iwate Tohoku Medical Megabank,
Immunochip,Immunochip,
IMPACT,Identification of Men with a genetic predisposition to ProstAte Cancer,
IMPROVE,IMPROVE,
IMS,Indian Migration Study,
IMSE,Immunomodulation and Multiple Sclerosis Epidemiology study,
IMSGC,International Multiple Sclerosis Genetics Consortium,
IMSGC_UK,International Multiple Sclerosis Genetics Consortium UK,IMSGC UK
IMSGC_US,International Multiple Sclerosis Genetics Consortium US,IMSGC US
INCa,French National Cancer Institute,
InCHIANTI,The Invecchiare in Chianti,
INCIPE,INCIPE (NE Italy CKD and Nephropathy Study),"Initiative on Nephropathy, of relevance to public health, which is Chronic, possibly in its Initial stages, and carries a Potential risk of major clinical Endpoints"
Indiana_cohort,Indiana cohort,
Indianapolis,Indianapolis-Ibadan Dementia Project,
INDICO,Indian Diabetes Consortium,
INDUSTRIAL,Industrial Cohorts Research Group,
INGI,Italian Network on Genetic Isolates Studies,
INGI-Carlantino,Italian Network on Genetic Isolates-Carlantino,
INGI-Cilento,Italian Network on Genetic Isolates-Cliento,
INGI-FVG,Italian Network on Genetic Isolates-Friuli-Venezia Giulia,
INGI-Val_Borbera,Italian Network on Genetic Isolates-Val Borbera,INGI-Val Borbera
INHALE,INHALE,
INHANCE,International Head and Neck Cancer Epidemiology Consortium,
INHERIT,Interdisciplinary Health Research Internal Team Breast Cancer Susceptiblity,
INMA,INfancia y Medio Ambiente Project,
INSchool,Impact of Neurodevelopmental disorders and School performance: genes and environment,
INSPIRED,India–Scotland Partnership for Precision Medicine in Diabetes,
Inter99,Inter99 Study,
InterAct,InterAct,
InterASIA,International Collaborative Study of Cardiovascular Disease in Asia,
INTERGENE,INTERplay between GENEtic susceptibility and external factors,
Interphone,Interphone,
InterPregGen,International Pregnancy Genetics,
INTERSTROKE,INTERSTROKE,
INTERVAL,INTERVAL,
INVENT,International Network Against Venous Thrombosis Consortium,
IORRA,Institute of Rheumatology Rheumatoid Arthritis,
IOVHBOCS,Instituto Oncologico Veneto Hereditary Breast and Ovarian Cancer Study,
IoW,Isle of Wight,IOW
Iowa,Iowa,
Iowa-Mayo,Iowa-Mayo SPORE Molecular Epidemiology Resource,
IPCG,Identifying Prostate Cancer Genes,
IPDGC,International Parkinson Disease Genomics Consortium,
IPM,"Charles R Bronfman Institute for Personalized Medicine - IPM / BioBank Genome Wide Association Study of Cardiovascular, Renal and Metabolic Phenotypes",
IPOBCS,Portuguese Oncology Institute-Porto Breast Cancer Study,
IPO-Porto,IPO-Porto Prostate Cancer study,
IPPS,Icelandic Pacemaker Population Sample,
iPSYCH,iPSYCH,
IRAS,The Insulin Resistance Atherosclerosis Study,the insulin resistance atherosclerosis study family study (irasfs)
IRASFS,IRASFS,
ISC,International Schizophrenia Consortium,"isc-aberdeen, isc-azores, isc-bulgaria, isc-cardiff, isc-dublin, isc-edinburgh, isc-london, isc-portugal, isc-sweden"
ISGC,International Suicide Genomics Consortium,
ISGS,Ischemic Stroke Genetics Study,
i-Share,Internet-based Students HeAlth Research Enterprise,
ISIS,International Studies of Infarct Survival,
ISP,International Stuttering Project,
I-SPY2,Investigation of Serial Studies to Predict Your Therapeutic Response with Imaging And molecular analysis 2,
ISS,Indiana Sisters Study,
ISSS,Icelandic Sick Sinus Syndrome sample,
IST,Stanford IST,
ISTAART,Alzheimers Associations International Society to Advance Alzheimers Research and Treatment,
Italian_GxE,Multicenter Italian study on gene-environment interactions in lymphoma etiology: translational aspects,Italian GxE
ITH,INTERHEART Study,
ITHGC,International Tuberculosis Host Genetics Consortium,
IUPUI,Indiana University-Purdue University Indianapolis,
IWPC,International Warfarin Pharmacogenetics Consortium,
JAAS,Jamaican Adolescent Asthma Study,
JaCALS,Japanese Consortium for Amyotrophic Lateral Sclerosis research,
JAPC,JAPC,
JCS,Japanese Centenarian Study,
JDRF/WT,Juvenile Diabetes Research Foundation/Wellcome Trust Diabetes and Inflammation Laboratorys British case collection,
JGSCAD,Japanese Genetic Consortium for Alzheimer Disease,
JHH,Johns Hopkins Hospital,
JHS,Jackson Heart Study,
JH-SFHS,Johns Hopkins Sibling and Family Heart Study,
JHU,Johns Hopkins University,
JHU-AF,Johns Hopkins University School of Medicine Atrial Fibrillation Genetics Study,
JKS,Joslin Kidney Study,
JLCS,Japanese Female Lung Cancer Collaborative Study,
JLRC,Jerusalem LRC,
JMGP,Japanese Millenium Genome Project,
J-MICC,The Japan Multi-institutional Collaborative Cohort Study,
JMPKCMC,"Joint Malaria Programme, Kilimanjaro Christian Medical Centre",
JOCO,Johnston County Osteoarthritis Project,
JoCoOA,The Johnston County Osteoarthritis Project,
JPDSC,Japan PGx Data Science Consortium,
JPHC,Japan Public Health Center Study,
JPSC-AD,Japan Prospective Studies Collaboration for Aging and Dementia,
JUPITER,Justification for the Use of Statins in Primary Prevention: An Intervention Trial Evaluating Rosuvastatin,
Kanagawa,Kanagawa Cancer Center,
KARBAC,Karolinska Breast Cancer Study,
KARE,Korean Association Resource Project,
KARELIA,Karelia Allergy Study,
KARMA,Karolinska Mammography Project for Risk Prediction of Breast Cancer – Cohort Study,
Karolinska,Karolinska Institutet,
KARUPROSTATE,"French West Indies Prostate cancer Study (from Karukera, the original Caribbean name of Guadeloupe)",
KAWP,Kawasaki Aging and Wellbeing Project,
KBA,National Institute of Health launched the Korea Biobank Array project,
KBASE-V,Korean Brain Aging Study for the Early Diagnosis and Prediction of AD,
KBCP,Kuopio Breast Cancer Project,
KCCS,Kentucky Case-Control Study,
kConFab,Kathleen Cuningham Foundation Consortium for Research into Familial Breast Cancer,
KCONFAB/AOCS,Kathleen Cuningham Foundation Consortium for research into Familial Breast Cancer/Australian Ovarian Cancer Study,
KCOS,Kansas-City Osteoporosis Study,
KCPCS,King County Prostate Cancer Studies,
KCPS,Korean Cancer Prevention Study,
KEMRI,"KEMRI-Wellcome Research Programme, Kilifi",
KFSH&RC,King Faisal Specialist Hospital and Research Center cohort,
KGP,Korean Genome Project,
KIEL,Kiel PopGen biobank study,
KING,KItaNagoya Genome,
KIS3,Kick-it-at-Swope (KIS)-3,
KLCRI,KLCRI,
KMSRI,Korean Metabolic Syndrome Research Initiative,
KNHI,Korean National Health Insurance,
Knight_ADRC,Knight Alzheimer Disease Research Center,
Knight-ADRC,Charles F. and Joanne Knight Alzheimer's Disease Research Center,
KNUST,Kwame Nkrumah University of Science and Technology,
KOALA,KOALA Birth Cohort Study,
KoCAS,Korean Childhood,
KODGP,Kuwait Obesity Diabetes Genetic Program,
Ko-EVE,Korean Epithelial Ovarian Cancer Study,
KoGES,Korean Genome Epidemiology Study,
KOHBRA,Korean Hereditary Breast Cancer study,
KORA,Cooperative Health Research in the Region of Augsburg,"KORA F3, KORA F4, KORA S3, KORA S4"
KORA F3,Cooperative Health Research in the Region of Augsburg F3,
KORA F4,Cooperative Health Research in the Region of Augsburg F4,
KorAMC,Korean Osteoporosis Study at Asan Medical Center,
KORA S3,Cooperative Health Research in the Region of Augsburg S3,
KORA S4,Cooperative Health Research in the Region of Augsburg S4,
Korea-NCC,Korean-National Cancer Center Study,
Korea-Seoul,Seoul Study,
KP,Kaiser Permanente,
KPGP,Korean Psychiatric GWAS Project,
KRAKOW,Krakow stroke genetics study,
KRIEFS,Korean Research Project on the Integrated Exposure Assessment of Hazardous Substances for Food Safety,
K-ROAD,Korea-Registries to Overcome and Accelerate Dementia research project,
KSCS,Kangbuk Samsung Cohort Study,
KSMU,KSMU,
KUH,Karolinska University Hospital,
KULEUVEN,Katholieke Universiteit Leuven,
KUMC,University of Kansas Medical Centre,
L85PLUS,Leiden 85-plus study,
LAABC,Los Angeles County Asian-American Breast Cancer Case-Control Study,
LAAPC,Los Angeles Study of Aggressive Prostate Cancer,
LABCS,Los Angeles Bladder Cancer Study,
LAC-CCOC,Los Angeles County Case-Control Studies of Ovarian Cancer,
LALES,Los Angeles Latino Eye Study,
LAMP,Low Concentration Atropine for Myopia Progression Study,
LAPC,LAPC,
LASA,Longitudinal Aging Study Amsterdam,
LatDiane,Latvian Diabetic Nephropathy Study,
LATVIANBIOBANK,Latvian Biobank,
LBC,Lothian Birth Cohort,
LBCS,Leeds Bladder Cancer Study,
LC3,Lung Cancer Consortium,
LCCS,Leeds Colorectal Cancer Study,
LCRI-DOD,LCRI-DOD,
LCSC,Lung Cancer Study from Canada,
LCSE,Lung Cancer Study from Estonia,
LEAP,Levodopa in Early Parkinson's Disease,
LEAPS,Mayo-Perlegen Linked Efforts to Accelerate Parkinsons Solutions,
Leeds,Leeds,
LEI,Lions Eye Institute,
Leipzig,Leipzig Childhood Obesity cohort,
Leipzig_Adults,Leipzig Adults,Leipzig Adults
LES,Leuven Endometrial Cancer Study,
LGDB,Latvia COVID-19 research platform,
LHS,Lung Health Study,
LHSC,London Health Sciences Center,
LI,Long Island Breast Cancer Study Project,
LIFE-Adult,LIFE-Adult,
LIFE-Child,LIFE-Child,
LifeGen,LifeGen consortium,
LIFE-HEART,Leipzig Research Center for Civilization Diseases - Heart Study,
LifeLines,LifeLines,
LIKAR,Limburg Cancer Registry,
LIPAD,Linz Peripheral Arterial Disease study,
LISA,Lifestyle Immune System Allergy study,
LISAplus,Lifestyle-Immune System-Allergy Plus Environment and Genetics Study,Influence of Life-style factors on Development of the Immune System and Allergies in East and West Germany plus Air Pollution and Genetics on Allergy Development
LitDiane,Lithuanian Diabetic Nephropathy Study,
LITE,CHS Longitudinal Investigation of Thromboembolism Etiology Study,
LiverBC,Liver Biopsy Cohort,
Living-Biobank,Living Biobank,
LIWA,Lung Institute of Western Australia,
LLFS,Long Life Family Study,
LLP,Liverpool Lung Project,
LLS,Leiden Longevity Study,
LMBC,Leuven Multidisciplinary Breast Centre,
LMC,Leeds Melanoma Cohort,
LOAD,Late Onset Alzheimers Disease Family Study,
LOCCS,"Leukotriene Modifier, or Corticosteroid Salmeterol study",
LODO,Effectiveness of Low Dose Theophylline as an Add-on Treatment in Asthma trial,
LOGOS,Learning on Genetics of Schizophrenia Spectrum,
LOLIPOP,London Life Sciences Population Study,
LonGenity,LonGenity study,
Look AHEAD,Action for Health in Diabetes,
LOOP,LOOP study,
LORD,Lung Oncology Research and Discovery,
LPS,Luxembourg Parkinson's study,
LRCCL-4,Leukaemia Research CLL-4 trial,
LRI,Leicester Royal Infirmary,
LSC,Lovelace Smokers Cohort,
LSGS,Leuven Stroke Genetics Study,
LSR,Lund Stroke Register,
LTRC,Lung Tissue Research Consortium,
LUCY,Lung Cancer in the Young study,
LUHR,"Landspitali University Hospital, Reykjavik",
LUMC,Leiden University Medical Center,
LURIC,Ludwigshafen Risk and Cardiovascular Health,
LW,The Lutherstadt Wittenberg study,
LWBCS,Lutherstadt Wittenberg Bladder Cancer Study,
MAAS,Manchester Asthma and Allergy Study,
MABCS,Macedonian Breast Cancer Study,
MACAD,Mexican American Study of Coronary Artery Disease,
MACBRCA,The Ohio State University Comprehensive Cancer Centre,
MACS,Multicenter AIDS Cohort Study,
MADCaP,Men of African Descent and Carcinoma of the Prostate,
MAFD,GWA Meta-Analysis on Fat Distribution,
MAFEGWAS,Mexican-American families EBNA-1 GWAS,
MAGIC,Meta-Analyses of Glucose and Insulin-related Traits Consortium,
MAGICS,Multicenter Asthma Genetics in Childhood Study,
MAGNet,Myocardial Applied Genomics Network study,
MAHI,Mid-America Heart Institute,
MALOVA,Danish Malignant Ovarian Tumor Study,
Man_LHC,Manchester Lung Health Check,
MANOLIS,The MANOLIS cohort,
MaOCS,Malignant Ovarian Cancer Study,
MARIE,Mammary Carcinoma Risk Factor Investigation,
MARS,Munich Antidepressant Response Signature,
MARS-AA,the Minority Aging Research Study,MARS
Marshfield,Marshfield Clinic,
MARTHA,Marseille Thrombosis Association,
MAS,Sydney Memory and Ageing Study,
MATR,Mid Atlantic Twin Registry,
Mauritius,Mauritius study,
MAYO,The Mayo Clinic study,MAYO clinic biobank
MayoGC,Mayo Genome Consortia,
MAYOLC,Mayo lung cancer GWAS,
Mayo_PGRN,Mayo Pharmacogenetics Research Network Aromatase Inhibitor AI Study,
MAYO_VDB,MAYO_VDB,
MAYO-VDB,Vascular Diseases Biorepository - Mayo Clinic,
Mayo_VTE,Mayo Venous Thromboembolism Study,Mayo VTE
Maywood,Maywood Cohort,
MBCFS,Breast Cancer Family Study,
MBCSG,Milan Breast Cancer Study Group,
MC,Mexico City,
MCADC,Muenster Cervical Artery Dissection Collection,
MCAS,Mexico Childhood Asthma Study,
MCBCS,Mayo Clinic Breast Cancer Study,
MCCS,Melbourne Collaborative Cohort Study,
MCC-Spain,"Multi-case Control Study, Spain",
MCGILL,McGill University,
MCH_montreal,Montreal Children's Hospital,
MCIC,Mind Clinical Imaging Consortium,
MCISS,Middlesex County Ischemic Stroke Study,
MCPS,Mexico City Prospective Study,
MCRC,Manchester Cancer Research Centre,
MCRCB,Manchester Cancer Research Centre Biobank,
MCS,Memory Clinic in Singapore study,
MCSA,Mayo Clinic Study of Aging,
MCTFR,Minnesota Center for Twin and Family Research,
MCW,Medical College of Wisconsin,
MDA,Prostate Cancer Case-Control Studies at MD Anderson,
MDACC,MD Anderson Cancer Center,
MDACCLC,MD Anderson Cancer Center Lung Cancer Study,
MDACCS,MD Anderson Cancer Center Study,
MDALCCS,MD Anderson lymphoma case-control study,
MDAOCS,MD Anderson Ovarian Cancer Study,
MDARCCS,MD Anderson Renal Cell Cancer Study,
MDC,Malmö Diet and Cancer Study,
MDC-CC,Malmo Diet and Cancer Study - Cardiovascular Cohort,
MDD2000,MDD2000 Study,
MDS,Minimum Data Set,
MEC,Multiethnic Cohort Study of Diet and Health,
MECC,Molecular Epidemiology of Colorectal Cancer Study,
MECS,Mayo Clinic Endometrial Cancer Study,
MedGenome,MedGenome,
MEDIA,MEta-analysis of type 2 DIabetes in African Americans consortium,
MEDIM,Migration and Ethnicity on Diabetes in Malmö,
MedSTAR,MedSTAR cardiac catheterization study,
MEEI,Massachussetts Eye and Ear Infirmary,
MEGA,Multiple Environmental and Genetic Assessment of Risk Factors for Venous Thrombosis,
MEGASTROKE,MEGASTROKE,
MELARISK,MELARISK,
MEMENTO,MEMENTO,
MESA,Multi-Ethnic Study of Atherosclerosis,
MESCA,MESCA,
MesyBePo,MesyBePo,
Metabric,Molecular Taxonomy of Breast Cancer International Consortium,
METASTROKE,METASTROKE,
METRO,Metformin Response cohort,
METSB,METSB,
METSIM,Metabolic Syndrome In Men,
MEX,"Mexican ancestry in Los Angeles, California",
MFS,Multicenter Family Study,
MG-AA,Minority GWAS African American study,
MGB,MGB,
MGBB,Mass General Brigham Biobank,
MG_GWAS,Myaesthenia Gravis GWAS,
MGH_AF,Massachusetts General Hospital Atrial Fibrillation Study,
MGH-AF,Massachusetts General Hospital Atrial Fibrillation Study,
MGH-CMPC,MGH Cardiology and Metabolic Patient Cohort,
MGH-CNC,MGH CNC,
MGH-GASROS,Genes Affecting Stroke Risk and Outcome Study,
MGH-stroke,Massachusetts General Hospital Stroke Study,
MGI,Michigan Genomics Initiative,
MG-JPN,Minority GWAS Japanese study,
MGS,Molecular Genetics of Schizophrenia Collaboration,
MGS_nonGAIN,Molecular Genetics of Schizophrenia - nonGAIN Sample,
MHC,Mexican Hypertriglyceridemia cohort,
MHCS,Multicenter Hemophilia Cohort Studies,
MHI,Montreal Heart Institute Biobank,
MHS,Mexican Hypertriglyceride Study,
MIA,Melanoma Institute Australia,
MiaLAtinX,MiaLAtinX Consortium,
MIAMISR,Miami Stroke Registry and Biorepository,
MIAMI-WFPCS,The University of Miami – Sylvester Comprehensive Cancer Center,
Michigan,University of Michigan study,
MICROS,Micro-isolates in South Tyrol Study,
MIDSPAN,MIDSPAN Family Study,
MIGen,Myocardial Infarction Genetics Consortium,
MILANO,Milano Besta Institute Stroke Study,
MINDACT,Microarray In Node-Negative and 1 to 3 Positive Lymph Node Disease May Avoid Chemotherapy Study,
MIRAGE,MIRAGE,
MIRIAD,Material and Information Resources for Inflammatory and Digestive Diseases Biobank,
MISS,Departments of Cancer Epidemiology and Oncology University Hospital Lund,
MLWCRP,"Malawi-Liverpool Wellcome Clinical Research Programme, Blantyre",
MMAP,"Michigan, Mayo, Age-Related Eye Disease Study, Pennsylvania",
MMHS,MMHS,
MNDA,Biobank study,
MOBA,Norwegian Mother and Child Cohort study,
MOCS,Mayo Clinic Ovarian Cancer Study,
Modena,Modena Cohort,
MODSQUAD,Modifier Study of Quantitative Effects on Disease,
MOF,Moffitt Cancer Center Ovarian Cancer Study,
MOFFITT,The Moffitt Group,
MOFFITT_PC,Moffitt Prostate Cancer Study,
MOG,"Mammography, Oestrogens and Growth factor study",
MoMaTEC,Molecular Markers in Treatment of Endometrial Cancer,
MONA-LISA,Monitoring National du risque Art_rie,
MONBOS,Montreal/Boston Collection,
MONICA,Monitoring of Trends and Determinants in Cardiovascular Disease,
Montrachet,Montrachet Study Cohort,
MooDS,Systematic Investigation of the Molecular Causes of Major Mood Disorders and Schizophrenia,
MORGAM,"MOnica Risk, Genetics, Archiving and Monograph",
MOS,Malmö Offspring Study,
Moscow,Moscow,
MoVIES,Monongahela Valley Independent Elders Survey,
MPAACH,Mechanisms of Progression of Atopic Dermatitis to Asthma in Children,
MPIP,Munich Morphometry Sample,
MPP,Malmö Preventive Project,
MPP-AF,Malmö Preventive Project atrial fibrillation study,
MPP-echo,Malmö Preventive Project echo study,
MRC,UK Medical Research Council,
MRCA-UKC,MRC Asthma and United Kingdom Control panel,
MRCUTG,"Medical Research Council Unit, The Gambia",
MrOS,Osteoporotic Fractures in Men Study,
MrOS-SWE,Osteoporotic Fractures in Men Study SWE,
MrOS-USA,Osteoporotic Fractures in Men Study USA,
MSCCR,Mount Sinai Crohn's and Colitis Registry,
MSH,Mount Sinai Hospital,
MSHS-CGI,Mount Sinai Health System COVID-19 Genomics Initiative,
MSKBCS,Memorial Sloan Kettering Bladder Cancer Study,
MSKCC,Memorial Sloan Kettering Cancer Center,
MSKLCG,Memorial Sloan Kettering Lung Cancer GWAS,
MsOS,Osteoporotic Fractures in Women Study,
MSP,Mammography Screening Project in Vasterbotten,
MSTF,Mid-South Tobacco Family,
MSUTR,Michigan State University Twin Register,
MTLGEBCS,Montreal Gene-Environment Breast Cancer Study,
MTR,Minnesota Twin Family Registry,
Multiple,Multiple cohorts (see publication),
MUNICH,MUNICH stroke study,
Munich_MI,Munich Myocardial Infarction Registry,Munich MI
MurciaTR,Murcia Twin Registry,MTR
MUSP,Mater University of Queensland Study of Pregnancy,
MUV,Medical University of Vienna,
MVP,Million Veteran Program,
MXB,MXB,
MXBB,Mexican Biobank,
MxGDAR,Mexican Genomic Database for Addiction Research,ENCODAT
MYBRCA,Malaysian Breast Cancer Genetic Study,
MyCode,MyCode Community Health Initiative (Geisinger Health System): includes DiscovEHR participants,"Geisinger Health System USA DiscovEHR participants (DiscovEHR), Geisinger Health System (GeHS)"
MyGS,The Myopia Genomics Study,
MYHAT,The Monongahela-Youghiogheny Healthy Aging Team,
MYOGEN,Myositis Genetics Consortium,
MyOvCa,Malaysia Ovarian Cancer Genetic Study,
N85PLUS,Newcastle 85+ Study,
NACC,National Alzheimer’s Coordinating Center,
NAFLD BioResource,NAFLD study,
NAG,Nicotine Addiction Genetics,
Nagahama Study,Nagahama Prospective Genome Cohort for the Comprehensive Human Bioscience,Nagahama_Study
Nagahama_Study,Nagahama Prospective Genome Cohort for the Comprehensive Human Bioscience,Nagahama Study
NagBCS,Nagano Breast Cancer Study,
NAG-Fin,Finnish Nicotine Addiction Genetics Project,
NAG/IRPG,Nicotine Addiction Genetics study / Interactive Research Project Grants,
Nagoya,Nagoya Study,
NAR,Norwegian Addison Registry,
NARAC,North American Rheumatoid Arthritis Consortium,
NAROD,NAROD,
NAS,Normative Aging Study,
NashBio,Nashville Biosciences,
NatBHS,National Brain Hemorrhage Study,
NBB,Netherlands Brain Bank,
NBBS,National Blood Bank Service,
NBCS,Nijmegen Bladder Cancer Study,
NBHS,Nashville Breast Health Study,
NBK,National Biobank of Korea,
NBLCS,Nanjing and Beijing Lung Cancer Studies,
NBM,The Norwegian Biobank for Myeloma,
NBMDR,Norwegian Bone Marrow Donor Registry,
NBS,Nijmegen Biomedical Study,
NBS_UK,National Blood Survey cohort,nbs
NBTS,National Brain Tumour Study,
NCADC,Nijmegen Cervical Artery Dissection Collection,
NC-BCFR,Northern California Breast Cancer Family Registry,
NCBCS,North Carolina Bladder Cancer Study,
NCBRCS,North Carolina Breast Cancer Study,
NCCCS,North Carolina Colon Cancer Studies,
NCCGP,North Cumbria Community Genetics Project,
NCCS,Nagano Colorectal Cancer Study,
NCDS,National Child Development Study,
NCGG,National Center for Geriatrics and Gerontology,
NCI,National Cancer Institute,
NCI-GWAS,NCI Bladder Cancer,
NCI_Lung,NCI Lung Cancer in African Americans GWAS Consortium,
NCI-MD,NCI-Maryland prostate Cancer Case-Control Study,
NCI-SEER,"National Cancer Institute- Surveillance, Epidemiology, and End Results Interdisciplinary Case-Control Study of Non-Hodgkins Lymphoma",
NCNG,Norwegian Cognitive NeuroGenetics Study,
NCOCS,North Carolina Ovarian Cancer Study,
NCPCS,North Carolina Prostate Cancer Study,
NCRCC,National colorectal cancer cohort (China),
NDCCS,Norfolk Diabetes case_control study,
NDHLS,Northern Dutch Hodgkin Lymphoma Study,
NEBCS,New England Bladder Cancer Study,
NECC,New England-based Case-Control Study of Ovarian Cancer,
NECS,Newcastle Endometrial Cancer Study,
NEI,National Eye Institute,
NEIGHBOR,National Eye Institute Glaucoma Human Genetics Collaboration,
NEIGHBORHOOD,National Eye Institute Glaucoma Human Genetics Collaboration Heritable Overall Operational Database,
NELCS,New England Lung Cancer Study,
NELSON,Dutch and Belgian Lung Cancer Screening Trial,
NEMESIS,Netherlands Mental Health Survey and Incidence Study,
NEO,The Netherlands Epidemiology of Obesity Study,
NESCOG,Netherlands Study of Cognition,
NESDA,Netherlands Study of Depression and Anxiety,
Netherlands,The Netherlands AAA GWAS dataset,
NetOCS,Netherlands Ovarian Cancer Study,
NET-PD,Neuroprotection Exploratory Trials in Parkinson's disease,
NETT,National Emphysema Treatment Trial,
NeuBCS,The Neuss Bladder Cancer Study,
NEURO2006,NEURO2006,
NeuroDys,NeuroDys Cohort,
NeuroIMAGE,NeuroIMAGE,
NEXGENS,"Norwegian, Exeter and King's College Consortium for Genetics of Neuropsychiatric Symptoms in Dementia",
NFBC,Northern Finnish Birth Cohort Study,
NFBC1986,Northern Finland Birth Cohort 1986,
NFBC66,Northern Finland Birth Cohort 1966,
NFCCR,Newfoundland Familial Colon Cancer Registry,
NFOAS,Newfoundland Osteoarthritis Study,
NFS-ORPS/Cambridge,UK Nephropathy Family Study and Oxford Regional Prospective Study,
NGRC,NeuroGenetics Research Consortium,
NHAPC,Nutrition and Health of Aging Population in China,
NHLBI_CARe,"National Heart, Lung, and Blood Institute Candidate Gene Association Resource",
NHMRC,Australian NHMRC program,
NHS,Nurses Health Study,
NHS2,Nurses Health Study II,
NHS3,Nurses Health Study III,
NHS98,Singapore National Health Survey,
NHS_Ad,"Nurses Health Study, Adenoma Set",NHS Ad
NHSBT,National Health Service Blood and Transplant,
NHS-egems,NHS-egems,
NHS-Hu,NHS-Hu,
NIA,National Institute on Aging,
NIAAA,National Institute on Alcohol Abuse and Alcoholism,
NIA-AD FBS,National Institute on Aging Alzheimer's disease Family Birth Study,
NIA-LOAD,National Institute on Aging - Late Onset Alzheimers Disease,
NIC,Norfolk Island Cohort,
NICCC,National Israeli Cancer Control Center,
NICCC-LCA,Israel Lung Cancer Study,
NICOLA,Northern Ireland Cohort for Longitudinal Study of Ageing,
NICR,Northern Institute for Cancer Research,
NIDDK,NIDDK,
NIDDK_IBDGC,National Institute for Diabetes and Digestive and Kidney Diseases IBD Genetics Consortium,
NIDDM-Athero,NIDDM-Atherosclerosis Study,
NigBCS,Nigerian Breast Cancer Study,
Nigeria,Genetics of Hypertension in Blacks,
Nigerian,Nigerian cohort,
NIHR BIORESOURCE,NIHR BIORESOURCE,
NIHS,Norfolk Island Health Study,
Nijmegen,Nijmegen,
NIMH,National Institute of Mental Health,
NIMH-IRP,NIMH Intramural Research Program,
NIMH/Pritzker,Pritzker Neuropsychiatric Disorders Research Consortium,
NINCDS-ADRDA,Disorders and Stroke and the Alzheimers Disease and Related Disorders Association,
NINDS,National Institute of Neurological Disease and Stroke,
NIOSH_AGCC,NIOSH_AGCC,
NIPT PLUS,Shenzhen Maternal and Neonatal NIPT PLUS cohort,
NIT,Linxian Nutrition Intervention Trial,
NJMU GSA Project,Nanjing Medical University Global Screening Array project,
NJOCS,New Jersey Ovarian Cancer Study,
NJR,National Joint Registry,
NJRCACH,University of Colorado Health Center/National Jewish Research Center and Arkansas Childrens Hospital,
NJ_Study,Nanjing Study,NJ Study
NKI,Netherlands Cancer Institute,
NL4,Project Mine (Netherlands NL4 controls),
NLBLC,Nijmegen Lung and Bladder Cancer,
NLC,Nijmegen Lung Cancer Study,
NMFCC,"Norwegian Mother, Father and Child Cohort Study",
NMHS,Nashville Men's Health Study,
NMI,Navrongo Memorial Institute,
NNPIO,N.N. Petrov Institute of Oncology,
NOCS,Nijmegen Ovarian Cancer Study,
NOMAS,Northern Manhattan Study,
Nomura,Ehime University site,
NorBCS,Norwegian Breast Cancer Study,
NordicDB,NordicDB,
NORDIL,Nordic Diltiazem study,
NORFACE,Neuro-Ophthalmology Research at Fundació ACE Cohort,
NorwayLCS,Norway Lung Cancer Study,
NOSOS,North of Scotland Osteoporosis Study,
Nottingham_Smokers,Nottingham Smokers,
Novartis,Novartis secukinumab psoriasis trials,
NPCGEE,"NPC Genes, Environment, and EBV cohort",
NPDPSC,National Prion Disease Pathology Surveillance Center,
NPF,National Psoriasis Foundation,
NPHS,NPHS,
NR,Not Reported,
NRFPEDMOC,Novel Risk Factors and Potential Early Detection Markers for Ovarian Cancer,
NRG_ONCOLOGY,NRG Oncology,
NSCCG,National Study of Colorectal Cancer Genetics,
NSCS,Nambour Skin Cancer Study,
NSECG,National Study of Endometrial Cancer Genetics,
NSGHI,North Shore University Health systems Genomic Health Initiative,
NSHD,MRC National Survey of Health and Development,
NSHDS,Northern Swedish Health and Disease Study Cohort,
NSOD,Network for the Study of Ovarian Dysfunction,
NSPA,Nottingham Sib Pair Asthma study,
NSPHS,Northern Sweden Population Health Study,
NSPT,National Survey of Physical Traits,
NSUHS,North Shore University Health System,
NSW,NSW non-Hodgkin lymphoma study,
NTCC,Nijmegen Thyroid Cancer Cohort,
NTCMRC,Northeastern Taiwan Community Medicine Research Cohort,
NTR,Netherlands Twin Registry,
NTUHDS,National Taiwan University Hospital Diabetes Study,
Nugene,NUgene (Northwestern University),
NUIG-TCD,"BIG replication and Trinity College Dublin/ National University of Ireland, Galway",
nuMoM2b,Nulliparous Pregnancy Outcomes Study: Monitoring Mothers-to-Be,
NVH,Heart and Vascular Health,
NxC,The Neocodex–Murcia study,
NYCP,New York Cancer Project,
NYG_ALS,The New York Genome Center's ALS Consortium,
NYU-WHS,NYU Women's Health Study,
NZ,NZ AAA Genetics Study,
NZ-CAD,The New Zealand CAD Study,
NZ-VAS,New Zealand Vascular Genetic Study AAA GWAS dataset,
OACIS,Osaka Acute Coronary Insufficiency Study,
OAI,Osteoarthritis Initiative,
OATS,Older Australian Twins Study,
OBB,Oxford Biobank,
OBCS,Oulu Breast Cancer Study,
OBi,Okinawa Bioinformation Bank,
OCAC,Ovarian Cancer Association Consortium,
OCCPI,Ohio Colorectal Cancer Prevention Initiative,
OCGN,Ontario Cancer Genetics Network,
OCS,Ovarian Cancer Study,
OD,Oxford Discovery,
ODSCS,Oxford Down Syndrome Cohort Study,
ODZH,Oncology Department of Zaragoza Hospital,
OFBCR,Ontario Familial Breast Cancer Registry,
OFCCR,Ontario Registry for Studies of Familial Colorectal Cancer,
OGP,Ogliastra Genetic Park,
OHGS,Ottawa Heart Genomics Study,
Ohio_SU,Ohio State University,Ohio SU
OHS,Ottawa Heart Study,
OHSU,Oregon Health Science University,
OHTS,Ocular Hypertension Treatment Study,
OMG_SCD,Outcome Modifying Genes in Sickle Cell Disease,
O-MRC,Osaka-Midosuji Rotary Club,
OncoArray_Prostate,OncoArray: Prostate Cancer,
OOA,Old Order Amish,"Genetics of Cardiometabolic Health in the Amish Study; Old Order Amish (OOA) community of Lancaster, Pennsylvania part of NHLBI Trans-Omics for Precision Medicine (TOPMed)"
OOCR,Oregon Ovarian Cancer Registry,
OOS,Omaha Osteoporosis Study,
OPAL,Ovarian Cancer Prognosis and Lifestyle Study,
OPDC,Oxford Parkinson's Disease Centre Discovery Cohort,
OPPERA,Prospective Evaluation and Risk Assessment,
ORC,IARC oral cancer,
ORCADES,Orkney Complex Disease Study,
Oregon-SUDS,Oregon-Sudden Unexpected Death Study,
ORIGIN,Outcome Reduction With Initial Glargine Intervention,
ORIGO,Leiden University Medical Centre Breast Cancer Study,
OSU,The Stefanie Spielman Breast Bank and the Columbus Area Control Sample Bank,
OSUCCG,Ohio State University Comprehensive Cancer Centre,
OSUMC,Ohio State University Medical Center,
OTCC,Ohio Thyroid Cancer Cohort,
Other,Unknown or unspecified cohort,
OUH,Odense University Hospital,
OUSS,Osteoporosis and Ultrasound Study,
OVAL-BC,Ovarian Cancer in Alberta and British Columbia,
OVCARE,OVCARE Gyneacologic Tissue Bank and Outcomes Unit,
OxAAA,Oxford Abdominal Aortic Aneurysm Study,
OXEGENE,Oxford Endometriosis Gene,
OXVASC,Oxford Vascular Study,
OZALC,Alcohol Research using Australian twins and their families,
OZ-ALC-NAG,Australian Alcohol and Nicotine Studies,
P2ID,Progression to Insulin Deficiency: South West England Cohort,
PACIFIC,Pacific Study,
PADIS-PE,Prolonged Anticoagulation During eighteen months vs placebo after Initial Six-month treatment for a first episode of idiopathic Pulmonary Embolism,
PAF_JPN,Multicenter Japanese paroxysmal atrial fibrillation case-control cohort,
PAGE,Psoriasis Association Genetics Extension,
PAGES,Population-based Autism Genetics and Environment Study,
PAH,Princess Alexandra Hospital,
PainOMICS,PainOmicc Retrospective Study,
PAMELA,Pressioni Arteriose Monitorate E Loro Associazionie,
PanC4,The Pancreatic Cancer Case-Control Consortium,
PAND,Protein Aggregation and Neurotransmitter Deficits,
PANDoRA,PANDoRA consortium,
PanGenEU,PanGenEU case-control study,
PANIC,Physical Activity and Nutrition in Children Study,
PANKRAS-II,PANKRAS-II,PANKRASII
PANSCAN,PANSCAN,
PARC,Pharmacogenomics and Risk of Cardiovascular Disease Study,
ParGE,"Parkinsons, Genes and Environment",
Paris,Groupe hospitalier Pitieåä- Salpe_trie`re Paris,
ParkWest,Parkwest,
PARTAGE,Predictive Values of Blood Pressure and Arterial Stiffness in Institutionalized Very Aged Population (PARTAGE) Study,
Partners,Partners study,
PASS,Prostate Active Surveillance Study,
PATH,Population Assessment of Tobacco and Health,
Pathways,Pathways study,
PBCS,Polish Breast Cancer Study,
PCaP,North Carolina-Louisiana Prostate Cancer Project Consortium,
PCBP,Prostate Cancer in a Black Population,
PCCC,Pancreatic Cancer Cohort Consortium,
PCL,PanCareLIFE,
PCMUS,Prostate Cancer study Medical University Sofia,
PCPT,Prostate Cancer Prevention Trial,SWOG-PCPT
PDAY,Pathobiological Determinants of Atherosclerosis in Youth,
PDBP,Parkinson's Disease Biomarkers Program,
PDCGC,Parkinson’s Disease Cognitive Genetics Consortium,
PDG,Study of Parkinsons disease Genetics,
PEAK25,PEAK Bone Mass 25 study,
PEC,Psychosis Endophenotype Consortium,
PECS,Polish Endometrial Cancer Study,
PEG,Parkinson Environment and Gene,
PEGASUS,Prevention of Cardiovascular Events in Patients with Prior Heart Attack Using Ticagrelor Compared to Placebo on a Background of Aspirin,
PEGASUS_PCa,NCI Prostate Cancer Genome-Wide Association Study of Uncommon Susceptibility Loci Study,
PEGASUS-TIMI_54,PEGASUS-TIMI 54,PEGASUS-TIMI 54
PEGEN-BC,Peru Genetics and Genomics of Breast Cancer Study,
PELOTAS,Pelotas (Brazil) Birth Cohort Study,1982 PELOTAS
Penn,Penn,
PennCATH,PennCATH,
PERADES,Polygenic and Environmental Risk for Alzheimer's Disease,
PERF,Prospective Epidemiological Risk Factor study,
PGB,CReATe Consortium's Phenotype-Genotype-Biomarker study,
PGC,Psychiatric GWAS Consortium,
PGCA,Proyecto Genes Candidatos en Asma,
PGPD,PGPD,
PGR,Pakistan Genomic Resource,
PhACS,Pharmacogenetics of Acute Coronary Syndrome,
PHASE,PHArmacogenetic study of Statin in the Elderly at risk,
PHB,Partners HealthCare Biobank,
PHBB,Mass General Brigham - Host Vulnerability to COVID-19,
PHD,Pirkanmaa Hospital District,
Philadelphia,Philadelphia cohort,
PHS,Physicians Health Study,
PIAMA,Prevention and Incidence of Asthma and Mite Allergy birth cohort study,
PIB,PIB,
PiBCS,Pisa Breast Cancer Study,
PIC,Portuguese Island Collection,
PICNICS,"Parkinsonism: Incidence, Cognition and Non-motor heterogeneity in Cambridgeshire",
PICO,PICO,
PING,"Pediatric Imaging, Neurocognition, and Genetics",
PISA,Prospective Imaging Study of Aging,
PITT,Pittsburgh 3D Facial Norms,
PITT_ADRC,Pittsburgh Alzheimer Disease Research Center,
PIVUS,Prospective Investigation of the Vasculature in Uppsala Seniors,
pKARMA,Karolinska Mammography Project for Risk Prediction of Breast Cancer,
PLATO,PLATO trial,
PLCO,"Prostate, Lung, Colorectal, and Ovarian Cancer Screening Trial",
PLUM,"Pustular Psoriasis, Elucidating Underlying Mechanisms",
PLuSS,Pittsburgh Lung Screening Study,
PMB,Penn Medicine Biobank,
PMCC,Princess Margaret Cancer Centre,
PMET,Pharmacogenomics of Metformin,
PMH,Postmenopausal Hormone study,
PMH-CCFR,Postmenopausal Hormones Supplementary Study to the Colon Cancer Family Registry,
PMHT,Princess Margaret Hospital in Toronto,
PMS,Pelvic Mass Study,
PNAT2,Pharmacogenetics of Nicotine Addiction Treatment (PNAT)-2 clinical trial,
PNC,Philadelphia Neurodevelopmental Cohort,
POAAGG,Primary Open-Angle African American Glaucoma Genetics Study,
POAG,Primary Open Angle Glaucoma,
PoBI,People of the British Isles,
POCS,Poland Ovarian Cancer Study,
POFC,Pittsburgh Orofacial Cleft,
Poland,Poland,
POLYGENE,Nijmegen Polygene Study & Nijmegen Biomedical Study,
PopCol,Population-based Colonoscopy study,
POPGEN,The Population Genetic Cohort,
POSH,Prospective Study of Outcomes in Sporadic Versus Hereditary Breast Cancer Study,
POST,Pharmacogenetics of Opioid Substitution Treatment Response,
PostCep,PostCep Study,
PoWHDR,Prince of Wales Hospital Diabetes Registry,
PPF-UNIS,"Prostate Project Foundation - Postgraduate Medical School, Surrey",
PPMI,Parkinson's Progression Markers Initiative,
PRACTICAL,Prostate Cancer Association Group to Investigate Cancer-Associated Alterations,
PRAGGA,Prostate Cancer Genetics in Galacia,
PreCEPT,Parkinson Research Examination of CEP-1347 Trial,
PRECISESADS,Systemic Autoimmune Diseases: Inception Cohort (PRECISESADSI),
PREDO,The Prediction and Prevention of Preeclampsia and Intrauterine Growth Restriction study,
PREFACE,PREFACE Trial,
PREFECT,Predictors For ECT,
PREMIER,"Precision Medicine Platform for Mild Cognitive Impairment Based on Multi-omics, Imaging and Evidence-based Research & Business Development",
PREVEND,Prevention of Renal and Vascular Endstage Disease study,
PRINCE,Pravastatin Inflammation CRP Evaluation study,
ProAFHeart,Prospective Atrial Fibrillation Athletic Heart Study,
PROCAM,The Prospective Cardiovascular Münster Study,
PROCAP,PROgression in Cancer of the Prostate,
PROCARDIS,Precocious Coronary Artery Disease Study,
PROCAS,Breast Screening Programme (NHSBSP) in Greater Manchester,
PROFILE,Genetic Prostate cancer risk stratification for targeted screening,
PROGEMUS,Prognostic Genetic factors in Multiple Sclerosis,
PROGENI,Parkinsons Research: The Organized Genetics Initiative,
PROGRESS,"PSC Resource of Genetic Risk, Environment and Synergy Studies",
PROGRESSA,Progression Risk of Glaucoma: Relevant SNPs With Significant Association,
PROGReSS_PrCa,"Prostate Cancer Group, Santiago, Spain",
ProHealth,ProHealth Study,
Pro@Heart,Prospective Athletic Heart study,
Project_MinE_ALS,Project MinE ALS sequencing consortium,
Project_SuGAR,The Sea Islands Genetic African American Registry,
PROMIS,The Pakistan Risk Of Myocardial Infarction Study,
ProMPT,Prostate cancer : Mechanisms of progression and Treatment (UK),
PROPARK,Profiling Parkinson's disease study,
PROSPER,Prospective Study of Pravastatin in the Elderly at Risk,
ProtecT,Prostate testing for cancer and Treatment study,
PROtEuS,Prostate Cancer and Environment Study,
PROVAQ,PRevention of OVArian cancer in Quebec,
PROVEIT,PROVE IT–TIMI 22,
PROVIDE,Performance of Rotavirus and Oral Polio Vaccines in Developing Countries,
PSC,Pharma SNP Consortium,
PSEU,Program in Sleep at Emory University,
PSGDS,Perlegen Sciences Genotyped Discovery Samples,
PSWC,Pumwani Sex Workers Cohort,
PsyCourse,PsyCourse Study,
PURE,Prospective Urban and Rural Epidemiology,
PURIFICAR,The Puerto Rico Familial Colorectal Cancer Registry,
PUSH,Pulmonary Hypertension and the Hypoxic Response in Sickle Cell Disease,
PUUMA,Peking University _ University of Michigan Study of Atherosclerosis,
Q2L,Q2L,
QBB,Qatar Biobank,Qatar Genome Program (QGP)
QFMP,Queensland Familial Melanoma Project,
QFP,Quebec founder population,
QFS,Quebec Family Study,
QGP,Qatar Genome Project,from QBB
QIMR,Queensland Institute of Medical Research,
QIMR-BGE,QIMR Berghofer Genetic Epidemiology Cohort,
QLCSP,Quebec Lung Cancer Screening Program,
QLD,Queensland Study,
QMDiab,Qatar Metabolomics Study on Diabetes,
Q-MEGA,Queensland study of Melanoma: Environment and Genetic Associations,
QSBB,Queen Square Brain Bank,
QSKIN,QSkin Sun and Health Study,QSKIN Genetics
QTR,Queensland Twin and Family Registry,
QTR_Qingdao,Qingdao Twin Registry,QTR
QUASAR2,QUASAR2,
QUEBEC-CAVS,Calcific Aortic Valve Stenosis in Quebec,
RACE,"Risk Assessment of Cerebrovascular Events Study, Pakistan",
Radar,Research on Adolescent Development and Relationships,
RADIANT,RADIANT,
RADIOGEN,RADIOGEN cohort,
RAI,Residence Assessment Instrument,
RAINE,Western Australian Pregnancy Cohort Study,
RAPPER,Radiogenomics: Assessment of Polymorphisms for Predicting the effects of radiotherapy,
RBC-Omics,Red Blood Cell Omics Study,
RBCS,Rotterdam Breast Cancer Study,
RBH-CRB,Royal Brompton & Harefield Hospitals NHS Trust Cardiovascular Research Biobank,RBHHCRB
REAAADI,The Research in African American Alzheimer Disease Initiative,
REDS,Recipient Epidemiology and Donor evaluation Study,
REDS-III,NHLBI Recipient Epidemiology Donor Evaluation Study,
REFGENSEP,Multiple Sclerosis Genetics Study,
REGARDS,Reasons for Geographic and Racial Differences in Stroke,
REGICOR,Registre Gironi del COR,
REHS,Raine Eye Health Study,
RENDOCAS,Registry of Endometrial Cancer in Sweden,
REPRIEVE,Randomized Trial to Prevent Vascular Events in HIV,
ReproGen,Reproductive Genetics Consortium,
REQUITE,REQUITE cohort,
RES,Reykjavik Eye Study,
Resolucent,The Resource for the Study of Lung Cancer Epidemiology in North Trent,
RETROVE,Riesgo de Enfermedad TROmboembólica VEnosa,
REVEAL-HBV,Risk Evaluation of Viral Load Elevation and Associated Liver Disease/Cancer-Hepatitis B Virus study,
REVERSE-I,Recurrent Venous Thromboembolism Risk Stratification Evaluation,
RFPCS,Risk Factors for Prostate Cancer Study,
RGC,Radiogenomics Consortium,
Rhineland,The Rhineland Study,
RHS,Ragama Health Study,
RIKEN,RIKEN,
RISC,Relationship between Insulin Sensitivity and Cardiovascular disease,
RISK,Risk Stratification and Identification of Immunogenetic and Microbial Markers of Rapid Disease Progression in Children with Crohn's Disease,
RJ_study,RuiJin T2D Study,
RMH,Royal Marsden Hospital Study,
RMH-BCC,Royal Marsden Hospital Breast Cancer Cases,
RMH-OCS,Royal Marsden Hospital Ovarian Cancer Study,
RMHT,Royal Marsden Hospital Trust/Institute of Cancer Research Family History and DNA Registry,
RNSHTS,Royal North Shore Hospital Twins Study,
ROAD,Research on Osteoarthritis Against Disability,
Roche,Roche Study,
ROCS,Rotterdam Ovarian Cancer Study,
RomDiane,Romanian Diabetic Nephropathy Study,
ROOT,Genome-Wide Association Study of Breast Cancer in the African Diaspora,
ROS,Religious Orders Study,
Roskilde,The Roskilde cohort of pregnant women,
ROSMAP,Religious Orders Study and Rush Memory and Aging Project,
RotES,Rotterdam Eye Study,
Rotterdam,Rotterdam Study,
RPCI,Roswell Park Cancer Institute,
RPEGH,"Kaiser Permanente Research Program on Genes, Environment, and Health",
RPGEH,"Research Program on Genes, Environment and Health",
RS,Rotterdam Study,"Rotterdam Study I, Rotterdam Study II"
RuLAS,The Rugao Longevity and Ageing Study,
RUNMC,Radboud University Nijmegen Medical Centre,
Rural,Rural cohort,
Rush,Rush University Medical Center,
RUSHMAP,Rush University Medical Centre- Memory and Aging Project,
RUSS,Russian Multi-Cancer-Case-Control Study,
RVGBC,Racial Variability in Genotypic Determinants of Breast Cancer Risk Study,
SAAR,"ESTHER study (Saarland, Germany)",
SABOR,San Antonio Center of Biomarkers of Risk for Prostate Cancer,
SABRE,Southall and Brent Revisited,
SAFDGS,San Antonio Family Diabetes/Gallbladder Study,
SAFHS,The San Antonio Family Heart Study,
SAFS,San Antonio Family Study,
SAGE,Study of Addiction: Genetics and Environment,
SAGE.AST,Canadian Childhood Cohorts: Study of Asthma Genes and Environment,
SAHLSIS,Sahlgrenska Academy Study on Ischemic Stroke,
SALTY,"Screening Across the Lifespan Twin survey, Younger cohort",
Samoan,Samoan Adiposity Study,
SAMS,Stanford Aging Memory Study,
Samsung,Samsung Medical Center,SMC
SANBCS,Santiago Bladder Cancer Study,
SANFORD,Sanford Health,
SAPALDIA,Swiss Study on Air Pollution and Lung Diseases in Adults,
SAPHIR,Salzburg Atherosclerosis Prevention Program in subjects at High Individual Risk,
SAPPHIRE,The Study of Asthma Phenotypes and Pharmacogenomic Interactions by Race-Ethnicity,
SAR,Swedish Addison Registry,
SardiNIA,SardiNIA Study of Aging,
SARP,Severe Asthma Research Program,
SASBAC,Singapore and Sweden Breast Cancer Study,
SATSA,Swedish Adoption/Twin Study of Aging,
Saudi,Saudi Newborn Cohort,
SAVOR-TIMI_53,The Saxagliptin Assessment of Vascular Outcomes Recorded in Patients with Diabetes Mellitus,SAVOR-TIMI 53
SAZ,South African Zulu,Durban Diabetes Study (DDS) and the Durban Diabetes Case Control study (DCC)
SBCGS,Shanghai Breast Cancer Genetic Study,
SBCS,Shanghai Breast Cancer Study,
SBCS_b,Sheffield Breast Cancer Study,
SBCSS,Shanghai Breast Cancer Survival Study,
SCAALA,"Social Changes, Asthma, and Allergy in Latin America cohort",
SCADC,Spanish Cervical Artery Dissection Collection,
SCALE,Scandinavian Lymphoma Etiology Study,
SCALLOP,Systematic and Combined Analysis of Olink Proteins,
SCAPIS,Swedish CArdioPulmonary bioImage Study,
SCARFSHEEP,SCARFSHEEP,
SCCRIP,Sickle Cell Clinical Research and Intervention Program,
SCCS,NBHS/Southern Community Cohort,
SCCS2,Singapore Cardiovascular Cohort Study,
SCES,Singapore Chinese Eyes Study,
SCH,Singapore Chinese Study,
SCHS,Singapore Chinese Health Study,
SCIENCe,Subjective Cognitive Impairment Cohort,
SCNCCS,Skin Cancer Nested Case-Control Study,
SCOOP-UK,Severe Childhood Onset Obesity Project United Kingdom,
SCORM,Singapore Cohort study Of the Risk factors for Myopia study,
SCOT,Short Course Oncology Treatment trial,
SCOURGE,Spanish Coalition to Unlock Research on Host Genetics on COVID-19,
SCPCS,South Carolina Prostate Cancer Study,
SDC,Singapore Diabetic Cohort Study,
SDCC,Steno Diabetes Center,
SDCS,Singapore Diabetes Cohort Study,
SDGS,Shanghai Diabetes Genetic Study,
SDH,Study of Digestive Health,
SDIID,Shanghai DIabetes Inpatient Database,
SdNM,"Service de Neurologie Mazarin, Groupe Hospitalier Pitié-Salpêtrière Paris",
SDPP,Stockholm Diabetes Prevention Program,
SDR,Scania Diabetes Registry,
SDRNT1BIO,Scottish Diabetes Research Network Type 1 Bioresource,
SDS,Shanghai Diabetes Study,
SEARCH,Study of Epidemiology and Risk Factors in Cancer Heredity,
SEARCH_b,Study of the Effectiveness of Additional Reductions in Cholesterol and Homocysteine,
SEARCH-DY,SEARCH for Diabetes in Youth,search
SEARCH-OCS,UK SEARCH Ovarian Cancer Study,
SEATON,Aberdeen Study of Eczema and Asthma to Observe the Effects of Nutrition,
Seattle,Seattle,
SEBCS,Seoul Breast Cancer Study,
SeCRC,The Seoul CRC Study,
SECS,Shanghai Endometrial Cancer Study,
SEED,Singapore Epidemiology of Eye Disease,
SELECT,Selenium and Vitamin E Cancer Prevention Trial,
SepNet,German Sepsis Competence Network,
SEVERE,Severe Asthma Cohorts,
SFBCS,San Francisco Bay Area Breast Cancer Study,
SFCCC,San Francisco City Clinic Cohort,
SFCCR,Seattle Familial Colorectal Cancer Registry,
SFPCS,San Francisco Prostate Cancer Study,
SFS,STANISLAS Family Study,
SGBCC,Singapore Breast Cancer Cohort,
SGBP,St G_ran Bipolar Project,
SGI,Schizophrenia Genetics Initiative,
SGP,Sickle Cell Genome Project,
SGPC,GPC Cohort / Sanger Institute,
SGRD,Southern German Recurrent Depression,
SGSSL,"St GeorgeÌs Stroke Study, London, UK",
SGWAS,Shanghai Genome-Wide Association Studies,
Shanghai,Shanghai Study,"Shanghai-1, Shanghai-2, Shanghai-3"
Shanxi,Shanxi UGI Cancer Genetics Project,
SHARe,SNP Health Associated Resource,
SHCS,Swiss HIV Cohort Study,
SHEEP,Stockholm Heart Epidemiology Program,
SHHS,Sleep Heart Health Study,
SHIP,Study of Health in Pomerania,
SHIP-TREND,Study of Health in Pomerania Trend,
SHMC,Sheba Medical Centre,
SHS,Strong Heart Study,
SIBS,Sisters in Breast Screening,
SICC,Singapore Indian Chinese Cohort,
SiDS,Sikh Diabetes Study,
SIFAP,Stroke In Young Fabry Patients,
SIGMA,Slim Initiative in Genomic Medicine for the Americas,
SiGN,The National Institute of Neurological Disorders and Stroke (NINDS) Stroke Genetics Network (SiGN),
SIGNET,Sea Islands Genetics Network,
SIH,Shanghai Institute of Hypertension GWAS,
Sikh,Sikh GWAS,
Silk Road,Silk Road,
SIMES,Singapore Malay Eye Study,
SIMPLER,Swedish Infrastructure for Medical Population-Based Life-Course and Environmental Research,
SINDI,Singapore Indian Eye Study,
SingaporeMEC,Singapore Multi-Ethnic Cohort,
SIREN,The Stroke Investigative Research and Educational Network,
SISTER,The Sister Study,
Sisters,Sisters Study,
SIT,Silent Cerebral Infarct Multi-Center Clinical Trial,
SJCRH,St. Jude Childrens Research Hospital,
SJLIFE,St Jude Lifetime Cohort Study,
SJTU,Shanghai Jiao Tong University,
SJTUDS,Shanghai Jiao Tong University Diabetes Study,
SKIPOGH,Swiss Kidney Project on Genes in Hypertension,
SKKDKFZS,St_dtisches Klinikum Karlsruhe Deutsches Krebsforschungszentrum Study,
SKLCS,South Korea Multi-Center Lung Cancer Study,
SKOT,Småbørns Kost Og Trivsel,
SLCS,Shenyang Lung Cancer Study,
SLDS,Sri Lankan Diabetes Study,
SLEIGH,The Systemic Lupus Erythematosus in Gullah Health study,
SLESS,SLESS,
SLIC,SLI Consortium Cohort,
SLO-PREVAL,SLO-PREVAL,
SLOVENIA,the SLOVENIA study,
SLRCCSG,Swedish Low-Risk Colorectal Cancer Study Group,
SLRI,Samuel Lunenfeld Research Institute,
SLS,Santiago Longitudinal Study,
SLSJ,Saguenay-Lac-Saint-Jean asthma study,
SMART,The Secondary Manifestations of ARTerial disease study,
SMART2D,Singapore Study of Macro-angiopathy and Micro-vascular Reactivity in Type 2 Diabetes,
SMC,Swedish Mammography Cohort,
SMHS,Shanghai Mens Health Study,
SMILE,Study of Myocardial Infarction in LEiden,
SMS_AD,Screening Markers for Colorectal Cancer Study (advanced adenomas),SMS AD
SMWHS,Shanghai Mens and Shanghai Womens Health Studies,
SNLG,Scotland and Newcastle Lymphoma Group,
SNMB,Swedish National Myeloma Biobank,
SNP_Prostate_Ghent,SNP Prostate Ghent (Belgium),
SNUBH,Seoul National University Bundang Hospital,
SNUH,Seoul National University Hospital,
SNUHDS,Seoul National University Hospital Diabetes Study,
SO,Southern Ostrobothnia isolate GWAS,
SOCCS,Scottish Colorectal Cancer Study,
SOCS,Southampton Ovarian Cancer Study,
SOF,Study of Osteoporotic Fractures,
SoIA,Study of Irish Amyotrophic,
SOL,Study of Latinos,
SOLID-TIMI_52,The Stabilization of pLaques usIng Darapladib-Thrombolysis in Myocardial Infarction,SOLID-TIMI 52
SOLYouth,SOL Youth,Study of Latino Youth Study
SON,Southern Ontario Ovarian Cancer Study,
SORBS,Sorbs population,
SORCE,SORCE,
SOS,Swedish Obese Subjects Study,
SP2,Singapore Prospective Study Program,
SPAG,Serum Proteomic analysis for biomarkers of Aggressive prostate disease in the Guernsey population,
Spain,"The Spanish study (University Hospital of Bellvitge, Hospital of Leon)",
SPARK,Simons Foundation Powering Autism Research,
SpBCS,Spanish Bladder Cancer Study,
SPGRX,Determining the Molecular Pathways and Genetic Predisposition of the Acute Inflammatory Process Caused by SARS-CoV-2,
SPHFC,SPHFC,
SpiroMeta,SpiroMeta consortium,
SPIROMICS,Subpopulations and intermediate outcome measures in COPD study,
Spit,Spit for Science,
SPORE,Northwestern Universitys Prostate Cancer Specialized Program of Research Excellence,
S-PRESTO,Singapore Preconception Study of Long-Term Maternal and Child Outcomes,
SPS3,Secondary Prevention of Small Subcortical Strokes,
SPSS,Swiss Pediatric Sepsis Study,
SR,Stroke Registry,
SRQRB,Swedish Rheumatology Quality Register Biobank,
SRTOC,Scottish Randomised Trial in Ovarian Cancer,
SSAGA,Semi-Structured Assessment for Genetics of Alcoholism,
SSC,Simons Simplex Collection,
SSISS,South Stockholm Ischemic Stroke Study,
STABILITY,The Stabilization of Atherosclerotic Plaque by Initiation of Darapladib Therapy Trial,
STAGE,Screening Twin Adults: Genes and Environment,
Stanford,Genomic epidemiology of SARS-Cov-2 and host genetics in Coronavirus Disease 2019 (COVID-19),
Stanford_ADRC,Stanford Alzheimer's Disease Research Center,
STANLEY,STANLEY,
StAR2,Study of ALS Reversals 2,
STAR*D,STAR*D,
STARNET,Stockholm-Tartu Atherosclerosis Reverse Networks Engineering Task,
Starr,Starr County,
STARR COUNTY,Starr County Health Studies,
STARS,"Strabismus, Amblyopia and Refractive Error Study",
START,SouTh Asian BiRth CohorT,
STCRP,The Singapore Translational and Clinical Research in Psychosis,
STEED,The US Servicemen's Testicular Tumor Environmental and Endocrine Determinants Study,
Steno,Steno Diabetes Center Study,
STEP,Systematic Treatment Enhancement Program for Bipolar Disorder,
STHM,The Stockholm Study,"STHM1, STHM2, Stockholm-1, Stockholm-2, STHLM, STHLM2"
STOLLERY_CC,Stollery Children’s Hospital Coeliac Clinic,
STR,Swedish Twin Registry,
STRIP,Special Turku Coronary Risk Factor Intervention Project,
STRRIDE,Studies of a Targeted Risk Reduction Intervention through Defined Exercise,
STRUCTURE,STRUCTURE analysis,
SUCCESSA,SUCCESS-A study,
SUCCESSB,Simultaneous Study of Gemcitabine-Docetaxel Combination adjuvant treatment,
SUCCESSC,Simultaneous Study of Docetaxel Based Anthracycline Free Adjuvant Treatment Evaluation,
SUGAR-MGH,The Study to Understand the Genetics of the Acute Response to Metformin and Glipizide in Humans,
Suita,Suita Study,
SUPER-RCC-Nx,Seoul National University Prospectively Enrolled Registry for RCC-Nephrectomy,
SUVIMAX,Supplementation en Vitamines et Mineraux Antioxydants,
Suzhou,Suzhou Study,
SVCRCGP,Shanghai-Vanderbilt Colorectal Cancer Genetic Project,
SWAN,Study of Women’s Health Across the Nation,
SwBCS,Swedish Bladder Cancer Study,
SWE,Sweden Western Region Ovarian Cancer Study,
SWEBIC,Sweden Bipolar Disorder Cohort,
SWE-BRCA,Swedish Breast Cancer Study,SWEBCS
SweCovid,The genetic predisposition to severe COVID-19,
Sweden,Sweden,
Swedish BioFinder,Biomarkers For Identifying Neurodegenerative Disorders Early and Reliably,
SWHS,Shanghai Womens Health Study,
SWISS,Siblings with Ischemic Stroke Study,
Swiss_MGS,Swiss Memory Genetics Study,
SWOG,Southwest Oncology Group,
SWOG-SELECT,Selenium and Vitmain E Cancer Prevention Trial,
SWS,Southampton Womens Survey,
SYS,Saguenay Youth Study,
SZBCS,IHCC-Szczecin Breast Cancer Study,
SZ-MONN-NIPT,Shenzhen Maternal and Neonatal NIPT cohort,
T1000,Tulsa 1000 study,
T1DGC,Type 1 Diabetes Genetics Consortium,
T1DGEN,Tyypin 1 Diabeteksen Genetiikka,
T2D-GGI,Type 2 Diabetes Global Genomics Initiative,
T2D SIGMA Studies,SIGMA Type 2 Diabetes Consortium,
T-6M,Tromso-6 Migraine,
TABS,Triple A Barcelona Study,
TAC,Telomerase Activity Cohort,
TACT,TAiwan Coronary and Transcatheter intervention,
TAGC,Trans-National Asthma Genetic Consortium,
TaiChi,TaiChi consortium,
TampaLC,Tampa Lung Cancer Study,
TAMPERE,Tampere University Hospital,
TANGL,The Admixture and Neurodegeneration Genomic Landscape Study,
TARCC,The Texas Alzheimer’s Research and Care Consortium,
TARGETC,TARGET-C colorectal cancer screening trial (China),
TASCOG,Tasmanian Study of Cognition and Gait,
TASPRAC,University of Tasmania Prostate Cancer Study,
TBCS,Torino Bladder Cancer Study,
TBOCS,Tampa Bay Ovarian Cancer Study,
TCAD,Taichung CAD study,
TCAGEN,Taiwan Coronary Artery Disease GENetic study,
TCCS,Toronto case-control study,
TCGA,Cancer Genome Atlas,
TCGS,Tehran Cardiometabolic Genetic Study,
TCHAD,Swedisch Twin study of CHild and Adolescent Development,
TCOPDGS,Transcontinental COPD Genetics Study,
TCPS,Tennessee Colorectal Polyp Study,
TDCOB,The Danish Childhood Obesity Biobank,The Holbaek Study
TDS,Taiwan Type 2 Diabetes Study,
TEDDY,The Environmental Determinants of Diabetes in the Young (TEDDY) study,
TEDS,Twins Early Development Study,
TEENAGE,TEENs of Attica: Genes and Environment,
TENOR,The Epidemiology and Natural History of Asthma: Outcomes and Treatment Regimens (TENOR) study,
TESRA,Treatment of Emphysema with a Gamma-Selective Retinoid Agonist,
TEST,Twins Eye Study in Tasmania,
Texas,Texas-GWA study,
TFEGWAS,Twin families EBNA-1 genome-wide association study,
TGEN,Translational Genomics Research Institute,
TGEN2,Translational Genomics Research Institute series 2,
TGS,The Gothenburg Study,
TGWAS,Taiwan Genome Wide Association Study,
THCCGB,Taiwan Han Chinese Cell and Genome Bank,
"The ""European NAFLD Registry"" Metacohort",The European NAFLD Registry-Metacohort,
THISEAS,THISEAS,
THRV,Taiwan Study of Hypertension using Rare Variants,
ThyroidOmics,The ThyroidOmics Consortium,
Tianjin,Tianjin Study,
TIME-CHF,Trial of Intensified Versus Standard Medical Therapy in Elderly Patients with Congestive Heart Failure,
TLC,Total Lung Cancer Study,
TLCS,Tianjin Lung Cancer Study,
TLGS,Tehran lipid and glucose study,
TLHS,Tasmanian Longitudinal Health Study,
TMIG_BBAR,"Brain Bank for Aging Research, Tokyo Metropolitan Institute for Geriatrics and Gerontology",
TMM,Tohoku Medical Megabank Community-based Cohort Study,
TMM BirThree,Tohoku Medical Megabank Project Birth and Three-Generation Cohort Study,
TNBCC,Triple Negative Breast Cancer Consortium Study,
TNT,Treating to New Targets,
TOAC,Tasmanian Older Adult Cohort,
TOB,Tasmanian Ophthalmic Biobank,
TOCS,Toronto Ovarian Cancer Study,
TODAY,Treatment Options for Type 2 Diabetes in Adolescents and Youth,
ToMMo,Tohoku Medical Megabank,
TOMSK,TOMSK,
Tonhoku,The Tonhoku Medical Megabank Organisations,
TOP,Thematically Organized Psychoses Research Study,
TOPMed,Trans-Omics for Precision Medicine Program,
TOR,"University Health Network, Toronto, Canada",
Toronto,Toronto,
Toshiba,Toshiba cohort,
TP,Tracking Parkinson's,
TPB,Telethon Parkinsons Bank,
TPMI,Taiwan Precision Medicine Initiative,
TRACK-TBI,Transforming Research and Clinical Knowledge in TBI,
TRAILS,Tracking Adolescents Individual Lives Survey,
TRAILSCC,Tracking Adolescents Individual Lives Survey (TRAILS) Clinical Cohort,
TRANSCRibE,TRanscriptomic ANalySis of left ventriCulaR gene Expression,
TrialNet,Type 1 Diabetes TrialNet (www.trialnet.org),
TRICL,Transdisciplinary Research In Cancer of the Lung (TRICL) Research Team,
Trinity,Trinity College Dublin,
TRIPOD,TRoglitazone In the Prevention Of Diabetes,
TRIUMPH,TRanslational Initiative on Unique and novel strategies for Management of Patients with Heart failure,
Tromso,The Tromso Study,
Trondheim_PD,Trondheim Parkinson's disease study,
TRS,The Raine Study,Raine Study
TSDS,Tampere Sudden Death Study,
TSHA,The Toledo Study for Healthy Aging Study,
TSS,Trinity Student Study,
TUDR,Taiwan USA Diabetes Retinopathy,
TUM,Technical University of Munich,
TVHS,Tennessee Valley Healthcare System,
TVS,Tampere Vascular Study,
TWB,Taiwan Biobank,
TWBCS,Taiwanese Breast Cancer Study,
TwinGene,TwinGene Study,
TwinsUK,UK Adult Twin Register,
TWSC,Taiwan Super Control Study,
TWT2D,Taiwan Type 2 Diabetes Consortium,
TXBCS,Texas Bladder Cancer Study,
TZL,The Taizhou Longitudinal Study,
UAB,University of Alabama at Birmingham,
UBNS,University of Bergen Norway Study,
UBonn,Ubon-sepsis cohort,
UC,University of Chicago,
UCADC,Utah Cervical Artery Dissection Collection,
UCC,Utrecht Cannabis Cohort,
UCC-SMART,Utrecht Cardiovascular Cohort - Second Manifestations of ARTerial disease,
UCIBCS,UCI Breast Cancer Study,
UCIOCS,"UC Irvine Ovarian Cancer Study, California",
UCLA,UCLA ATLAS Community Health Initiative,
UCLA_NL_BP,UCLA_NL_BP,
UCL-LASER,UCL-LASER,
UCL-PRION,UCL-PRION,
UCS-AF,University of California San Francisco Atrial Fibrillation Study,
UCSD,UCSD,
UCSF,"University of California, San Francisco",
UCSF2,Molecular Epidemiology of non-Hodgkin lymphoma,
UDP,Universita di Pisa,
UFA,UFA,
UFDI,University of Florida Diabetes Institute,
UFO,Umeå Fracture and Osteoporosis (UFO) study,
UGhent,RGC-UGhent cohort,
UGO,Umea Genetics of Obesity,
UGR,Uganda Genome Resource,
UHP,Utrecht Health Project,
UHU,"University Hospital, Uppsala",
UIDS,UNAM/INCMNSZ Diabetes Study,
UK2_GCC,UK Type 2 Diabetes Genetics Consortium,
UKADS,UK Asian Diabetes Study,
UKAGS,UK Aneurysm Growth Study,
UKB,UK Biobank,
UK-BCN-MBCS,UK Breast Cancer Now Male Breast Cancer Study,
UKBEC,UK Brain Expression Consortium,
UKBGS,UK Breakthrough Generations Study,
UKBiLEVE,UK BiLEVE Cohort Information,
UKBOGS,UK Barretts Oesophagus Gene Study,
UKBonn,Universitäts Klinikum Bonn,
UKB-PPP,UK Biobank Pharma Plasma Proteome,
UKBS,UK National Blood Donor Service,
UKCAP,United Kingdom Colorectal Adenoma Prevention,
UKCCS,UK Childhood Cancer Study,
UK-CLL,UK-CLL,
UKCRC,UK Colorectal control,
UKCTOCS,UK Collaborative Trial of Ovarian Cancer Screening,
UKCVD,UKCVD,
UKDHP,UK Digital Heart Project,
UKFBCS,UK Familial Breast Cancer Study,
UKFOCR,UK Familial Ovarian Cancer Registry,
UKGDC,United Kingdom Graves disease cohort,
UKGPCS,UK Genetic Prostate Cancer Study,
UKGRFOCR,UK and Gilda Radner Familial Ovarian Cancer Registries,
UKHCEIBD,UK HumanCoreExome genotyped IBD study,
UKHLS,UK Household Longitudinal Study,
UKHST,UK National Health Service Trusts,
UKIBDGC,UKIBDGC,
UKMillennium,UK Millennium Cohort Study,MCS
UKMND,UK National MND DNA,
UKOPS,UK Ovarian Cancer Population Study,
UKPDS,UK Prospective Diabetes Study,
UKRAG,United Kingdom Rheumatoid Arthritis Genetics,
UKS,Universitatsklinikum Saarlandes,
UKSAT,UK Small Aneurysm Trial,
UKTCC,UK Testicular Cancer Collaboration,
ULM,Center of Excellence-Baden-Wuerttemberg Type 2 Diabetes Cohort,
ULM_FPCS,"Familial Prostate Cancer Study, University Hopsital of Ulm, Germany",
ULSAM,Uppsala Longitudinal Study of Adult Men,
UM,University of Munich,
UMC,University Medical Center Utrecht,
UMCG,University Medical Center Groningen,
Umea,Umea,
UMN,University of Minnesota study,
UMVUMSS,UMVUMSS,
UM/VU/MSSM,UM/VU/MSSM,
UNC,University of North Carolina,
UNCCanCORS,University of North Carolina CanCORS study,
UNC-Rectal,University of Noth Carolina Rectal Cancer Study,
UNISS,"Utrecht, The Netherlands ImmunoChip Study Samples",
UOF,University of Florida,
UoPMC,University of Pittsburgh Medical Center,
UPCH,Danish T2D case-control study,
UPENN,University of Pennsylvania,
UPITT,"Cancer Family Registry, University of Pittsburg",
UppsalaAAA,Uppsala Abdominal Aortic Aneurysm Cohort Study,
Urolife,UroLife Study,
URWCI,RGC-URWCI cohort,
USC,University of Southern California,
USC-HRT-CRC,Los Angeles County Cancer Surveillance Program,
US-HIV-NHS,US military HIV Natural History Study,
USKC,National Cancer Institue U.S. Kidney Cancer Study,
USNIHFAREE,US NIH CoFAR EoE cohort,
USPA,US PA GWAS dataset,
USRT,US Radiologic Technologist Study,
UTAH,Utah Chronic Lymphocytic Leukemia Study,
UTAH-SHEFFIELD,Utah/Sheffield Chronic Lymphocytic Leukemia Collaborative Study,
UTAHSTUD,The Utah Study,
UVRIGPC,UVRIGPC,
UWALF,"UWA, LEI & Flinders",
UW-TTURC,University of Wisconsin-Transdisciplinary Tobacco Use Research Cente,
VAFAR,Vanderbilt AF Ablation Registry,
Val_Gardena,Val Gardena,topmed_gardena
Vanderbilt,Vanderbilt Genome-Wide Association Studies,
Vanderbilt_OM,Vanderbilt Online Musicality Study,
Vantaa85+,Vantaa85+,
VARI,Van Andel Research Institute,
VCAAA,Viborg Country AAA screening program,
VCAD,Virginia Cervical Artery Dissection,
VDB,Vejle Diabetes Biobank,
Vejle,Vejle Biobank,
VERDI,Verlauf der diagnotischen Abklärung bei Krebspatienten,
VETSA,The Vietnam Era Twin Study of Aging,
VFA,Viva La Familia,
VFCTG,Victorian Familial Cancer Trials Group,
VHIR-FMT-Barcelona,VHIR-FMT-Barcelona,
VHS,Verona Heart Study,
VICTOR,VICTOR,
VIKING,Viking Health Study,
VIO,Valencia Institute of Oncology,
VIP,VIP study,
VIRGO,Variation in Recovery: Role of Gender on Outcomes of Young AMI Patients,
VIS,Vis Study,
VISP,Vitamin Intervention for Stroke Prevention,
VITAL,VITamins And Lifestyle Cohort Study,
VIVA,Viborg Vascular,
VMAP,Vanderbilt Memory and Aging Project,
Vobarno,Vobarno Study,
VTSABD,GEDI Virginia Twin Study on Adolescent Behavioral Development,
VU_AF,Vanderbilt Genetic Basis of Atrial Fibrillation,
VVC,Vlagtwedde/Vlaardingen Cohort study,
W2C,Warren 2 Consortium,
WAABCS,Women of African Ancestry Breast Cancer Study,
WACS,Womens Antioxidant Cardiovascular Study,
WADRC,The Wisconsin Alzheimer's Disease Research Center,
WAHCS,Western Australian HIV Cohort Study,
walk_PHaSST,Treatment of Pulmonary Hypertension and Sickle Cell Disease with Sildenafil Therapy,
WAMHS,Western Australian Melanoma Health Study,
War-PATH,Warfarin Anticoagulation in Patients in sub-Saharan Africa,
WASHS,Western Australia Sleep Health Study,
WASHU,University of Washington,
WBCR,The West Bank Cancer Registry,
WCHS,Womens Circle of Health Study,
WCPSOCCI,Womens Cancer Program at the Samuel Oschin Comprehensive Cancer Institute,
WCRI,Womens Cancer Research Institute - Cedars-Sinai Medical Center,
WDS,Wuhan Diabetes Study,
WeBirth,Westlake Precision Birth Cohort,
WECARE,Women's Environmental Cancer and Radiation Epidemiology Study,
WeGene,WeGene Personal Genome Services,
WEH,Wills Eye Hospital,
WellGen,Wellcome Genetics study,
WESDR,Wisconsin Epidemiologic Study of Diabetic Retinopathy,
Wessex,Wessex family study,
WFBC,Wake Forest University Breast Cancer Study,
WFPCS,Wake Forest Prostate Cancer Study,
WFSM,Wake Forest University School of Medicine Study,
WGHS,Womens Genome Health Study,
WHBJ,Wuhan-Beijing GWA study,
WHI,Womens Health Initiative,
WHICAP,Washington Heights-Inwood Columbia Aging Project,
WHI-CT,Womens Health Initiative - randomized clinical trial,
WHI-GARNET,Womens Health Initiative Genome-wide Association Research Network into Effects of Treatment,
WHI-GeCHIP,Womens Health Initiative GeCHIP,
WHI-HT,Womens Health Initiative Hormone Therapy Trial,
WHI-LLS,Womens Health Initiative Long Life Study,
WHI-MS,Womens Health Initiative Memory Study,
WHI-SHARe,Womens Health Initiative SNP Health Association Resource,
WHISTLER,Wheezing Illnesses Study Leidsche Rijn,
Whitehall,Whitehall Study,
WHS,Womens Health Study,
WHZH,Wuhan Zhuhai cohort,
WICR,Westmead Institute for Cancer Research,
WISE,Womens Insights and Shared Experiences study,
WLAC,Weiss Laboratory Autism Collection,
WLCS,Wuhan Lung Cancer Study,
WLS,The Wisconsin Longitudinal Study,
WMUB-T,Wenzhou Medical University Biobank - Tibetans,
WOBASZ,WOBASZ study,
WOCS,Warsaw Ovarian Cancer Study,
WOSCOPS,West of Scotland Coronary Prevention Study,
WPC,Warfarin Pharmacogenomics Cohort,
WRAP,Wisconsin Registry for Alzheimer's Prevention,
WSC,Wisconsin Sleep Cohort,
WSR,Westphalian Stroke Register,
WSULC,The Washington State University Lung Cancer Study,
WT2,WT2-United Kingdom,
WTCCC,Wellcome Trust Case Control Consortium,
WTCCC_CAD,Wellcome Trust Case Control Consortium CAD,WTCCC CAD
WUGS,Washington University Genetics Study,
WUSTL,Washington University St. Louis Study,
Wuxi NCDs,Wuxi Non-Communicable Diseases cohort,
WWHS,Wisconsin Womens Health Study,
YACDS,Yonsei Avellino Corneal Dystrophy Study,
YAHD,Young Adult Hodgkins Disease Case_Control Study,
Yale,Yale,
Yale-Penn,Genetics of Substance Dependence Yale Penn,
YFS,Cardiovascular Risk in Young Finns Study,
YH,Northern Ireland Young Hearts Project,"yh3, yh2000"
YLCS,Yunnan Lung Cancer Study,
YOHG,Academia Sinica Multicentered Young-Onset Hypertension Genetic Study,
ZBCS,Zaragoza Bladder Cancer Study,
ZJCRC,Zhejiang Colorectal Cancer set,
ZOE2.0,ZOE 2.0,
