Ontology Trait ID,Ontology Trait Label,Ontology Trait Description,Ontology URL
MONDO_0005350,abdominal aortic aneurysm,"Enlargement and ballooning of the vessel that supplies arterial blood to the abdomen, pelvis and legs. [NCIT: P378]",http://purl.obolibrary.org/obo/MONDO_0005350
HP_0002027,Abdominal pain,"An unpleasant sensation characterized by physical discomfort (such as pricking, throbbing, or aching) and perceived to originate in the abdomen.",http://purl.obolibrary.org/obo/HP_0002027
HP_0011015,Abnormal blood glucose concentration,An abnormality of the concentration of glucose in the blood.,http://purl.obolibrary.org/obo/HP_0011015
HP_0003119,Abnormal circulating lipid concentration,Any deviation from the normal concentration of lipid in the blood circulation.,http://purl.obolibrary.org/obo/HP_0003119
HP_0010931,Abnormal circulating sodium concentration,Any deviation from the normal concentration of sodium in the blood circulation.,http://purl.obolibrary.org/obo/HP_0010931
HP_0003115,Abnormal EKG,Abnormal rhythm of the heart.,http://purl.obolibrary.org/obo/HP_0003115
HP_0000924,Abnormality of the skeletal system,An abnormality of the skeletal system.,http://purl.obolibrary.org/obo/HP_0000924
HP_0000925,Abnormality of the vertebral column,Any abnormality of the vertebral column.,http://purl.obolibrary.org/obo/HP_0000925
HP_0000504,Abnormality of vision,Abnormality of eyesight (visual perception).,http://purl.obolibrary.org/obo/HP_0000504
EFO_0009628,abnormal result of function studies,"Abnormal result of a test meant to evaluate functionality of an organ or system, such as electroencephalogram, electrocardiogram, glucose tolerance test and others.",http://www.ebi.ac.uk/efo/EFO_0009628
HP_0001000,Abnormal skin pigmentation,An abnormality of the pigmentation of the skin.,http://purl.obolibrary.org/obo/HP_0001000
MONDO_0005227,abscess,"An inflammatory process characterized by the accumulation of pus within a newly formed tissue cavity which is the result of a bacterial, fungal, or parasitic infection or the presence of a foreign body. [NCIT: P378]",http://purl.obolibrary.org/obo/MONDO_0005227
MONDO_0011438,acne,"An inflammatory process of the sebaceous glands which is characterized by comedones, nodules, papules and/or pustules on the skin. [NCIT: P378]",http://purl.obolibrary.org/obo/MONDO_0011438
EFO_0009460,ACPA-negative rheumatoid arthritis,A subtype of rheumatoid arthritis defined by the absence of autoantibodies that are directed against citrullinated peptides and proteins.,http://www.ebi.ac.uk/efo/EFO_0009460
EFO_0009459,ACPA-positive rheumatoid arthritis,A subtype of rheumatoid arthritis defined by the presence of autoantibodies that are directed against citrullinated peptides and proteins.,http://www.ebi.ac.uk/efo/EFO_0009459
MONDO_0009891,acquired polycythemia vera,"Polycythemia vera (PV) is an acquired myeloproliferative disorder characterized by an elevated absolute red blood cell mass caused by uncontrolled red blood cell production, frequently associated with uncontrolled white blood cell and platelet production. [Orphanet: 729]",http://purl.obolibrary.org/obo/MONDO_0009891
MONDO_0002492,acute kidney injury,"Sudden and sustained deterioration of the kidney function characterized by decreased glomerular filtration rate, increased serum creatinine or oliguria. [NCIT: C26808]",http://purl.obolibrary.org/obo/MONDO_0002492
MONDO_0004967,acute lymphoblastic leukemia,"Leukemia with an acute onset, characterized by the presence of lymphoblasts in the bone marrow and the peripheral blood. It includes the acute B lymphoblastic leukemia and acute T lymphoblastic leukemia. [NCIT: C3167]",http://purl.obolibrary.org/obo/MONDO_0004967
MONDO_0004781,acute myocardial infarction,"Necrosis of the myocardium, as a result of interruption of the blood supply to the area. It is characterized by a severe and rapid onset of symptoms that may include chest pain, often radiating to the left arm and left side of the neck, dyspnea, sweating, and palpitations. [NCIT: P378]",http://purl.obolibrary.org/obo/MONDO_0004781
MONDO_0001028,acute pericementitis,An acute inflammatory process that affects the tissues that surround and support the teeth. [NCIT: P378],http://purl.obolibrary.org/obo/MONDO_0001028
EFO_0004347,addictive behaviour,"The observable, measurable, and often pathological activity of an organism that portrays its inability to overcome a habit resulting in an insatiable craving for a substance or for performing certain acts. The addictive behavior includes the emotional and physical overdependence on the object of habit in increasing amount or frequency.",http://www.ebi.ac.uk/efo/EFO_0004347
OBA_VT0005452,adipose amount,The amount of a adipose tissue. [AUTO: patterns/patterns/entity_attribute],http://purl.obolibrary.org/obo/OBA_VT0005452
EFO_0005056,age at death,The age at which death occurs.,http://www.ebi.ac.uk/efo/EFO_0005056
EFO_0004918,age at diagnosis,"The age, measured from some defined time point e.g. birth at which a subject (e.g. a human patient) is diagnosed with some disease e.g. breast cancer.",http://www.ebi.ac.uk/efo/EFO_0004918
EFO_0009101,age at first birth measurement,A measurement of the age at which a woman gave birth to her first live child,http://www.ebi.ac.uk/efo/EFO_0009101
EFO_0009749,age at first sexual intercourse measurement,A measurement of the age at which a person has the first sexual intercourse.,http://www.ebi.ac.uk/efo/EFO_0009749
EFO_0021784,age at initiation of smoking,"Age of initation of the habit of smoking, the inhaling and exhaling of tobacco smoke.",http://www.ebi.ac.uk/efo/EFO_0021784
EFO_0004703,age at menarche,"The age of onset of (human) menarche, the beginning of the first menstrual cycle in an individual",http://www.ebi.ac.uk/efo/EFO_0004703
EFO_0004704,age at menopause,"The age of onset of (human) menopause, the beginning of the first menstrual cycle in an individual",http://www.ebi.ac.uk/efo/EFO_0004704
MONDO_0005150,age-related macular degeneration,"Age-related loss of vision in the central portion of the retina (macula), secondary to retinal degeneration. [NCIT: P378]",http://purl.obolibrary.org/obo/MONDO_0005150
OBA_0005494,aging rate,The rate of the aging process.,http://purl.obolibrary.org/obo/OBA_0005494
OBA_1000840,alcohol consumption quality,The quality of a alcohol consumption. [obo: oba/patterns/entity_attribute_part_of],http://purl.obolibrary.org/obo/OBA_1000840
MONDO_0007079,alcohol dependence,Physical and psychological dependence on alcohol. [NCIT: P378],http://purl.obolibrary.org/obo/MONDO_0007079
EFO_0007835,alcohol dependence measurement,"quantification of some aspect of alcohol dependence or misuse, eg using a cummulative symptom score to determine the severity of a case of alcohol dependence",http://www.ebi.ac.uk/efo/EFO_0007835
EFO_0004329,alcohol drinking,"Behaviors associated with the ingesting of alcoholic beverages, including social drinking.",http://www.ebi.ac.uk/efo/EFO_0004329
MONDO_0006644,alcoholic liver cirrhosis,A disorder of the liver characterized by the presence of fibrotic scar tissue instead of healthy liver tissue. This condition is attributed to excessive consumption of alcoholic beverages. [NCIT: P378],http://purl.obolibrary.org/obo/MONDO_0006644
MONDO_0002326,alcohol-induced mental disorder,,http://purl.obolibrary.org/obo/MONDO_0002326
MONDO_0021698,alcohol-related disorders,Disorders related to or resulting from abuse or mis-use of alcohol. [MESH: D019973],http://purl.obolibrary.org/obo/MONDO_0021698
EFO_0009458,alcohol use disorder measurement,"A quantitative measure of alcohol use disorder, e.g. using the Alcohol Use Disorders Identification Test.",http://www.ebi.ac.uk/efo/EFO_0009458
EFO_0004533,alkaline phosphatase measurement,Alkaline phosphatase measurement is a quantification of alkaline phosphatase in blood. AP is a marker for bone and liver disease.,http://www.ebi.ac.uk/efo/EFO_0004533
MONDO_0005271,allergic disease,"An immune response that occurs following re-exposure to an innocuous antigen, and that requires the presence of existing antibodies against that antigen. This response involves the binding of IgE to mast cells, and may worsen with repeated exposures. [NCIT: C114476]",http://purl.obolibrary.org/obo/MONDO_0005271
MONDO_0011786,allergic rhinitis,"Inflammation of the nasal mucous membranes caused by an IgE-mediated response to external allergens. The inflammation may also involve the mucous membranes of the sinuses, eyes, middle ear, and pharynx. Symptoms include sneezing, nasal congestion, rhinorrhea, and itching. It may lead to fatigue, drowsiness, and malaise thus causing impairment of the quality of life. [NCIT: C79532]",http://purl.obolibrary.org/obo/MONDO_0011786
MONDO_0004975,Alzheimer disease,"A progressive, neurodegenerative disease characterized by loss of function and death of nerve cells in several areas of the brain leading to loss of cognitive function such as memory and language. [NCIT: P378]",http://purl.obolibrary.org/obo/MONDO_0004975
MONDO_0060766,anal polyp,A non-neoplastic or neoplastic polypoid lesion that arises from the anus. Representative examples include the fibroepithelial polyp and squamous papilloma. [NCIT: C3957],http://purl.obolibrary.org/obo/MONDO_0060766
MONDO_0002280,anemia,"A reduction in the number of red blood cells, the amount of hemoglobin, and/or the volume of packed red blood cells. Clinically, anemia represents a reduction in the oxygen-transporting capacity of a designated volume of blood, resulting from an imbalance between blood loss (through hemorrhage or hemolysis) and blood production. Signs and symptoms of anemia may include pallor of the skin and mucous membranes, shortness of breath, palpitations of the heart, soft systolic murmurs, lethargy, and fatigability. [NCIT: C2869]",http://purl.obolibrary.org/obo/MONDO_0002280
EFO_0003913,angina pectoris,"The symptom of paroxysmal pain consequent to MYOCARDIAL ISCHEMIA usually of distinctive character, location and radiation. It is thought to be provoked by a transient stressful situation during which the oxygen requirements of the MYOCARDIUM exceed that supplied by the CORONARY CIRCULATION.",http://www.ebi.ac.uk/efo/EFO_0003913
MONDO_0005306,ankylosing spondylitis,An autoimmune chronic inflammatory disorder characterized by inflammation in the vertebral joints of the spine and sacroiliac joints. It predominantly affects young males. Patients present with stiffness and pain in the spine. [NCIT: P378],http://purl.obolibrary.org/obo/MONDO_0005306
EFO_0004302,anthropometric measurement,"Anthropometry is a measurement of the size, weight, and proportions of the human or other primate body.",http://www.ebi.ac.uk/efo/EFO_0004302
MONDO_0005618,anxiety disorder,A category of psychiatric disorders which are characterized by anxious feelings or fear often accompanied by physical symptoms associated with anxiety. [NCIT: C2878],http://purl.obolibrary.org/obo/MONDO_0005618
EFO_0009863,anxiety measurement,"Quantification of the level of a generalised feeling of anxiety experienced by an individual, typically measured via a questionnaire.",http://www.ebi.ac.uk/efo/EFO_0009863
EFO_0020865,aortic measurement,"Measurement of some parts of the aorta, including ascending aorta distensibility and area.",http://www.ebi.ac.uk/efo/EFO_0020865
EFO_0000266,aortic stenosis,"A pathological constriction that can occur above (supravalvular stenosis), below (subvalvular stenosis), or at the AORTIC VALVE. It is characterized by restricted outflow from the LEFT VENTRICLE into the AORTA. | Aortic valve stenosis is a aortic valve disease caused by the incomplete opening of the aortic valve. The aortic valve controls the direction of blood flow from the left ventricle to the aorta. When in good working order, the aortic valve does not impede the flow of blood between these two spaces. Under some circumstances, the aortic valve becomes narrower than normal, impeding the flow of blood. This is known as aortic valve stenosis, or aortic stenosis, often abbreviated AS. | Aortic valve stenosis is a aortic valve disease caused by the incomplete opening of the aortic valve. The aortic valve controls the direction of blood flow from the left ventricle to the aorta. When in good working order, the aortic valve does not impede the flow of blood between these two spaces. Under some circumstances, the aortic valve becomes narrower than normal, impeding the flow of blood. This is known as aortic valve stenosis, or aortic stenosis, often abbreviated as AS.",http://www.ebi.ac.uk/efo/EFO_0000266
MONDO_0003803,aortic valve disorder,A disease involving the aortic valve.,http://purl.obolibrary.org/obo/MONDO_0003803
EFO_0007659,APOE carrier status,quantification of the presence or absence of apolipoprotein E (APOE) in an individual,http://www.ebi.ac.uk/efo/EFO_0007659
EFO_0004614,apolipoprotein A 1 measurement,Is a quantification of apolipoprotein A 1 in a sample. It is encoded in humans by the APOA1 gene and is the major protein component of high density lipoprotein (HDL) in plasma. Apolipoprotein A 1 relates to lower observational risk of coronary artery disease.,http://www.ebi.ac.uk/efo/EFO_0004614
EFO_0007848,apolipoprotein A-IV measurement,"quantification of serum lipoprotein A-IV. Apolipoprotein A-IV, encoded in humans by the APOA4 gene,  a 376-residue mature O-linked glycoprotein.",http://www.ebi.ac.uk/efo/EFO_0007848
EFO_0004615,apolipoprotein B measurement,"The measurement of ApoB in blood. Apolipoprotein B is a major protein constituent of chylomicrons (apo B-48), LDL (apo B-100) and VLDL (apo B-100). Apo B-100 functions as a recognition signal for the cellular binding and internalization of LDL particles by the apoB/E receptor, and is upregulated in response to enterovirus 71.",http://www.ebi.ac.uk/efo/EFO_0004615
EFO_0600086,appendectomy,Procedure to remove the appendix.,http://www.ebi.ac.uk/efo/EFO_0600086
MONDO_0005649,appendicitis,Acute inflammation of the vermiform appendix. [NCIT: P378],http://purl.obolibrary.org/obo/MONDO_0005649
EFO_0004517,arterial stiffness measurement,An Arterial stiffness measurement is the information output of a non invasive pulse wave velocity assay. Arterial stiffness is a predictor of cardiovascular mortality,http://www.ebi.ac.uk/efo/EFO_0004517
MONDO_0005578,arthritic joint disease,"An inflammatory process affecting a joint. Causes include infection, autoimmune processes, degenerative processes, and trauma. Signs and symptoms may include swelling around the affected joint and pain. [NCIT: C2883]",http://purl.obolibrary.org/obo/MONDO_0005578
MONDO_0006816,arthropathy,Any disorder of the joints. [NCIT: C35760],http://purl.obolibrary.org/obo/MONDO_0006816
HP_0003040,Arthropathy,,http://purl.obolibrary.org/obo/HP_0003040
EFO_0004736,aspartate aminotransferase measurement,"Is a quantification of aspartate aminotransferase, and is commonly used as a marker for liver function.",http://www.ebi.ac.uk/efo/EFO_0004736
EFO_0010934,aspartate aminotransferase to alanine aminotransferase ratio,The ratio between the levels of aspartate aminotransferase (AST) and alanine aminotransferase (ALT).,http://www.ebi.ac.uk/efo/EFO_0010934
EFO_0007013,aspirin use measurement,quantification of some aspect of aspirin use,http://www.ebi.ac.uk/efo/EFO_0007013
MONDO_0004979,asthma,"A bronchial disease that is characterized by chronic inflammation and narrowing of the airways, which is caused by a combination of environmental and genetic factors resulting in recurring periods of wheezing (a whistling sound while breathing), chest tightness, shortness of breath, mucus production and coughing. The symptoms appear due to a variety of triggers such as allergens, irritants, respiratory infections, weather changes, exercise, stress, reflux disease, medications, foods and emotional anxiety. [EFO: 0000270]",http://purl.obolibrary.org/obo/MONDO_0004979
HP_0002099,Asthma,"Asthma is characterized by increased responsiveness of the tracheobronchial tree to multiple stimuli, leading to narrowing of the air passages with resultant dyspnea, cough, and wheezing.",http://purl.obolibrary.org/obo/HP_0002099
MONDO_0004980,atopic eczema,A common chronic pruritic inflammatory skin disease with a strong genetic component. Onset typically occurs during the first 2 years of life. [OMIM: 603165],http://purl.obolibrary.org/obo/MONDO_0004980
MONDO_0004981,atrial fibrillation,"A disorder characterized by an electrocardiographic finding of a supraventricular arrhythmia characterized by the replacement of consistent P waves by rapid oscillations or fibrillatory waves that vary in size, shape and timing and are accompanied by an irregular ventricular response. (CDISC) [NCIT: P378]",http://purl.obolibrary.org/obo/MONDO_0004981
MONDO_0005310,atrial flutter,"A disorder characterized by an electrocardiographic finding of an organized, regular atrial rhythm with atrial rate of 240-340 beats per minute. Multiple P waves typically appear in the inferior leads in a saw tooth-like pattern between the QRS complexes. (CDISC) [NCIT: P378]",http://purl.obolibrary.org/obo/MONDO_0005310
MONDO_0007743,attention deficit-hyperactivity disorder,"A disorder characterized by a marked pattern of inattention and/or hyperactivity-impulsivity that is inconsistent with developmental level and clearly interferes with functioning in at least two settings (e.g. at home and at school). When present, the symptoms of hyperactivity are most often present before the age of 7 years. There are three recognized presentations or subtypes from most to least common: combined type, inattentive/distractible type, hyperactive/impulsive type. [NCIT: C97160]",http://purl.obolibrary.org/obo/MONDO_0007743
MONDO_0005258,autism spectrum disorder,"A spectrum of developmental disorders that includes autism, and Asperger syndrome. Signs and symptoms include poor communication skills, defective social interactions, and repetitive behaviors. [NCIT: P378]",http://purl.obolibrary.org/obo/MONDO_0005258
MONDO_0007179,autoimmune disease,"A disorder resulting from loss of function or tissue destruction of an organ or multiple organs, arising from humoral or cellular immune responses of the individual to their own tissue constituents. It may be systemic (e.g., systemic lupus erythematosus), or organ specific, (e.g., thyroiditis). [NCIT: C2889]",http://purl.obolibrary.org/obo/MONDO_0007179
HP_0003418,Back pain,"An unpleasant sensation characterized by physical discomfort (such as pricking, throbbing, or aching) localized to the back.",http://purl.obolibrary.org/obo/HP_0003418
EFO_0007825,balding measurement,quantification of the amount of balding in an individual,http://www.ebi.ac.uk/efo/EFO_0007825
MONDO_0013662,Barrett esophagus,Esophageal lesion lined with columnar metaplastic epithelium which is flat or villiform. Barrett epithelium is characterized by two different types of cells: goblet cells and columnar cells. The symptomatology of Barrett esophagus is that of gastro-esophageal reflux. It is the precursor of most esophageal adenocarcinomas. (WHO) [NCIT: C2891],http://purl.obolibrary.org/obo/MONDO_0013662
MONDO_0020804,basal cell carcinoma,A carcinoma involving the basal cells. [NCIT: C156767],http://purl.obolibrary.org/obo/MONDO_0020804
EFO_0007777,base metabolic rate measurement,"quantification of an individual's base metabolic rate, the minimum amount of energy required to sustain life while at complete rest, including the body being in a post-absorptive state (ie the digestive system is inactive). BMR differs from RMR because BMR measurements must meet total physiological equilibrium whereas RMR conditions of measurement can be altered and defined by the contextual limitations.",http://www.ebi.ac.uk/efo/EFO_0007777
EFO_0005090,basophil count,"The number of granulocytes (polymorphonuclear leukocytes) in a specified volume of blood, usually 1 cubic millimeter. | quantification of basophils in the blood",http://www.ebi.ac.uk/efo/EFO_0005090
EFO_0007992,basophil percentage of leukocytes,"A calculated measurement in which the number of basophil granulocytes is divided by the number of all white blood cells in a specified sample of peripheral venous blood, and the result presented as a ratio, fraction, quotient or percentage. A basophil is a granular leukocyte with an irregularly shaped, relatively pale-staining nucleus that is partially constricted into two lobes, and with cytoplasm containing coarse granules of variable size that stain bluish-black when exposed to basic dyes.",http://www.ebi.ac.uk/efo/EFO_0007992
MONDO_0004948,B-cell chronic lymphocytic leukemia,"B-cell chronic lymphocytic leukemia (B-CLL) is a type of B-cell non-Hodgkin lymphoma, and the most common form of leukemia in Western countries, affecting elderly adults (mean age of 67 and 72 years) with a slight male predominance (1.7:1), and characterized by a highly variable clinical presentation that can include asymptomatic disease or non-specific B-symptoms such as unintentional weight loss, severe fatigue, fever (without evidence of infection), and night sweats as well as cervical lymphadenopathy, splenomegaly and frequent infections. Some patients can also develop autoimmune complications such as autoimmune hemolytic anemia or immune thrombocytopenia. The clinical course is extremely heterogeneous with survival ranging from a few months to several decades. [Orphanet: 67038]",http://purl.obolibrary.org/obo/MONDO_0004948
EFO_0006946,behavioural disinhibition measurement,"quantification of some aspect of behavioural disinhibition, including risky and impulsive behaviours. Behavioural disinhibition can be a marker for certain kinds of mental or behavioural disorders.",http://www.ebi.ac.uk/efo/EFO_0006946
EFO_0002751,benign,"For neoplasms, a non-infiltrating and non-metastasizing neoplastic process that is characterized by the absence of morphologic features associated with malignancy (e.g., severe atypia, nuclear pleomorphism, tumor cell necrosis, and abnormal mitoses). For other conditions, a process that is mild in nature and not dangerous to health.",http://www.ebi.ac.uk/efo/EFO_0002751
MONDO_0002278,benign colon neoplasm,A non-metastasizing neoplasm arising from the wall of the colon. [NCIT: C2894],http://purl.obolibrary.org/obo/MONDO_0002278
MONDO_0000385,benign digestive system neoplasm,A non-metastasizing neoplasm arising from any part of the digestive system. [NCIT: P378],http://purl.obolibrary.org/obo/MONDO_0000385
MONDO_0056804,benign neoplasm of peripheral nervous system,,http://purl.obolibrary.org/obo/MONDO_0056804
MONDO_0010811,benign prostatic hyperplasia,"A non-cancerous nodular enlargement of the prostate gland. It is characterized by the presence of epithelial cell nodules, and stromal nodules containing fibrous and smooth muscle elements. It is the most common urologic disorder in men, causing blockage of urine flow. [NCIT: C2897]",http://purl.obolibrary.org/obo/MONDO_0010811
MONDO_0006107,benign thyroid gland neoplasm,A benign neoplasm arising from the thyroid gland. [NCIT: C3628],http://purl.obolibrary.org/obo/MONDO_0006107
EFO_0004670,beta-amyloid 1-42 measurement,Is the quantification of Beta-amyloid 1-42 in cerebrospinal fluid typically used as a biomarker for Alzheimer's Disease,http://www.ebi.ac.uk/efo/EFO_0004670
MONDO_0004868,biliary tract disorder,A disease involving the biliary tree.,http://purl.obolibrary.org/obo/MONDO_0004868
EFO_0004570,bilirubin measurement,A bilirubin measurement is a quantification of bilirubin typically measured in serum.,http://www.ebi.ac.uk/efo/EFO_0004570
MONDO_0024431,bilirubin metabolism disease,,http://purl.obolibrary.org/obo/MONDO_0024431
MONDO_0004985,bipolar disorder,"A disorder of the brain that causes unusual shifts in mood, energy, activity levels and the ability to carry out day-to-day tasks. Often these moods range and shift from periods of elation and energized behavior to those of hopelessness and depression. [NCIT: C34423]",http://purl.obolibrary.org/obo/MONDO_0004985
EFO_0009963,bipolar I disorder,A bipolar disorder that is characterized by at least one manic or mixed episode.,http://www.ebi.ac.uk/efo/EFO_0009963
EFO_0009964,bipolar II disorder,"A bipolar disorder that is characterized by at least one hypomanic episode and at least one major depressive episode; with this disorder, depressive episodes are more frequent and more intense than manic episodes.",http://www.ebi.ac.uk/efo/EFO_0009964
EFO_0004344,birth weight,The mass or quantity of heaviness of an individual at BIRTH. It is expressed by units of pounds or kilograms.,http://www.ebi.ac.uk/efo/EFO_0004344
MONDO_0001531,blood coagulation disease,A condition in which there is a deviation from or interruption of the normal coagulation properties of the blood. [NCIT: C2902],http://purl.obolibrary.org/obo/MONDO_0001531
OBA_VT0000188,blood glucose amount,The amount of a glucose when measured in blood. [AUTO: patterns/patterns/entity_attribute_location],http://purl.obolibrary.org/obo/OBA_VT0000188
OBA_VT0002460,blood immunoglobulin amount,The amount of a immunoglobulin complex. [AUTO: patterns/patterns/entity_attribute],http://purl.obolibrary.org/obo/OBA_VT0002460
OBA_VT0001560,blood insulin amount,The amount of a insulin (human) when measured in blood. [AUTO: patterns/patterns/entity_attribute_location],http://purl.obolibrary.org/obo/OBA_VT0001560
OBA_VT0005416,blood protein amount,The amount of a protein when measured in blood. [AUTO: patterns/patterns/entity_attribute_location],http://purl.obolibrary.org/obo/OBA_VT0005416
OBA_VT0005265,blood urea nitrogen amount,The amount of a urea when measured in blood. [AUTO: patterns/patterns/entity_attribute_location],http://purl.obolibrary.org/obo/OBA_VT0005265
EFO_0008036,BMI-adjusted fasting blood glucose measurement,fasting blood glucose measurement that has been adjusted for subjects' body mass index,http://www.ebi.ac.uk/efo/EFO_0008036
EFO_0008037,BMI-adjusted fasting blood insulin measurement,fasting insulin measurement that has been adjusted for subjects' body mass index,http://www.ebi.ac.uk/efo/EFO_0008037
EFO_0007788,BMI-adjusted waist-hip ratio,waist-hip ratio that has been adjusted by subjects’ body mass index,http://www.ebi.ac.uk/efo/EFO_0007788
EFO_0005106,body composition measurement,"measurement of the percentages of fat, bone and muscle in human bodies",http://www.ebi.ac.uk/efo/EFO_0005106
EFO_0004341,body fat distribution,"Deposits of ADIPOSE TISSUE throughout the body. The pattern of fat deposits in the body regions is an indicator of health status. Excess ABDOMINAL FAT increases health risks more than excess fat around the hips or thighs, therefore, WAIST-HIP RATIO is often used to determine health risks.",http://www.ebi.ac.uk/efo/EFO_0004341
EFO_0007800,body fat percentage,"Quantification of the amount of body fat as a percentage of total body mass, calculated as either total mass of fat divided by total body mass or one of a number of more complex weighted equations. Body fat includes essential body fat and storage body fat.",http://www.ebi.ac.uk/efo/EFO_0007800
OBA_VT0001253,body height,The height of a multicellular organism. [AUTO: patterns/patterns/entity_attribute],http://purl.obolibrary.org/obo/OBA_VT0001253
EFO_0004340,body mass index,"An indicator of body density as determined by the relationship of BODY WEIGHT to BODY HEIGHT. BMI=weight (kg)/height squared (m2). BMI correlates with body fat (ADIPOSE TISSUE). Their relationship varies with age and gender. For adults, BMI falls into these categories: below 18.5 (underweight); 18.5-24.9 (normal); 25.0-29.9 (overweight); 30.0 and above (obese). (National Center for Health Statistics, Centers for Disease Control and Prevention)",http://www.ebi.ac.uk/efo/EFO_0004340
EFO_0004338,body weight,The mass or quantity of heaviness of an individual. It is expressed by units of pounds or kilograms.,http://www.ebi.ac.uk/efo/EFO_0004338
EFO_0004324,body weights and measures,"Measurements of the height, weight, length, area, etc., of the human and animal body or its parts.",http://www.ebi.ac.uk/efo/EFO_0004324
MONDO_0005315,bone fracture,Breaks in bones. [MESH: D050723],http://purl.obolibrary.org/obo/MONDO_0005315
EFO_0004514,bone quantitative ultrasound measurement,"A bone quantitative ultrasound measurement is the output of a an ultrasound process in which bones are assayed using ultrasound and information about bone density, cortical thickness, elasticity and microarchitecture may be returned.",http://www.ebi.ac.uk/efo/EFO_0004514
OBA_1000110,bone tissue density,The mass density of a bone tissue. [AUTO: patterns/patterns/entity_attribute],http://purl.obolibrary.org/obo/OBA_1000110
OBA_2045221,bowel opening frequency,The frequency of a defecation rhythm. [AUTO: patterns/patterns/entity_attribute],http://purl.obolibrary.org/obo/OBA_2045221
MONDO_0005291,brain aneurysm,A congenital or acquired aneurysm within the cranium. [NCIT: P378],http://purl.obolibrary.org/obo/MONDO_0005291
MONDO_0001657,brain cancer,A primary or metastatic malignant neoplasm affecting the brain. [NCIT: C3568],http://purl.obolibrary.org/obo/MONDO_0001657
MONDO_0021211,brain neoplasm,A neoplasm (disease) that involves the brain. [MONDO: patterns/location],http://purl.obolibrary.org/obo/MONDO_0021211
OBA_2050021,brain stem volume,The volume of a brainstem. [AUTO: patterns/patterns/entity_attribute],http://purl.obolibrary.org/obo/OBA_2050021
OBA_2050009,brain volume,The volume of a brain. [AUTO: patterns/patterns/entity_attribute],http://purl.obolibrary.org/obo/OBA_2050009
MONDO_0007254,breast cancer,A primary or metastatic malignant neoplasm involving the breast. The vast majority of cases are carcinomas arising from the breast parenchyma or the nipple. Malignant breast neoplasms occur more frequently in females than in males. [NCIT: C9335],http://purl.obolibrary.org/obo/MONDO_0007254
MONDO_0004989,breast carcinoma,A carcinoma that arises from epithelial cells of the breast,http://purl.obolibrary.org/obo/MONDO_0004989
MONDO_0002657,breast disorder,A disease involving the breast.,http://purl.obolibrary.org/obo/MONDO_0002657
MONDO_0005219,breast fibrocystic disease,Fibrosis associated with cyst formation in the breast parenchyma. [NCIT: C3039],http://purl.obolibrary.org/obo/MONDO_0005219
MONDO_0021100,breast neoplasm,"A benign or malignant neoplasm of the breast parenchyma. It can originate from the ducts, lobules or the breast adipose tissue. Breast neoplasms are much more common in females than males. [NCIT: C2910]",http://purl.obolibrary.org/obo/MONDO_0021100
MONDO_0003781,bronchitis,An acute or chronic inflammatory process affecting the bronchi. [NCIT: C2911],http://purl.obolibrary.org/obo/MONDO_0003781
MONDO_0001672,bronchus cancer,A malignant neoplasm involving the bronchus,http://purl.obolibrary.org/obo/MONDO_0001672
MONDO_0015263,Brugada syndrome,A genetically heterogeneous condition characterized by complete or incomplete right bundle branch block accompanied by ST elevation in leads V1-V3. There is a high incidence of ventricular arrhythmia that may result in sudden death. [NCIT: C142891],http://purl.obolibrary.org/obo/MONDO_0015263
EFO_0004838,calcium measurement,"Is a quantification of calcium, typically in serum. Calcium (Ca2+) plays a pivotal role in the physiology and biochemistry of organisms and the cell. It plays an important role in signal transduction pathways, where it acts as a second messenger, in neurotransmitter release from neurons, contraction of all muscle cell types, and fertilization. Many enzymes require calcium ions as a cofactor, those of the blood-clotting cascade being notable examples. Extracellular calcium is also important for maintaining the potential difference across excitable cell membranes, as well as proper bone formation.",http://www.ebi.ac.uk/efo/EFO_0004838
MONDO_0004992,cancer,"A tumor composed of atypical neoplastic, often pleomorphic cells that invade other tissues. Malignant neoplasms often metastasize to distant anatomic sites and may recur after excision. The most common malignant neoplasms are carcinomas (adenocarcinomas or squamous cell carcinomas), Hodgkin and non-Hodgkin lymphomas, leukemias, melanomas, and sarcomas. [NCIT: C9305]",http://purl.obolibrary.org/obo/MONDO_0004992
EFO_0005127,cancer biomarker measurement,"cancer biomarkers, such as cancer antigen 19-9, carcinoembryonic antigen and α fetoprotein, are used as indicators for cancer screening and as predictors for therapeutic responses and prognoses in cancer patient",http://www.ebi.ac.uk/efo/EFO_0005127
EFO_0007585,Cannabis use,The consumption of the recreational drug cannabis (also known as marijuna and a number of other colloquial names). Cannabis use is illegal in some countries but not in others.,http://www.ebi.ac.uk/efo/EFO_0007585
EFO_0010811,carbohydrate intake measurement,Quantification of the carbohydrate intake of an individual.,http://www.ebi.ac.uk/efo/EFO_0010811
EFO_1000674,carbuncle,"a cluster of boils, draining pus onto the skin. It is usually caused by bacterial infection, most commonly with Staphylococcus aureusorStreptococcus pyogenes, which can turn lethal. However, the presence of a carbuncle is actually a sign that the immune system is working.[1] The infection is contagious and may spread to other areas of the body, or other people; those living in the same residence may develop carbuncles at the same time.",http://www.ebi.ac.uk/efo/EFO_1000674
MONDO_0019086,carcinoma of esophagus,Esophageal carcinoma (EC) is a tumor arising in the epithelial cells lining the esophagus and can be divided into two subtypes: esophageal squamous cell carcinoma (ESCC) and esophageal adenocarcinoma (EAC). [Orphanet: 70482],http://purl.obolibrary.org/obo/MONDO_0019086
EFO_0004269,cardiac arrhythmia,"Any disturbances of the normal rhythmic beating of the heart or MYOCARDIAL CONTRACTION. Cardiac arrhythmias can be classified by the abnormalities in HEART RATE, disorders of electrical impulse generation, or impulse conduction.",http://www.ebi.ac.uk/efo/EFO_0004269
MONDO_0004994,cardiomyopathy,"A disease of the heart muscle or myocardium proper. Cardiomyopathies may be classified as either primary or secondary, on the basis of etiology, or on the pathophysiology of the lesion: hypertrophic, dilated, or restrictive. [NCIT: C34830]",http://purl.obolibrary.org/obo/MONDO_0004994
EFO_0005278,cardiovascular disease biomarker measurement,"cardiovascular disease biomarkers, such as ST2 cardiac biomarker and C-reactive protein, are used as indicators for cardiovascular disease and as predictors for therapeutic responses",http://www.ebi.ac.uk/efo/EFO_0005278
MONDO_0004995,cardiovascular disorder,A disease involving the cardiovascular system.,http://purl.obolibrary.org/obo/MONDO_0004995
OBA_2050108,carotid artery thickness,The thickness of a carotid artery segment. [AUTO: patterns/patterns/entity_attribute],http://purl.obolibrary.org/obo/OBA_2050108
MONDO_0005129,cataract,"Partial or complete opacity of the crystalline lens of one or both eyes that decreases visual acuity and eventually results in blindness. Some cataracts appear in infancy or in childhood, but most develop in older individuals. (Sternberg Diagnostic Surgical Pathology, 3rd ed.) [NCIT: C26713]",http://purl.obolibrary.org/obo/MONDO_0005129
EFO_0004830,caudate nucleus volume,"The volume of the caudate nucleus, a brain structure implicated in many common neurological and psychiatric disorders",http://www.ebi.ac.uk/efo/EFO_0004830
MONDO_0005130,celiac disease,"An autoimmune genetic disorder with an unknown pattern of inheritance that primarily affects the digestive tract. It is caused by intolerance to dietary gluten. Consumption of gluten protein triggers an immune response which damages small intestinal villi and prevents adequate absorption of nutrients. Clinical signs include abdominal cramping, diarrhea or constipation and weight loss. If untreated, the clinical course may progress to malnutrition, anemia, osteoporosis and an increased risk of intestinal malignancies. However, the prognosis is favorable with successful avoidance of gluten in the diet. [NCIT: C26714]",http://purl.obolibrary.org/obo/MONDO_0005130
MONDO_0005230,cellulitis,"Inflammation of the dermis and subcutaneous tissues caused by a bacterial infection. Symptoms include erythema, edema, and pain to the affected area. [NCIT: C26715]",http://purl.obolibrary.org/obo/MONDO_0005230
MONDO_0002714,central nervous system cancer,A malignant neoplasm involving the central nervous system,http://purl.obolibrary.org/obo/MONDO_0002714
MONDO_0000944,cerebral artery occlusion,,http://purl.obolibrary.org/obo/MONDO_0000944
HP_0007313,Cerebral degeneration,,http://purl.obolibrary.org/obo/HP_0007313
HP_0002637,Cerebral ischemia,Restriction of arterial blood supply to the brain associated with insufficient oxygenation to support the metabolic requirements of the tissue.,http://purl.obolibrary.org/obo/HP_0002637
OBA_VT0000254,cerebrospinal fluid amount,The volume of a cerebrospinal fluid. [AUTO: patterns/patterns/entity_attribute],http://purl.obolibrary.org/obo/OBA_VT0000254
MONDO_0011057,cerebrovascular disorder,"A disorder resulting from inadequate blood flow in the vessels that supply the brain. Representative examples include cerebrovascular ischemia, cerebral embolism, and cerebral infarction. [NCIT: C2938]",http://purl.obolibrary.org/obo/MONDO_0011057
MONDO_0002974,cervical cancer,A primary or metastatic malignant neoplasm involving the cervix. [NCIT: C9311],http://purl.obolibrary.org/obo/MONDO_0002974
MONDO_0005131,cervical carcinoma,"A carcinoma arising from either the exocervical squamous epithelium or the endocervical glandular epithelium. The major histologic types of cervical carcinoma are: squamous carcinoma, adenocarcinoma, adenosquamous carcinoma, adenoid cystic carcinoma and undifferentiated carcinoma. [NCIT: C9039]",http://purl.obolibrary.org/obo/MONDO_0005131
MONDO_0022394,cervical intraepithelial neoplasia,,http://purl.obolibrary.org/obo/MONDO_0022394
EFO_0001408,cervical neck region,,http://www.ebi.ac.uk/efo/EFO_0001408
HP_0100749,Chest pain,"An unpleasant sensation characterized by physical discomfort (such as pricking, throbbing, or aching) localized to the chest.",http://purl.obolibrary.org/obo/HP_0100749
MONDO_0005405,childhood onset asthma,Asthma that starts in childhood. [EFO: 0004591],http://purl.obolibrary.org/obo/MONDO_0005405
HP_0001082,Cholecystitis,The presence of inflammatory changes in the gallbladder.,http://purl.obolibrary.org/obo/HP_0001082
MONDO_0012672,cholelithiasis,"The presence of crystallized deposits forming in the gallbladder or biliary tree, primarily composed of cholesterol, bilirubin, and bile. [PMID: 29083691]",http://purl.obolibrary.org/obo/MONDO_0012672
MONDO_0007319,chondrocalcinosis 2,"A chronic inherited arthropathy characterized by chondrocalcinosis (CC; i.e. cartilage calcification), often associated with recurrent acute calcium pyrophosphate (CPP) crystal arthritis and polyarticular osteoarthritis (OA). [Orphanet: 1416]",http://purl.obolibrary.org/obo/MONDO_0007319
EFO_0008496,chronic hepatitis,"An active inflammatory process affecting the liver for more than six months. Causes include viral infections, autoimmune disorders, drugs, and metabolic disorders.",http://www.ebi.ac.uk/efo/EFO_0008496
MONDO_0005300,chronic kidney disease,Impairment of the renal function secondary to chronic kidney damage persisting for three or more months. [NCIT: C80078],http://purl.obolibrary.org/obo/MONDO_0005300
EFO_0009759,Chronic Obstructive Asthma,Chronic airway obstruction caused by asthma.,http://www.ebi.ac.uk/efo/EFO_0009759
MONDO_0005002,chronic obstructive pulmonary disease,"A chronic and progressive lung disorder characterized by the loss of elasticity of the bronchial tree and the air sacs, destruction of the air sacs wall, thickening of the bronchial wall, and mucous accumulation in the bronchial tree. The pathologic changes result in the disruption of the air flow in the bronchial airways. Signs and symptoms include shortness of breath, wheezing, productive cough, and chest tightness. The two main types of chronic obstructive pulmonary disease are chronic obstructive bronchitis and emphysema. [NCIT: C3199]",http://purl.obolibrary.org/obo/MONDO_0005002
MONDO_0015129,chronic primary adrenal insufficiency,A chronic disorder of the adrenal cortex resulting in the inadequate production of glucocorticoid and mineralocorticoid hormones. [Orphanet: 101959],http://purl.obolibrary.org/obo/MONDO_0015129
MONDO_0001493,chronic pulmonary heart disease,Heart disease which occurs as a result of a primary pulmonary disease. Cor pulmonale most often manifests as right ventricular hypertrophy; it can also lead to right ventricular failure. [NCIT: C34478],http://purl.obolibrary.org/obo/MONDO_0001493
MONDO_0006031,chronic rhinosinusitis,Chronic form of sinusitis. [MONDO: patterns/chronic],http://purl.obolibrary.org/obo/MONDO_0006031
EFO_0008328,chronotype measurement,quantification of some aspect of chronotype such as ease of getting up in the morning,http://www.ebi.ac.uk/efo/EFO_0008328
EFO_0006525,cigarettes per day measurement,the quantification of the number of cigarettes that a subject smoked on average per day,http://www.ebi.ac.uk/efo/EFO_0006525
MONDO_0005155,cirrhosis of liver,"A disorder characterized by replacement of the liver parenchyma with fibrous tissue and regenerative nodules. It is usually caused by alcoholism, hepatitis B, and hepatitis C. Complications include the development of ascites, esophageal varices, bleeding, and hepatic encephalopathy. [NCIT: P378]",http://purl.obolibrary.org/obo/MONDO_0005155
EFO_0003959,cleft lip,Congenital defect in the upper lip where the maxillary prominence fails to merge with the merged medial nasal prominences. It is thought to be caused by faulty migration of the mesoderm in the head region.,http://www.ebi.ac.uk/efo/EFO_0003959
HP_0000175,Cleft palate,Cleft palate is a developmental defect of the palate resulting from a failure of fusion of the palatine processes and manifesting as a separation of the roof of the mouth (soft and hard palate).,http://purl.obolibrary.org/obo/HP_0000175
EFO_0000352,clinical history,"Is an information entity about the material's (i.e., the patient's) medical record as background information relevant to the experiment.",http://www.ebi.ac.uk/efo/EFO_0000352
EFO_0006781,coffee consumption measurement,"the quantification of some coffee consumption or coffee consumption-related behaviour, usually self-reported via a questionnaire",http://www.ebi.ac.uk/efo/EFO_0006781
EFO_0007710,cognitive decline measurement,"quantification of some aspect of cognitive decline such as the rate at which it occurs or its severity, for example in patients with dementia or Alzheimer's disease. Cognitive decline is ususally assessed using a structured-interview protocol covering a number of standardised areas.",http://www.ebi.ac.uk/efo/EFO_0007710
MONDO_0002039,cognitive disorder,A disease affects cognitive processes.,http://purl.obolibrary.org/obo/MONDO_0002039
HP_0100543,Cognitive impairment,"Abnormal cognition is characterized by deficits in thinking, reasoning, or remembering.",http://purl.obolibrary.org/obo/HP_0100543
MONDO_0002032,colon carcinoma,A carcinoma that arises from epithelial cells of the colon,http://purl.obolibrary.org/obo/MONDO_0002032
HP_0002253,Colonic diverticula,The presence of multiple diverticula of the colon.,http://purl.obolibrary.org/obo/HP_0002253
MONDO_0005575,colorectal cancer,"A primary or metastatic malignant neoplasm that affects the colon or rectum. Representative examples include carcinoma, lymphoma, and sarcoma. [NCIT: C4978]",http://purl.obolibrary.org/obo/MONDO_0005575
MONDO_0024331,colorectal carcinoma,A malignant epithelial neoplasm that arises from the colon or rectum and invades through the muscularis mucosa into the submucosa. The vast majority are adenocarcinomas. [NCIT: C2955],http://purl.obolibrary.org/obo/MONDO_0024331
MONDO_0001209,common wart,A wart caused by human papillomavirus. It can appear anywhere on the skin. [NCIT: C27087],http://purl.obolibrary.org/obo/MONDO_0001209
EFO_0009819,"comparative body size at age 10, self-reported","Description of an individual's body size at age 10 compared to average, as reported by the individual.",http://www.ebi.ac.uk/efo/EFO_0009819
EFO_0009518,complication,"Any disease or disorder that occurs during the course of, or because of, another disease, treatment, or procedure. [ NCI ]",http://www.ebi.ac.uk/efo/EFO_0009518
MONDO_0017427,congenital deformities of limbs,,http://purl.obolibrary.org/obo/MONDO_0017427
MONDO_0015722,congenital vitamin K-dependent coagulation factors deficiency,Congenital vitamin K-dependent coagulation factors deficiency involving multiple coagulation factors.,http://purl.obolibrary.org/obo/MONDO_0015722
MONDO_0005009,congestive heart failure,"Failure of the heart to pump a sufficient amount of blood to meet the needs of the body tissues, resulting in tissue congestion and edema. Signs and symptoms include shortness of breath, pitting edema, enlarged tender liver, engorged neck veins, and pulmonary rales. [NCIT: C3080]",http://purl.obolibrary.org/obo/MONDO_0005009
MONDO_0003900,connective tissue disorder,A disease involving the connective tissue.,http://purl.obolibrary.org/obo/MONDO_0003900
MONDO_0005480,contact dermatitis,An inflammatory skin condition caused by direct contact between the skin and either an irritating substance or an allergen. [NCIT: C26743],http://purl.obolibrary.org/obo/MONDO_0005480
MONDO_0000942,corneal disorder,"A non-neoplastic or neoplastic disorder that affects the cornea. Representative examples include keratitis, bullous keratopathy, and squamous cell carcinoma. [NCIT: P378]",http://purl.obolibrary.org/obo/MONDO_0000942
MONDO_0018102,corneal dystrophy,The term corneal dystrophy embraces a heterogeneous group of bilateral genetically determined non-inflammatory corneal diseases that are usually restricted to the cornea. The designation is imprecise but remains in vogue because of its clinical value. [Orphanet: 34533],http://purl.obolibrary.org/obo/MONDO_0018102
EFO_0010066,corneal hysteresis,A measure of the biomechanical properties of the cornea. Low corneal hysteresis may be indicative of keratoconus.,http://www.ebi.ac.uk/efo/EFO_0010066
EFO_0010067,corneal resistance factor,A measure of the biomechanical properties of the cornea. Low corneal resistance factor may be indicative of keratoconus.,http://www.ebi.ac.uk/efo/EFO_0010067
EFO_0004723,coronary artery calcification,"Calcification of the coronary artery, used as a measure of coronary atherosclerosis, a risk factor for myocardial infarction.",http://www.ebi.ac.uk/efo/EFO_0004723
MONDO_0005010,coronary artery disorder,Narrowing of the coronary arteries due to fatty deposits inside the arterial walls. The diagnostic criteria may include documented history of any of the following: documented coronary artery stenosis greater than or equal to 50% (by cardiac catheterization or other modality of direct imaging of the coronary arteries); previous coronary artery bypass surgery (CABG); previous percutaneous coronary intervention (PCI); previous myocardial infarction. (ACC) [NCIT: C26732],http://purl.obolibrary.org/obo/MONDO_0005010
MONDO_0021661,coronary atherosclerosis,Atherosclerosis of the coronary vasculature. [NCIT: C35505],http://purl.obolibrary.org/obo/MONDO_0021661
MONDO_0004596,cor pulmonale,"Hypertrophy and dilation of the right ventricle of the heart that is caused by pulmonary hypertension. This condition is often associated with pulmonary parenchymal or vascular diseases, such as chronic obstructive pulmonary disease and pulmonary embolism. [MESH: D011660]",http://purl.obolibrary.org/obo/MONDO_0004596
HP_0012735,Cough,"A sudden, audible expulsion of air from the lungs through a partially closed glottis, preceded by inhalation. [PMID: 16428719] [PMID: 17540788]",http://purl.obolibrary.org/obo/HP_0012735
MONDO_0100096,COVID-19,A disease caused by infection with severe acute respiratory syndrome coronavirus 2. [MONDO: patterns/infectious_disease_by_agent],http://purl.obolibrary.org/obo/MONDO_0100096
EFO_0004458,C-reactive protein measurement,"C-reactive protein (CRP) measurement is a measurement of the level of C-reactive protein in the blood.  Levels are known to rise in response to inflammation, CRP is therefore used as a clinical measure of inflammation. The measurement is used in the process of clinical diagnosis as high levels of CRP are associated with cardiovascular disease, diabetes and hypertension and in some cancers.",http://www.ebi.ac.uk/efo/EFO_0004458
OBA_1001005,creatine level,The amount of a creatine when measured in anatomical entity. [AUTO: patterns/patterns/entity_attribute_location],http://purl.obolibrary.org/obo/OBA_1001005
EFO_0007934,creatinine clearance measurement,"The clearance rate of creatinine, that is, the volume of plasma that is cleared of creatinine by the kidneys per unit time. Creatinine clearance is calculated using the level of creatinine in a sample of urine, usually one collected over a period of 24 hours, the corresponding plasma creatinine level, and the volume of urine excreted. It is used as an approximation of the glomerular filtration rate (GFR).",http://www.ebi.ac.uk/efo/EFO_0007934
MONDO_0005011,Crohn disease,"A gastrointestinal disorder characterized by chronic inflammation involving all layers of the intestinal wall, noncaseating granulomas affecting the intestinal wall and regional lymph nodes, and transmural fibrosis. Crohn disease most commonly involves the terminal ileum; the colon is the second most common site of involvement. [NCIT: P378]",http://purl.obolibrary.org/obo/MONDO_0005011
MONDO_0005012,cutaneous melanoma,"A primary melanoma arising from atypical melanocytes in the skin. Precursor lesions include acquired and congenital melanocytic nevi, and dysplastic nevi. Several histologic variants have been recognized, including superficial spreading melanoma, acral lentiginous melanoma, nodular melanoma, and lentigo maligna melanoma. [NCIT: C3510]",http://purl.obolibrary.org/obo/MONDO_0005012
EFO_0004617,cystatin C measurement,"is a quantification of serum cystatin C C (formerly gamma trace, post-gamma-globulin or neuroendocrine basic polypeptide),[1] a protein encoded by the CST3 gene, is mainly used as a biomarker of kidney function and kidney disease.",http://www.ebi.ac.uk/efo/EFO_0004617
EFO_0010677,"cytological, histological or immunological finding","Any cytological, histological or immunological finding(s).",http://www.ebi.ac.uk/efo/EFO_0010677
EFO_0001063,deafness,A partial or complete loss o f hearing in one or both ears; the level of impairment varies from a mild but important loss of sensitivity to a total loss of hearing. | An inherited or acquired condition characterized by a partial or complete loss of hearing in one or both ears. The level of impairment varies from a mild but important loss of sensitivity to a total loss of hearing. | An inherited or acquired condition characterized by the complete loss of the ability to hear from one or both ears.,http://www.ebi.ac.uk/efo/EFO_0001063
EFO_0003907,deep vein thrombosis,The formation or presence of a blood clot (THROMBUS) within a deep vein in the lower extremity,http://www.ebi.ac.uk/efo/EFO_0003907
MONDO_0002175,degeneration of macula and posterior pole,,http://purl.obolibrary.org/obo/MONDO_0002175
MONDO_0001627,dementia,"Loss of intellectual abilities interfering with an individual's social and occupational functions. Causes include Alzheimer's disease, brain injuries, brain tumors, and vascular disorders. [NCIT: P378]",http://purl.obolibrary.org/obo/MONDO_0001627
OBA_2045237,dentate gyrus volume,The volume of a dentate gyrus of hippocampal formation. [AUTO: patterns/patterns/entity_attribute],http://purl.obolibrary.org/obo/OBA_2045237
EFO_0010078,dentures,"Dentures (also known as false teeth) are prosthetic devices constructed to replace missing teeth, and are supported by the surrounding soft and hard tissues of the oral cavity. Conventional dentures are removable (removable partial denture or complete denture). However, there are many denture designs, some which rely on bonding or clasping onto teeth or dental implants (fixed prosthodontics).",http://www.ebi.ac.uk/efo/EFO_0010078
MONDO_0002050,depressive disorder,A melancholy feeling of sadness and despair. [NCIT: C2982],http://purl.obolibrary.org/obo/MONDO_0002050
EFO_0007704,depressive episode measurement,"quantification of some aspect, eg frequency or severity, of depressive episodes in patients with mental or behavioural disorders such as bipolar disorder or clinical depression",http://www.ebi.ac.uk/efo/EFO_0007704
EFO_0007006,depressive symptom measurement,"quantification of the existence and severity of depressive symptoms, usually via a questionnaire such as the Center for Epidemiological Studies Depression Scale (CES-D)",http://www.ebi.ac.uk/efo/EFO_0007006
MONDO_0002406,dermatitis,"An inflammatory process affecting the skin. Signs include red rash, itching, and blister formation. Representative examples are contact dermatitis, atopic dermatitis, and seborrheic dermatitis. [NCIT: C2983]",http://purl.obolibrary.org/obo/MONDO_0002406
MONDO_0004678,dermatophytosis,"A common fungal infection of the stratum corneum of the skin, hair, or nails by a dermatophyte. It is characterized by itching, inflammation, redness of the skin, small papular vesicles, central clearing, fissures, scaling, and/or hair loss in the affected area. [NCIT: P378]",http://purl.obolibrary.org/obo/MONDO_0004678
EFO_1000894,dermoid cyst,"A tumor consisting of displaced ectodermal structures along the lines of embryonic fusion, the wall being formed of epithelium-lined connective tissue, including skin appendages, and containing keratin, sebum, and hair. (Stedman, 25th ed)",http://www.ebi.ac.uk/efo/EFO_1000894
EFO_0009519,device complication,Any problem arising from the use of a medical device. [ NCI ],http://www.ebi.ac.uk/efo/EFO_0009519
MONDO_0005015,diabetes mellitus,A metabolic disorder characterized by abnormally high blood sugar levels due to diminished production of insulin or insulin resistance/desensitization. [NCIT: P378],http://purl.obolibrary.org/obo/MONDO_0005015
EFO_0009486,diabetic eye disease,"A group of disorders affecting the eye in patients with diabetes mellitus. It includes cataract, glaucoma, retinopathy, and blindness. [ NCI ]",http://www.ebi.ac.uk/efo/EFO_0009486
MONDO_0006626,diabetic neuropathy,"A chronic, pathological complication associated with diabetes mellitus, where nerve damages are incurred due to diabetic microvascular injury involving small blood vessels that supply these nerves, resulting in peripheral and/or autonomic nerve dysfunction. [NCIT: P378]",http://purl.obolibrary.org/obo/MONDO_0006626
MONDO_0005266,diabetic retinopathy,"A chronic, pathological complication associated with diabetes mellitus, where retinal damages are incurred due to microaneurysms in the vasculature of the retina, progressively leading to abnormal blood vessel growth, and swelling and leaking of fluid from blood vessels, resulting in vision loss or blindness. [NCIT: P378]",http://purl.obolibrary.org/obo/MONDO_0005266
EFO_0008561,diaphragmatic hernia,A congenital or acquired weakness or opening in the diaphragm which allows abdominal contents to protrude into the chest cavity; congenital diaphragmatic hernias are caused when the embryonic diaphragm fails to fuse. [ NCI ],http://www.ebi.ac.uk/efo/EFO_0008561
EFO_0006336,diastolic blood pressure,The blood pressure after the contraction of the heart while the chambers of the heart refill with blood.,http://www.ebi.ac.uk/efo/EFO_0006336
EFO_0008111,diet measurement,"quantification of some aspect of diet, including diet patterns, balance of nutrient consumption and glycemic load",http://www.ebi.ac.uk/efo/EFO_0008111
MONDO_0018905,diffuse large B-cell lymphoma,"Diffuse large B-cell lymphoma is the most common subtype of non-Hodgkin lymphoma (NHL) in adults characterized by a median age of presentation in the sixth decade of life (but also rarely occurring in adolescents and children) with the initial presentation being single or multiple rapidly growing masses (that may or may not be painful) in nodal or extranodal sites (such as thyroid, skin, breast, gastrointestinal tract, testes, bone, or brain) and that can be accompanied by symptoms of fever, night sweats and weight loss. DLBCL has an aggressive disease course, with the elderly having a poorer prognosis than younger patients, and with relapses being common. [Orphanet: 544]",http://purl.obolibrary.org/obo/MONDO_0018905
MONDO_0002516,digestive system cancer,A primary or metastatic malignant neoplasm involving any part of the digestive system. [NCIT: C4890],http://purl.obolibrary.org/obo/MONDO_0002516
MONDO_0006181,digestive system carcinoma,"A malignant neoplasm that arises from the epithelium of any part of the digestive system. Representative examples include colorectal carcinoma, esophageal carcinoma, and pancreatic carcinoma. [NCIT: C96963]",http://purl.obolibrary.org/obo/MONDO_0006181
MONDO_0004335,digestive system disorder,A disease or disorder that involves the digestive system. [MONDO: design_pattern],http://purl.obolibrary.org/obo/MONDO_0004335
MONDO_0005021,dilated cardiomyopathy,"Cardiomyopathy which is characterized by dilation and contractile dysfunction of the left and right ventricles. It may be idiopathic, or it may result from a myocardial infarction, myocardial infection, or alcohol abuse. It is a cause of congestive heart failure. [NCIT: P378]",http://purl.obolibrary.org/obo/MONDO_0005021
MONDO_0000001,disease,A disease is a disposition to undergo pathological processes that exists in an organism because of one or more disorders in that organism. [OGMS: 0000031],http://purl.obolibrary.org/obo/MONDO_0000001
MONDO_0056798,disorder of appendix,A disease or disorder that involves the vermiform appendix. [MONDO: patterns/location],http://purl.obolibrary.org/obo/MONDO_0056798
MONDO_0002917,disorder of pilosebaceous unit,A disease that involves the pilosebaceous unit. [MONDO: patterns/location],http://purl.obolibrary.org/obo/MONDO_0002917
EFO_0009959,diverticular disease,"A complex disorder characterised by mucosal outpouchings (diverticulae) of the colonic wall which can become infected and inflamed leading to diverticulitis, perforation and bleeding.",http://www.ebi.ac.uk/efo/EFO_0009959
MONDO_0004235,diverticulitis,"An infection that develops in the diverticula of the intestinal tract. Signs and symptoms include abdominal pain, fever, and leukocytosis. [NCIT: C26752]",http://purl.obolibrary.org/obo/MONDO_0004235
EFO_0009847,dizziness,"A sensation of lightheadedness, unsteadiness, turning, spinning or rocking.",http://www.ebi.ac.uk/efo/EFO_0009847
EFO_0007761,docosahexaenoic acid measurement,The determination of the amount of docosahexaenoic acid present in a sample.,http://www.ebi.ac.uk/efo/EFO_0007761
EFO_0022262,docosahexaenoic acid to total fatty acids percentage,Quantification of docosahexaenoic acid to total fatty acids.,http://www.ebi.ac.uk/efo/EFO_0022262
EFO_0004315,drinking behavior,"Behaviors associated with the ingesting of water and other liquids; includes rhythmic patterns of drinking (time intervals - onset and duration), frequency and satiety.",http://www.ebi.ac.uk/efo/EFO_0004315
MONDO_0000775,drug allergy,Immunologically mediated adverse reactions to medicinal substances used legally or illegally. [MESH: D004342],http://purl.obolibrary.org/obo/MONDO_0000775
EFO_0007010,drug use measurement,"quantification of some aspect of drug use, such as whether drug use occured, over what period of time it occured and what dosage was used",http://www.ebi.ac.uk/efo/EFO_0007010
MONDO_0005412,duodenal ulcer,An ulcer in the duodenal wall. [NCIT: P378],http://purl.obolibrary.org/obo/MONDO_0005412
MONDO_0004627,duodenitis,Acute or chronic inflammation of the duodenum. Causes include bacterial and viral infections and gastroesophageal reflux disease. Symptoms include vomiting and abdominal pain. [NCIT: P378],http://purl.obolibrary.org/obo/MONDO_0004627
EFO_0004229,Dupuytren Contracture,A fibromatosis of the palmar fascia characterized by thickening and contracture of the fibrous bands on the palmar surfaces of the hand and fingers. It arises most commonly in men between the ages of 30 and 50.,http://www.ebi.ac.uk/efo/EFO_0004229
EFO_0009817,"ease of getting up in the morning, self-reported","Ease of getting up in the morning, as reported by an individual.",http://www.ebi.ac.uk/efo/EFO_0009817
MONDO_0005451,eating disorder,A broad group of psychological disorders with abnormal eating behaviors leading to physiological effects from overeating or insufficient food intake. [NCIT: C89332],http://purl.obolibrary.org/obo/MONDO_0005451
HP_0000964,Eczematoid dermatitis,"Eczema is a form of dermatitis that is characterized by scaly, pruritic, erythematous lesions located on flexural surfaces. [PMID: 32412211]",http://purl.obolibrary.org/obo/HP_0000964
EFO_0011015,educational attainment,A measure of academic performance through educational benchmarks such as national exams and curriculum assessments.,http://www.ebi.ac.uk/efo/EFO_0011015
EFO_0007803,emotional symptom measurement,"quantification of some aspect of emotional problem symptoms, such as their existence and severity, usually via a standardised questionnaire such as the emotional symptoms subscale of the Strengths and Difficulties Questionnaire or interview with a qualified mental health professional",http://www.ebi.ac.uk/efo/EFO_0007803
EFO_0009786,encounter with health service,"Reason by which a person encounters a health service; useful to classify cases when the encounter is due to circumstances other than a disease or injury. This may happen (a) when a person who may or may not be sick encounters the health services for some specific purpose, such as to receive limited care or service for a current condition, to donate an organ or tissue, to receive prophylactic vaccination (immunization), or to discuss a problem which is in itself not a disease or injury; or (b) when some circumstance or problem is present which influences the person's health status but is not in itself a current illness or injury.",http://www.ebi.ac.uk/efo/EFO_0009786
MONDO_0005151,endocrine system disorder,A disease involving the endocrine system.,http://purl.obolibrary.org/obo/MONDO_0005151
MONDO_0011962,endometrial cancer,Primary or metastatic malignant neoplasm involving the endometrium (mucous membrane that lines the endometrial cavity). [NCIT: C27815],http://purl.obolibrary.org/obo/MONDO_0011962
MONDO_0002447,endometrial carcinoma,"A malignant tumor arising from the epithelium that lines the cavity of the uterine body. The vast majority of endometrial carcinomas are adenocarcinomas; squamous cell and adenosquamous carcinomas represent a minority of the cases. Endometrioid adenocarcinoma is the most frequently seen variant of endometrial adenocarcinoma. Uterine bleeding is an initial clinical sign. The prognosis depends on the stage of the tumor, the depth of myometrial wall invasion, and the degree of differentiation. [NCIT: C7558]",http://purl.obolibrary.org/obo/MONDO_0002447
MONDO_0005133,endometriosis,The growth of functional endometrial tissue in anatomic sites outside the uterine body. It most often occurs in the pelvic organs. [NCIT: C3014],http://purl.obolibrary.org/obo/MONDO_0005133
MONDO_0019437,enthesitis-related juvenile idiopathic arthritis,"Enthesitis-related juvenile idiopathic arthritis is a subtype of juvenile idiopathic arthritis that is characterized by both arthritis and inflammation of an enthesitis site (the point at which a ligament, tendon, or joint capsule attaches to the bone). Signs and symptoms generally develop in late childhood or early adolescence and include pain, tenderness, and swelling in joints and at the enthesis. The knee and the back of the ankle (at the Achilles tendon) are the most commonly affected parts of the body. The underlying cause of enthesitis-related juvenile idiopathic arthritis is currently unknown (idiopathic). It is very rare for more than one member of a family to have juvenile arthritis; however, research suggests that having a family member with juvenile arthritis or any autoimmune disease may increase the risk of having juvenile arthritis, in general. Treatment usually involves different types of medications to help manage symptoms and/or physical therapy.",http://purl.obolibrary.org/obo/MONDO_0019437
EFO_0004842,eosinophil count,"Is a quantification of eosinphils in blood. | The number of granulocytes (polymorphonuclear leukocytes) in a specified volume of blood, usually 1 cubic millimeter.",http://www.ebi.ac.uk/efo/EFO_0004842
MONDO_0005361,eosinophilic esophagitis,"Eosinophilic esophagitis (EoE) is a chronic, allergic disease of the esophagus characterized clinically by symptoms of esophageal dysfunction (including vomiting, dysphagia, feeding disorders, food impaction and abdominal pain) which persist after treatment with proton pump inhibitors (PPIs). [Orphanet: 73247]",http://purl.obolibrary.org/obo/MONDO_0005361
EFO_0007991,eosinophil percentage of leukocytes,"A calculated measurement in which the number of eosinophil granulocytes is divided by the number of all white blood cells in a specified sample of peripheral venous blood, and the result presented as a ratio, fraction, quotient or percentage. An eosinophil is a granular leukocyte having a nucleus with two lobes connected by a thread of chromatin, and cytoplasm containing coarse, round granules of uniform size that stain readily with eosin and other acid dyes.",http://www.ebi.ac.uk/efo/EFO_0007991
EFO_1000243,Epidermal Inclusion Cyst,"Epidermal inclusion cyst (EIC), also known as sebaceous cyst and epidermoid cyst, is the most common cyst of the skin. It ranges in size from a few millimeters to a few centimeters and originates from the follicular infundibulum. Its contents are a cheesy, malodorous mixture of degraded lipid and keratin. It often ruptures, with associated pain and inflammation. (http://www.medicinenet.com/image-collection/epidermal_inclusion_cyst_eic_picture/picture.htm)",http://www.ebi.ac.uk/efo/EFO_1000243
MONDO_0005027,epilepsy,"A brain disorder characterized by episodes of abnormally increased neuronal discharge resulting in transient episodes of sensory or motor neurological dysfunction, or psychic dysfunction. These episodes may or may not be associated with loss of consciousness or convulsions. [NCIT: P378]",http://purl.obolibrary.org/obo/MONDO_0005027
EFO_1001317,"Epiphyses, Slipped","One of the most common adolescent hip disorders and represents a unique type of instability of the proximal femoral growth plate. Four separate clinical groups are seen: Pre-slip (wide epiphyseal line without slippage), acute form (10-15% - slippage occurs suddenly, normally spontaneous), acute-on-chronic (slippage occurs acutely where there is already existing chronic slip) and chronic (85% - steadily progressive slippage, the most common form).",http://www.ebi.ac.uk/efo/EFO_1001317
EFO_0007790,Epstein Barr virus nuclear antigen 1 IgG measurement,"measurement of the IgG antibody isotype produced by plasma cells in response to an Epstein Barr virus infection, specifically to the Epstein–Barr virus nuclear antigen 1",http://www.ebi.ac.uk/efo/EFO_0007790
EFO_0009271,Epstein Barr virus nuclear antigen-1 seropositivity,The result of a measurement of circulating Epstein Barr virus nuclear antigen-1 antibodies used in the diagnosis of latent Epstein-Barr virus infection,http://www.ebi.ac.uk/efo/EFO_0009271
EFO_0004305,erythrocyte count,The number of red blood cells per unit volume in a sample of venous blood.,http://www.ebi.ac.uk/efo/EFO_0004305
OBA_0003460,erythrocyte volume,The volume of a erythrocyte. [AUTO: patterns/patterns/entity_attribute],http://purl.obolibrary.org/obo/OBA_0003460
MONDO_0005028,esophageal adenocarcinoma,"A malignant tumor with glandular differentiation arising predominantly from Barrett mucosa in the lower third of the esophagus. Rare examples of esophageal adenocarcinoma deriving from ectopic gastric mucosa in the upper esophagus have also been reported. Grossly, esophageal adenocarcinomas are similar to esophageal squamous cell carcinomas. Microscopically, adenocarcinomas arising in the setting of Barrett esophagus are typically papillary and/or tubular. The prognosis is poor. [NCIT: C4025]",http://purl.obolibrary.org/obo/MONDO_0005028
MONDO_0007576,esophageal cancer,A primary or metastatic malignant neoplasm involving the esophagus. [NCIT: C7478],http://purl.obolibrary.org/obo/MONDO_0007576
MONDO_0003749,esophageal disorder,"A non-neoplastic or neoplastic disorder that affects the esophagus. Representative examples of non-neoplastic disorders include esophagitis and esophageal ulcer. Representative examples of neoplastic disorders include carcinomas, lymphomas, and melanomas. [NCIT: C3027]",http://purl.obolibrary.org/obo/MONDO_0003749
MONDO_0001409,esophagitis,An acute or chronic inflammatory disease affecting the esophageal wall. [NCIT: C9224],http://purl.obolibrary.org/obo/MONDO_0001409
MONDO_0001134,essential hypertension,Hypertension that presents without an identifiable cause. [NCIT: P378],http://purl.obolibrary.org/obo/MONDO_0001134
EFO_0004697,estradiol measurement,Is a quantification of circulating estradiol a circulating steriod sex hormone.,http://www.ebi.ac.uk/efo/EFO_0004697
MONDO_0006513,estrogen-receptor negative breast cancer,A subtype of breast cancer that is estrogen-receptor negative [EFO: 1000650],http://purl.obolibrary.org/obo/MONDO_0006513
MONDO_0006512,estrogen-receptor positive breast cancer,A subtype of breast cancer that is estrogen-receptor positive [EFO: 1000649],http://purl.obolibrary.org/obo/MONDO_0006512
EFO_0007875,excessive daytime sleepiness measurement,quantification of excessive daytime sleepiness such as how often it occurs and its severity,http://www.ebi.ac.uk/efo/EFO_0007875
EFO_0009332,executive function measurement,"Quantification of executive function in an individual, for example using the Behavioural Rating Inventory of Executive Function (BRIEF). Tests of executive function may be performed as part of a more comprehensive assessment to diagnose neurological and psychiatric disorders.",http://www.ebi.ac.uk/efo/EFO_0009332
MONDO_0005192,exocrine pancreatic carcinoma,A carcinoma that arises from epithelial cells of the exocrine pancreas,http://purl.obolibrary.org/obo/MONDO_0005192
MONDO_0005328,eye disorder,"A non-neoplastic or neoplastic disorder that affects the eye. Representative examples include conjunctivitis, glaucoma, cataract, conjunctival squamous cell carcinoma, uveal melanoma, and retinoblastoma. [NCIT: C26767]",http://purl.obolibrary.org/obo/MONDO_0005328
EFO_0005752,eye inflammation,an inflammation in the eye(s),http://www.ebi.ac.uk/efo/EFO_0005752
EFO_0004731,eye measurement,"Is a quantification of some eye structure or property of an eye structure, such as corneal thickness.",http://www.ebi.ac.uk/efo/EFO_0004731
MONDO_0002098,facial nerve disorder,A disease involving the facial nerve.,http://purl.obolibrary.org/obo/MONDO_0002098
EFO_0004630,factor VIII measurement,"Is a quantification of factor VIII in serum, Factor VIII (FVIII) is an essential blood clotting protein, also known as anti-hemophilic factor (AHF). In humans, Factor VIII is encoded by the F8 gene.[1][2] Defects in this gene results in hemophilia A.",http://www.ebi.ac.uk/efo/EFO_0004630
EFO_0009631,fall,"A sudden movement downward, usually resulting in injury. [ NCI ]",http://www.ebi.ac.uk/efo/EFO_0009631
MONDO_0003689,familial hemolytic anemia,"A congenital hemolytic anemia caused by defects of the erythrocyte membrane, enzyme deficiencies, or hemoglobinopathies. [NCIT: C34379]",http://purl.obolibrary.org/obo/MONDO_0003689
MONDO_0009387,familial lipoprotein lipase deficiency,"Familial lipoprotein lipase deficiency is a rare genetic disorder is which a person lacks the enzyme lipoprotein lipase, a protein needed to break down fat molecules. Deficiency of this enzyme prevents affected individuals from properly digesting certain fats. This results in the accumulation of fatty droplets called chylomicrons in the blood and an increase in the blood concentration of triglycerides. Symptoms include episodes of abdominal pain, recurrent inflammation of the pancreas (pancreatitis), abnormal enlargement of the liver and/or spleen (hepatosplenomegaly), and the development of skin lesions known as erruptive xanthomas. Familial lipoprotein lipase deficiency is caused by changes (mutations) in the LPL gene. It is inherited in an autosomal recessive pattern. Treatment aims to control symptoms and blood triglyceride levels with a very low-fat diet. Treatment for individual symptoms (i.e. pancreatitis) involves following established treatment guidelines.",http://purl.obolibrary.org/obo/MONDO_0009387
EFO_0000493,family history,Family history is a form of clinicaly history specifically about relevant aspects of genetic preconditions or family member's clinical history.,http://www.ebi.ac.uk/efo/EFO_0000493
EFO_0009268,family history of Alzheimer’s disease,A reported family history of Alzheimer’s disease in one or more family members.,http://www.ebi.ac.uk/efo/EFO_0009268
EFO_0005606,family history of breast cancer,A reported family history of breast cancer in one or more family members.,http://www.ebi.ac.uk/efo/EFO_0005606
EFO_0006953,family history of lung cancer,A reported family history of lung cancer in one or more family members.,http://www.ebi.ac.uk/efo/EFO_0006953
EFO_0600083,family history of prostate cancer,A reported family history of prostate cancer in one or more family members.,http://www.ebi.ac.uk/efo/EFO_0600083
HP_0100537,Fasciitis,"Inflammation of fascia, the tissue under the skin and over the muscle.",http://purl.obolibrary.org/obo/HP_0100537
EFO_0009712,father's age at death,The age of a person's father at which father's death occurred.,http://www.ebi.ac.uk/efo/EFO_0009712
OBA_0004528,fat pad mass,The mass of a fat pad. [AUTO: patterns/patterns/entity_attribute],http://purl.obolibrary.org/obo/OBA_0004528
OBA_VT0010046,fatty acid amount,The amount of a fatty acid when measured in anatomical entity. [AUTO: patterns/patterns/entity_attribute_location],http://purl.obolibrary.org/obo/OBA_VT0010046
EFO_0009599,feeling emotionally hurt measurement,Quantification of whether an individual feels or felt emotionally hurt.,http://www.ebi.ac.uk/efo/EFO_0009599
EFO_0009597,feeling nervous measurement,"Quantification of whether an individual feels or felt nervous or ""suffered from nerves"".",http://www.ebi.ac.uk/efo/EFO_0009597
PATO_0000383,female,A biological sex quality inhering in an individual or a population that only produces gametes that can be fertilised by male gametes.,http://purl.obolibrary.org/obo/PATO_0000383
MONDO_0004379,female breast carcinoma,A carcinoma that arises from the breast in females. It is the most common malignant tumor that affects females. [NCIT: C2918],http://purl.obolibrary.org/obo/MONDO_0004379
MONDO_0021148,female reproductive system neoplasm,"A benign, precancerous, or malignant neoplasm that affects the female reproductive system. Representative examples include uterine corpus leiomyoma, endocervical polyp, ovarian carcinoma, cervical carcinoma, and endometrial carcinoma. [NCIT: C3053]",http://purl.obolibrary.org/obo/MONDO_0021148
EFO_0004459,ferritin measurement,A ferritin measurement a is measurement of ferritin level  in serum as an indicator of iron metabolism,http://www.ebi.ac.uk/efo/EFO_0004459
EFO_0003952,fever of unknown origin,Fever in which the etiology cannot be ascertained.,http://www.ebi.ac.uk/efo/EFO_0003952
EFO_0004713,FEV/FVC ratio,,http://www.ebi.ac.uk/efo/EFO_0004713
EFO_0009432,fibroblastic disorder,A disorder that affects fibroblasts.,http://www.ebi.ac.uk/efo/EFO_0009432
MONDO_0005546,fibromyalgia,"A chronic disorder of unknown etiology characterized by pain, stiffness, and tenderness in the muscles of neck, shoulders, back, hips, arms, and legs. Other signs and symptoms include headaches, fatigue, sleep disturbances, and painful menstruation. [NCIT: C87497]",http://purl.obolibrary.org/obo/MONDO_0005546
EFO_0010139,fish consumption measurement,"Quantification of some fish consumption or fish consumption-related behaviour, usually self-reported via a questionnaire.",http://www.ebi.ac.uk/efo/EFO_0010139
OBA_1001015,folic acid level,The amount of a folic acid when measured in anatomical entity. [AUTO: patterns/patterns/entity_attribute_location],http://purl.obolibrary.org/obo/OBA_1001015
EFO_1001329,Follicular Cyst,Cyst due to the occlusion of the duct of a follicle or small gland.,http://www.ebi.ac.uk/efo/EFO_1001329
MONDO_0018906,follicular lymphoma,Follicular lymphoma is a form of non-Hodgkin lymphoma characterized by a proliferation of B cells whose nodular structure of follicular architecture is preserved. [Orphanet: 545],http://purl.obolibrary.org/obo/MONDO_0018906
EFO_0004314,forced expiratory volume,"Measure of the maximum amount of air that can be expelled in a given number of seconds during aÂ FORCED VITAL CAPACITYÂ determination . It is usually given asÂ FEVÂ followed by a subscript indicating the number of seconds over which the measurement is made, although it is sometimes given as a percentage of forced vital capacity.",http://www.ebi.ac.uk/efo/EFO_0004314
OBA_2050047,fourth ventricle volume,The volume of a fourth ventricle. [AUTO: patterns/patterns/entity_attribute],http://purl.obolibrary.org/obo/OBA_2050047
EFO_0009885,frailty measurement,"Quantification of some aspect of frailty.  Frailty is usually described as clinical state of heightened vulnerability to poor resolution of homeostasis after a stressor event, which thereby increases the risk of adverse outcomes, including falls, delirium, disability and mortality.",http://www.ebi.ac.uk/efo/EFO_0009885
EFO_0009725,friendship satisfaction measurement,Quantification of friendship satisfaction.,http://www.ebi.ac.uk/efo/EFO_0009725
HP_0020083,Furuncle,"An infection of a hair follicle that extends subcutaneously, forming an abscess.",http://purl.obolibrary.org/obo/HP_0020083
MONDO_0005346,gallstones,"Solid crystalline precipitates in the biliary tract, usually formed in the gallbladder, resulting in the condition of cholelithiasis. Gallstones, derived from the bile, consist mainly of calcium, cholesterol, or bilirubin. [MESH: D042882]",http://purl.obolibrary.org/obo/MONDO_0005346
MONDO_0004874,ganglion or cyst of synovium/tendon/bursa,,http://purl.obolibrary.org/obo/MONDO_0004874
MONDO_0001056,gastric cancer,A primary or metastatic malignant neoplasm involving the stomach. [NCIT: C9331],http://purl.obolibrary.org/obo/MONDO_0001056
MONDO_0004966,gastritis,Inflammation of the stomach. [NCIT: C26780],http://purl.obolibrary.org/obo/MONDO_0004966
MONDO_0007186,gastroesophageal reflux disease,A chronic disorder characterized by reflux of the gastric and/or duodenal contents into the distal esophagus. It is usually caused by incompetence of the lower esophageal sphincter. Symptoms include heartburn and acid indigestion. It may cause injury to the esophageal mucosa. [NCIT: C26781],http://purl.obolibrary.org/obo/MONDO_0007186
MONDO_0001942,generalized anxiety disorder,"An anxiety disorder characterized by excessive and difficult-to-control worry about a number of life situations. The worry is accompanied by restlessness, fatigue, inability to concentrate, irritability, muscle tension, and/or sleep disturbance and lasts for at least 6 months. [NCIT: P378]",http://purl.obolibrary.org/obo/MONDO_0001942
EFO_0005112,gestational age,"The age of the conceptus, beginning from the time of FERTILIZATION. In clinical obstetrics, the gestational age is often estimated as the time from the last day of the last MENSTRUATION which is about 2 weeks before OVULATION and fertilization.",http://www.ebi.ac.uk/efo/EFO_0005112
MONDO_0005406,gestational diabetes,Carbohydrate intolerance first diagnosed during pregnancy. [NCIT: P378],http://purl.obolibrary.org/obo/MONDO_0005406
EFO_0006829,GFR change measurement,A quantification of the variation in an individual's glomerular filtration rate (GFR) over a period of time used in assessment of kidney function and diagnosis of kidney disease.,http://www.ebi.ac.uk/efo/EFO_0006829
MONDO_0002508,gingivitis,A disorder involving inflammation of the gums; may affect surrounding and supporting structures of the teeth. [NCIT: C34636],http://purl.obolibrary.org/obo/MONDO_0002508
MONDO_0005041,glaucoma,Increased pressure in the eyeball due to obstruction of the outflow of aqueous humor. [NCIT: P378],http://purl.obolibrary.org/obo/MONDO_0005041
MONDO_0018177,glioblastoma,"The most malignant astrocytic tumor (WHO grade IV). It is composed of poorly differentiated neoplastic astrocytes and it is characterized by the presence of cellular polymorphism, nuclear atypia, brisk mitotic activity, vascular thrombosis, microvascular proliferation and necrosis. It typically affects adults and is preferentially located in the cerebral hemispheres. It may develop from diffuse astrocytoma WHO grade II or anaplastic astrocytoma (secondary glioblastoma, IDH-mutant), but more frequently, it manifests after a short clinical history de novo, without evidence of a less malignant precursor lesion (primary glioblastoma, IDH- wildtype). (Adapted from WHO) [NCIT: C3058]",http://purl.obolibrary.org/obo/MONDO_0018177
MONDO_0021042,glioma,"A benign or malignant brain and spinal cord tumor that arises from glial cells (astrocytes, oligodendrocytes, ependymal cells). Tumors that arise from astrocytes are called astrocytic tumors or astrocytomas. Tumors that arise from oligodendrocytes are called oligodendroglial tumors. Tumors that arise from ependymal cells are called ependymomas. [NCIT: C3059]",http://purl.obolibrary.org/obo/MONDO_0021042
OBA_0003747,glomerular filtration rate,The rate of a glomerular filtration. [AUTO: patterns/patterns/entity_attribute],http://purl.obolibrary.org/obo/OBA_0003747
EFO_0004468,glucose measurement,Is any quantification of glucose.,http://www.ebi.ac.uk/efo/EFO_0004468
EFO_0004307,glucose tolerance test,"Quantification of the ability of an individual to maintain homeostasis of blood glucose, via a test procedure including measuring blood glucose levels in a fasting state, and at prescribed intervals before and after oral glucose intake (75 or 100 g) or intravenous infusion (0.5 g/kg).",http://www.ebi.ac.uk/efo/EFO_0004307
MONDO_0005397,goiter,"Enlargement of the thyroid gland usually caused by lack of iodine in the diet, hyperthyroidism, or thyroid nodules. Symptoms include difficulty in breathing and swallowing. [NCIT: P378]",http://purl.obolibrary.org/obo/MONDO_0005397
MONDO_0005393,gout,"A condition characterized by painful swelling of the joints, which is caused by deposition of urate crystals. [NCIT: C34650]",http://purl.obolibrary.org/obo/MONDO_0005393
MONDO_0005364,Graves disease,"Graves' disease is an autoimmune disorder that leads to overactivity of the thyroid gland (hyperthyroidism).It is caused by an abnormal immune system response that causes the thyroid gland to produce too much thyroid hormones. Graves disease is the most common cause of hyperthyroidism andoccurs mostoften in women over age 20. However, the disorder may occur at any age and may affect males as well.Treatmentmayinclude radioiodine therapy, antithyroid drugs, and/or thyroid surgery. [GARD: 0006549]",http://purl.obolibrary.org/obo/MONDO_0005364
EFO_0005420,grey matter volume measurement,"quantification of the volume of grey matter in the brain, usuallly through an MRI scan. Grey matter volume is associated with schizophrenia.",http://www.ebi.ac.uk/efo/EFO_0005420
EFO_0006941,grip strength measurement,quantification of the force applied by the hand to pull on or suspend from objects,http://www.ebi.ac.uk/efo/EFO_0006941
HP_0001822,Hallux valgus,"Lateral deviation of the great toe (i.e., in the direction of the little toe).",http://purl.obolibrary.org/obo/HP_0001822
EFO_0009902,handedness,"A better, faster, or more precise performance or individual preference for use of a hand, known as the dominant hand; the less capable or less preferred hand is called the non-dominant hand. Dominance typically applies to all tasks, but in rare cases may be task-specific (known as cross-handedness or mixed-dominance) Ambidexterity is the ability to do any task equally well with either hand.",http://www.ebi.ac.uk/efo/EFO_0009902
MONDO_0007699,Hashimoto thyroiditis,An autoimmune disorder caused by the production of autoantibodies against thyroid tissue. There is progressive destruction of the thyroid follicles leading to hypothyroidism. [NCIT: C27191],http://purl.obolibrary.org/obo/MONDO_0007699
EFO_0004541,HbA1c measurement,A quantification of glycated A1c hemoglobin in blood used as an index for blood glucose level over several months.,http://www.ebi.ac.uk/efo/EFO_0004541
HP_0002315,Headache,"Cephalgia, or pain sensed in various parts of the head, not confined to the area of distribution of any nerve. [PMID: 15304572]",http://purl.obolibrary.org/obo/HP_0002315
MONDO_0021146,headache disorder,"Various conditions with the symptom of headache. Headache disorders are classified into major groups, such as primary headache disorders (based on characteristics of their headache symptoms) and secondary headache disorders (based on their etiologies). (International Classification of Headache Disorders, 2nd ed. Cephalalgia 2004: suppl 1) [MESH: D020773]",http://purl.obolibrary.org/obo/MONDO_0021146
MONDO_0010150,head and neck squamous cell carcinoma,"A squamous cell carcinoma that arises from any of the following anatomic sites: lip and oral cavity, nasal cavity, paranasal sinuses, pharynx, larynx, and salivary glands. [NCIT: C34447]",http://purl.obolibrary.org/obo/MONDO_0010150
EFO_0011014,health-related quality of life measurement,"A measure to assess health-related quality of life (HRQOL), which domains include physical health, emotional health, cognitive functioning, fatigue and pain.",http://www.ebi.ac.uk/efo/EFO_0011014
EFO_0009724,health satisfaction measurement,Quantification of health satisfaction.,http://www.ebi.ac.uk/efo/EFO_0009724
EFO_0007652,health trait,The characteristics in health that a certain person has.,http://www.ebi.ac.uk/efo/EFO_0007652
MONDO_0021945,hearing disorder,A disorder characterized by the partial or complete loss of the ability to detect sounds due to damage to the ear structures or inability of the brain to properly interpret or process the auditory signals it receives from the anatomic structures of the ear. [NCIT: C3078],http://purl.obolibrary.org/obo/MONDO_0021945
MONDO_0005365,hearing loss disorder,"A partial or complete loss of hearing in one or both ears. It is classified as conductive, sensory, or central. [NCIT: C35731]",http://purl.obolibrary.org/obo/MONDO_0005365
MONDO_0005267,heart disorder,A disease involving the heart and/or pericardium.,http://purl.obolibrary.org/obo/MONDO_0005267
MONDO_0005252,heart failure,"Inability of the heart to pump blood at an adequate rate to meet tissue metabolic requirements. Clinical symptoms of heart failure include: unusual dyspnea on light exertion, recurrent dyspnea occurring in the supine position, fluid retention or rales, jugular venous distension, pulmonary edema on physical exam, or pulmonary edema on chest x-ray presumed to be cardiac dysfunction. [EFO: 0003144]",http://purl.obolibrary.org/obo/MONDO_0005252
OBA_1001087,heart rate,The rate of a heart contraction. [AUTO: patterns/patterns/entity_attribute],http://purl.obolibrary.org/obo/OBA_1001087
EFO_0009270,heel bone mineral density,Quantification of the mineral density of the heel bone,http://www.ebi.ac.uk/efo/EFO_0009270
MONDO_0006500,hemangioma,A benign vascular lesion characterized by the formation of capillary-sized or cavernous vascular channels. [NCIT: C3085],http://purl.obolibrary.org/obo/MONDO_0006500
EFO_0004348,hematocrit,"The volume of packed RED BLOOD CELLS in a blood specimen. The volume is measured by centrifugation in a tube with graduated markings, or with automated blood cell counters. It is an indicator of erythrocyte status in disease. For example, ANEMIA shows a low value; POLYCYTHEMIA, a high value.",http://www.ebi.ac.uk/efo/EFO_0004348
EFO_0004503,hematological measurement,"A measurement quantifying some blood cell, or component.",http://www.ebi.ac.uk/efo/EFO_0004503
MONDO_0005570,hematologic disorder,A disease involving the hematopoietic system.,http://purl.obolibrary.org/obo/MONDO_0005570
HP_0000790,Hematuria,The presence of blood in the urine. Hematuria may be gross hematuria (visible to the naked eye) or microscopic hematuria (detected by dipstick or microscopic examination of the urine).,http://purl.obolibrary.org/obo/HP_0000790
EFO_0004509,hemoglobin measurement,Hemoglobin measurement is a measure of the quantity of the metallo protein hemoglobin in blood often used in the diagnosis of anaemia.,http://www.ebi.ac.uk/efo/EFO_0004509
MONDO_0004872,hemorrhoid,Dilated veins in the anal canal. [NCIT: C26792],http://purl.obolibrary.org/obo/MONDO_0004872
HP_0012115,Hepatitis,Inflammation of the liver.,http://purl.obolibrary.org/obo/HP_0012115
MONDO_0005344,hepatitis B virus infection,A viral infection caused by the hepatitis B virus. [NCIT: C3097],http://purl.obolibrary.org/obo/MONDO_0005344
MONDO_0006244,HER2 positive breast carcinoma,"A biologic subset of breast carcinoma defined by high expression of HER2, GRB7, and TRAP100, and by lack of expression of estrogen receptor (ER). [NCIT: C53556]",http://purl.obolibrary.org/obo/MONDO_0006244
MONDO_0000618,Her2-receptor negative breast cancer,,http://purl.obolibrary.org/obo/MONDO_0000618
MONDO_0005609,herpes zoster,"A common dermal and neurologic disorder caused by reactivation of the varicella-zoster virus that has remained dormant within dorsal root ganglia, often for decades, after the patient's initial exposure to the virus in the form of varicella (chickenpox). It is characterized by severe neuralgic pain along the distribution of the affected nerve and crops of clustered vesicles over the area. [NCIT: C71079]",http://purl.obolibrary.org/obo/MONDO_0005609
HP_0002036,Hiatus hernia,"The presence of a hernia in which the upper part of the stomach, i.e., mainly the gastric cardia protrudes through the diaphragmatic esophageal hiatus.",http://purl.obolibrary.org/obo/HP_0002036
EFO_0004612,high density lipoprotein cholesterol measurement,The measurement of HDL cholesterol in blood used as a risk indicator for heart disease.,http://www.ebi.ac.uk/efo/EFO_0004612
EFO_1001958,high grade ovarian serous adenocarcinoma,A rapidly growing serous adenocarcinoma that arises from the ovary. It is characterized by the presence of high grade cytologic features and frequent mitotic figures.,http://www.ebi.ac.uk/efo/EFO_1001958
OBA_1000032,hip circumference,The circumference of a hip. [AUTO: patterns/patterns/entity_attribute],http://purl.obolibrary.org/obo/OBA_1000032
EFO_0009401,hippocampal amigdala transition area volume,Volume of hippocampal amigdala transition area.,http://www.ebi.ac.uk/efo/EFO_0009401
EFO_0009394,hippocampal CA1 volume,"Volume of hippocampal CA1, which is the part of hippocampus proper bounded by CA2 and the subiculum, characterized by pyramidal neurons that receive projections from pyramidal neurons of CA3 via the Schaffer collaterals.",http://www.ebi.ac.uk/efo/EFO_0009394
EFO_0009395,hippocampal CA3 volume,"Volume of hippocampal CA3, which is the part of hippocampus proper bounded by the hilus of the dentate gyrus and area CA2, characterized by large pyramidal cells and a dense projection from dentate gyrus granule cell mossy fibers.",http://www.ebi.ac.uk/efo/EFO_0009395
EFO_0009396,hippocampal CA4 volume,Volume of hippocampal CA4.,http://www.ebi.ac.uk/efo/EFO_0009396
OBA_2050043,hippocampal fissure volume,The volume of a hippocampal sulcus. [AUTO: patterns/patterns/entity_attribute],http://purl.obolibrary.org/obo/OBA_2050043
OBA_2045244,hippocampal formation volume,The volume of a hippocampal formation. [AUTO: patterns/patterns/entity_attribute],http://purl.obolibrary.org/obo/OBA_2045244
EFO_0005035,hippocampal volume,Measurement of the volume of the hippocampus,http://www.ebi.ac.uk/efo/EFO_0005035
OBA_2045245,hippocampus fimbria volume,The volume of a hippocampus fimbria. [AUTO: patterns/patterns/entity_attribute],http://purl.obolibrary.org/obo/OBA_2045245
OBA_2050050,hippocampus molecular layer volume,The volume of a hippocampus molecular layer. [AUTO: patterns/patterns/entity_attribute],http://purl.obolibrary.org/obo/OBA_2050050
MONDO_0004952,Hodgkins lymphoma,A heterogeneous group of malignant lymphoid neoplasms of B-cell origin characterized histologically by the presence of Hodgkin and Reed-Sternberg (HRS) cells in the vast majority of cases. There are two distinct subtypes: nodular lymphocyte predominant Hodgkin lymphoma and classical Hodgkin lymphoma. Hodgkin lymphoma involves primarily lymph nodes. [NCIT: C9357] [Orphanet: 98293],http://purl.obolibrary.org/obo/MONDO_0004952
EFO_0004469,HOMA-B,The HOMA-B measurement employs the homeostatic model assessment (HOMA)  to quantify beta-cell function.,http://www.ebi.ac.uk/efo/EFO_0004469
EFO_0004501,HOMA-IR,The HOMA-IR measurement employs the homeostatic model assessment (HOMA)  to quantify insulin resistance.,http://www.ebi.ac.uk/efo/EFO_0004501
EFO_0009695,household income,A demographic parameter indicating the amount of earning made by a family.,http://www.ebi.ac.uk/efo/EFO_0009695
MONDO_0005510,hydronephrosis,"Collection of urine in the renal pelvis that results in dilatation of the renal pelvis and calyces. It is caused by obstruction of urine flow, nephrolithiasis, or vesicoureteral reflux. Signs and symptoms include flank pain, nausea, vomiting, fever, and dysuria. [EFO: 0005562]",http://purl.obolibrary.org/obo/MONDO_0005510
HP_0003124,Hypercholesterolemia,An increased concentration of cholesterol in the blood. [HPO_CONTRIBUTOR: gcarletti],http://purl.obolibrary.org/obo/HP_0003124
MONDO_0021187,hyperlipidemia,,http://purl.obolibrary.org/obo/MONDO_0021187
HP_0000822,Hypertension,The presence of chronic increased pressure in the systemic arterial system.,http://purl.obolibrary.org/obo/HP_0000822
MONDO_0005044,hypertensive disorder,"Persistently high systemic arterial blood pressure. Based on multiple readings (blood pressure determination), hypertension is currently defined as when systolic pressure is consistently greater than 140 mm Hg or when diastolic pressure is consistently 90 mm Hg or more. [MESH: D006973]",http://purl.obolibrary.org/obo/MONDO_0005044
MONDO_0001302,hypertensive heart disease,Abnormal enlargement of the heart resulting from long-standing hypertension. [NCIT: C4907],http://purl.obolibrary.org/obo/MONDO_0001302
MONDO_0004425,hyperthyroidism,"Overactivity of the thyroid gland resulting in overproduction of thyroid hormone and increased metabolic rate. Causes include diffuse hyperplasia of the thyroid gland (Graves' disease), single nodule in the thyroid gland, and thyroiditis. The symptoms are related to the increased metabolic rate and include weight loss, fatigue, heat intolerance, excessive sweating, diarrhea, tachycardia, insomnia, muscle weakness, and tremor. [NCIT: P378]",http://purl.obolibrary.org/obo/MONDO_0004425
MONDO_0005045,hypertrophic cardiomyopathy,A condition in which the myocardium is hypertrophied without an obvious cause. The hypertrophy is generally asymmetric and may be associated with obstruction of the ventricular outflow tract. [NCIT: C34449],http://purl.obolibrary.org/obo/MONDO_0005045
HP_0001943,Hypoglycemia,A decreased concentration of glucose in the blood.,http://purl.obolibrary.org/obo/HP_0001943
MONDO_0005420,hypothyroidism,Abnormally low levels of thyroid hormone. [NCIT: P378],http://purl.obolibrary.org/obo/MONDO_0005420
EFO_0000768,idiopathic pulmonary fibrosis,Idiopathic pulmonary fibrosis (IPF) is a nonneoplastic pulmonary disease that is characterized by the formation of scar tissue within the lungs in the absence of any known cause. [Orphanet: 2032],http://www.ebi.ac.uk/efo/EFO_0000768
MONDO_0005342,IgA glomerulonephritis,Inflammation of a specific segment of glomeruli within the kidney. [NCIT: P378],http://purl.obolibrary.org/obo/MONDO_0005342
EFO_0004627,IGF-1 measurement,"Is the quantification of Insulin-like growth factor 1 (IGF-1), also called somatomedin C. IGF-1 is a hormone similar in molecular structure to insulin. It plays an important role in childhood growth and continues to have anabolic effects in adults. Levels of IGF-1 are known to increase in some cancers.",http://www.ebi.ac.uk/efo/EFO_0004627
HP_0002721,Immunodeficiency,"Failure of the immune system to protect the body adequately from infection, due to the absence or insufficiency of some component process or substance. [PMID: 20042227]",http://purl.obolibrary.org/obo/HP_0002721
EFO_0020464,immunoglobulin E measurement,The determination of the amount of immunoglobulin E in a sample,http://www.ebi.ac.uk/efo/EFO_0020464
HP_0040270,Impaired glucose tolerance,"An abnormal resistance to glucose, i.e., a reduction in the ability to maintain glucose levels in the blood stream within normal limits following oral or intravenous administration of glucose.",http://purl.obolibrary.org/obo/HP_0040270
MONDO_0019254,inborn disorder of purine or pyrimidine metabolism,,http://purl.obolibrary.org/obo/MONDO_0019254
HP_0032263,Increased blood pressure,"Abnormal increase in blood pressure. An individual measurement of increased blood pressure does not necessarily imply hypertension. In practical terms, multiple measurements are recommended to diagnose the presence of hypertension. [PMID: 9137951]",http://purl.obolibrary.org/obo/HP_0032263
MONDO_0005265,inflammatory bowel disease,"A spectrum of small and large bowel inflammatory diseases of unknown etiology. It includes Crohn's disease, ulcerative colitis, and colitis of indeterminate type. [NCIT: C3138]",http://purl.obolibrary.org/obo/MONDO_0005265
MONDO_0001434,inflammatory spondylopathy,,http://purl.obolibrary.org/obo/MONDO_0001434
HP_0000023,Inguinal hernia,Protrusion of the contents of the abdominal cavity through the inguinal canal.,http://purl.obolibrary.org/obo/HP_0000023
MONDO_0002525,inherited lipid metabolism disorder,"An inherited metabolic disorder caused by an enzyme deficiency, resulting in an inability to oxidize fatty acids for energy production. [NCIT: C97092]",http://purl.obolibrary.org/obo/MONDO_0002525
MONDO_0013600,insomnia,A sleep disorder characterized by difficulty in falling asleep and/or remaining asleep. [NCIT: P378],http://purl.obolibrary.org/obo/MONDO_0013600
EFO_0007876,insomnia measurement,quantification of insomnia such as how often it occurs and its severity,http://www.ebi.ac.uk/efo/EFO_0007876
OBA_2050130,insulin-like protein level,The amount of a insulin-like protein when measured in anatomical entity. [AUTO: patterns/patterns/entity_attribute_location],http://purl.obolibrary.org/obo/OBA_2050130
HP_0000855,Insulin resistance,"Increased resistance towards insulin, that is, diminished effectiveness of insulin in reducing blood glucose levels.",http://purl.obolibrary.org/obo/HP_0000855
EFO_0008473,insulin response measurement,"Quantification of some aspect of insulin response, typically measuring insulin levels in the blood following a glucose challenge",http://www.ebi.ac.uk/efo/EFO_0008473
OBA_VT0003564,insulin secretion trait,The quality of a insulin secretion. [obo: oba/patterns/entity_attribute_part_of],http://purl.obolibrary.org/obo/OBA_VT0003564
EFO_0004471,insulin sensitivity measurement,"An insulin sensitivity measurement is a measurement of insulin metabolism, which can be measured in a number of ways, for example using the HOMA model or via a glucose tolerance test.",http://www.ebi.ac.uk/efo/EFO_0004471
EFO_0600082,insulin use measurement,Quantification of some aspect of the use of insulin.,http://www.ebi.ac.uk/efo/EFO_0600082
EFO_0004337,intelligence,The ability to learn and to deal with new situations and to deal effectively with tasks involving abstractions.,http://www.ebi.ac.uk/efo/EFO_0004337
MONDO_0015925,interstitial lung disease,"A diverse group of lung diseases that affect the lung parenchyma. They are characterized by an initial inflammation of pulmonary alveoli that extends to the interstitium and beyond leading to diffuse pulmonary fibrosis. Interstitial lung diseases are classified by their etiology (known or unknown causes), and radiological-pathological features. [MESH: D017563]",http://purl.obolibrary.org/obo/MONDO_0015925
EFO_1001800,Intervertebral Disc Displacement,An INTERVERTEBRAL DISC in which the nucleus pulposus has protruded through surrounding fibrocartilage. This occurs most frequently in the lower lumbar region.,http://www.ebi.ac.uk/efo/EFO_1001800
MONDO_0005020,intestinal disorder,A non-neoplastic or neoplastic disorder that affects the small or large intestine. [NCIT: C26801],http://purl.obolibrary.org/obo/MONDO_0005020
MONDO_0013792,intracerebral hemorrhage,A cerebrovascular disorder characterized by bleeding into one or both cerebral hemispheres including the basal ganglia and the cerebral cortex. It is often associated with hypertension and craniocerebral trauma. [MESH: D002543] [PMID: 31971743],http://purl.obolibrary.org/obo/MONDO_0013792
EFO_0000551,intracranial hemorrhage,"Bleeding within the SKULL, including hemorrhages in the brain and the three membranes of MENINGES. The escape of blood often leads to the formation of HEMATOMA in the cranial epidural, subdural, and subarachnoid spaces.",http://www.ebi.ac.uk/efo/EFO_0000551
EFO_0004695,intraocular pressure measurement,Is a quantification of intraocular pressure. Increased intraocular pressure is a heritable risk factor for primary open angle glaucoma.,http://www.ebi.ac.uk/efo/EFO_0004695
HP_0001094,Iridocyclitis,"A type of anterior uveitis, in which there is Inflammation of the iris and the ciliary body.",http://purl.obolibrary.org/obo/HP_0001094
MONDO_0006814,iritis,Inflammation of the iris. [NCIT: P378],http://purl.obolibrary.org/obo/MONDO_0006814
HP_0001891,Iron deficiency anemia,,http://purl.obolibrary.org/obo/HP_0001891
MONDO_0002279,iron metabolism disease,"Disorders in the processing of iron in the body: its absorption, transport, storage, and utilization. [MESH: D019189]",http://purl.obolibrary.org/obo/MONDO_0002279
HP_0002140,Ischemic stroke,"Acute ischemic stroke (AIS) is defined by the sudden loss of blood flow to an area of the brain with the resulting loss of neurologic function. It is caused by thrombosis or embolism that occludes a cerebral vessel supplying a specific area of the brain. During a vessel occlusion, there is a core area where damage to the brain is irreversible and an area of penumbra where the brain has lost function owing to decreased blood flow but is not irreversibly injured. [PMID: 32054610]",http://purl.obolibrary.org/obo/HP_0002140
MONDO_0007642,isolated agenesis of gallbladder,,http://purl.obolibrary.org/obo/MONDO_0007642
EFO_0009468,jaw disease,"A disease affecting the jaw region, i.e. the part of the head that corresponds to the jaw skeleton, containing soft tissue, skeleton and teeth.",http://www.ebi.ac.uk/efo/EFO_0009468
MONDO_0011429,juvenile idiopathic arthritis,"Juvenile idiopathic arthritis (JIA) is the term used to describe a group of inflammatory articular disorders of unknown cause that begin before the age of 16 and last over 6 weeks. The term juvenile idiopathic arthritis was chosen to signify the absence of any known mechanism underlying the disorder and to highlight the necessity of excluding other types of arthritis occurring in well defined diseases (in particular arthritis occurring in association with infectious, inflammatory and haematooncologic diseases). [Orphanet: 92]",http://purl.obolibrary.org/obo/MONDO_0011429
EFO_0010176,keratinocyte carcinoma,A skin cancer arising from the keratin-producing cells of the epidermis. The term encompasses both basal cell carcinoma and squamous cell carcinoma.,http://www.ebi.ac.uk/efo/EFO_0010176
MONDO_0003085,keratitis,A corneal disease that is characterized by inflammation of the cornea. [NCIT: C26805],http://purl.obolibrary.org/obo/MONDO_0003085
MONDO_0015486,keratoconus,"A degenerative, structural disorder of the eye, characterized by a cone-shaped protrusion of the cornea. It may lead to visual disturbances. [NCIT: P378]",http://purl.obolibrary.org/obo/MONDO_0015486
MONDO_0002367,kidney cancer,Primary or metastatic malignant neoplasm involving the kidney. [NCIT: C7548],http://purl.obolibrary.org/obo/MONDO_0002367
MONDO_0001106,kidney failure,An acute or chronic condition that is characterized by the inability of the kidneys to adequately filter the blood. [NCIT: P378],http://purl.obolibrary.org/obo/MONDO_0001106
OBA_2050015,kidney volume,The volume of a kidney. [AUTO: patterns/patterns/entity_attribute],http://purl.obolibrary.org/obo/OBA_2050015
EFO_0009507,knee injury,Injury to a knee.,http://www.ebi.ac.uk/efo/EFO_0009507
MONDO_0002008,labyrinthitis,"Inflammation of the inner ear. The cause is often not clear. It may be due to a virus, but it can also arise from bacterial infection, head injury, extreme stress, an allergy, or as a reaction to medication. [NCIT: C128369] [Wikipedia: Labyrinthitis]",http://purl.obolibrary.org/obo/MONDO_0002008
MONDO_0002352,larynx cancer,A primary or metastatic malignant neoplasm involving the larynx. The majority are carcinomas. [NCIT: C7484],http://purl.obolibrary.org/obo/MONDO_0002352
EFO_1001870,late-onset Alzheimer's disease,"This is the most common form of the disease, which happens to people age 65 and older. It may or may not run in families. So far, researchers haven’t found a particular gene that causes it. No one knows for sure why some people get it and others don’t.",http://www.ebi.ac.uk/efo/EFO_1001870
EFO_0004195,LDL cholesterol,"Cholesterol which is contained in or bound to low density lipoproteins (LDL), including CHOLESTEROL ESTERS and free cholesterol.",http://www.ebi.ac.uk/efo/EFO_0004195
EFO_0004995,lean body mass,The weight of all organs and tissue in an individual less the weight of the individual's body fat.,http://www.ebi.ac.uk/efo/EFO_0004995
EFO_0008373,left ventricular ejection fraction measurement,quantification of the volumetric fraction of blood pumped out of the left ventricle,http://www.ebi.ac.uk/efo/EFO_0008373
EFO_0009290,left ventricular mass index,The left ventricular mass divided by the subject's body surface area,http://www.ebi.ac.uk/efo/EFO_0009290
EFO_0010555,left ventricular stroke volume measurement,"Quantification of the volume of blood pumped from the left ventricle of the heart with each beat, calculated by subtracting the volume of blood in the ventricle at the end of a beat (end-systolic volume) from the volume of blood just prior to the beat (end-diastolic volume).",http://www.ebi.ac.uk/efo/EFO_0010555
EFO_0008206,left ventricular systolic function measurement,quantification of some aspect of the systolic function of the left cardiac ventricle such as ventricular fractional shortening or systolic dysfunction,http://www.ebi.ac.uk/efo/EFO_0008206
OBA_VT0000217,leukocyte quantity,The amount of a leukocyte. [AUTO: patterns/patterns/entity_attribute],http://purl.obolibrary.org/obo/OBA_VT0000217
OBA_2045206,level of serum globulin type protein,The amount of a globulin type when measured in blood serum. [AUTO: patterns/patterns/entity_attribute_location],http://purl.obolibrary.org/obo/OBA_2045206
OBA_VT0005372,life span determination trait,The process quality of a determination of adult lifespan. [AUTO: patterns/patterns/entity_attribute],http://purl.obolibrary.org/obo/OBA_VT0005372
EFO_0010724,lifestyle measurement,Quantification of some aspect of a subject's lifestyle.,http://www.ebi.ac.uk/efo/EFO_0010724
HP_0009763,Limb pain,Chronic pain in the limbs with no clear focal etiology.,http://purl.obolibrary.org/obo/HP_0009763
EFO_0006925,lipoprotein A measurement,quantification of some lipoprotein A in a sample,http://www.ebi.ac.uk/efo/EFO_0006925
MONDO_0002691,liver cancer,"An epithelial or non-epithelial malignant neoplasm that arises from the liver. Representative examples include hepatocellular carcinoma, intrahepatic cholangiocarcinoma, lymphoma, and sarcoma. [NCIT: C34803]",http://purl.obolibrary.org/obo/MONDO_0002691
MONDO_0005154,liver disorder,A disease involving the liver.,http://purl.obolibrary.org/obo/MONDO_0005154
EFO_0010821,liver fat measurement,"A quantification of the fat content of the liver such as liver fat fraction, typically assessed by MRI.",http://www.ebi.ac.uk/efo/EFO_0010821
EFO_0007865,loneliness measurement,"Quantification of some aspect of loneliness, such as severity or presence/absence, generally through administration of a standardised questionnaire such as the 3-Item Leave Behind Questionnaire (LBQ).",http://www.ebi.ac.uk/efo/EFO_0007865
EFO_0007645,longitudinal alcohol consumption measurement,quantification of some aspect of alcohol consumption over a long period of time (typically several years),http://www.ebi.ac.uk/efo/EFO_0007645
EFO_0004611,low density lipoprotein cholesterol measurement,The measurement of LDL cholesterol in blood used as a risk indicator for heart disease.,http://www.ebi.ac.uk/efo/EFO_0004611
MONDO_0021116,luminal A breast carcinoma,"A biologic subset of breast carcinoma defined by high expression of genes characteristic of luminal epithelial cells, including estrogen receptor (ER), estrogen regulated protein LIV-1, and the transcription factors hepatocyte nuclear factor 3, HNF3A, XBP1, and GATA 3. This subtype of breast cancer is associated with a good prognosis. [NCIT: C53554]",http://purl.obolibrary.org/obo/MONDO_0021116
MONDO_0021115,luminal B breast carcinoma,"A biologic subset of breast carcinoma defined by low to moderate expression of genes characteristic of luminal epithelial cells including estrogen receptor (ER), and high expression of GGH, LAPTM4B, and CCNE1. This subtype of breast cancer is associated with a good prognosis, although not as favorable as the luminal A subtype. [NCIT: C53555]",http://purl.obolibrary.org/obo/MONDO_0021115
MONDO_0005061,lung adenocarcinoma,"A carcinoma that arises from the lung and is characterized by the presence of malignant glandular epithelial cells. There is a male predilection with a male to female ratio of 2:1. Usually lung adenocarcinoma is asymptomatic and is identified through screening studies or as an incidental radiologic finding. If clinical symptoms are present they include shortness of breath, cough, hemoptysis, chest pain, and fever. Tobacco smoke is a known risk factor. [NCIT: C3512]",http://purl.obolibrary.org/obo/MONDO_0005061
MONDO_0008903,lung cancer,A malignant neoplasm involving the lung.,http://purl.obolibrary.org/obo/MONDO_0008903
MONDO_0005138,lung carcinoma,A carcinoma that arises from epithelial cells of the lung,http://purl.obolibrary.org/obo/MONDO_0005138
MONDO_0004670,lupus erythematosus,"An autoimmune, connective tissue chronic inflammatory disorder affecting the skin, joints, kidneys, lungs, heart, and the peripheral blood cells. It is more commonly seen in women than men. Variants include discoid and systemic lupus erythematosus. [NCIT: C27153]",http://purl.obolibrary.org/obo/MONDO_0004670
MONDO_0002013,lymphangioma,A benign lesion composed of dilated lymphatic channels. Painless swelling is the usual clinical manifestation. [NCIT: C8965],http://purl.obolibrary.org/obo/MONDO_0002013
EFO_0004587,lymphocyte count,A quantification of lymphocytes in blood.,http://www.ebi.ac.uk/efo/EFO_0004587
EFO_0007993,lymphocyte percentage of leukocytes,"A calculated measurement in which the number of lymphocytes in a specified sample of blood is divided by the total number of white blood cells in the sample, and the result presented as a ratio, fraction, quotient or percentage.",http://www.ebi.ac.uk/efo/EFO_0007993
MONDO_0005402,lymphoid leukemia,A malignant lymphocytic neoplasm of B-cell or T-cell lineage involving primarily the bone marrow and the peripheral blood. This category includes precursor or acute lymphoblastic leukemias and chronic leukemias. [NCIT: C7539],http://purl.obolibrary.org/obo/MONDO_0005402
MONDO_0003004,macular degeneration,"Loss of vision in the central portion of the retina (macula), secondary to retinal degeneration. [NCIT: P378]",http://purl.obolibrary.org/obo/MONDO_0003004
EFO_0022611,magnetic resonance imaging of the heart,Magnetic resonance imaging focused on the heart.,http://www.ebi.ac.uk/efo/EFO_0022611
MONDO_0002009,major depressive disorder,An episode of depression lasting two or more weeks without an intervening episode of mania. [NCIT: P378],http://purl.obolibrary.org/obo/MONDO_0002009
HP_0002024,Malabsorption,Impaired ability to absorb one or more nutrients from the intestine.,http://purl.obolibrary.org/obo/HP_0002024
PATO_0000384,male,A biological sex quality inhering in an individual or a population whose sex organs contain only male gametes.,http://purl.obolibrary.org/obo/PATO_0000384
MONDO_0005836,male reproductive organ cancer,"A primary or metastatic malignant neoplasm involving the male reproductive system. Representative examples include prostate carcinoma, penile carcinoma, testicular seminoma, and testicular embryonal carcinoma. [NCIT: C8561]",http://purl.obolibrary.org/obo/MONDO_0005836
MONDO_0021063,malignant colon neoplasm,"A primary or metastatic malignant neoplasm that affects the colon. Representative examples include carcinoma, lymphoma, and sarcoma. [NCIT: C9242]",http://purl.obolibrary.org/obo/MONDO_0021063
MONDO_0021315,malignant tumor of nasopharynx,A cancer that involves the nasopharynx. [MONDO: patterns/location],http://purl.obolibrary.org/obo/MONDO_0021315
MONDO_0017604,marginal zone lymphoma,"A usually indolent mature B-cell lymphoma, arising from the marginal zone of lymphoid tissues. It is characterized by the presence of small to medium sized atypical lymphocytes. It comprises three entities, according to the anatomic sites involved: extranodal marginal zone B-cell lymphoma of mucosa-associated lymphoid tissue, which affects extranodal sites (most often stomach, lung, skin, and ocular adnexa); nodal marginal zone B-cell lymphoma, which affects lymph nodes without evidence of extranodal disease; and splenic marginal zone B-cell lymphoma, which affects the spleen and splenic hilar lymph nodes, bone marrow, and often the peripheral blood. [NCIT: C4341]",http://purl.obolibrary.org/obo/MONDO_0017604
EFO_0006340,mean arterial pressure,"The mean pressure of the blood within the arterial circulation. The arterial pressure may be directly measured by insertion of an intra-arterial catheter connected to a transducer. The mean arterial pressure (MAP) can be calculated by subsequent analysis of the waveform. MAP can be approximated without an invasive procedure using the following formula: diastolic pressure plus 1/3 of the pulse pressure, where pulse pressure is systolic pressure - diastolic pressure.",http://www.ebi.ac.uk/efo/EFO_0006340
EFO_0004527,mean corpuscular hemoglobin,The MCH is  the average mass of hemoglobin per red blood cell in a sample of blood and is calculated by dividing the total mass of hemoglobin by the RBC count,http://www.ebi.ac.uk/efo/EFO_0004527
EFO_0004528,mean corpuscular hemoglobin concentration,The mean corpuscular hemoglobin concentration is a measure of the concentration of hemoglobin in a given volume of packed red blood cell,http://www.ebi.ac.uk/efo/EFO_0004528
EFO_0010701,mean reticulocyte volume,Mean volume of reticulocyte cells,http://www.ebi.ac.uk/efo/EFO_0010701
EFO_0002571,medical procedure,"An activity that produces an effect, or that is intended to alter the course of a disease in a patient or population. This is a general term that encompasses the medical, social, behavioral, and environmental acts that can have preventive, therapeutic, or palliative effects.",http://www.ebi.ac.uk/efo/EFO_0002571
MONDO_0005105,melanoma,"A malignant, usually aggressive tumor composed of atypical, neoplastic melanocytes. Most often, melanomas arise in the skin (cutaneous melanomas) and include the following histologic subtypes: superficial spreading melanoma, nodular melanoma, acral lentiginous melanoma, and lentigo maligna melanoma. Cutaneous melanomas may arise from acquired or congenital melanocytic or dysplastic nevi. Melanomas may also arise in other anatomic sites including the gastrointestinal system, eye, urinary tract, and reproductive system. Melanomas frequently metastasize to lymph nodes, liver, lungs, and brain. [NCIT: C3224]",http://purl.obolibrary.org/obo/MONDO_0005105
MONDO_0007972,Meniere disease,A disease of the inner ear (labyrinth) that is characterized by fluctuating sensorineural hearing loss; tinnitus; episodic vertigo; and aural fullness. It is the most common form of endolymphatic hydrops. [MESH: D008575],http://purl.obolibrary.org/obo/MONDO_0007972
OBA_2045215,menstrual cycle attribute,The quality of a menstrual cycle. [AUTO: patterns/patterns/entity_attribute],http://purl.obolibrary.org/obo/OBA_2045215
MONDO_1060204,menstrual disorder,"A disorder of the female reproductive system characterized by abnormalities in the menstrual cycle, including disturbances in timing, flow, or associated pain. [PMID: 29489290] [PMID: 32809669]",http://purl.obolibrary.org/obo/MONDO_1060204
MONDO_0005084,mental disorder,A disease that has its basis in the disruption of mental process. [MONDO: patterns/basis_in_disruption_of_process],http://purl.obolibrary.org/obo/MONDO_0005084
EFO_0010906,merkel cell virus seropositivity,The result of a measurement of circulating merkel cell virus-specific antibodies.,http://www.ebi.ac.uk/efo/EFO_0010906
MONDO_0005066,metabolic disease,A congenital disorder (due to inherited enzyme abnormality) or acquired (due to failure of a metabolically important organ) disorder resulting from an abnormal metabolic process. [NCIT: C3235],http://purl.obolibrary.org/obo/MONDO_0005066
MONDO_0013209,metabolic dysfunction-associated steatotic liver disease,"Metabolic dysfunction-associated steatotic liver disease (MASLD, formerly known as nonalcoholic fatty liver disease or NAFLD) is a type of liver disease that is not caused by alcohol. It typically does not cause symptoms in the early stages, but it can cause health problems due to fat accumulation, inflammation, and scarring in the liver.",http://purl.obolibrary.org/obo/MONDO_0013209
EFO_0005115,metabolic rate measurement,a quantification of metabolic rate,http://www.ebi.ac.uk/efo/EFO_0005115
EFO_0000195,metabolic syndrome,"A cluster of metabolic risk factors for CARDIOVASCULAR DISEASES and TYPE 2 DIABETES MELLITUS. The major components of metabolic syndrome X include excess ABDOMINAL FAT; atherogenic DYSLIPIDEMIA; HYPERTENSION; HYPERGLYCEMIA; INSULIN RESISTANCE; a proinflammatory state; and a prothrombotic (THROMBOSIS) state. (from AHA/NHLBI/ADA Conference Proceedings, Circulation 2004; 109:551-556)",http://www.ebi.ac.uk/efo/EFO_0000195
HP_0002907,Microscopic hematuria,Microscopic hematuria detected by dipstick or microscopic examination of the urine.,http://purl.obolibrary.org/obo/HP_0002907
MONDO_0005277,migraine disorder,"A common, severe type of vascular headache often associated with increased sympathetic activity, resulting in nausea, vomiting, and light sensitivity. [NCIT: C89715]",http://purl.obolibrary.org/obo/MONDO_0005277
MONDO_0000226,mineral metabolism disease,,http://purl.obolibrary.org/obo/MONDO_0000226
HP_0001634,Mitral valve prolapse,One or both of the leaflets (cusps) of the mitral valve bulges back into the left atrium upon contraction of the left ventricle.,http://purl.obolibrary.org/obo/HP_0001634
HP_0012594,Moderate albuminuria,"The presence of moderately increased concentrations of albumin in the urine, defined as and albumin-creatinine ratio (ACR) of 30 to 299 mg/gm (3.4 to 34 mg/mmol). [HPO_CONTRIBUTOR: Eurenomics_fschaefer] [PMID: 30571025]",http://purl.obolibrary.org/obo/HP_0012594
EFO_0005091,monocyte count,quantification of monocytes in the blood,http://www.ebi.ac.uk/efo/EFO_0005091
EFO_0007989,monocyte percentage of leukocytes,"A calculated measurement in which the number of monocytes in a specified sample of blood is divided by the total number of white blood cells in the sample, and the result presented as a ratio, fraction, quotient or percentage.",http://www.ebi.ac.uk/efo/EFO_0007989
MONDO_0001397,mononeuropathy,"Disease or trauma involving a single peripheral nerve in isolation, or out of proportion to evidence of diffuse peripheral nerve dysfunction. Mononeuropathy multiplex refers to a condition characterized by multiple isolated nerve injuries. Mononeuropathies may result from a wide variety of causes, including ischemia; traumatic injury; compression; connective tissue diseases; cumulative trauma disorders; and other conditions. [MESH: D020422]",http://purl.obolibrary.org/obo/MONDO_0001397
EFO_0007783,mosaic loss of chromosome Y measurement,,http://www.ebi.ac.uk/efo/EFO_0007783
MONDO_0005395,movement disorder,"Neurological conditions resulting in abnormal voluntary or involuntary movement, which may impact the speed, fluency, quality and ease of movement. [NCIT: C116757]",http://purl.obolibrary.org/obo/MONDO_0005395
EFO_1001898,mucositis,Mucositis is inflammation and damage of the mucous membranes lining the mouth and other parts of the gastrointestinal (GI) tract.,http://www.ebi.ac.uk/efo/EFO_1001898
MONDO_0000334,multinodular goiter,Nodular goiter characterized by more than one discrete tissue mass. [NCIT: C131438],http://purl.obolibrary.org/obo/MONDO_0000334
MONDO_0005301,multiple sclerosis,A progressive autoimmune disorder affecting the central nervous system resulting in demyelination. Patients develop physical and cognitive impairments that correspond with the affected nerve fibers. [NCIT: P378],http://purl.obolibrary.org/obo/MONDO_0005301
EFO_0002970,muscular disease,"A muscular disease in which the muscle fibers do not function resulting in muscular weakness. | Acquired, familial, and congenital disorders of SKELETAL MUSCLE and SMOOTH MUSCLE. | Myopathy is a peripheral nervous system disease consisting of any abnormal condition or disease of the muscular tissues; commonly designates a disorder involving skeletal muscle.",http://www.ebi.ac.uk/efo/EFO_0002970
MONDO_0005068,myocardial infarction,"Gross necrosis of the myocardium, as a result of interruption of the blood supply to the area, as in coronary thrombosis. [NCIT: C27996]",http://purl.obolibrary.org/obo/MONDO_0005068
MONDO_0024644,myocardial ischemia,"A disorder of cardiac function caused by insufficient blood flow to the muscle tissue of the heart. The decreased blood flow may be due to narrowing of the coronary arteries (coronary artery disease), to obstruction by a thrombus (coronary thrombosis), or less commonly, to diffuse narrowing of arterioles and other small vessels within the heart. Severe interruption of the blood supply to the myocardial tissue may result in necrosis of cardiac muscle (myocardial infarction). [MESH: D017202]",http://purl.obolibrary.org/obo/MONDO_0024644
HP_0000545,Myopia,"An abnormality of refraction characterized by the ability to see objects nearby clearly, while objects in the distance appear blurry.",http://purl.obolibrary.org/obo/HP_0000545
MONDO_0009718,myxedema,"A condition characterized by severe hypothyroidism that is caused by autoimmune thyroid gland disorders, surgical reduction of thyroid tissue, radiation exposure, and viral infections. Signs and symptoms include generalized fatigue, lethargy, increased body weight, pale, edematous and thickened skin, low blood pressure, constipation and cold intolerance. [NCIT: C34834]",http://purl.obolibrary.org/obo/MONDO_0009718
EFO_0009818,"nap during day, self-reported","Having a nap during the day, as reported by an individual.",http://www.ebi.ac.uk/efo/EFO_0009818
MONDO_0021107,narcolepsy,A sleep disorder characterized by a tendency for excessive sleepiness during the day which occurs even after adequate sleep in the nighttime. The persons who suffer from this condition experience fatigue and may fall asleep at inappropriate times during the day. [NCIT: C84489],http://purl.obolibrary.org/obo/MONDO_0021107
MONDO_0016158,narcolepsy-cataplexy syndrome,A type of narcolepsy characterized by excessive day-time sleepiness associated with uncontrollable sleep urges and cataplexy (loss of muscle tone often triggered by pleasant emotions). [Orphanet: 2073],http://purl.obolibrary.org/obo/MONDO_0016158
MONDO_0006314,nasal cavity polyp,A soft and painless polypoid mass that arises from the mucosa in the nasal cavity. It is usually the result of an inflammatory process. It may recur following surgical resection. [NCIT: C3256],http://purl.obolibrary.org/obo/MONDO_0006314
HP_0100582,Nasal polyposis,Polypoidal masses arising mainly from the mucous membranes of the nose and paranasal sinuses. They are freely movable and nontender overgrowths of the mucosa that frequently accompany allergic rhinitis. [PMID: 18728843],http://purl.obolibrary.org/obo/HP_0100582
MONDO_0005375,nasopharyngeal neoplasm,A benign or malignant neoplasm affecting the nasopharynx. Representative examples of benign neoplasms include angiofibroma and squamous papilloma. Representative examples of malignant neoplasms include keratinizing squamous cell carcinoma and nonkeratinizing carcinoma. [NCIT: C3257],http://purl.obolibrary.org/obo/MONDO_0005375
MONDO_0005070,neoplasm,"A benign or malignant tissue growth resulting from uncontrolled cell proliferation. Benign neoplastic cells resemble normal cells without exhibiting significant cytologic atypia, while malignant cells exhibit overt signs such as dysplastic features, atypical mitotic figures, necrosis, nuclear pleomorphism, and anaplasia. Representative examples of benign neoplasms include papillomas, cystadenomas, and lipomas; malignant neoplasms include carcinomas, sarcomas, lymphomas, and leukemias. [NCIT: C3262]",http://purl.obolibrary.org/obo/MONDO_0005070
MONDO_0001166,nephritis,Inflammation of renal tissue. [NCIT: P378],http://purl.obolibrary.org/obo/MONDO_0001166
MONDO_0008171,nephrolithiasis,The presence of a calculus in the pelvis of the kidney; this is most often composed of mineral salts and proteins. [NCIT: P378],http://purl.obolibrary.org/obo/MONDO_0008171
HP_0000112,Nephropathy,A nonspecific term referring to disease or damage of the kidneys.,http://purl.obolibrary.org/obo/HP_0000112
MONDO_0005377,nephrotic syndrome,"A collection of symptoms that include severe edema, proteinuria, and hypoalbuminemia; it is indicative of renal dysfunction. [NCIT: C34845]",http://purl.obolibrary.org/obo/MONDO_0005377
MONDO_0005071,nervous system disorder,"A non-neoplastic or neoplastic disorder that affects the brain, spinal cord, or peripheral nerves. [NCIT: C26835]",http://purl.obolibrary.org/obo/MONDO_0005071
MONDO_0005072,neuroblastoma,"Neuroblastoma (NB) is the most common solid, extracranial childhood tumor. It is an aggressive pediatric cancer that originates from neural crest tissues of the sympathetic nervous system. [PMID: 32903387]",http://purl.obolibrary.org/obo/MONDO_0005072
EFO_0004346,neuroimaging measurement,"Non-invasive methods of visualizing and measuring the CENTRAL NERVOUS SYSTEM, especially the brain, by various imaging modalities e.g. CT scan",http://www.ebi.ac.uk/efo/EFO_0004346
EFO_0004149,neuropathy,"A disorder affecting the nervous system that manifests with pain, tingling, numbness, and/or muscle weakness.",http://www.ebi.ac.uk/efo/EFO_0004149
EFO_0007660,neuroticism measurement,"Quantification of some aspect of neuroticism or neurotic behaviour, such as severity or frequency of neurotic behaviour. This is usually assessed via a standardised questionnaire.",http://www.ebi.ac.uk/efo/EFO_0007660
EFO_0004833,neutrophil count,"The number of granulocytes (polymorphonuclear leukocytes) in a specified volume of blood, usually 1 cubic millimeter.",http://www.ebi.ac.uk/efo/EFO_0004833
EFO_0007990,neutrophil percentage of leukocytes,"A calculated measurement in which the number of neutrophil granulocytes is divided by the number of all white blood cells in a specified sample of peripheral venous blood, and the result presented as a ratio, fraction, quotient or percentage. A neutrophil is, or is in the process of becoming, a granular leucocyte having a nucleus with three to five lobes connected by threads of chromatin, cytoplasm containing very fine granules, and which is readily stainable with neutral dyes.",http://www.ebi.ac.uk/efo/EFO_0007990
EFO_0008447,neutrophil-to-lymphocyte ratio,"The ratio of neutrophil count to lymphocyte count, quantified in a blood sample. Both neutrophil-to-lymphocyte ratio and platelet-to-lymphocyte ratio have been proposed as biomarkers for the diagnosis or prognostic prediction of disease.",http://www.ebi.ac.uk/efo/EFO_0008447
MONDO_0008575,nicotine dependence,Physical and psychological dependence on nicotine. [NCIT: C54203],http://purl.obolibrary.org/obo/MONDO_0008575
EFO_0007794,nicotine metabolite ratio,"quantification of the ratio of 3’-trans-hydroxycotinine to cotinine in a sample, typically in a urine or blood sample",http://www.ebi.ac.uk/efo/EFO_0007794
MONDO_0006869,nodular goiter,Goiter characterized by discrete tissue mass(es) that may or may not produce thyroid hormones. [NCIT: C131437],http://purl.obolibrary.org/obo/MONDO_0006869
EFO_0008421,non-alcoholic fatty liver disease severity measurement,"Quantification of the severity of non-alcoholic fatty liver disease, typically by a histological grading.",http://www.ebi.ac.uk/efo/EFO_0008421
EFO_0005689,non-high density lipoprotein cholesterol measurement,"The quantification of NHDL cholesterol in blood, calculated by subtracting the amount of cholesterol in the HDL fraction from total cholesterol and used as an indicator for cardiovascular disease risk",http://www.ebi.ac.uk/efo/EFO_0005689
MONDO_0018908,non-Hodgkin lymphoma,"Distinct from Hodgkin lymphoma both morphologically and biologically, non-Hodgkin lymphoma (NHL) is characterized by the absence of Reed-Sternberg cells, can occur at any age, and usually presents as a localized or generalized lymphadenopathy associated with fever and weight loss. The clinical course varies according to the morphologic type. NHL is clinically classified as indolent, aggressive, or having a variable clinical course. NHL can be of B-or T-/NK-cell lineage. [NCIT: C3211]",http://purl.obolibrary.org/obo/MONDO_0018908
EFO_0009260,non-melanoma skin carcinoma,"Any skin carcinoma that is not melanoma, with the most common types being basal cell carcinoma and squamous cell carcinoma",http://www.ebi.ac.uk/efo/EFO_0009260
EFO_0008586,Non-ST Elevation Myocardial Infarction,An electrocardiographic finding of a myocardial infarction that does not produce elevations in the ST segment of the EKG. [ NCI ],http://www.ebi.ac.uk/efo/EFO_0008586
MONDO_0001658,nontoxic goiter,Sporadic enlargement of the thyroid gland that is not associated with changes in thyroid function or malignancy. [NCIT: P378],http://purl.obolibrary.org/obo/MONDO_0001658
EFO_0007012,NSAID use measurement,quantification of some aspect of NSAID use,http://www.ebi.ac.uk/efo/EFO_0007012
OBA_2050020,nucleus accumbens volume,The volume of a nucleus accumbens. [AUTO: patterns/patterns/entity_attribute],http://purl.obolibrary.org/obo/OBA_2050020
EFO_0009800,"number of cancers, self-reported","Number of cancer occurrences in an individual, as reported by the individual.",http://www.ebi.ac.uk/efo/EFO_0009800
EFO_0009102,number of children ever born measurement,A measurement of the number of children born,http://www.ebi.ac.uk/efo/EFO_0009102
EFO_0009801,"number of non-cancer illnesses, self-reported","Number of non-cancer illness occurrences in an individual, as reported by the individual.",http://www.ebi.ac.uk/efo/EFO_0009801
EFO_0009803,"number of treatments or medications taken, self-reported","Number of treatments undergone by an individual (including medications taken), as reported by the individual.",http://www.ebi.ac.uk/efo/EFO_0009803
MONDO_0011122,obesity disorder,A disorder involving an excessive amount of body fat.,http://purl.obolibrary.org/obo/MONDO_0011122
MONDO_0007147,obstructive sleep apnea syndrome,Cessation of air flow during sleep due to upper airway obstruction. [NCIT: P378],http://purl.obolibrary.org/obo/MONDO_0007147
MONDO_0003718,occlusion precerebral artery,,http://purl.obolibrary.org/obo/MONDO_0003718
MONDO_0002236,ocular cancer,A benign or malignant neoplasm affecting the structures of the eye. [NCIT: P378],http://purl.obolibrary.org/obo/MONDO_0002236
MONDO_0019433,oligoarticular juvenile idiopathic arthritis,"Oligoarticular juvenile arthritis is the most common form of juvenile idiopathic arthritis (JIA), representing nearly 50% of cases. [Orphanet: 85410]",http://purl.obolibrary.org/obo/MONDO_0019433
EFO_0010119,omega-3 polyunsaturated fatty acid measurement,A quantification of omega-3 fatty acid in a sample.,http://www.ebi.ac.uk/efo/EFO_0010119
MONDO_0005338,open-angle glaucoma,Chronic outflow obstruction of the eye's drainage canals that can lead to increased internal eye pressure and optic nerve damage. [NCIT: P378],http://purl.obolibrary.org/obo/MONDO_0005338
MONDO_0005515,oral cavity cancer,A primary or metastatic malignant neoplasm involving the oral cavity. The majority are squamous cell carcinomas. [NCIT: C9314],http://purl.obolibrary.org/obo/MONDO_0005515
HP_0000155,Oral ulcer,"Erosion of the mucous mebrane of the mouth with local excavation of the surface, resulting from the sloughing of inflammatory necrotic tissue.",http://purl.obolibrary.org/obo/HP_0000155
MONDO_0004608,oropharynx cancer,A primary or metastatic malignant neoplasm that affects the oropharynx. [NCIT: C7398],http://purl.obolibrary.org/obo/MONDO_0004608
MONDO_0005178,osteoarthritis,"A noninflammatory degenerative joint disease occurring chiefly in older persons, characterized by degeneration of the articular cartilage, hypertrophy of bone at the margins and changes in the synovial membrane. It is accompanied by pain and stiffness, particularly after prolonged activity. [NCIT: C3293]",http://purl.obolibrary.org/obo/MONDO_0005178
MONDO_0006629,"osteoarthritis, hip","Noninflammatory degenerative disease of the hip joint which usually appears in late middle or old age. It is characterized by growth or maturational disturbances in the femoral neck and head, as well as acetabular dysplasia. A dominant symptom is pain on weight-bearing or motion. [MESH: D015207]",http://purl.obolibrary.org/obo/MONDO_0006629
MONDO_0005416,"osteoarthritis, knee","Noninflammatory degenerative disease of the knee joint consisting of three large categories: conditions that block normal synchronous movement, conditions that produce abnormal pathways of motion, and conditions that cause stress concentration resulting in changes to articular cartilage. (Crenshaw, Campbell's Operative Orthopaedics, 8th ed, p2019) [MESH: D020370]",http://purl.obolibrary.org/obo/MONDO_0005416
MONDO_0005298,osteoporosis,"A condition of reduced bone mass, with decreased cortical thickness and a decrease in the number and size of the trabeculae of cancellous bone (but normal chemical composition), resulting in increased fracture incidence. Osteoporosis is classified as primary (Type 1, postmenopausal osteoporosis; Type 2, age-associated osteoporosis; and idiopathic, which can affect juveniles, premenopausal women, and middle-aged men) and secondary osteoporosis (which results from an identifiable cause of bone mass loss). [NCIT: C3298]",http://purl.obolibrary.org/obo/MONDO_0005298
MONDO_0005441,otitis media,"Inflammation of the anatomical structures of the middle ear, which is most often caused by an infectious process. Symptoms include erythema and edema of the tympanic membrane, pain, and possibly fever. [NCIT: C34885]",http://purl.obolibrary.org/obo/MONDO_0005441
MONDO_0005349,otosclerosis,"Formation of spongy bone in the labyrinth capsule which can progress toward the stapes (stapedial fixation) or anteriorly toward the cochlea leading to conductive, sensorineural, or mixed hearing loss. Several genes are associated with familial otosclerosis with varied clinical signs. [MESH: D010040]",http://purl.obolibrary.org/obo/MONDO_0005349
EFO_0006951,ototoxicity,"damage to the ear, specifically the cochlea or auditory nerve as a result of some toxic stimulus, eg from a drug. Ototoxicity can result in hearing loss.",http://www.ebi.ac.uk/efo/EFO_0006951
MONDO_0005140,ovarian carcinoma,"A malignant neoplasm originating from the surface ovarian epithelium. It accounts for the greatest number of deaths from malignancies of the female genital tract and is the fifth leading cause of cancer fatalities in women. It is predominantly a disease of older white women of northern European extraction, but it is seen in all ages and ethnic groups. Adenocarcinomas constitute the vast majority of ovarian carcinomas. The pattern of metastatic spread in ovarian carcinoma is similar regardless of the microscopic type. The most common sites of involvement are the contralateral ovary, peritoneal cavity, para-aortic and pelvic lymph nodes, and liver. Lung and pleura are the most common sites of extra-abdominal spread. The primary form of therapy is surgical. The overall prognosis of ovarian carcinoma remains poor, a direct result of its rapid growth rate and the lack of early symptoms. --2002 [NCIT: C4908]",http://purl.obolibrary.org/obo/MONDO_0005140
MONDO_0005558,ovarian disorder,A disease involving the ovary.,http://purl.obolibrary.org/obo/MONDO_0005558
MONDO_0021068,ovarian neoplasm,"A benign, borderline, or malignant neoplasm involving the ovary. [NCIT: C4984]",http://purl.obolibrary.org/obo/MONDO_0021068
EFO_1001516,ovarian serous carcinoma,serous carcinoma located in the ovary,http://www.ebi.ac.uk/efo/EFO_1001516
MONDO_0003916,overnutrition,"An imbalanced nutritional status resulting from excessive intake of nutrients. Generally, overnutrition generates an energy imbalance between food consumption and energy expenditure leading to disorders such as obesity. [MESH: D044343]",http://purl.obolibrary.org/obo/MONDO_0003916
EFO_0005935,overweight body mass index status,quantification of weight/height relationships above a certain threshold that classes an individual as overweight. This threshold may vary based on an individual's ethnicity but is commonly considered to correspond in European populations to a 25<BMI<30,http://www.ebi.ac.uk/efo/EFO_0005935
MONDO_0001332,palindromic rheumatism,A syndrome that involves sudden and rapidly developing attacks of arthritis with a remission period that results in no joint damage or symptoms. [DOID: 1166],http://purl.obolibrary.org/obo/MONDO_0001332
OBA_2050027,pallidum volume,The volume of a pallidum. [AUTO: patterns/patterns/entity_attribute],http://purl.obolibrary.org/obo/OBA_2050027
MONDO_0002356,pancreas disorder,"A non-neoplastic or neoplastic disorder that affects the pancreas. Representative examples of non-neoplastic disorders include pancreatitis and pancreatic insufficiency. Representative examples of neoplastic disorders include cystadenomas, carcinomas, lymphomas, and neuroendocrine neoplasms. [NCIT: C26842]",http://purl.obolibrary.org/obo/MONDO_0002356
MONDO_0005184,pancreatic ductal adenocarcinoma,"An infiltrating adenocarcinoma that arises from the epithelial cells of the pancreas. It affects males more often than females and the patients are usually over 50 years of age. Microscopically it is characterized by the presence of glandular (ductal) differentiation and desmoplastic stroma formation. Signs and symptoms include pain, loss of weight, and jaundice. It grows rapidly and is usually detected after it has metastasized to other anatomic sites. The prognosis is usually poor. [NCIT: C9120]",http://purl.obolibrary.org/obo/MONDO_0005184
MONDO_0021040,pancreatic neoplasm,A benign or malignant neoplasm involving the pancreas. [NCIT: C3305],http://purl.obolibrary.org/obo/MONDO_0021040
HP_0025234,Parasomnia,"A clinically observable or self-reported abnormal behavior, experience, or physiological event that occurs in association with sleep, specific sleep stages, or sleep-wake transitions. [PMID: 22965264] [PMID: 35956054] [PMID: 40132982]",http://purl.obolibrary.org/obo/HP_0025234
OBA_2050005,parasubiculum volume,The volume of a parasubiculum. [AUTO: patterns/patterns/entity_attribute],http://purl.obolibrary.org/obo/OBA_2050005
MONDO_0005180,Parkinson disease,"A progressive degenerative disorder of the central nervous system characterized by loss of dopamine producing neurons in the substantia nigra and the presence of Lewy bodies in the substantia nigra and locus coeruleus. Signs and symptoms include tremor which is most pronounced during rest, muscle rigidity, slowing of the voluntary movements, a tendency to fall back, and a mask-like facial expression. [NCIT: P378]",http://purl.obolibrary.org/obo/MONDO_0005180
HP_0004757,Paroxysmal atrial fibrillation,Episodes of atrial fibrillation that typically last for several hours up to one day and terminate spontaneously. [PMID: 30571060],http://purl.obolibrary.org/obo/HP_0004757
EFO_0009493,paroxysmal tachycardia,A form of tachycardia which begins and ends in an acute (or paroxysmal) manner.,http://www.ebi.ac.uk/efo/EFO_0009493
EFO_0009718,peak expiratory flow,"The maximum rate of gas flow, beginning at the point of peak inspiratory capacity, that can be sustained during forced exhalation for a defined period of time. This test is most often used in combination with other studies of lung function to diagnose and monitor obstructive and restrictive lung disease(s). [ NCI ] | The maximum rate of gas flow, beginning at the point of peak inspiratory capacity, that can be sustained during forced exhalation for a defined period of time.",http://www.ebi.ac.uk/efo/EFO_0009718
MONDO_0000082,pelvic organ prolapse,"Abnormal descent of a pelvic organ resulting in the protrusion of the organ beyond its normal anatomical confines. Symptoms often include vaginal discomfort, dyspareunia; urinary stress incontinence; and fecal incontinence. [MESH: D056887]",http://purl.obolibrary.org/obo/MONDO_0000082
MONDO_0002036,penile disorder,"A non-neoplastic or neoplastic disorder that affects the penis. Representative examples of non-neoplastic disorders include phimosis, balanitis, and hypospadias. Representative examples of neoplastic disorders include hemangioma, penile intraepithelial neoplasia, and penile carcinoma. [NCIT: P378]",http://purl.obolibrary.org/obo/MONDO_0002036
HP_0004398,Peptic ulcer,"The term peptic ulcer refers to acid peptic injury of the digestive tract, resulting in mucosal break reaching the submucosa. Peptic ulcers are usually located in the stomach or proximal duodenum, but they can also be found in the esophagus or Meckel's diverticulum. Infection with Helicobacter pylori and the use of non steroidal antiinflammatory drugs (NSAIDs) or aspirin are the main risk factors of both gastric and duodenal peptic ulcers. [PMID: 28242110]",http://purl.obolibrary.org/obo/HP_0004398
MONDO_0004247,peptic ulcer disease,A digestive system disease characterized by discontinuation in the inner lining of the gastrointestinal (GI) tract because of gastric acid secretion or pepsin.,http://purl.obolibrary.org/obo/MONDO_0004247
MONDO_0005386,peripheral arterial disease,"A disorder of the arteries supplying the upper and lower extremity and the visceral organs. This includes the mesenteric arteries, the renal arteries and the aorta and excludes cerebrovascular arterial disease. Patients experience cramping and pain usually in the calves and thighs while walking. The symptoms subside with rest. [NCIT: C84496]",http://purl.obolibrary.org/obo/MONDO_0005386
MONDO_0003620,peripheral nervous system disorder,A disease involving the peripheral nervous system.,http://purl.obolibrary.org/obo/MONDO_0003620
MONDO_0005294,peripheral vascular disease,Any disorder affecting blood flow through the veins or arteries outside of the heart. [NCIT: C35136],http://purl.obolibrary.org/obo/MONDO_0005294
MONDO_0002258,pharyngitis,"Inflammation of the throat most often caused by viral and bacterial infections. Other causes include allergens, chemical substances, and trauma. [NCIT: C26851]",http://purl.obolibrary.org/obo/MONDO_0002258
MONDO_0005517,pharynx cancer,A primary or metastatic malignant neoplasm that affects the pharynx. [NCIT: C7545],http://purl.obolibrary.org/obo/MONDO_0005517
MONDO_0004625,phlebitis,Inflammation of a vein. [NCIT: P378],http://purl.obolibrary.org/obo/MONDO_0004625
EFO_0010968,phosphate measurement,Quantification of phosphate levels in a sample.,http://www.ebi.ac.uk/efo/EFO_0010968
EFO_0008002,physical activity measurement,quantification of some aspect of physical activity such as frequency or intensity,http://www.ebi.ac.uk/efo/EFO_0008002
MONDO_0009693,plasma cell myeloma,"A bone marrow-based plasma cell neoplasm characterized by a serum monoclonal protein and skeletal destruction with osteolytic lesions, pathological fractures, bone pain, hypercalcemia, and anemia. Clinical variants include non-secretory myeloma, smoldering myeloma, indolent myeloma, and plasma cell leukemia. (WHO, 2001) [NCIT: C3242]",http://purl.obolibrary.org/obo/MONDO_0009693
EFO_0007984,platelet component distribution width,Measure of variation in platelet size. | The determination of the amount of platelet shape changes present in a sample. [ NCI ],http://www.ebi.ac.uk/efo/EFO_0007984
EFO_0004309,platelet count,The number of PLATELETS per unit volume in a sample of venous BLOOD.,http://www.ebi.ac.uk/efo/EFO_0004309
EFO_0007985,platelet crit,"The proportion of blood volume that is occupied by platelets, expressed as a percentage.",http://www.ebi.ac.uk/efo/EFO_0007985
OBA_0003277,platelet volume,The volume of a platelet. [AUTO: patterns/patterns/entity_attribute],http://purl.obolibrary.org/obo/OBA_0003277
MONDO_0005249,pneumonia,"An acute, acute and chronic, or chronic inflammation focally or diffusely affecting the lung parenchyma, caused by an infection in one or both of the lungs (by bacteria, viruses, fungi, or mycoplasma.). Symptoms include cough, shortness of breath, fevers, chills, chest pain, headache, sweating, and weakness. [NCIT: P378]",http://purl.obolibrary.org/obo/MONDO_0005249
MONDO_0019735,polymyalgia rheumatica,"A syndrome characterized by pain, stiffness, and tenderness of the proximal muscle groups including the shoulder, pelvic girdle and the neck. There is no muscle atrophy and muscle biopsies do not reveal pathologic changes. Additional signs and symptoms include low grade fever, fatigue and depression. [NCIT: P378]",http://purl.obolibrary.org/obo/MONDO_0019735
EFO_0010907,polyomavirus 2 seropositivity,The result of a measurement of circulating polyomavirus 2-specific antibodies.,http://www.ebi.ac.uk/efo/EFO_0010907
MONDO_0021400,polyp of colon,A polyp that involves the colon. [MONDO: patterns/location],http://purl.obolibrary.org/obo/MONDO_0021400
MONDO_0021398,polyp of rectum,A polyp that involves the rectum. [MONDO: patterns/location],http://purl.obolibrary.org/obo/MONDO_0021398
EFO_0010733,polyunsaturated fatty acid measurement,The determination of the amount of polyunsaturated fatty acids present in a sample.,http://www.ebi.ac.uk/efo/EFO_0010733
HP_0000103,Polyuria,An increased rate of urine production.,http://purl.obolibrary.org/obo/HP_0000103
MONDO_0037821,porphyrin metabolism disease,A disease that has its basis in the disruption of porphyrin-containing compound metabolic process. [MONDO: patterns/basis_in_disruption_of_process],http://purl.obolibrary.org/obo/MONDO_0037821
MONDO_0005146,post-traumatic stress disorder,An anxiety disorder precipitated by an experience of intense fear or horror while exposed to a traumatic (especially life-threatening) event. The disorder is characterized by intrusive recurring thoughts or images of the traumatic event; avoidance of anything associated with the event; a state of hyperarousal and diminished emotional responsiveness. These symptoms are present for at least one month and the disorder is usually long-term. [NCIT: P378],http://purl.obolibrary.org/obo/MONDO_0005146
EFO_0600085,PP interval,An interval measured from the onset of the P wave in one PQRST wave complex to the onset of the P wave in the following PQRST wave complex.,http://www.ebi.ac.uk/efo/EFO_0600085
MONDO_0005081,preeclampsia,"Preeclampsia is a hypertensive disorder of pregnancy that is characterized by new-onset hypertension with proteinuria presenting after 20 weeks of gestation, and depending on mild or severe forms may initially present with severe headache, visual disturbances, and hyperreflexia. [Orphanet: 275555]",http://purl.obolibrary.org/obo/MONDO_0005081
HP_0006699,Premature atrial contractions,A type of cardiac arrhythmia with premature atrial contractions or beats caused by signals originating from ectopic atrial sites.,http://purl.obolibrary.org/obo/HP_0006699
MONDO_0043765,presbycusis,"Bilateral hearing loss caused by progressive degeneration of cochlear structures and central auditory pathways, typically associated with the aging process. [NCIT: C116367]",http://purl.obolibrary.org/obo/MONDO_0043765
OBA_2050049,presubiculum volume,The volume of a presubiculum. [AUTO: patterns/patterns/entity_attribute],http://purl.obolibrary.org/obo/OBA_2050049
EFO_0004462,PR interval,A PR interval is an  electrocardiography measurement which measures from the beginning of the P wave to the beginning of the QRS complex in the heart's electrical cycle,http://www.ebi.ac.uk/efo/EFO_0004462
EFO_0010814,proinsulin measurement,"Measurement of proinsulin, an insulin precursor that is processed into mature insulin and C-peptide.",http://www.ebi.ac.uk/efo/EFO_0010814
MONDO_0001592,prolapse of female genital organ,,http://purl.obolibrary.org/obo/MONDO_0001592
MONDO_0005082,prostate adenocarcinoma,A carcinoma that arises from glandular epithelial cells of the prostate gland,http://purl.obolibrary.org/obo/MONDO_0005082
MONDO_0008315,prostate cancer,A primary or metastatic malignant tumor involving the prostate gland. The vast majority are carcinomas. [NCIT: C7378],http://purl.obolibrary.org/obo/MONDO_0008315
MONDO_0005159,prostate carcinoma,A carcinoma that arises from epithelial cells of the prostate gland.,http://purl.obolibrary.org/obo/MONDO_0005159
MONDO_0003105,prostate disorder,A disease involving the prostate gland.,http://purl.obolibrary.org/obo/MONDO_0003105
OBA_2050200,prostate specific antigen amount,The amount of a prostate-specific antigen when measured in anatomical entity. [AUTO: patterns/patterns/entity_attribute_location],http://purl.obolibrary.org/obo/OBA_2050200
MONDO_0026045,prurigo nodularis,"Prurigonodularis (PN) is a skin disease in which hard crusty lumps are formed on the skin that itches intensely. Repetitive rubbing, scratching, and touching results in more lesions in the skin. The itching is so intense that people scratch themselves to the point of bleeding or pain. The lumps formed in the skin are hard, and have about a half inch across, with a dry and rough top that is often scratched open. They tend to be located in the areas most easily reached and are worse on the outer sides: arms, shoulders and legs. The trunk, face and even palms can also be affected. The exact cause is unknown but some factors triggering PN include liver and kidneys problems, nervous and mental conditions and other skin diseases. Prurigo nodulares, in some cases, can be seen in other diseases such as lymphoma, chronic autoimmune cholestatic hepatitis, HIV infection, severe anemia,or a chronic kidney disease-related itching known as uremic pruritus. Treatment is very difficult, and may include corticoids, antihistaminic and other medication such as thalidomide and similar (Lenalidomide). In some cases, cryotherapy, photochemotherapy and habit reversal therapy for the itch-scratch cycle has improved the symptoms. PN can last for many years, and the itching is so intense that may affect all the everyday activities. [GARD: 0007480]",http://purl.obolibrary.org/obo/MONDO_0026045
MONDO_0005083,psoriasis,"An autoimmune condition characterized by red, well-delineated plaques with silvery scales that are usually on the extensor surfaces and scalp. They can occasionally present with these manifestations: pustules; erythema and scaling in intertriginous areas, and erythroderma, that are often distributed on extensor surfaces and scalp. [NCIT: P378]",http://purl.obolibrary.org/obo/MONDO_0005083
EFO_1001494,psoriasis vulgaris,"Plaque psoriasis is the most common presentation of psoriasis. It presents as small to large, well demarcated, red, scaly and thickened areas of skin. It most likely to affect elbows, knees, and lower back but may arise on any part of the body.",http://www.ebi.ac.uk/efo/EFO_1001494
MONDO_0011849,psoriatic arthritis,Joint inflammation associated with psoriasis. [NCIT: P378],http://purl.obolibrary.org/obo/MONDO_0011849
MONDO_0005279,pulmonary embolism,"The obstruction of the pulmonary artery or one of its branches by an embolus, sometimes associated with infarction of the lung. [NCIT: P378]",http://purl.obolibrary.org/obo/MONDO_0005279
MONDO_0004849,pulmonary emphysema,"A subcategory of chronic obstructive pulmonary disease (COPD). It occurs in people who smoke and suffer from chronic bronchitis. It is characterized by inflation of the alveoli, alveolar wall damage, and reduction in the number of alveoli, resulting in difficulty breathing. [NCIT: C3348]",http://purl.obolibrary.org/obo/MONDO_0004849
MONDO_0002771,pulmonary fibrosis,"Chronic progressive interstitial lung disorder characterized by the replacement of the lung tissue by connective tissue, leading to progressive dyspnea, respiratory failure, or right heart failure. Causes include chronic inflammatory processes, exposure to environmental irritants, radiation therapy, autoimmune disorders, certain drugs, or it may be idiopathic (no identifiable cause). [NCIT: P378]",http://purl.obolibrary.org/obo/MONDO_0002771
EFO_0005763,pulse pressure measurement,"quantification of the difference between systolic blood pressure and diastolic blood pressure. Higher PP is associated with left ventricle hypertrophy and the increased intimal thickness of the carotid artery, which represent early target organ damage in cardiovascular diseases",http://www.ebi.ac.uk/efo/EFO_0005763
OBA_2050016,putamen volume,The volume of a putamen. [AUTO: patterns/patterns/entity_attribute],http://purl.obolibrary.org/obo/OBA_2050016
EFO_0005094,P wave duration,"measurement of the time from start to finish of the P wave, in the electrocardiograph illustrating the initial deflection of the cardiac cycle, representing the excitation of the atria.",http://www.ebi.ac.uk/efo/EFO_0005094
OBA_1001086,QRS duration,,http://purl.obolibrary.org/obo/OBA_1001086
EFO_0004682,QT interval,The QT interval is a measure of the time between the start of the Q wave and the end of the T wave in the heart's electrical cycle,http://www.ebi.ac.uk/efo/EFO_0004682
MONDO_0005325,radius fracture,Traumatic or pathological injury to the radius bone in which the continuity of the bone is broken. [EFO: 0003957],http://purl.obolibrary.org/obo/MONDO_0005325
MONDO_0017376,reactive arthritis,"Reactive arthritis (ReA) is an autoimmune disorder belonging to the group of seronegative spondyloarthropathies and is characterized by the classic triad of arthritis, urethritis and conjunctivitis. [Orphanet: 29207]",http://purl.obolibrary.org/obo/MONDO_0017376
HP_0005224,Rectal abscess,A collection of pus in the area of the rectum.,http://purl.obolibrary.org/obo/HP_0005224
MONDO_0006519,rectal cancer,"A primary or metastatic malignant neoplasm that affects the rectum. Representative examples include carcinoma, lymphoma, and sarcoma. [NCIT: C7418]",http://purl.obolibrary.org/obo/MONDO_0006519
MONDO_0002423,rectosigmoid junction neoplasm,"A benign or malignant neoplasm that affects the rectosigmoid region. Representative examples of benign neoplasms include lipoma and leiomyoma. Representative examples of malignant neoplasms include carcinoma, lymphoma, and sarcoma. Rectosigmoid adenomas always exhibit epithelial dysplasia and are considered premalignant neoplasms. [NCIT: C4877]",http://purl.obolibrary.org/obo/MONDO_0002423
EFO_0010246,recurrent,Episodes of disease that occur in individuals who have already had the disease.,http://www.ebi.ac.uk/efo/EFO_0010246
EFO_0009188,Red cell distribution width,"Red blood cell distribution width (RDW or RDW-CV or RCDW and RDW-SD) is a measure of the range of variation of red blood cell (RBC) volume that is reported as part of a standard complete blood count. Usually red blood cells are a standard size of about 6-8 μm in diameter. Certain disorders, however, cause a significant variation in cell size. Higher RDW values indicate greater variation in size. Normal reference range of RDW-CV in human red blood cells is 11.5-14.5%.[1] If anemia is observed, RDW test results are often used together with mean corpuscular volume (MCV) results to determine the possible causes of the anemia. It is mainly used to differentiate an anemia of mixed causes from an anemia of a single cause.",http://www.ebi.ac.uk/efo/EFO_0009188
EFO_0007814,refractive error measurement,"quantification of some aspect of refractive errors, which occur when the shape of the eye prevents light from focusing directly on the retina. The length of the eyeball (longer or shorter), changes in the shape of the cornea, or aging of the lens can cause refractive errors. Quantification of an individual's refractive error allows the establishemnt of a number of corrective parameters such as spherical equivalent, lens decentration and transposition",http://www.ebi.ac.uk/efo/EFO_0007814
MONDO_0005937,REM sleep behavior disorder,"A disorder characterized by episodes of vigorous and often violent motor activity during rem sleep (sleep, rem). The affected individual may inflict self injury or harm others, and is difficult to awaken from this condition. Episodes are usually followed by a vivid recollection of a dream that is consistent with the aggressive behavior. This condition primarily affects adult males. (From Adams et al., Principles of Neurology, 6th ed, p393) [MESH: D020187]",http://purl.obolibrary.org/obo/MONDO_0005937
MONDO_0005206,renal carcinoma,"A carcinoma arising from the epithelium of the renal parenchyma or the renal pelvis. The majority are renal cell carcinomas. Kidney carcinomas usually affect middle aged and elderly adults. Hematuria, abdominal pain, and a palpable mass are common symptoms. [NCIT: C9384]",http://purl.obolibrary.org/obo/MONDO_0005206
MONDO_0005086,renal cell carcinoma,A carcinoma that arises from glandular epithelial cells of the kidney,http://purl.obolibrary.org/obo/MONDO_0005086
EFO_0005199,renal transplant outcome measurement,quantification of the outcome of a kidney transplant,http://www.ebi.ac.uk/efo/EFO_0005199
OBA_2050117,reproductive behavior trait,The quality of a reproductive behavior. [obo: oba/patterns/entity_attribute_part_of],http://purl.obolibrary.org/obo/OBA_2050117
MONDO_0000376,respiratory system cancer,A malignant neoplasm involving the respiratory system,http://purl.obolibrary.org/obo/MONDO_0000376
MONDO_0005087,respiratory system disorder,"A non-neoplastic or neoplastic disorder that affects the respiratory system. Representative examples include pneumonia, chronic obstructive pulmonary disease, pulmonary failure, lung adenoma, lung carcinoma, and tracheal carcinoma. [NCIT: C26871]",http://purl.obolibrary.org/obo/MONDO_0005087
MONDO_0024355,respiratory tract infectious disorder,"Invasion of the host RESPIRATORY SYSTEM by microorganisms, usually leading to pathological processes or diseases. [MESH: D012141]",http://purl.obolibrary.org/obo/MONDO_0024355
EFO_0007766,response to beta blocker,"Any process that results in a change in state or activity of a cell or an organism (in terms of movement, secretion, enzyme production, gene expression, etc.) as a result of a beta blocker stimulus",http://www.ebi.ac.uk/efo/EFO_0007766
GO_0097366,response to bronchodilator,"Any process that results in a change in state or activity of a cell or an organism (in terms of movement, secretion, enzyme production, gene expression, etc.) as a result of a bronchodilator stimulus. A bronchodilator is a chemical that causes an increase in the expansion of a bronchus or bronchial tubes. [GOC: hp]",http://purl.obolibrary.org/obo/GO_0097366
GO_0072718,response to cisplatin,"Any process that results in a change in state or activity of a cell or an organism (in terms of movement, secretion, enzyme production, gene expression, etc.) as a result of a cisplatin stimulus. [GOC: mah]",http://purl.obolibrary.org/obo/GO_0072718
GO_0009314,response to radiation,"Any process that results in a change in state or activity of a cell or an organism (in terms of movement, secretion, enzyme production, gene expression, etc.) as a result of an electromagnetic radiation stimulus. Electromagnetic radiation is a propagating wave in space with electric and magnetic components. These components oscillate at right angles to each other and to the direction of propagation. [GOC: jl] [Wikipedia: Electromagnetic_radiation]",http://purl.obolibrary.org/obo/GO_0009314
GO_0036273,response to statin,"Any process that results in a change in state or activity of a cell or an organism (in terms of movement, secretion, enzyme production, gene expression, etc.) as a result of a statin stimulus. Statins are organooxygen compounds whose structure is related to compactin (mevastatin) and which may be used as an anticholesteremic drug due its EC:1.1.1.34/EC:1.1.1.88 (hydroxymethylglutaryl-CoA reductase) inhibitory properties. [GOC: hp]",http://purl.obolibrary.org/obo/GO_0036273
OBA_0002272,reticulocyte amount,The amount of a reticulocyte. [AUTO: patterns/patterns/entity_attribute],http://purl.obolibrary.org/obo/OBA_0002272
EFO_0007986,reticulocyte count,The number of reticulocytes per unit volume of blood. Reticulocytes are immature red blood cells and typically compose aoubt 1% of red blood cells in the human body.,http://www.ebi.ac.uk/efo/EFO_0007986
EFO_0010698,retinal break,"Retinal breaks are full-thickness discontinuities in the retina. They can be classified into tears, such as horseshoe tears and giant retinal tears, or holes, such as operculated holes and atrophic holes.",http://www.ebi.ac.uk/efo/EFO_0010698
MONDO_0004580,retinal degeneration,Degeneration of the retina. [NCIT: C34979],http://purl.obolibrary.org/obo/MONDO_0004580
MONDO_0008375,retinal detachment,"An eye emergency condition which may lead to blindness if left untreated. It is characterized by the separation of the inner retina layers from the underlying pigment epithelium. Causes include trauma, advanced diabetes mellitus, high myopia, and choroid tumors. Symptoms include sudden appearance of floaters, sudden light flushes, and blurred vision. [NCIT: P378]",http://purl.obolibrary.org/obo/MONDO_0008375
MONDO_0005283,retinal disorder,Any disease or disorder of the retina. [NCIT: C62601],http://purl.obolibrary.org/obo/MONDO_0005283
MONDO_0005554,rheumatic disorder,"Inflammatory and degenerative diseases of connective tissue structures, such as arthritis. [NCIT: C27204]",http://purl.obolibrary.org/obo/MONDO_0005554
MONDO_0008383,rheumatoid arthritis,"A chronic, systemic autoimmune disorder characterized by inflammation in the synovial membranes and articular surfaces. It manifests primarily as a symmetric, erosive polyarthritis that spares the axial skeleton and is typically associated with the presence in the serum of rheumatoid factor. [NCIT: C2884]",http://purl.obolibrary.org/obo/MONDO_0008383
EFO_0005767,rheumatoid factor measurement,"quantification of rheumatoid factors, antibodies in the serum of individuals with rheumatoid arthritis that react with antigenic determinants or immunoglobulins that enhance agglutination of suspended particles coated with pooled human gamma -globulin. Rheumatoid factors also occur in other autoimmune and certain infectious diseases.",http://www.ebi.ac.uk/efo/EFO_0005767
MONDO_0019432,rheumatoid factor-negative juvenile idiopathic arthritis,Rheumatoid factor-negative polyarthritis is a term used to describe a group of poorly defined heterogenous conditions that incorporates forms of rheumatoid factor-negative polyarthritis and forms of oligoarticular arthritis that become extensive in less than 6 months after onset. [Orphanet: 85408],http://purl.obolibrary.org/obo/MONDO_0019432
MONDO_0006953,Rh isoimmunization,The mother develops antibodies against red blood cell Rhesus antigens. This may lead to potential fetal adverse outcomes such as anemia. [NCIT: P378],http://purl.obolibrary.org/obo/MONDO_0006953
EFO_0008579,risk-taking behaviour,"The tendency to take risks. Risk-taking behaviour is a characteristic of several psychiatric disorders such as ADHD and bipolar disorder, as well as problem behaviours such as smoking and drug abuse.",http://www.ebi.ac.uk/efo/EFO_0008579
EFO_0004831,RR interval,A RR interval is an  electrocardiography measurement  - R wave to R wave interval (RR interval) and is the inverse of the heart rate.,http://www.ebi.ac.uk/efo/EFO_0004831
MONDO_0019338,sarcoidosis,Sarcoidosis is a multisystemic disorder of unknown cause characterized by the formation of immune granulomas in involved organs. [Orphanet: 797],http://purl.obolibrary.org/obo/MONDO_0019338
MONDO_0005090,schizophrenia,"A major psychotic disorder characterized by abnormalities in the perception or expression of reality. It affects the cognitive and psychomotor functions. Common clinical signs and symptoms include delusions, hallucinations, disorganized thinking, and retreat from reality. [NCIT: P378]",http://purl.obolibrary.org/obo/MONDO_0005090
HP_0011868,Sciatica,Pain in the lower back and hip radiating in the distribution of the sciatic nerve. [PMID: 17872935],http://purl.obolibrary.org/obo/HP_0011868
MONDO_0005324,seasonal allergic rhinitis,Allergic rhinitis caused by outdoor allergens. [NCIT: C92188],http://purl.obolibrary.org/obo/MONDO_0005324
MONDO_0006607,sebaceous gland disorder,A disease involving the sebaceous gland.,http://purl.obolibrary.org/obo/MONDO_0006607
MONDO_0008420,seborrheic keratosis,"A common benign skin neoplasm usually affecting older individuals. The lesions usually are multiple and arise in the face, chest, and shoulders. They appear as black or brown, slightly elevated skin lesions. [NCIT: P378]",http://purl.obolibrary.org/obo/MONDO_0008420
MONDO_0024881,secondary malignant neoplasm,"A malignant neoplasm that arises from a pre-existing lower grade lesion, or as a result of a primary lesion that has spread to secondary sites, or due to a complication of a cancer treatment. [NCIT: C4968]",http://purl.obolibrary.org/obo/MONDO_0024881
EFO_0009820,"seeing a general practitioner for nerves, anxiety, tension or depression, self-reported","Seeing a general practitioner for nerves, anxiety, tension or depression, as reported by an individual.",http://www.ebi.ac.uk/efo/EFO_0009820
EFO_0009821,"seeing a psychiatrist for nerves, anxiety, tension or depression, self-reported","Seeing a psychiatrist for nerves, anxiety, tension or depression, as reported by an individual.",http://www.ebi.ac.uk/efo/EFO_0009821
HP_0100716,Self-injurious behavior,Self-aggression.,http://purl.obolibrary.org/obo/HP_0100716
EFO_0009799,self-reported trait,"Characteristics of an individual that are reported by the individual, usually to medical staff, including via questionnaires, rather than observed or measured directly by medical staff.",http://www.ebi.ac.uk/efo/EFO_0009799
MONDO_0020678,sensorineural hearing loss disorder,Hearing loss in which the root cause lies in the inner ear or sensory organ (cochlea and associated structures) or the vestibulocochlear nerve (cranial nerve VIII). [Wikipedia: Sensorineural_hearing_loss],http://purl.obolibrary.org/obo/MONDO_0020678
OBA_2050062,serum alanine aminotransferase amount,The amount of a alanine aminotransferase when measured in blood serum. [AUTO: patterns/patterns/entity_attribute_location],http://purl.obolibrary.org/obo/OBA_2050062
OBA_2050068,serum albumin amount,The amount of a albumin when measured in blood serum. [AUTO: patterns/patterns/entity_attribute_location],http://purl.obolibrary.org/obo/OBA_2050068
OBA_2050096,serum creatinine amount,The amount of a creatinine when measured in blood serum. [AUTO: patterns/patterns/entity_attribute_location],http://purl.obolibrary.org/obo/OBA_2050096
EFO_0004532,serum gamma-glutamyl transferase measurement,Serum gamma-glutamyl transferase level measurement is the quantification of gamma-glutamyl transferase in blood. Gamma-glutamyl transferase is used as a marker for liver/bile duct problems and alcohol abuse.,http://www.ebi.ac.uk/efo/EFO_0004532
OBA_2050084,serum IgE amount,"The amount of a IgE immunoglobulin complex, circulating when measured in blood serum. [AUTO: patterns/patterns/entity_attribute_location]",http://purl.obolibrary.org/obo/OBA_2050084
OBA_2050065,serum urea amount,The amount of a urea when measured in blood serum. [AUTO: patterns/patterns/entity_attribute_location],http://purl.obolibrary.org/obo/OBA_2050065
PR_000014836,sex hormone-binding globulin,A protein that is a translation product of the human SHBG gene or a 1:1 ortholog thereof. [PRO: DNx],http://purl.obolibrary.org/obo/PR_000014836
EFO_0004696,sex hormone-binding globulin measurement,"Is a quantification of sex hormone binding globulin. In men the test is used in when investigating testosterone deficiency.  The SHBG glycoprotein binds to circulating estradiol and testosterone, low levels of SHBG may be implicated in breast cancer etiology.",http://www.ebi.ac.uk/efo/EFO_0004696
EFO_0004807,short sleep,Is a quantification of sleep time in humans where average sleep time was less than five hours.,http://www.ebi.ac.uk/efo/EFO_0004807
EFO_0003765,sign or symptom,"Clinical manifestations that can be either objective when observed by a physician, or subjective when perceived by the patient. | Objective evidence of disease perceptible to the examining physician (sign) and subjective evidence of disease perceived by the patient (symptom).",http://www.ebi.ac.uk/efo/EFO_0003765
EFO_0008619,Simple Cyst of Kidney,A homogenous cyst located in the kidney. [ NCI NICHD ],http://www.ebi.ac.uk/efo/EFO_0008619
EFO_0011011,sitting height measurement,"Quantification of some aspect of height, when assuming a sitting position.",http://www.ebi.ac.uk/efo/EFO_0011011
MONDO_0010030,Sjogren syndrome,"An autoimmune disorder in which immune cells attack and destroy the glands that produce tears and saliva. Sjögren syndrome is also associated with rheumatic disorders such as rheumatoid arthritis or systemic lupus erythematosus. The hallmark symptoms of Sjögren syndrome are dry mouth and dry eyes. In addition, Sjogren syndrome may cause skin, nose, and vaginal dryness. It also may affect other organs of the body including the kidneys, blood vessels, lungs, liver, pancreas, and brain",http://purl.obolibrary.org/obo/MONDO_0010030
EFO_0005422,skin aging,"The gradual irreversible changes in structure of skin that occur as a result of the passage of time.. In humans, skin aging can be precipitated as a result of weather and sun exposure, and expresses through the appearance of wrinkles and localised changes in skin pigmentation",http://www.ebi.ac.uk/efo/EFO_0005422
MONDO_0002898,skin cancer,A malignant neoplasm involving the zone of skin,http://purl.obolibrary.org/obo/MONDO_0002898
MONDO_0002656,skin carcinoma,A carcinoma that arises from epithelial cells of the zone of skin,http://purl.obolibrary.org/obo/MONDO_0002656
MONDO_0004641,skin carcinoma in situ,A in situ carcinoma that involves the zone of skin. [MONDO: patterns/location],http://purl.obolibrary.org/obo/MONDO_0004641
MONDO_0005093,skin disorder,Any deviation from the normal structure or function of the skin or subcutaneous tissue that is manifested by a characteristic set of symptoms and signs. [NCIT: C3371],http://purl.obolibrary.org/obo/MONDO_0005093
MONDO_0006611,skin sarcoidosis,Formation of non-necrotizing granulomas in the skin. It may be a manifestation of systemic sarcoidosis or may also arise in isolation. [NCIT: P378],http://purl.obolibrary.org/obo/MONDO_0006611
MONDO_0005296,sleep apnea syndrome,A disorder characterized by multiple cessations of respirations during sleep that induce partial arousals and interfere with the maintenance of sleep. [MESH: D012891],http://purl.obolibrary.org/obo/MONDO_0005296
MONDO_0100081,sleep disorder,"A change from the patient's baseline sleeping pattern, in the hours slept and/or an alteration/dysfunction in the stages of sleep. [NCIT: C3376]",http://purl.obolibrary.org/obo/MONDO_0100081
OBA_2040171,sleep duration trait,The duration of a sleep. [AUTO: patterns/patterns/entity_attribute],http://purl.obolibrary.org/obo/OBA_2040171
OBA_2050116,smoking behavior trait,The quality of a smoking behavior. [obo: oba/patterns/entity_attribute_part_of],http://purl.obolibrary.org/obo/OBA_2050116
EFO_0004319,smoking cessation,"Discontinuation of the habit of smoking, the inhaling and exhaling of tobacco smoke.",http://www.ebi.ac.uk/efo/EFO_0004319
EFO_0005670,smoking initiation,"initation of the habit of smoking, the inhaling and exhaling of tobacco smoke.",http://www.ebi.ac.uk/efo/EFO_0005670
EFO_0006527,smoking status measurement,"self-reported binary measure, used to denote whether an individual is currently or has ever been a smoker",http://www.ebi.ac.uk/efo/EFO_0006527
EFO_0008341,snoring measurement,quantification of some aspect of snoring such as frequency or severity,http://www.ebi.ac.uk/efo/EFO_0008341
EFO_0009592,social interaction measurement,"Quantification, typically by a questionnaire, of some aspect of social interaction, such as engagement in social activities,  or degree of contact with friends and family.",http://www.ebi.ac.uk/efo/EFO_0009592
EFO_0009282,sodium measurement,A quantitative measurement of the amount of sodium present in a sample.,http://www.ebi.ac.uk/efo/EFO_0009282
EFO_0009470,soft tissue disease,"A disease affecting tissues that connect, support, or surround other structures and organs of the body, not being hard tissue such as bone. Soft tissue includes tendons, ligaments, fascia, skin, fibrous tissues, fat, and synovial membranes (which are connective tissue), and muscles, nerves and blood vessels (which are not connective tissue).",http://www.ebi.ac.uk/efo/EFO_0009470
MONDO_0000592,specific developmental disorder,A developmental disorder of mental health that categorizes specific learning disabilities and developmental disorders affecting coordination. [DOID: 0060038],http://purl.obolibrary.org/obo/MONDO_0000592
MONDO_0005095,spondyloarthropathy,"A group of inflammatory rheumatic diseases associated with arthritis and enthesitis, and often involving the axial skeleton. The most common form of spondyloarthritis is ankylosing spondylitis. Other forms include axial spondyloarthritis, peripheral spondyloarthritis, reactive arthritis, psoriatic arthritis/spondylitis and enteropathic arthritis/spondylitis. [NCIT: C116778]",http://purl.obolibrary.org/obo/MONDO_0005095
MONDO_0002253,spondylosis,"A degenerative spinal disease that can involve any part of the vertebra, the intervertebral disk, and the surrounding soft tissue. [MESH: D055009]",http://purl.obolibrary.org/obo/MONDO_0002253
EFO_0010820,spontaneous coronary artery dissection,"The spontaneous occurrence of a dissection of the coronary artery. The clinical recognition of this phenomenon has increased as coronary angiography is becoming more commonly used in the treatment of acute coronary syndrome. The etiology of the condition has not been fully elucidated, but the mean age of presentation is 30-45 years, more than 70% are women, and 30% of cases occur in the peripartum period.",http://www.ebi.ac.uk/efo/EFO_0010820
MONDO_0005096,squamous cell carcinoma,"A carcinoma arising from squamous epithelial cells. Morphologically, it is characterized by the proliferation of atypical, often pleomorphic squamous cells. Squamous cell carcinomas are graded by the degree of cellular differentiation as well, moderately, or poorly differentiated. Well differentiated carcinomas are usually associated with keratin production and the presence of intercellular bridges between adjacent cells. Representative examples are lung squamous cell carcinoma, skin squamous cell carcinoma, and cervical squamous cell carcinoma. [NCIT: C2929]",http://purl.obolibrary.org/obo/MONDO_0005096
MONDO_0005097,squamous cell lung carcinoma,"A carcinoma arising from squamous bronchial epithelial cells. It may be keratinizing or non-keratinizing. Keratinizing squamous cell carcinoma is characterized by the presence of keratinization, pearl formation, and/or intercellular bridges. Non-keratinizing squamous cell carcinoma is characterized by the absence of keratinization, pearl formation, and intercellular bridges. Cigarette smoking and arsenic exposure are strongly associated with squamous cell lung carcinoma. [NCIT: C3493]",http://purl.obolibrary.org/obo/MONDO_0005097
EFO_0009909,stage 5 chronic kidney disease,A degree of kidney failure severe enough to require dialysis or kidney transplantation for survival characterized by a severe reduction in glomerular filtration rate (less than 15 ml/min/1.73 m2) and other manifestations including increased serum creatinine.,http://www.ebi.ac.uk/efo/EFO_0009909
OBA_0002313,strand of hair color,The color of a strand of hair. [AUTO: patterns/patterns/entity_attribute],http://purl.obolibrary.org/obo/OBA_0002313
MONDO_0005098,stroke disorder,A sudden loss of neurological function secondary to hemorrhage or ischemia in the brain parenchyma due to a vascular event. [NCIT: C3390],http://purl.obolibrary.org/obo/MONDO_0005098
OBA_2050024,subiculum volume,The volume of a subiculum. [AUTO: patterns/patterns/entity_attribute],http://purl.obolibrary.org/obo/OBA_2050024
MONDO_0002494,substance-related disorder,"A category of psychiatric disorders which include disorders related to the taking of a drug of abuse (including alcohol, prescribed medications and recreational drugs). [NCIT: C92203]",http://purl.obolibrary.org/obo/MONDO_0002494
EFO_0010158,sugar consumption measurement,Quantification of some aspect of sugar consumption such as frequency or quantity.,http://www.ebi.ac.uk/efo/EFO_0010158
MONDO_0005326,sunburn,"An inflammatory reaction from ultraviolet radiation characterized by transient redness, tenderness and occasional blistering. [NCIT: P378]",http://purl.obolibrary.org/obo/MONDO_0005326
EFO_0010729,sun exposure measurement,Quantification of some aspect of exposure to incident light from the sun.,http://www.ebi.ac.uk/efo/EFO_0010729
EFO_0004279,suntan,"An induced skin pigment ( MELANIN) darkening after exposure to SUNLIGHT or ULTRAVIOLET RAYS. The degree of tanning depends on the intensity and duration of UV exposure, and genetic factors.",http://www.ebi.ac.uk/efo/EFO_0004279
EFO_0006516,superior frontal gyrus grey matter volume measurement,"quantification of the volume of grey matter in the superior frontal gyrus, usuallly through an MRI scan",http://www.ebi.ac.uk/efo/EFO_0006516
HP_0001279,Syncope,"A transient loss of consciousness (i.e., characterized by a rapid onset, a short duration, and a spontaneous and complete recovery) due to cerebral hypoperfusion. [PMID: 29255499]",http://purl.obolibrary.org/obo/HP_0001279
MONDO_0007915,systemic lupus erythematosus,An autoimmune multi-organ disease typically associated with vasculopathy and autoantibody production. Most patients have antinuclear antibodies (ANA). The presence of anti-dsDNA or anti-Smith antibodies are highly-specific. [NCIT: P378],http://purl.obolibrary.org/obo/MONDO_0007915
MONDO_0005100,systemic sclerosis,"A chronic disorder, possibly autoimmune, marked by excessive production of collagen which results in hardening and thickening of body tissues. The two types of systemic scleroderma, limited cutaneous and diffuse cutaneous are classified with focus on the extent of affected skin. A relationship exists between the extent of skin area affected and degree of internal organ/system involvement. Systemic scleroderma can manifest itself in pulmonary fibrosis, Raynaud's syndrome, digestive system telangiectasias, renal hypertension and/or pulmonary hypertension. [NCIT: C72070]",http://purl.obolibrary.org/obo/MONDO_0005100
EFO_0006335,systolic blood pressure,The blood pressure during the contraction of the left ventricle of the heart.,http://www.ebi.ac.uk/efo/EFO_0006335
EFO_0010091,tea consumption measurement,"Quantification of some tea consumption or tea consumption-related behaviour, usually self-reported via a questionnaire.",http://www.ebi.ac.uk/efo/EFO_0010091
MONDO_0005473,temporomandibular joint disorder,Any condition affecting the anatomic and functional characteristics of the temporomandibular joint. [NCIT: P378],http://purl.obolibrary.org/obo/MONDO_0005473
MONDO_0005447,testicular cancer,"A primary or metastatic malignant neoplasm that affects the testis. Representative examples include seminoma, embryonal carcinoma, sarcoma, leukemia, and lymphoma. [NCIT: C7251]",http://purl.obolibrary.org/obo/MONDO_0005447
MONDO_0010108,testicular germ cell tumor,"A germ cell tumor arising from the testis. Representative examples include teratoma, seminoma, embryonal carcinoma, and yolk sac tumor. [NCIT: C8591]",http://purl.obolibrary.org/obo/MONDO_0010108
EFO_0004281,testicular neoplasm,Tumors or cancer of the TESTIS. Germ cell tumors ( GERMINOMA) of the testis constitute 95% of all testicular neoplasms.,http://www.ebi.ac.uk/efo/EFO_0004281
EFO_0004908,testosterone measurement,"is a quantification of testosterone, typically in serum. Testosterone is a steroid hormone.Testosterone measurement is used in the diagnosis of precocious or delayed puberty, infertility (in men and women), ovarian tumours, adrenal tumours and pituitary disorders.",http://www.ebi.ac.uk/efo/EFO_0004908
EFO_0006935,thalamus volume,"quantification of the volume of the thalamus, a midline symmetrical structure of two halves, within the vertebrate brain, situated between the cerebral cortex and the midbrain",http://www.ebi.ac.uk/efo/EFO_0006935
HP_0001873,Thrombocytopenia,A reduction in the number of circulating thrombocytes.,http://purl.obolibrary.org/obo/HP_0001873
HP_0004418,Thrombophlebitis,Inflammation of a vein associated with venous thrombosis (blood clot formation within the vein).,http://purl.obolibrary.org/obo/HP_0004418
MONDO_0000831,thrombotic disease,The formation of a blood clot in the lumen of a vessel or heart chamber; causes include coagulation disorders and vascular endothelial injury. [NCIT: C26891],http://purl.obolibrary.org/obo/MONDO_0000831
MONDO_0002108,thyroid cancer,A malignant neoplasm involving the thyroid gland,http://purl.obolibrary.org/obo/MONDO_0002108
MONDO_0015075,thyroid gland carcinoma,"A carcinoma arising from the thyroid gland. It is usually an adenocarcinoma and includes the following main subtypes: follicular, papillary, medullary, poorly differentiated, and anaplastic. [NCIT: C4815]",http://purl.obolibrary.org/obo/MONDO_0015075
MONDO_0003240,thyroid gland disorder,A disease involving the thyroid gland.,http://purl.obolibrary.org/obo/MONDO_0003240
MONDO_0004126,thyroiditis,"Inflammation of the thyroid gland. This category includes Hashimoto thyroiditis, Riedel thyroiditis, acute thyroiditis, subacute thyroiditis, and radiation-induced thyroiditis. [NCIT: P378]",http://purl.obolibrary.org/obo/MONDO_0004126
EFO_0009933,Thyroid preparation use measurement,Quantification of some aspect of the use of thyroid preparations.,http://www.ebi.ac.uk/efo/EFO_0009933
OBA_1000983,Thyroid stimulating hormone level,The amount of a thyroid stimulating hormone when measured in anatomical entity. [AUTO: patterns/patterns/entity_attribute_location],http://purl.obolibrary.org/obo/OBA_1000983
MONDO_0010138,thyrotoxicosis,"A hypermetabolic syndrome caused by the elevation of thyroid hormone levels in the serum. Signs and symptoms include tachycardia, palpitations, tremor, weight loss, warm weather intolerance, and moist skin. Causes include Graves disease, toxic nodular goiter, toxic thyroid nodule, and lymphocytic thyroiditis. [NCIT: P378]",http://purl.obolibrary.org/obo/MONDO_0010138
OBA_1001010,thyroxine level,The amount of a thyroxine when measured in anatomical entity. [AUTO: patterns/patterns/entity_attribute_location],http://purl.obolibrary.org/obo/OBA_1001010
EFO_0600081,time spent outdoors measurement,Quantification of time an individual spends outside.,http://www.ebi.ac.uk/efo/EFO_0600081
MONDO_0001628,tinea unguium,"A fungal infection of the nail, usually caused by dermatophytes; yeasts; or nondermatophyte molds. [MESH: D014009]",http://purl.obolibrary.org/obo/MONDO_0001628
HP_0000360,Tinnitus,"Tinnitus is an auditory perception that can be described as the experience of sound, in the ear or in the head, in the absence of external acoustic stimulation.",http://purl.obolibrary.org/obo/HP_0000360
EFO_0007946,tiredness measurement,"Quantification an individual's level of tiredness, generally via a standardised questionnaire or structured interview.",http://www.ebi.ac.uk/efo/EFO_0007946
EFO_0009115,tobacco smoke exposure measurement,Quantification of some aspect of tobacco smoke exposure.,http://www.ebi.ac.uk/efo/EFO_0009115
MONDO_0004631,tongue cancer,A malignant neoplasm affecting the tongue. The vast majority of cases are carcinomas. [NCIT: C9345],http://purl.obolibrary.org/obo/MONDO_0004631
MONDO_0021240,tongue neoplasm,A neoplasm (disease) that involves the tongue. [MONDO: patterns/location],http://purl.obolibrary.org/obo/MONDO_0021240
MONDO_0006999,tooth disorder,A disease involving the calcareous tooth.,http://purl.obolibrary.org/obo/MONDO_0006999
EFO_0004536,total blood protein measurement,A total blood protein measurement is a quantification of protein in a blood sample. It is used as a marker for disease and nutrition. It is performed in the liquid portion of blood and typically measures albumin and globulin.,http://www.ebi.ac.uk/efo/EFO_0004536
EFO_0004574,total cholesterol measurement,"A total cholesterol measurement is the quantification of cholesterol in blood, total cholesterol is defined as the sum of HDL, LDL, and VLDL.",http://www.ebi.ac.uk/efo/EFO_0004574
EFO_0009806,total hip arthroplasty,"A surgical procedure in which the hip joint is replaced by a prosthetic implant, that is, a hip prosthesis. A total hip replacement (total hip arthroplasty) consists of replacing both the acetabulum and the femoral head.",http://www.ebi.ac.uk/efo/EFO_0009806
EFO_0020975,total knee arthroplasty,A surgical procedure in which the knee joint is replaced by a prosthetic implant.,http://www.ebi.ac.uk/efo/EFO_0020975
MONDO_0001252,toxic multinodular goitre,Nodular enlargement of the thyroid gland associated with hyperthyroidism. [NCIT: P378] [PMID: 33351415],http://purl.obolibrary.org/obo/MONDO_0001252
MONDO_0001407,tracheal cancer,A malignant neoplasm involving the trachea,http://purl.obolibrary.org/obo/MONDO_0001407
EFO_0010703,trauma exposure measurement,Quantification of some aspect of trauma exposure.,http://www.ebi.ac.uk/efo/EFO_0010703
EFO_0004530,triglyceride measurement,"A triglyceride  measurement is a quantification of triglycerides in some body fluid, used as a biomarker for cardiovascular disease.",http://www.ebi.ac.uk/efo/EFO_0004530
MONDO_0005494,triple-negative breast carcinoma,"An invasive breast carcinoma which is negative for expression of estrogen receptor (ER), progesterone receptor (PR), and human epidermal growth factor receptor 2 (HER2). [NCIT: P378]",http://purl.obolibrary.org/obo/MONDO_0005494
MONDO_0021353,tumor of uterus,A neoplasm (disease) that involves the uterus. [MONDO: patterns/location],http://purl.obolibrary.org/obo/MONDO_0021353
MONDO_0005147,type 1 diabetes mellitus,A chronic condition characterized by minimal or absent production of insulin by the pancreas. [NCIT: C2986],http://purl.obolibrary.org/obo/MONDO_0005147
MONDO_0005148,type 2 diabetes mellitus,A type of diabetes mellitus that is characterized by insulin resistance or desensitization and increased blood glucose levels. This is a chronic disease that can develop gradually over the life of a patient and can be linked to both environmental factors and heredity. [NCIT: P378],http://purl.obolibrary.org/obo/MONDO_0005148
MONDO_0005101,ulcerative colitis,"An inflammatory bowel disease involving the mucosal surface of the large intestine and rectum. It may present with an acute or slow onset and follows an intermittent or continuous course. Signs and symptoms include abdominal pain, diarrhea, fever, weight loss, and intestinal hemorrhage. [NCIT: P378]",http://purl.obolibrary.org/obo/MONDO_0005101
HP_0001537,Umbilical hernia,Protrusion of abdominal contents through a defect in the abdominal wall musculature around the umbilicus. Skin and subcutaneous tissue overlie the defect.,http://purl.obolibrary.org/obo/HP_0001537
EFO_0009514,upper extremity fracture,"A traumatic break in one or more of the bones in the arm, forearm, or hand. [ NCI ]",http://www.ebi.ac.uk/efo/EFO_0009514
EFO_0004531,urate measurement,A urate measurement is the quantification of some urate in body fluid,http://www.ebi.ac.uk/efo/EFO_0004531
EFO_0011005,urea measurement,Quantification of urea in a sample.,http://www.ebi.ac.uk/efo/EFO_0011005
MONDO_0007009,ureterolithiasis,The presence of a calculus in the ureter of the kidney; this is most often composed of mineral salts and proteins. [NCIT: P378],http://purl.obolibrary.org/obo/MONDO_0007009
EFO_0004761,uric acid measurement,"Is a quantification of uric acid, typically in blood. Uric acid is associated with gout, insulin resistance and cardivascular disease.",http://www.ebi.ac.uk/efo/EFO_0004761
EFO_0007778,urinary albumin to creatinine ratio,quantification of the ratio of albumin to creatinine in a urine sample,http://www.ebi.ac.uk/efo/EFO_0007778
MONDO_0001187,urinary bladder cancer,A primary or metastatic malignant neoplasm involving the bladder. [NCIT: C9334],http://purl.obolibrary.org/obo/MONDO_0001187
MONDO_0004986,urinary bladder carcinoma,A carcinoma that arises from epithelial cells of the urinary bladder,http://purl.obolibrary.org/obo/MONDO_0004986
MONDO_0004987,urinary bladder neoplasm,"A benign or malignant, primary or metastatic neoplasm of the bladder. - 2003 [NCIT: C2901]",http://purl.obolibrary.org/obo/MONDO_0004987
EFO_0005116,urinary metabolite measurement,quantification of some metabolite in urine,http://www.ebi.ac.uk/efo/EFO_0005116
EFO_0010967,urinary microalbumin measurement,The quantification of microalbumin in urine.,http://www.ebi.ac.uk/efo/EFO_0010967
HP_0000016,Urinary retention,Inability to completely empty the urinary bladder during the process of urination.,http://purl.obolibrary.org/obo/HP_0000016
MONDO_0002118,urinary system disorder,A disease involving the renal system.,http://purl.obolibrary.org/obo/MONDO_0002118
MONDO_0100338,urinary tract infection,,http://purl.obolibrary.org/obo/MONDO_0100338
OBA_0000173,urinary volume,The volume of a urine. [AUTO: patterns/patterns/entity_attribute],http://purl.obolibrary.org/obo/OBA_0000173
OBA_2050095,urine potassium amount,The amount of a potassium atom when measured in urine. [AUTO: patterns/patterns/entity_attribute_location],http://purl.obolibrary.org/obo/OBA_2050095
MONDO_0024647,urolithiasis,Stone(s) within the urinary tract. [NCIT: C114688],http://purl.obolibrary.org/obo/MONDO_0024647
MONDO_0005492,urticaria,"A vascular reaction of the skin characterized by erythema and wheal formation due to localized increase of vascular permeability. The causative mechanism may be allergy, infection, or stress. [MESH: D014581]",http://purl.obolibrary.org/obo/MONDO_0005492
MONDO_0000632,uterine benign neoplasm,"A non-metastasizing neoplasm that arises from the uterine corpus or the cervix. Representative examples include leiomyoma, adenomyoma, and endocervical polyp. [NCIT: P378]",http://purl.obolibrary.org/obo/MONDO_0000632
MONDO_0002715,uterine cancer,Primary or metastatic malignant neoplasm involving the uterine corpus and/or the cervix. [NCIT: C3552],http://purl.obolibrary.org/obo/MONDO_0002715
MONDO_0005213,uterine carcinoma,A carcinoma involving a uterus. [MONDO: patterns/carcinoma],http://purl.obolibrary.org/obo/MONDO_0005213
MONDO_0006003,uterine corpus cancer,A malignant neoplasm involving the body of uterus.,http://purl.obolibrary.org/obo/MONDO_0006003
MONDO_0007886,uterine corpus leiomyoma,"A benign smooth muscle neoplasm arising from the body of the uterus. It is characterized by the presence of spindle cells with cigar-shaped nuclei, interlacing fascicles, and a whorled pattern. [NCIT: C3434]",http://purl.obolibrary.org/obo/MONDO_0007886
MONDO_0020283,uveitis,"An inflammatory process affecting a part of or the entire uvea. Causes include inflammatory agents (e.g., herpes simplex, herpes zoster, leptospirosis) and systemic diseases (e.g., inflammatory bowel disease, multiple sclerosis, systemic lupus erythematosus, ankylosing spondylitis). Patients present with pain and redness in the eye, light sensitivity, and blurred and decreased vision. [NCIT: C26909]",http://purl.obolibrary.org/obo/MONDO_0020283
EFO_0009340,Varicella zoster virus seropositivity,The result of a measurement of circulating Varicella zoster virus-specific antibodies,http://www.ebi.ac.uk/efo/EFO_0009340
HP_0002619,Varicose veins,Enlarged and tortuous veins.,http://purl.obolibrary.org/obo/HP_0002619
MONDO_0004648,vascular dementia,A degenerative vascular disorder affecting the brain. It is caused by the blockage of the blood supply to the brain. It is manifested with decline of memory and cognitive functions. [NCIT: C34525],http://purl.obolibrary.org/obo/MONDO_0004648
MONDO_0005385,vascular disorder,"A general term used to describe any disease affecting blood vessels]. It includes vascular abnormalities caused by degenerative, metabolic and inflammatory conditions, embolic diseases, coagulative disorders, and functional disorders such as posteri or reversible encephalopathy syndrome.",http://purl.obolibrary.org/obo/MONDO_0005385
MONDO_0006004,vasomotor rhinitis,"Inflammation in the nasal cavity mucosa that results from the abnormal regulation of the blood flow in the nose. It may be caused by temperature fluctuations, air pollution, strong odors, and tobacco smoke. It results in chronic nasal congestion, sneezing, and running nose. [NCIT: P378]",http://purl.obolibrary.org/obo/MONDO_0006004
EFO_0005654,velocity of sound measurement,quantification of the speed at which sound travels through bone as an indicator of the physical and structural properties of the bone,http://www.ebi.ac.uk/efo/EFO_0005654
MONDO_0005399,venous thromboembolism,Occlusion of the lumen of a vein by a thrombus that has migrated from a distal site via the blood stream. [NCIT: C99537],http://purl.obolibrary.org/obo/MONDO_0005399
EFO_1001866,ventral hernia,"A hernia caused by weakness of the anterior ABDOMINAL WALL due to midline defects, previous incisions, or increased intra-abdominal pressure. Ventral hernias include UMBILICAL HERNIA, incisional, epigastric, and spigelian hernias.",http://www.ebi.ac.uk/efo/EFO_1001866
EFO_0007928,ventricular rate measurement,quantification in an electrocardiogram of the number of QRS complexes per minute,http://www.ebi.ac.uk/efo/EFO_0007928
MONDO_0000812,vertebral column disorder,A disease involving the vertebral column. [MONDO: patterns/location_top],http://purl.obolibrary.org/obo/MONDO_0000812
HP_0002321,Vertigo,An abnormal sensation of spinning while the body is actually stationary.,http://purl.obolibrary.org/obo/HP_0002321
MONDO_0002643,vestibular disorder,Pathological processes of the vestibular labyrinth which contains part of the balancing apparatus. Patients with vestibular diseases show instability and are at risk of frequent falls. [MESH: D015837],http://purl.obolibrary.org/obo/MONDO_0002643
MONDO_0006011,viral hepatitis,"An acute or chronic inflammation of the liver parenchyma caused by viruses. Representative examples include hepatitis A, B, and C, cytomegalovirus hepatitis, and herpes simplex hepatitis. [NCIT: P378]",http://purl.obolibrary.org/obo/MONDO_0006011
OBA_2045224,visceral adipose tissue quantity,The amount of a visceral fat. [AUTO: patterns/patterns/entity_attribute],http://purl.obolibrary.org/obo/OBA_2045224
EFO_0008385,visual acuity measurement,quantification of visual acuity,http://www.ebi.ac.uk/efo/EFO_0008385
EFO_0004312,vital capacity,The volume of air that is exhaled by a maximal expiration following a maximal inspiration.,http://www.ebi.ac.uk/efo/EFO_0004312
MONDO_0020696,vitamin B12 deficiency,"A disease characterized by low serum levels of vitamin B12, either inherited or acquired. [PMID: 16846473]",http://purl.obolibrary.org/obo/MONDO_0020696
EFO_0004620,vitamin B12 measurement,"is a quantification of Vitamin B12, vitamin B12 or vitamin B-12, is a water-solublevitamin with a key role in the normal functioning of the brain and nervous system, and for the formation of blood. It is one of the eight B vitamins. It is normally involved in themetabolism of every cell of the human body, especially affecting DNA synthesis and regulation, but also fatty acid synthesis and energy production. It is the largest and most structurally complicated vitamin and can be produced industrially only through bacterial fermentation-synthesis.",http://www.ebi.ac.uk/efo/EFO_0004620
OBA_1000968,vitamin D level,The amount of a vitamin D when measured in anatomical entity. [AUTO: patterns/patterns/entity_attribute_location],http://purl.obolibrary.org/obo/OBA_1000968
EFO_0009116,vitamin supplement exposure measurement,Quantification of some aspect of the consumption of dietry vitamin supplements.,http://www.ebi.ac.uk/efo/EFO_0009116
MONDO_0008661,vitiligo,Generalized well circumscribed patches of leukoderma that are generally distributed over symmetric body locations and is due to autoimmune destruction of melanocytes. [NCIT: P378],http://purl.obolibrary.org/obo/MONDO_0008661
OBA_1001085,waist circumference,The circumference of a abdominal segment of trunk. [AUTO: patterns/patterns/entity_attribute],http://purl.obolibrary.org/obo/OBA_1001085
EFO_0004343,waist-hip ratio,"The waist circumference measurement divided by the hip circumference measurement. For both men and women, a waist-to-hip ratio (WHR) of 1.0 or higher is considered ""at risk"" for undesirable health consequences, such as heart disease and ailments associated with OVERWEIGHT. A healthy WHR is 0.90 or less for men, and 0.80 or less for women. (National Center for Chronic Disease Prevention and Health Promotion, 2004)",http://www.ebi.ac.uk/efo/EFO_0004343
MONDO_0100280,Waldenstrom macroglobulinemia,,http://purl.obolibrary.org/obo/MONDO_0100280
EFO_0007869,wellbeing measurement,"quantification of some aspect of wellbeing such as life satisfaction or emotional wellbeing, usually self-reported and quantified through the use of a structured questionnaire",http://www.ebi.ac.uk/efo/EFO_0007869
EFO_0005665,white matter hyperintensity measurement,"quantification of white matter hyperintensity, usually measured by MRI",http://www.ebi.ac.uk/efo/EFO_0005665
EFO_0008320,white matter volume measurement,"quantification of the volume of white matter in the brain, usually through an MRI scan",http://www.ebi.ac.uk/efo/EFO_0008320
EFO_0009805,whole body water mass,"The weight of an individual's body water, i.e. the water content of a body that is contained in the tissues, the blood, the bones and elsewhere. The percentages of body water contained in various fluid compartments add up to total body water (TBW).",http://www.ebi.ac.uk/efo/EFO_0009805
EFO_0009589,worry measurement,Quantification of whether an individual feels or felt worried.,http://www.ebi.ac.uk/efo/EFO_0009589
