pgs_id,trait_label,ancestry_display,eta,se,Q,I2,k_eval,auc_pooled,lo_pooled,hi_pooled
PGS000001,Invasive breast cancer,European,0.41798091603999493,0.014223045086744768,NA,NA,1,0.603,0.596307674186721,0.6096540063262076
PGS000002,ER-positive breast cancer,European,0.4683789335187336,0.023301780112152063,NA,NA,1,0.615,0.6041309356927054,0.6257555070128278
PGS000003,ER-negative breast cancer,European,0.3392157225669637,0.03639245701384594,NA,NA,1,0.584,0.5665739720792533,0.6012185376326681
PGS000004,Breast cancer,African,0.2958424308423159,0.016077840626235042,3.1953108529883094,37.40828069577125,3,0.5734258512811957,0.5657003686251141,0.5811156683960957
PGS000004,Breast cancer,East Asian,0.5753641449035619,0.08885374853781022,NA,NA,1,0.64,0.5989785324953741,0.6790735540176507
PGS000004,Breast cancer,European,0.5970307524782752,0.016002064272488122,187.22738814967389,99.46589010834217,2,0.6449766957616456,0.6377626902615964,0.6521253985793563
PGS000004,Breast cancer,Hispanic or Latin American,0.5783402472428596,0.05825309616704375,19.524578172488233,94.87825042279744,2,0.64068540789491,0.6140015689826309,0.6665264597450075
PGS000004,Breast cancer intrinsic-like subtype (HER2-enriched-like),European,0.4443707551934236,0.047664470065926556,NA,NA,1,0.6093,0.5868475430506218,0.6312988912197703
PGS000004,Breast cancer intrinsic-like subtype (luminal A-like),European,0.6512851063889673,0.01717014121286637,NA,NA,1,0.6573,0.6496797082517584,0.6648400451690516
PGS000004,Breast cancer intrinsic-like subtype (luminal B-like),European,0.5892803171589023,0.03269773832707665,NA,NA,1,0.6432,0.6283612010534982,0.65776900586969
PGS000004,Breast cancer intrinsic-like subtype (luminal B/HER2-negative-like),European,0.5476922077002406,0.03153816532820607,NA,NA,1,0.6336,0.6191347742573353,0.6478283365944243
PGS000004,Breast cancer intrinsic-like subtype (triple negative),European,0.3544653739057504,0.028625959100597603,NA,NA,1,0.5876999999999999,0.5740411880916501,0.6012250866199432
PGS000004,Incident breast cancer,African,0.3186696438906136,0.11989485722249964,NA,NA,1,0.579,0.5209067339279247,0.6349851474366712
PGS000004,Incident breast cancer,European,0.5335923325201131,0.013030365492814227,0.818734613478617,0,3,0.6303205760508064,0.6243498983066439,0.6362516430794686
PGS000004,Incident primary breast cancer,European,0.5406829578962615,0.011214882996607889,11.016548279226377,72.76823988819598,4,0.6319712768419575,0.6268441506728787,0.6370687438550502
PGS000004,Invasive breast cancer,European,0.5322168137473082,0.014433669259933758,NA,NA,1,0.6299999999999999,0.6233817042162161,0.6365697971829303
PGS000004,Prevalent invasive breast cancer,European,0.4895482253187058,0.06506985489918678,NA,NA,1,0.62,0.5895272280812456,0.6495553194482625
PGS000005,Breast cancer intrinsic-like subtype (HER2-enriched-like),European,0.5283577420804387,0.04858810767146255,NA,NA,1,0.6291,0.6066196543410117,0.6510346954658277
PGS000005,Breast cancer intrinsic-like subtype (luminal A-like),European,0.6610668465678021,0.017203301121301466,NA,NA,1,0.6595,0.6518879717281651,0.6670305974918189
PGS000005,Breast cancer intrinsic-like subtype (luminal B-like),European,0.5753641449035619,0.032591934706890924,NA,NA,1,0.64,0.6251542831839292,0.654582621966581
PGS000005,Breast cancer intrinsic-like subtype (luminal B/HER2-negative-like),European,0.542096576757341,0.03149828656895652,NA,NA,1,0.6323,0.6178328645946064,0.6465327957476177
PGS000005,Breast cancer intrinsic-like subtype (triple negative),European,0.5219344754559657,0.029635569144695822,NA,NA,1,0.6276,0.6139268108851679,0.6410720522657177
PGS000005,ER-positive breast cancer,African,0.3639653772014115,0.05258932684356546,NA,NA,1,0.59,0.564855133816419,0.6146830336735734
PGS000005,ER-positive breast cancer,European,0.5797070684323913,0.023378254620704343,NA,NA,1,0.641,0.630388930438786,0.6514748611068175
PGS000005,Estrogen-receptor positive breast cancer,African,0.3557035985491004,0.023170939629351687,NA,NA,1,0.588,0.5769556930290886,0.598956395751198
PGS000005,Male estrogen receptor positive breast cancer in BRCA1 carriers,European,0.4054651081081642,0.19390662385163615,NA,NA,1,0.6,0.5063516896368925,0.6868690288817261
PGS000005,Male estrogen receptor positive breast cancer in BRCA2 carriers,European,0.3639653772014115,0.08457809139927469,NA,NA,1,0.59,0.5493865258856743,0.6294221043314262
PGS000006,ER-negative breast cancer,African,0.4054651081081642,0.07424866248225,NA,NA,1,0.6,0.5646209843083859,0.6343658248122086
PGS000006,ER-negative breast cancer,European,0.409633517645344,0.036884496793491095,NA,NA,1,0.601,0.5835442094323781,0.6182028353986618
PGS000006,Estrogen-receptor negative breast cancer,African,0.2492829395172452,0.022803515835575123,NA,NA,1,0.562,0.5509693537671393,0.5729696916120328
PGS000007,Breast Cancer (personal history),European,0.8255239092047629,0.03580155514758423,100.71915090331234,99.00714016050436,2,0.6954076529801605,0.6803439404277816,0.7100640122383002
PGS000007,Breast cancer,European,0.3639653772014115,0.021094825470692184,NA,NA,1,0.59,0.5799625160797027,0.5999630699156115
PGS000007,Invasive breast cancer,European,0.5580446957033814,0.014486565739719902,NA,NA,1,0.636,0.6294017158442282,0.6425475245135454
PGS000008,ER-positive breast cancer,European,0.6058782375676038,0.023403763451312613,NA,NA,1,0.6469999999999999,0.6364541278300694,0.6574046257943754
PGS000009,ER-negative breast cancer,European,0.4054651081081642,0.03685436077108225,NA,NA,1,0.6,0.5825452138513718,0.6172045349171568
PGS000011,Coronary heart disease,Hispanic or Latin American,1.0417188250338614,0.01236470429774235,21.561926419518475,90.72439094222331,3,0.7391815183529228,0.7344822244186259,0.7438266497789193
PGS000011,Coronary heart disease (incident and prevalent),African,1.1691978901493258,0.05489174333073398,NA,NA,1,0.7630000000000001,0.7429981121390308,0.7819021359370208
PGS000011,Coronary heart disease (incident and prevalent),European,1.0986122886681098,0.017616226508679958,NA,NA,1,0.75,0.7434703215879584,0.756417926423724
PGS000011,Coronary heart disease (incident and prevalent),Hispanic or Latin American,1.2026732589838505,0.07970089886074458,NA,NA,1,0.7689999999999999,0.740094446117248,0.7955787498818142
PGS000013,Atherosclerotic cardiovascular disease (incident and prevalent),European,1.18586105438289,0.07292110931544876,NA,NA,1,0.7660000000000001,0.739416050235237,0.790639825002526
PGS000013,Coronary artery calcium score > 20,European,1.5530011279784879,0.1322588483343544,3.4475543836425544,70.99393109664486,2,0.8253467653723385,0.7847852565189268,0.8596309894782044
PGS000013,Coronary artery calcium score > 300,European,1.5780617603657554,0.11106794825386791,2.6507662281333584,62.27505883443409,2,0.828929840801514,0.7958195953835533,0.8576314005538516
PGS000013,Coronary artery disease (personal history),European,0.8148505369131922,0.09422417734114136,46.13159515586069,97.83228826876376,2,0.6931421600271331,0.6525282687695774,0.7309661461396895
PGS000013,Coronary artery disease (prevalent),European,1.3104655114940604,0.040362583610047215,151.9697594519998,98.68394869662757,3,0.7875910423692549,0.7740556163156688,0.800524573343478
PGS000013,Coronary artery disease in childhood cancer survivors aged <10 years at diagnosis and treated with >25 Gy,European,0.9148911515197317,0.132483619372537,NA,NA,1,0.714,0.6581865446392786,0.7639680957632478
PGS000013,Coronary heart disease,European,0.5625546854959771,0.008088925123209453,69.3127643008099,97.11452858622084,3,0.6370434389060771,0.6333697185178542,0.6407012302554274
PGS000013,Coronary heart disease,Hispanic or Latin American,1.0533492127663884,0.012094948592357336,17.83365245201134,88.7852474114217,3,0.7414175211470909,0.7368467000963582,0.745936324100215
PGS000013,Coronary heart disease (incident and prevalent),African,1.21396637000909,0.055667933343014446,NA,NA,1,0.771,0.7511690957175866,0.7896929377140595
PGS000013,Coronary heart disease (incident and prevalent),European,1.2130944786828262,0.017649348824739966,1.167583100633224,14.35299128107776,2,0.7708460233670892,0.7646783083954705,0.7768992480851987
PGS000013,Coronary heart disease (incident and prevalent),Hispanic or Latin American,1.242506468328179,0.08068066610108232,NA,NA,1,0.7760000000000001,0.747320520273509,0.802285518284014
PGS000013,Early onset acute myocardial infarction following  percutaneous coronary intervention,East Asian,2.442347035369205,0.14140579992493071,NA,NA,1,0.92,0.8970798717267661,0.938167674893507
PGS000013,Early onset acute myocardial infarction following percutaneous coronary intervention,East Asian,0.6190392084062236,0.09000180665011429,NA,NA,1,0.65,0.6088868780110342,0.6889987980233938
PGS000013,Myocardial injury following non cardiac surgery,European,1.4666030401840027,0.047288730561195466,157.69821178673982,98.09763220139935,4,0.8125405157112879,0.7980122874075157,0.8262512985569532
PGS000013,Obstructive CAD,European,0.5753641449035619,0.08212558796271736,NA,NA,1,0.64,0.6021419646175965,0.6761928726441947
PGS000013,coronary atherosclerosis,European,0.5322168137473082,0.08201730908486933,NA,NA,1,0.6299999999999999,0.591812416382826,0.666627456401209
PGS000014,Incident T2D in prediabetics,Middle Eastern or North African,1.1308731508863312,0.09171338556081172,NA,NA,1,0.756,0.7213393411883646,0.787618790520495
PGS000014,Incident type 2 diabetes,East Asian,0.34333332700115804,0.0927449299252727,NA,NA,1,0.585,0.540300701987185,0.6283426683580593
PGS000014,Incident type 2 diabetes,South Asian,0.5710264960446539,0.09662431035441583,NA,NA,1,0.639,0.594269276648606,0.6814427739400183
PGS000014,Prediabetes,Middle Eastern or North African,0.5927679952523233,0.035624465616125534,NA,NA,1,0.644,0.6278359238545851,0.6598423930101679
PGS000014,Type 2 diabetes,East Asian,0.8712224464724486,0.1425863187232521,NA,NA,1,0.705,0.6437673241650214,0.7596372235316486
PGS000014,Type 2 diabetes,European,0.9431951341655694,0.007288701540592437,97.43156031768488,97.94727704916271,3,0.719744607581033,0.7168539494946005,0.7226171738330576
PGS000014,Type 2 diabetes,Hispanic or Latin American,1.1363018100969002,0.019419310069591997,NA,NA,1,0.757,0.7499301823193899,0.7639328614788847
PGS000014,Type 2 diabetes,South Asian,0.9002457416908086,0.037270395282787756,NA,NA,1,0.711,0.6957616632098835,0.7257759163743085
PGS000015,Breast cancer,European,0.7179044454196616,0.01035450248049367,207.49476213734073,99.51806012368732,2,0.6721453948591416,0.6676575813722709,0.6766019607922015
PGS000015,Breast cancer,Hispanic or Latin American,0.24116205681688824,0.09322953405471046,NA,NA,1,0.56,0.514603887560226,0.6044141816678991
PGS000016,Atrial Fibrillation (personal history),European,0.6452562774848416,0.06313190306747425,56.56817170881975,98.23222145989193,2,0.6559406808635172,0.6275025978912693,0.6833034103104132
PGS000016,Atrial fibrillation,European,1.2083112059245342,0.014191759180139974,NA,NA,1,0.77,0.7650368587483747,0.7748891525473101
PGS000017,Inflammatory Bowel Disease,European,0.8001193001121129,0.07172637536494567,NA,NA,1,0.69,0.6591560607067287,0.7192416374231634
PGS000017,Inflammatory bowel disease,European,0.5322168137473082,0.021891816220626564,NA,NA,1,0.6299999999999999,0.619943602486958,0.6399448469897507
PGS000018,Atherosclerotic cardiovascular disease (incident and prevalent),European,1.2196389210703356,0.06977176059620223,NA,NA,1,0.772,0.7470397945013413,0.7951726076728738
PGS000018,Coronary artery disease (prevalent),European,1.4247110636119784,0.0462348592395257,126.30323277334291,98.41650925626814,3,0.8060759003440822,0.7915164860265058,0.8198499746287353
PGS000018,Coronary heart disease,European,0.5323089031912792,0.008070017614532672,300.60171686135175,99.3346678053331,3,0.630021465792394,0.6263270358427738,0.6337007314631
PGS000018,Coronary heart disease,Hispanic or Latin American,1.0576530475257493,0.011747435496009657,16.91041609641275,88.17296991039585,3,0.7422417842348813,0.7378121601814708,0.7466222710904125
PGS000018,Coronary heart disease,Middle Eastern or North African,0.7814846418176321,0.04381922089255149,NA,NA,1,0.686,0.6672112856917053,0.7041982207453734
PGS000018,Coronary heart disease (incident and prevalent),African,1.2367626271489272,0.0560730504827242,NA,NA,1,0.775,0.755258855811658,0.7935839937098786
PGS000018,Coronary heart disease (incident and prevalent),European,1.227152725848217,0.017694407126538424,2.7826911425222693,64.06356477299934,2,0.7733198462100557,0.7671828321572798,0.7793416184837326
PGS000018,Coronary heart disease (incident and prevalent),Hispanic or Latin American,1.3492072924575549,0.08345191467047239,NA,NA,1,0.794,0.7659606510133299,0.8194718084477043
PGS000018,Incident atherosclerotic cardiovascular disease,European,1.2026732589838505,0.10114078829480434,NA,NA,1,0.7689999999999999,0.7319301125036087,0.8023281258700585
PGS000018,Incident coronary heart disease,European,1.289130612666243,0.08168857881603847,NA,NA,1,0.784,0.7556581825290245,0.809881476663579
PGS000018,Obstructive CAD,European,0.5322168137473082,0.08201730908486933,NA,NA,1,0.6299999999999999,0.591812416382826,0.666627456401209
PGS000018,coronary atherosclerosis,European,0.5537276453102001,0.08206789332990044,NA,NA,1,0.635,0.5969745026105149,0.6714125394375974
PGS000020,Incident T2D in prediabetics,Middle Eastern or North African,1.21396637000909,0.0958891043645597,NA,NA,1,0.771,0.7361442862019174,0.8024866455944888
PGS000020,Prediabetes,Middle Eastern or North African,0.6015025906488275,0.035715011914969716,NA,NA,1,0.6459999999999999,0.6298331672980807,0.6618398512525603
PGS000021,Severe insulin deficiency,European,3.178053830347945,0.47030217782975536,NA,NA,1,0.96,0.90518927775454,0.9836950323746692
PGS000021,Type 1 diabetes,European,2.121757746414593,0.1129598053765216,NA,NA,1,0.893,0.86993187223331,0.9123889273840177
PGS000021,Type 1 diabetes aetiology (non-monogenic),European,1.900958761193047,0.07026814548355115,NA,NA,1,0.8700000000000001,0.8536141329052145,0.8847992298056725
PGS000021,Type 1 diabetes vs latent autoimmune diabetes/type 2 diabetes,European,0.6722196604539895,0.2197070344798646,NA,NA,1,0.662,0.5601063967180561,0.7507928771034129
PGS000022,Type 1 diabetes,African,1.1103802768411937,0.2114396135376359,NA,NA,1,0.7521999999999999,0.6672911411412555,0.8212444995651954
PGS000022,Type 1 diabetes,European,1.7408893955564217,0.10548070191926504,NA,NA,1,0.8508,0.8226122918511642,0.8751881590505949
PGS000022,Type 1 diabetes,Hispanic or Latin American,2.2005623641466383,0.3262329941649549,NA,NA,1,0.9003,0.8265176913732131,0.944798368690597
PGS000024,Diabetes autoantibody positive insulin sensitive,African,1.7424658226279148,0.19042963137100605,NA,NA,1,0.8510000000000001,0.7972547089664912,0.892420555221696
PGS000024,Diabetes autoantibody positive insulin sensitive,European,1.8489178830680035,0.18297234285615946,NA,NA,1,0.864,0.8161221098035459,0.9009248929641721
PGS000024,Diabetes autoantibody positive insulin sensitive,Hispanic or Latin American,2.666159259393051,0.2606703654034334,NA,NA,1,0.9350000000000002,0.896157918076417,0.9599623258652282
PGS000024,Type 1 diabetes,European,1.8886468956697366,0.025742832721076025,21.39104895007451,90.65029487488955,3,0.8686011734783269,0.862734612993288,0.8742535488137506
PGS000028,Breast cancer,East Asian,0.4895482253187058,0.23331119068125647,NA,NA,1,0.62,0.5080638736375093,0.7204788619289082
PGS000028,Breast cancer,European,0.5322168137473082,0.08781114304160066,NA,NA,1,0.6299999999999999,0.5890663290521554,0.6691463480406319
PGS000029,Breast cancer,East Asian,0.740876834337969,0.1754060622050591,1.095184763288045,8.691205947960249,2,0.6771875660013671,0.5979861259674858,0.7473772325787542
PGS000030,Prostate cancer in BRCA1 carriers,European,0.4895482253187058,0.16320832909105445,NA,NA,1,0.62,0.5423135259912518,0.6919894235992274
PGS000030,Prostate cancer in BRCA2 carriers,European,0.4895482253187058,0.10875864943456597,NA,NA,1,0.62,0.5686588223003974,0.6687894869820948
PGS000030,Prostate cancer metastasis or death,European,0.5322168137473082,0.0652459949909852,NA,NA,1,0.6299999999999999,0.5997286626653494,0.6592826189750234
PGS000031,Incident T2D in prediabetics,Middle Eastern or North African,1.2083112059245342,0.09559110336663303,NA,NA,1,0.77,0.7351581212958129,0.8014958469752308
PGS000031,Prediabetes,Middle Eastern or North African,0.6058782375676038,0.03462001070237335,NA,NA,1,0.6469999999999999,0.6313524012824081,0.6623386382947567
PGS000032,Incident T2D in prediabetics,Middle Eastern or North African,1.1747359841409104,0.09386393357155323,NA,NA,1,0.764,0.7292385384889012,0.7955498440831416
PGS000032,Prediabetes,Middle Eastern or North African,0.6102595207541777,0.03580727896308755,NA,NA,1,0.648,0.6318303887992948,0.6638372926680927
PGS000036,Diabetes autoantibody positive insulin sensitive,African,0.2981900500501958,0.14398157917307075,NA,NA,1,0.574,0.5039964536079165,0.6411580480885416
PGS000036,Diabetes autoantibody positive insulin sensitive,European,0.66775373247123615,0.12606552347654565,NA,NA,1,0.661,0.6036424408906801,0.7139899953214977
PGS000036,Diabetes autoantibody positive insulin sensitive,Hispanic or Latin American,0.9544040252021891,0.14270448631911542,NA,NA,1,0.722,0.6625554902578943,0.7745362058843538
PGS000036,Incident type 2 diabetes,East Asian,0.4389130421757044,0.09129800405698067,NA,NA,1,0.608,0.5646286600483227,0.6497310295312619
PGS000036,Incident type 2 diabetes,South Asian,0.6234377200061422,0.09466110813218745,NA,NA,1,0.651,0.6077589935775941,0.6918907185318723
PGS000036,Type 2 diabetes,East Asian,0.9544040252021891,0.13861052645612798,NA,NA,1,0.722,0.6643471512406807,0.7731318614937243
PGS000036,Type 2 diabetes,European,0.8749036503856746,0.006019506950744283,556.0730071090029,99.46050249487979,4,0.7057650201998901,0.7033090563149279,0.708209088591959
PGS000036,Type 2 diabetes,Hispanic or Latin American,1.1472048439049751,0.019528948111742977,NA,NA,1,0.759,0.7519292231892001,0.7659319750231679
PGS000036,Type 2 diabetes,Middle Eastern or North African,1.5856272637403817,0.041466202564803406,NA,NA,1,0.83,0.8182228887788934,0.8411622092865962
PGS000036,Type 2 diabetes,South Asian,0.8808580568795054,0.036968839938289366,NA,NA,1,0.707,0.6917682638636776,0.7217817606244062
PGS000037,Asthma onset,European,0.44731221804366483,0.185498354220699,NA,NA,1,0.61,0.5209216378153354,0.6922989108155715
PGS000039,Incident ischemic stroke,European,0.5293702807659165,0.07134247647234644,9.64577750911844,89.63276937442657,2,0.6293362279818733,0.5961717244792398,0.6613243464042452
PGS000039,prevalent ischemic stroke cases,African,0.18855667693894732,0.03957483799583986,NA,NA,1,0.547,0.5277190490543395,0.5661409489456629
PGS000039,prevalent ischemic stroke cases,East Asian,0.8196950908624693,0.0264851441623047,119.57366563842747,99.16369545529878,2,0.6941716125281825,0.683041378700232,0.7050797577452661
PGS000040,Coeliac disease,European,1.8822126741285625,0.023582462883062583,27.18275059470988,81.60598213716803,6,0.8678650721018791,0.8624738853602222,0.8730760194295739
PGS000040,Coeliac disease in HLA-DQ2.5 carriers,European,0.7036656847511656,0.1018299951246643,NA,NA,1,0.669,0.6234174066199185,0.7116174284192469
PGS000041,Coeliac disease in HLA-DQ2.5 carriers,European,0.9345624981101105,0.10783679736722969,NA,NA,1,0.718,0.6733118117556884,0.7587653791748443
PGS000042,Coeliac disease in HLA-DQ2.5 carriers,European,0.9946225751440619,0.11058872943574977,NA,NA,1,0.7299999999999999,0.6852205808605843,0.7705424115573613
PGS000045,Breast cancer in male carriers of BRCA1/2 mutations,European,0.3639653772014115,0.08457809139927469,NA,NA,1,0.59,0.5493865258856743,0.6294221043314262
PGS000046,Breast cancer in male carriers of BRCA1/2 mutations,European,0.3639653772014115,0.08457809139927469,NA,NA,1,0.59,0.5493865258856743,0.6294221043314262
PGS000047,Breast cancer in male carriers of BRCA1/2 mutations,European,0.2006706954621514,0.08264286800706946,NA,NA,1,0.55,0.5096714620828541,0.5896819460521003
PGS000049,Prostate cancer in male carriers of BRCA1/2 mutations,European,0.4895482253187058,0.08686755743551364,NA,NA,1,0.62,0.5791506768586466,0.6592174002983472
PGS000050,Breast cancer,East Asian,0.4305290767713805,0.015305700986248111,NA,NA,1,0.606,0.5988149683030164,0.613139484405883
PGS000055,Colorectal cancer,East Asian,0.6190392084062236,0.07922731499831813,NA,NA,1,0.65,0.6139042725997037,0.6844556797220892
PGS000070,Lung cancer,East Asian,0.7537718023763803,0.07049613230832084,NA,NA,1,0.68,0.6492170365153114,0.7092912286680364
PGS000070,Lung cancer,European,0.9744219084367257,0.07200733333879861,NA,NA,1,0.7259999999999999,0.697049612771796,0.7531635223467894
PGS000071,Incident blader cancer,European,1.4051509852087734,0.05626743014445456,NA,NA,1,0.803,0.7849698100938579,0.819865299140698
PGS000072,Incident breast cancer,European,0.5623668213073126,0.018946930883590972,NA,NA,1,0.637,0.6283700951545629,0.6455425478013653
PGS000073,Incident cervical cancer,European,1.0721206732211332,0.08929893309610963,NA,NA,1,0.745,0.710352110109989,0.7768055300698299
PGS000074,Incident colorectal cancer,European,0.8664189018339818,0.027025366461540672,NA,NA,1,0.7040000000000001,0.6928440169810135,0.7149175164558064
PGS000075,Incident endometrial cancer,European,1.1254595387042978,0.0601832385535352,NA,NA,1,0.7549999999999999,0.7325306869233452,0.7761585254480986
PGS000076,Incident kidney cancer,European,0.9544040252021891,0.058446978227335196,NA,NA,1,0.722,0.6984331911015736,0.7443991057864151
PGS000077,Incident Lymphocytic Leukemia,European,0.9395066883873008,0.07804928531517609,NA,NA,1,0.7190000000000001,0.6870857882765364,0.7488490523637643
PGS000078,Incident lung cancer,European,1.7035667571925939,0.04780485764371964,NA,NA,1,0.8460000000000001,0.8333932308007823,0.8578155910852746
PGS000078,Lung cancer,European,0.9844989819006886,0.07234063533141015,NA,NA,1,0.728,0.699035947375374,0.7551529584164854
PGS000079,Incident melanoma,European,0.6278420821521787,0.031090088471159596,NA,NA,1,0.652,0.6380488312718223,0.6656951775482869
PGS000080,Incident non-hodgkin's lymphoma,European,0.7400189496896188,0.04365885790823345,NA,NA,1,0.677,0.6580120154543363,0.6954217177904951
PGS000081,Incident oral cavity and pharyngeal cancer,European,0.8568399175204064,0.0640455080506458,NA,NA,1,0.7020000000000001,0.6750928355183892,0.7275780471940919
PGS000082,Incident ovarian cancer,European,0.6455191315706909,0.06285017496948982,NA,NA,1,0.656,0.6276930883216965,0.6832407953723814
PGS000083,Incident pancreatic cancer,European,1.0721206732211332,0.0675366448662875,NA,NA,1,0.745,0.7190489233504458,0.769323009488328
PGS000084,Incident prostate cancer,European,1.0459685551826876,0.021732782006075358,NA,NA,1,0.74,0.7317210966727895,0.7481113692518165
PGS000086,Incident testicular cancer,European,1.2832353424503438,0.2229561138142744,NA,NA,1,0.7830000000000001,0.6997780879178777,0.848158372560785
PGS000087,Incident thyroid cancer,European,0.7491800044286804,0.09857565341595542,NA,NA,1,0.679,0.6355199635350742,0.7195818273468707
PGS000114,Juvenile Idiopathic Arthritis,European,0.8428055052083485,0.034393906872315104,26.862786708235838,88.83213408726418,4,0.6990557586269134,0.6846864482876489,0.7130446807423982
PGS000116,Coronary heart disease (incident and prevalent),European,1.2715034200231854,0.284582103821909,NA,NA,1,0.781,0.6712231730988307,0.8616764497030998
PGS000117,Atherosclerotic cardiovascular disease (incident and prevalent),European,1.1970523614813624,0.07336411546811622,NA,NA,1,0.768,0.7414001669521207,0.7926290359744927
PGS000118,Melanoma,European,0.44731221804366483,0.03203644084624855,NA,NA,1,0.61,0.5949629990855304,0.6248307702823322
PGS000118,Skin cancer,European,0.2818511521409875,0.020819218226061892,NA,NA,1,0.57,0.5599712763600203,0.5799716026988128
PGS000119,Basal cell carcinoma,European,0.5753641449035619,0.04432295716621391,NA,NA,1,0.64,0.6197509212135615,0.6597627519379662
PGS000119,Skin cancer,European,0.32277339226305085,0.020819218226061892,NA,NA,1,0.58,0.5700285716618114,0.5899065466175476
PGS000120,Skin cancer,European,0.32277339226305085,0.03153417244060631,NA,NA,1,0.58,0.5648738429815603,0.5949773558126965
PGS000120,Squamous cell carcinoma,European,0.3639653772014115,0.05258932684356546,NA,NA,1,0.59,0.564855133816419,0.6146830336735734
PGS000124,Advanced glaucoma,European,0.6190392084062236,0.033438113179325525,NA,NA,1,0.65,0.6349473533054724,0.6647596724509267
PGS000125,Incident T2D in prediabetics,Middle Eastern or North African,1.1581698059301753,0.09303783432573119,NA,NA,1,0.761,0.7262771614296158,0.792576093464372
PGS000125,Prediabetes,Middle Eastern or North African,0.6015025906488275,0.03462001070237335,NA,NA,1,0.6459999999999999,0.6303334005259754,0.6613593475718177
PGS000126,Gout,European,1.4114846099484495,0.07163331282938454,NA,NA,1,0.804,0.7809281374830563,0.8251859479491492
PGS000126,Prevalent gout cases,European,1.0399948092275981,0.015582100507962498,844.8692685954728,99.88163849282121,2,0.7388490045199706,0.7329132614701465,0.7446987827908634
PGS000133,Schizophrenia,European,0.4054651081081642,0.11801620457860022,NA,NA,1,0.6,0.5434286285828599,0.6540245044927354
PGS000134,Schizophrenia,European,0.4054651081081642,0.08525563471598818,NA,NA,1,0.6,0.5593104592759496,0.6393550902672762
PGS000135,Schizophrenia,European,1.0459685551826876,0.18924110142385525,NA,NA,1,0.74,0.66263435528121994,0.8048490078009567
PGS000136,Schizophrenia,European,0.5753641449035619,0.10067708979692568,NA,NA,1,0.64,0.593399575893641,0.6841027754465439
PGS000137,Glaucoma,European,0.9071870575507531,0.030180307874333696,51.25673040174299,98.04903669788897,2,0.7124242030103326,0.7001544939411648,0.7243894734350644
PGS000137,Glaucoma,South Asian,0.9114026500377496,0.0642856743874352,19.618974727441923,94.90289368383121,2,0.7132871025603811,0.6868433558010737,0.7383485197299647
PGS000137,Primary open-angle glaucoma (POAG),European,0.9453101479858306,0.06615723021802737,12.894368871774764,76.73402994878738,4,0.7201710335530593,0.6933104704635922,0.7455425011105072
PGS000138,Major Depressive Disorder status,European,0.24564175830402032,0.012473319958027581,NA,NA,1,0.5611035,0.5550741455123611,0.5671148684642132
PGS000139,Major Depressive Disorder status,European,0.19558591697234423,0.012426242210191505,NA,NA,1,0.5487412,0.5427033334667124,0.5547647489764885
PGS000140,Major Depressive Disorder status,European,0.12789324107884265,0.012372290632399379,NA,NA,1,0.5319298,0.5258877182159578,0.5379625328612263
PGS000141,Major Depressive Disorder status,European,0.11965937308273257,0.012366485227147376,NA,NA,1,0.5298792,0.5238371814363687,0.53591247380729
PGS000142,Major Depressive Disorder status,European,0.13340710742497255,0.01237626978340981,NA,NA,1,0.5333024,0.5272603458741749,0.5393347005468332
PGS000143,Major Depressive Disorder status,European,0.13784224187111385,0.012379523773744506,NA,NA,1,0.5344061,0.528364108843454,0.5404380120545388
PGS000144,Major Depressive Disorder status,European,0.0656531721254127,0.012332453477368995,NA,NA,1,0.5164074,0.5103689040382862,0.5224411084399782
PGS000145,Major Depressive Disorder status,European,0.10049048024808548,0.012353603179280661,NA,NA,1,0.5251015,0.5190601140332228,0.5311355470681386
PGS000146,Colorectal cancer,European,0.30141174834599954,0.07415780769196609,0.6853202615338045,0,2,0.574787594105954,0.538936616689841,0.6098688695138637
PGS000147,Colorectal cancer,European,0.3238580316446987,0.03505909619100683,14.018280615357385,92.86645753899037,2,0.5802641952029468,0.563441765008019,0.5969021498826722
PGS000148,Colorectal cancer,European,0.43498446644448674,0.010713325566250275,48.74191497046449,93.845133081419,4,0.6070632827430901,0.6020433441075717,0.6120607019089322
PGS000151,Colorectal cancer,East Asian,0.41726058149579587,0.03535008023663257,0.1647949597992888,0,2,0.6028275456054263,0.5861262960423336,0.6192925955059432
PGS000156,Lung cancer,European,1.0047935334504547,0.07302566533275605,NA,NA,1,0.7319999999999999,0.7030080334612565,0.7591314930976716
PGS000192,Incident cardiovascular event,European,1.3862943611198908,0.10924605264821508,NA,NA,1,0.8,0.7635374082012804,0.8320766060729905
PGS000194,Rheumatoid arhtirits diagnosis in patient with arthritis,European,0.9322443349696728,0.11816731811075327,1.5742004482538194,36.47568827024226,2,0.7175303904886207,0.6683288532449652,0.7620319890763865
PGS000195,Rheumatoid arhtirits diagnosis in patient with arthritis,European,0.9322443349696728,0.11816731811075327,1.5742004482538194,36.47568827024226,2,0.7175303904886207,0.6683288532449652,0.7620319890763865
PGS000196,Systemic lupus erythematosus diagnosis in patient with arthritis,European,1.2606159839743254,0.19404054953457106,1.3891286130340454,28.012425155085946,2,0.7791321277650847,0.7068836608371067,0.8376621855733435
PGS000197,Spondyloarthropathy diagnosis in patient with arthritis,European,1.1991773073140033,0.39253464600706495,4.363332614115831,77.08173800995833,2,0.7683783987137174,0.6058281542656455,0.8774547689208296
PGS000198,Psoriatic arthritis diagnosis in patient with arthritis,European,0.7693499012260998,0.20845708899271845,0.8115311533067778,0,2,0.683380247541441,0.5892277863576162,0.7645746513676126
PGS000199,Gout diagnosis in patient with arthritis,European,1.6870450429417048,0.2092117953534271,0.18546433050572647,0,2,0.8438351588818246,0.781936959294435,0.890621010233781
PGS000200,Coronary heart disease (incident and prevalent),African,1.1691978901493258,0.05489174333073398,NA,NA,1,0.7630000000000001,0.7429981121390308,0.7819021359370208
PGS000200,Coronary heart disease (incident and prevalent),European,1.087973890463054,0.017562587409052626,NA,NA,1,0.748,0.7414562474318029,0.7544329834141472
PGS000200,Coronary heart disease (incident and prevalent),Hispanic or Latin American,1.21396637000909,0.07997570380602846,NA,NA,1,0.771,0.7421577753955566,0.7974962535382099
PGS000207,Thyroid cancer,European,0.6806294656737029,0.03422449286359767,21.020886977234454,95.24282680800769,2,0.6638791731376361,0.6487500560178764,0.6786793998216917
PGS000208,Thyroid cancer,European,1.1039527552994273,0.04381922089255163,NA,NA,1,0.7510000000000001,0.7345959195758925,0.7667121660039635
PGS000209,Thyroid cancer,European,0.8188868585544236,0.05176550256427675,NA,NA,1,0.6940000000000001,0.6720400574578067,0.7151128536903655
PGS000212,Breast cancer intrinsic-like subtype (luminal A-like),European,0.6673074933448144,0.017224637948955547,NA,NA,1,0.6609,0.6532933440239387,0.6684244710350349
PGS000213,Breast cancer intrinsic-like subtype (luminal B/HER2-negative-like),European,0.5451085740896059,0.031519727018875836,NA,NA,1,0.633,0.6185338754116773,0.6472304126616945
PGS000214,Breast cancer intrinsic-like subtype (luminal B-like),European,0.5888446026447027,0.032694405609334364,NA,NA,1,0.6430999999999999,0.6282609714021311,0.6576694452517721
PGS000215,Breast cancer intrinsic-like subtype (HER2-enriched-like),European,0.4929451984881424,0.04819025987548959,NA,NA,1,0.6208,0.598325362536472,0.6427679283775081
PGS000216,Breast cancer intrinsic-like subtype (triple negative),European,0.5571808811831949,0.029869398728358067,NA,NA,1,0.6358,0.6221389347314408,0.64924562110394
PGS000296,Coronary heart disease,Middle Eastern or North African,0.7675930856935096,0.04245097061559071,NA,NA,1,0.683,0.6647176125400887,0.7007343021870486
PGS000316,Coeliac disease,European,1.9829943520884359,0.043243395536741974,NA,NA,1,0.879,0.8696918923249283,0.8877290481024368
PGS000317,Breast cancer,Hispanic or Latin American,0.5249926076004342,0.021678132882959975,5.605605743027323,82.1607147230453,2,0.6283144619100227,0.618338857563815,0.6381818988394361
PGS000317,Breast cancer (Latin american women),Hispanic or Latin American,0.4895482253187058,0.03266630787242272,NA,NA,1,0.62,0.6048039205638716,0.6349644318686655
PGS000317,Breast cancer (US Latinas),Hispanic or Latin American,0.5322168137473082,0.03303341405293822,NA,NA,1,0.6299999999999999,0.6147850779130433,0.644961022448886
PGS000324,Enthesitis-related Arthritis,European,1.033360205340589,0.12467206245798022,6.975210715513604,56.99054663212275,4,0.7375668229204234,0.6876172073064447,0.7820609850453611
PGS000325,Oligoarthritis Juvenile Idiophatic Arthritis,European,1.2456039329145092,0.055434506596720313,4.842217309666527,38.04491190407554,4,0.7765379533577008,0.7571196382605416,0.7948244903349099
PGS000326,Rheumatoid-factor-negative Polyarthritis,European,0.8582614281653312,0.06502066754434176,16.109759909193514,81.37774853933136,4,0.7022972889257416,0.6749853919195931,0.7282381389243298
PGS000328,Systemic lupus erythematosus,European,0.9471629663237434,0.020230867187725137,40.29378509848417,97.51822769304039,2,0.7205442698787224,0.7124904572042148,0.7284584585739754
PGS000329,Atherosclerotic cardiovascular disease (incident and prevalent),European,1.180290319682377,0.07116246417370181,NA,NA,1,0.765,0.7390066304073427,0.7891432298862225
PGS000329,Coronary heart disease (incident and prevalent),European,1.2598483443529955,0.06996883528633728,NA,NA,1,0.7789999999999999,0.7544909414520278,0.8017053771854745
PGS000329,Obstructive CAD,European,0.24522149244752528,0.08199339911850301,NA,NA,1,0.561,0.5211160402642602,0.6001112220302524
PGS000329,coronary atherosclerosis,European,0.35983296915535207,0.08185687300205369,NA,NA,1,0.589,0.5496838735009469,0.6272114697459763
PGS000330,Incident type 2 diabetes,East Asian,0.48530589755789505,0.09114378699219762,NA,NA,1,0.619,0.5760707915505262,0.6601466306582024
PGS000330,Incident type 2 diabetes,South Asian,0.6632942174102643,0.09356082043010419,NA,NA,1,0.66,0.6177278052681293,0.6998688522894927
PGS000330,Prediabetes,Middle Eastern or North African,0.6015025906488275,0.035715011914969716,NA,NA,1,0.6459999999999999,0.6298331672980807,0.6618398512525603
PGS000330,Type 2 diabetes,East Asian,0.9148911515197317,0.14130536011781175,NA,NA,1,0.714,0.6542859829456422,0.7670717107460833
PGS000330,Type 2 diabetes,European,0.9744219084367257,0.011529392775632316,NA,NA,1,0.7259999999999999,0.7214819111728207,0.7304721769557256
PGS000330,Type 2 diabetes,Hispanic or Latin American,1.1970523614813624,0.020049189086416296,NA,NA,1,0.768,0.7609247203255239,0.7749278258111039
PGS000330,Type 2 diabetes,South Asian,0.9643905266685663,0.03700690343845423,NA,NA,1,0.724,0.7092732426314571,0.7382560649924618
PGS000333,Prostate cancer,European,1.312911815185867,0.09383709007692807,NA,NA,1,0.788,0.755652665559507,0.817101581261207
PGS000337,Coronary heart disease,East Asian,0.7263327295455997,0.030198308472183754,NA,NA,1,0.674,0.6608633684202335,0.6868688833357415
PGS000337,Coronary heart disease,Hispanic or Latin American,1.062058797529863,0.011950234010408813,14.932339540236805,86.60625152133204,3,0.743083787562805,0.7385868010613504,0.7475298580243247
PGS000337,Coronary heart disease,Middle Eastern or North African,0.69464755593518,0.0413774760710123,NA,NA,1,0.667,0.6487496556840365,0.6847628603199594
PGS000338,Atrial fibrillation,European,0.4305290767713805,0.0384840883751104,NA,NA,1,0.606,0.5878538307217496,0.6238584325437492
PGS000341,Systemic sclerosis,European,1.3069360827079783,0.16928711771925262,NA,NA,1,0.787,0.7261414964605606,0.8373632572163846
PGS000348,Prostate cancer,European,0.5753641449035619,0.028929050141385106,0,0,2,0.64,0.6268351262197372,0.6529575659603714
PGS000353,Any Cancer,European,0.06001800972625295,0.0234933028162048,NA,NA,1,0.515,0.5034927272389181,0.5264913903193472
PGS000354,Any Cancer,European,0.08404944434245186,0.02249231092099454,NA,NA,1,0.521,0.5099897991587059,0.5319898368669755
PGS000355,Any Cancer,European,0.0680262208558565,0.021455104068848593,NA,NA,1,0.517,0.5064931891664473,0.5274918014719525
PGS000356,Any Cancer,European,0.0920649731765818,0.02352554135772695,NA,NA,1,0.523,0.5114867065794554,0.5344889031899315
PGS000357,Cancer of mouth,European,0.07603661306012756,0.044999198977688185,NA,NA,1,0.519,0.4969595832414896,0.5409667186820335
PGS000358,Cancer of mouth,European,0.11211729812070621,0.05121295183546786,NA,NA,1,0.528,0.5029349444216816,0.552924673953849
PGS000359,Cancer of tongue,European,0.15229366908004574,0.07609205779071106,NA,NA,1,0.538,0.5007883082993908,0.5747930575677181
PGS000360,Cancer of larynx,European,0.2818511521409875,0.10025790649488078,NA,NA,1,0.57,0.521323472287715,0.6173597463146892
PGS000361,Cancer of larynx,European,0.2006706954621514,0.0919338959716044,NA,NA,1,0.55,0.5051198858831882,0.5940807805961996
PGS000362,Cancer of larynx,European,0.17242592903973097,0.09897105339310064,NA,NA,1,0.543,0.4946108747979768,0.5905910289215326
PGS000363,Cancer of esophagus,European,0.25741200814902443,0.08216237962330399,NA,NA,1,0.564,0.5240748052099651,0.6031123542093821
PGS000364,Cancer of esophagus,European,0.20471192141066033,0.08053527141209214,NA,NA,1,0.551,0.5117135537407198,0.5896602511824773
PGS000365,Cancer of esophagus,European,0.21279940690876617,0.08490080294630822,NA,NA,1,0.553,0.5115963783662147,0.5936813396406388
PGS000366,Cancer of esophagus,European,0.25741200814902443,0.08629740758636141,NA,NA,1,0.564,0.5220529555034855,0.6050507174631151
PGS000367,Colorectal cancer,European,0.2006706954621514,0.053605406800768605,NA,NA,1,0.55,0.523882836257664,0.5758444431149973
PGS000368,Colorectal cancer,European,0.45572694288905263,0.026877682565772068,NA,NA,1,0.612,0.5994194383470701,0.6244330109720516
PGS000369,Colorectal cancer,European,0.21279940690876617,0.053670058394091544,NA,NA,1,0.553,0.5268755952482546,0.5788349852229748
PGS000370,Colorectal cancer,European,0.4768340347247418,0.02700870423918078,NA,NA,1,0.617,0.6044153845322607,0.6294297219359162
PGS000371,Colorectal cancer,European,0.24522149244752528,0.025895050094472037,NA,NA,1,0.561,0.5484641619997639,0.5734584719192604
PGS000372,Colorectal cancer,European,0.26147970005775656,0.02697912399264315,NA,NA,1,0.565,0.5519618674350643,0.5779488325248476
PGS000373,Colorectal cancer,European,0.19259310711578442,0.05049765883199468,NA,NA,1,0.548,0.5233873453559127,0.572380088774237
PGS000374,Colorectal cancer,European,0.0680262208558565,0.049074208758783065,NA,NA,1,0.517,0.49296065806525086,0.5409609146444534
PGS000375,Colorectal cancer,European,0.12014431184206341,0.05328920601456221,NA,NA,1,0.53,0.503924286431595,0.55591295991434575
PGS000376,Colon cancer,European,0.18855667693894732,0.05978139725894141,NA,NA,1,0.547,0.5178387099565193,0.5758422260228191
PGS000377,Colon cancer,European,0.1804883757122938,0.057693602510539,NA,NA,1,0.545,0.5168458502726143,0.5728693731754466
PGS000378,Colon cancer,European,0.1442496088445469,0.05751933961779446,NA,NA,1,0.536,0.5078772739730297,0.5638956124782147
PGS000379,Colon cancer,European,0.1442496088445469,0.05857557171213336,NA,NA,1,0.536,0.5073598404533067,0.5644046467273659
PGS000380,Colon cancer,European,0.277772344022583,0.062495572167482485,NA,NA,1,0.569,0.5387424398016321,0.5987510069264198
PGS000381,Colon cancer,European,0.2006706954621514,0.05673806940577516,NA,NA,1,0.55,0.5223511139844242,0.5773434253086529
PGS000382,Colon cancer,European,0.26962157572526196,0.056169262674931816,NA,NA,1,0.5669999999999998,0.5397980866747876,0.5938039598927155
PGS000383,"Malignant neoplasm of rectum, rectosigmoid junction, and anus",European,0.13219216649694737,0.06878101421562806,NA,NA,1,0.533,0.4993453450326694,0.5663569872022549
PGS000384,"Malignant neoplasm of rectum, rectosigmoid junction, and anus",European,0.12415925279565966,0.06973140299764531,NA,NA,1,0.5310000000000001,0.49687146655931314,0.5648410021147299
PGS000385,Pancreatic cancer,European,0.35983296915535207,0.06656665801309655,NA,NA,1,0.589,0.5570905186038411,0.6201779545790188
PGS000386,Pancreatic cancer,European,0.3186696438906136,0.06605217051973584,NA,NA,1,0.579,0.5471612358219741,0.6101949842959751
PGS000387,Cancer within the respiratory system,European,0.12014431184206341,0.05637638449364085,NA,NA,1,0.53,0.5024116308570951,0.5574062510128929
PGS000388,Cancer of bronchus; lung,European,0.13219216649694737,0.05849037571698361,NA,NA,1,0.533,0.5043876448931396,0.561396915956095
PGS000389,Cancer of bronchus; lung,European,0.08004270767353656,0.056265155108449275,NA,NA,1,0.52,0.4924413267992274,0.5474374967574097
PGS000390,Cancer of bronchus; lung,European,0.17242592903973097,0.03703802257005404,NA,NA,1,0.543,0.5249371436992109,0.5609504876671091
PGS000391,Cancer of bronchus; lung,European,0.1161303378418818,0.05639003477053633,NA,NA,1,0.529,0.5014014637527359,0.5564223620409908
PGS000391,Lung cancer,European,0.9997020801479394,0.07285206400433931,NA,NA,1,0.7310000000000001,0.7020150864056036,0.7581369023853445
PGS000392,Cancer of bronchus; lung,European,0.2087548138621104,0.03611279060919234,NA,NA,1,0.552,0.5344388197812873,0.5694324359144401
PGS000392,Lung cancer,European,1.0098970434864019,0.0732008570045221,NA,NA,1,0.733,0.7040009297926321,0.7601260546427169
PGS000393,Cancer of bronchus; lung,European,0.15631752791234874,0.06165640290583343,NA,NA,1,0.539,0.5088668148953522,0.5688508230962884
PGS000394,Cancer of bronchus; lung,European,0.15631752791234874,0.06165640290583343,NA,NA,1,0.539,0.5088668148953522,0.5688508230962884
PGS000395,Cancer of bronchus; lung,European,0.13219216649694737,0.05849037571698361,NA,NA,1,0.533,0.5043876448931396,0.561396915956095
PGS000396,Cancer of bronchus; lung,European,0.10008345855698263,0.05939950920246457,NA,NA,1,0.525,0.4959151960103467,0.5539161781503286
PGS000397,Cancer of bronchus; lung,European,0.11211729812070621,0.054322343830420235,NA,NA,1,0.528,0.501411372304701,0.5544307150382272
PGS000398,Skin cancer,European,0.040005334613699206,0.022461594305050507,NA,NA,1,0.51,0.49899515379676557,0.5209951623240543
PGS000399,Skin cancer,European,0.05201172208817976,0.020424701319763074,NA,NA,1,0.513,0.5029947910617866,0.5229948018946019
PGS000400,Skin cancer,European,0.32687983692977335,0.023058241923177628,NA,NA,1,0.581,0.5699594429851309,0.5919600325793369
PGS000401,Skin cancer,European,0.32687983692977335,0.022002476842425712,NA,NA,1,0.581,0.5704665664571811,0.5914601120739833
PGS000402,Skin cancer,European,0.34745381575169815,0.02209345560764944,NA,NA,1,0.586,0.5754568610606854,0.5964649156361502
PGS000403,Skin cancer,European,0.3392157225669637,0.022047055172142192,NA,NA,1,0.584,0.5734652483609249,0.5944585613966118
PGS000404,Skin cancer,European,0.3392157225669637,0.02100410962008072,NA,NA,1,0.584,0.5739651837342629,0.5939656620461771
PGS000405,Skin cancer,European,0.32277339226305085,0.022002476842425712,NA,NA,1,0.58,0.5694600561568497,0.590467479706346
PGS000406,Skin cancer,European,0.3681008613632963,0.02217489874862496,NA,NA,1,0.591,0.5804541651349432,0.6014627565488748
PGS000407,Skin cancer,European,0.34745381575169815,0.023137673360455493,NA,NA,1,0.586,0.5749567704891273,0.5969574397064868
PGS000408,"Melanomas of skin, dx or hx",European,0.30637420546393324,0.033459112527450284,NA,NA,1,0.576,0.559909393788177,0.5919310651536948
PGS000409,"Melanomas of skin, dx or hx",European,0.18855667693894732,0.03295591332868377,NA,NA,1,0.547,0.5309511467233473,0.5629517364912374
PGS000410,"Melanomas of skin, dx or hx",European,0.3145685546363655,0.03348041332746607,NA,NA,1,0.578,0.5619172910919239,0.593918967542637
PGS000411,"Melanomas of skin, dx or hx",European,0.285932290727993,0.033337600838487004,NA,NA,1,0.571,0.5549251064240304,0.5869264836493379
PGS000412,"Melanomas of skin, dx or hx",European,0.34333332700115804,0.0325746847157095,NA,NA,1,0.585,0.5694204371750325,0.6004114335793519
PGS000413,"Melanomas of skin, dx or hx",European,0.27369583047704077,0.03328084405736054,NA,NA,1,0.568,0.5519284221284663,0.583929681129146
PGS000414,"Melanomas of skin, dx or hx",European,0.3763812135551304,0.03488176078076478,NA,NA,1,0.593,0.576400173850598,0.6093901493912158
PGS000415,"Melanomas of skin, dx or hx",European,0.3145685546363655,0.03453862217394014,NA,NA,1,0.578,0.5614066549052367,0.5944190972045661
PGS000416,"Melanomas of skin, dx or hx",European,0.3971386653316105,0.03289572135197658,NA,NA,1,0.598,0.5824071968574469,0.6133970580969101
PGS000417,"Melanomas of skin, dx or hx",European,0.22494373181835786,0.03101102600562665,NA,NA,1,0.556,0.5409486104589832,0.5709493054952179
PGS000418,"Melanomas of skin, dx or hx",European,0.3971386653316105,0.03289572135197658,NA,NA,1,0.598,0.5824071968574469,0.6133970580969101
PGS000419,"Melanomas of skin, dx or hx",European,0.26147970005775656,0.035323944526744464,NA,NA,1,0.565,0.5479137165470941,0.5819332474865813
PGS000420,"Melanomas of skin, dx or hx",European,0.06402185876493102,0.0337224914533029,NA,NA,1,0.516,0.49948144406503414,0.5324836675520492
PGS000421,"Melanomas of skin, dx or hx",European,0.4054651081081642,0.03402772662725233,NA,NA,1,0.6,0.5838918959273972,0.6158947422703543
PGS000422,"Melanomas of skin, dx or hx",European,0.4683789335187336,0.03339710279041534,NA,NA,1,0.615,0.5993891658489847,0.6303776452168122
PGS000423,"Melanomas of skin, dx or hx",European,0.4389130421757044,0.03317904868867312,NA,NA,1,0.608,0.5923966981689204,0.6233857319490206
PGS000424,"Melanomas of skin, dx or hx",European,0.48530589755789505,0.03352926147853694,NA,NA,1,0.619,0.6033847881204017,0.6343729602440347
PGS000425,"Melanomas of skin, dx or hx",European,0.409633517645344,0.03405630299071014,NA,NA,1,0.601,0.5848907074447348,0.6168936158785253
PGS000426,"Melanomas of skin, dx or hx",European,0.4895482253187058,0.033563178221904556,NA,NA,1,0.62,0.6043836849361931,0.635371781365108
PGS000427,"Melanomas of skin, dx or hx",European,0.409633517645344,0.03405630299071014,NA,NA,1,0.601,0.5848907074447348,0.6168936158785253
PGS000428,"Melanomas of skin, dx or hx",European,0.4895482253187058,0.033563178221904556,NA,NA,1,0.62,0.6043836849361931,0.635371781365108
PGS000429,"Melanomas of skin, dx or hx",European,0.4305290767713805,0.03314924381538151,NA,NA,1,0.606,0.5903848516568504,0.6214016083595565
PGS000430,"Melanomas of skin, dx or hx",European,0.22089383158019443,0.034122207502789624,NA,NA,1,0.555,0.5384276462837827,0.5714509269972081
PGS000431,"Melanomas of skin, dx or hx",European,0.4221599866803343,0.035196683278480176,NA,NA,1,0.604,0.5873871715971497,0.620376242399554
PGS000432,"Melanomas of skin, dx or hx",European,0.3309890152066814,0.03463026191482198,NA,NA,1,0.582,0.5654015540529335,0.5984147722902435
PGS000433,Other non-epithelial cancer of skin,European,0.3392157225669637,0.027327262636124887,NA,NA,1,0.584,0.5709318993370541,0.5969510642418675
PGS000434,Other non-epithelial cancer of skin,European,0.34745381575169815,0.02628493924629993,NA,NA,1,0.586,0.5734485762443865,0.5984407183215473
PGS000435,Other non-epithelial cancer of skin,European,0.3392157225669637,0.026266519297938284,NA,NA,1,0.584,0.5714411278620666,0.59645074145207
PGS000436,Other non-epithelial cancer of skin,European,0.3392157225669637,0.026248341422501667,NA,NA,1,0.584,0.5714498531561508,0.5964421657077701
PGS000437,Other non-epithelial cancer of skin,European,0.3186696438906136,0.027216815402312723,NA,NA,1,0.579,0.5659447640635143,0.5919456874779964
PGS000438,Other non-epithelial cancer of skin,European,0.3022808718729335,0.02609548146679038,NA,NA,1,0.575,0.5624555303368698,0.5874486161870546
PGS000439,Other non-epithelial cancer of skin,European,0.33510096455169075,0.02623040466788343,NA,NA,1,0.583,0.570450489447292,0.5954428874200672
PGS000440,Other non-epithelial cancer of skin,European,0.32687983692977335,0.02409875419828082,NA,NA,1,0.581,0.5694595023178328,0.5924525445345113
PGS000441,Other non-epithelial cancer of skin,European,0.34745381575169815,0.026303602234358243,NA,NA,1,0.586,0.5734396286911507,0.5984495086780732
PGS000442,Other non-epithelial cancer of skin,European,0.3392157225669637,0.02414758740844122,NA,NA,1,0.584,0.5724579045768473,0.595450700970161
PGS000443,Other non-epithelial cancer of skin,European,0.3681008613632963,0.025334508201372792,NA,NA,1,0.591,0.5789452949763535,0.6029462749648118
PGS000444,Other non-epithelial cancer of skin,European,0.3639653772014115,0.024251266073719004,NA,NA,1,0.59,0.5784546763640294,0.601446982826341
PGS000445,Basal cell carcinoma,European,0.285932290727993,0.033337600838487004,NA,NA,1,0.571,0.5549251064240304,0.5869264836493379
PGS000446,Basal cell carcinoma,European,0.3022808718729335,0.03341741419771504,NA,NA,1,0.575,0.5589206544647589,0.5909221986095387
PGS000447,Basal cell carcinoma,European,0.3681008613632963,0.03378528247890394,NA,NA,1,0.591,0.5749024513373248,0.606904774922638
PGS000448,Basal cell carcinoma,European,0.3515772268670635,0.03579307003554765,NA,NA,1,0.587,0.5698950100961545,0.6038975427543918
PGS000449,Basal cell carcinoma,European,0.10008345855698263,0.03171907176509622,NA,NA,1,0.525,0.5094773842078228,0.5404744545865351
PGS000450,Basal cell carcinoma,European,0.01600034134644112,0.03164535928631861,NA,NA,1,0.504,0.48849588993967574,0.5194964213051574
PGS000451,Basal cell carcinoma,European,0.08404944434245186,0.03067562672066425,NA,NA,1,0.521,0.5059810186926633,0.535981114329207
PGS000452,Basal cell carcinoma,European,0.5408064559779265,0.033998425158625264,NA,NA,1,0.632,0.6163701552386661,0.6473573797020814
PGS000453,Basal cell carcinoma,European,0.45151761555314895,0.016108650734071625,NA,NA,1,0.611,0.6034700074403123,0.618477402042446
PGS000454,Basal cell carcinoma,European,0.5408064559779265,0.033998425158625264,NA,NA,1,0.632,0.6163701552386661,0.6473573797020814
PGS000455,Basal cell carcinoma,European,0.45151761555314895,0.016108650734071625,NA,NA,1,0.611,0.6034700074403123,0.618477402042446
PGS000456,Basal cell carcinoma,European,0.5322168137473082,0.03396011661481987,NA,NA,1,0.6299999999999999,0.614354835431133,0.6453768291511052
PGS000457,Basal cell carcinoma,European,0.4768340347247418,0.017274213275882543,NA,NA,1,0.617,0.6089680603886067,0.6249685625150203
PGS000458,Basal cell carcinoma,European,0.5236463121950522,0.034959452133487404,NA,NA,1,0.628,0.6118572420854093,0.6438621644422611
PGS000459,Basal cell carcinoma,European,0.4683789335187336,0.016170481929525003,NA,NA,1,0.615,0.6074687994217208,0.6224765046730821
PGS000460,Squamous cell carcinoma,European,0.0920649731765818,0.04092494516240317,NA,NA,1,0.523,0.5029629854799865,0.542963257699054
PGS000461,Squamous cell carcinoma,European,0.4013001708088801,0.04142811351033213,NA,NA,1,0.599,0.5793488830774338,0.6183378678293311
PGS000462,Squamous cell carcinoma,European,0.2941017034861148,0.016673822478067965,NA,NA,1,0.573,0.5649855757472713,0.5809762787790694
PGS000463,Squamous cell carcinoma,European,0.3763812135551304,0.04230574985212112,NA,NA,1,0.593,0.5728434620634755,0.6128482182130128
PGS000464,Squamous cell carcinoma,European,0.3022808718729335,0.01565495905138251,NA,NA,1,0.575,0.567484961390275,0.5824805323247683
PGS000465,Squamous cell carcinoma,European,0.35983296915535207,0.04220945558741769,NA,NA,1,0.589,0.568835704888308,0.6088696921764731
PGS000466,Squamous cell carcinoma,European,0.2818511521409875,0.016654493652836815,NA,NA,1,0.57,0.5619816379240649,0.5779818049957776
PGS000467,Squamous cell carcinoma,European,0.33510096455169075,0.040961456094635335,NA,NA,1,0.583,0.5633616510932762,0.6023784954459348
PGS000468,Squamous cell carcinoma,European,0.285932290727993,0.016664084399620804,NA,NA,1,0.571,0.5629813636190106,0.5789815356963175
PGS000469,Carcinoma in situ of skin,European,0.09607383008962224,0.05118140493372413,NA,NA,1,0.524,0.49893957069483663,0.5489401500951462
PGS000470,Carcinoma in situ of skin,European,0.22899546988214853,0.052762694492607586,NA,NA,1,0.557,0.5313539524112321,0.5823457365541391
PGS000471,Carcinoma in situ of skin,European,0.277772344022583,0.05620032389111072,NA,NA,1,0.569,0.5418070874997022,0.5957830805595064
PGS000472,Breast cancer,European,0.3186696438906136,0.037693637499590246,NA,NA,1,0.579,0.5608937578497049,0.5968962099807568
PGS000473,Breast cancer,European,0.30637420546393324,0.0334381131793254,NA,NA,1,0.576,0.5599195357195188,0.591921123281061
PGS000474,Breast cancer,European,0.32277339226305085,0.0356209485718926,NA,NA,1,0.58,0.5629040209537461,0.5969061419048688
PGS000475,Breast cancer,European,0.34745381575169815,0.03472698058648149,NA,NA,1,0.586,0.5693964065575841,0.6024104178644862
PGS000476,Breast cancer,European,0.34333332700115804,0.03576749286158468,NA,NA,1,0.585,0.5678854574297352,0.6019118668130107
PGS000477,Breast cancer,European,0.32687983692977335,0.03458381206553434,NA,NA,1,0.581,0.5644139487332821,0.5974049824626839
PGS000478,Breast cancer,European,0.38467433843909055,0.03493598492775088,NA,NA,1,0.595,0.5783978380824893,0.6113876443872395
PGS000479,Breast cancer,European,0.4054651081081642,0.03402772662725233,NA,NA,1,0.6,0.5838918959273972,0.6158947422703543
PGS000480,Breast cancer,European,0.30637420546393324,0.035529748940529855,NA,NA,1,0.576,0.558909106427138,0.5929110107954583
PGS000481,Breast cancer,European,0.3145685546363655,0.037669319461048796,NA,NA,1,0.578,0.5598951865714441,0.5958975739323702
PGS000482,Breast cancer,European,0.3392157225669637,0.03467798142048552,NA,NA,1,0.584,0.5673989862924945,0.600412598884006
PGS000483,Breast cancer,European,0.38467433843909055,0.03281698320230899,NA,NA,1,0.595,0.579410291060787,0.610400408397465
PGS000484,Breast cancer,European,0.08004270767353656,0.03476870605449097,NA,NA,1,0.52,0.5029739758797038,0.5369796945227802
PGS000485,Breast cancer,European,0.43471917919023695,0.03634396994492101,NA,NA,1,0.607,0.5898837912729838,0.6238573696068664
PGS000486,Breast cancer,European,0.3722394604798438,0.015849944159950557,NA,NA,1,0.5919999999999999,0.584475568905294,0.5994815465302182
PGS000487,Breast cancer,European,0.43471917919023695,0.03634396994492101,NA,NA,1,0.607,0.5898837912729838,0.6238573696068664
PGS000488,Breast cancer,European,0.3971386653316105,0.015912580593956144,NA,NA,1,0.598,0.5904799961442828,0.6054741780261497
PGS000489,Breast cancer,European,0.25741200814902443,0.03423895799084274,NA,NA,1,0.564,0.5474328486721205,0.5804255031806581
PGS000490,Breast cancer,European,0.23710459770825335,0.015519801707172856,NA,NA,1,0.559,0.5514882829025798,0.5664848047667658
PGS000491,Breast cancer,European,0.3145685546363655,0.035552067077557134,NA,NA,1,0.578,0.5609174974892165,0.5948978869926189
PGS000492,Breast cancer,European,0.3186696438906136,0.014652556110637037,NA,NA,1,0.579,0.5719840472533098,0.5859841913776521
PGS000493,Breast cancer,European,0.30637420546393324,0.035529748940529855,NA,NA,1,0.576,0.558909106427138,0.5929110107954583
PGS000494,Breast cancer,European,0.23710459770825335,0.015519801707172856,NA,NA,1,0.559,0.5514882829025798,0.5664848047667658
PGS000495,Breast cancer,European,0.285932290727993,0.034390246675741316,NA,NA,1,0.571,0.5544154765445515,0.5874266003656815
PGS000496,Breast cancer,European,0.30637420546393324,0.015664575019043364,NA,NA,1,0.576,0.5684847505651015,0.5834802617310789
PGS000497,Breast cancer,European,0.4641575586823115,0.03339710279041534,NA,NA,1,0.614,0.5983750977959231,0.6293935176560806
PGS000498,Breast cancer,European,0.4599402429064296,0.01613923471420199,NA,NA,1,0.613,0.6054694051871218,0.6204769545348446
PGS000499,Breast cancer,European,0.5884089424579804,0.034445426855512,NA,NA,1,0.643,0.6273572351831067,0.6583437235491836
PGS000500,Breast cancer,European,0.5753641449035619,0.01440372870707758,NA,NA,1,0.64,0.6334701317241564,0.6464784578014479
PGS000501,Breast cancer,European,0.49379487685105233,0.03580392305849472,NA,NA,1,0.621,0.6043489645065677,0.6373707539606619
PGS000502,Breast cancer,European,0.49379487685105233,0.015175702426719563,NA,NA,1,0.621,0.6139746263768447,0.6279749890582789
PGS000503,Breast cancer,European,0.5494156210358597,0.03519677539671125,NA,NA,1,0.634,0.6178493939956466,0.6498548621398761
PGS000504,Breast cancer,European,0.536509218500686,0.01534001187231778,NA,NA,1,0.631,0.623972213130641,0.6379726474919862
PGS000505,Breast cancer,European,0.5108256237659907,0.0348460103846582,NA,NA,1,0.625,0.6088611048587453,0.6408657687642713
PGS000506,Breast cancer,European,0.4980458971195918,0.016285173527697608,NA,NA,1,0.622,0.6144666503609861,0.6294749107731122
PGS000507,Breast cancer,European,0.6234377200061422,0.034801283738134896,NA,NA,1,0.651,0.6353474897762881,0.666333484730614
PGS000508,Breast cancer,European,0.6278420821521787,0.01460756809753963,NA,NA,1,0.652,0.6454758316296122,0.6584676333831623
PGS000509,Breast cancer,European,0.5537276453102001,0.036318844682404754,NA,NA,1,0.635,0.6183481186100458,0.6513350122481397
PGS000510,Breast cancer,European,0.5322168137473082,0.015322829073436276,NA,NA,1,0.6299999999999999,0.6229724580242815,0.6369728848216993
PGS000511,Breast cancer,European,0.5797070684323913,0.03436058872568881,NA,NA,1,0.641,0.625359624088269,0.6563462414943356
PGS000512,Breast cancer,European,0.5884089424579804,0.014457241606865047,NA,NA,1,0.643,0.6364693728081542,0.6494779191045359
PGS000513,Breast cancer,European,0.38467433843909055,0.03705532026204877,NA,NA,1,0.595,0.5773845660175811,0.6123741225817555
PGS000514,Breast cancer,European,0.3639653772014115,0.03587180502656177,NA,NA,1,0.59,0.5728911021763355,0.6068938244505859
PGS000515,Breast cancer,European,0.42634269312971956,0.035227366913763256,NA,NA,1,0.605,0.5883859699346174,0.6213749617014708
PGS000516,Breast cancer,European,0.44311070772453115,0.03426575624992075,NA,NA,1,0.6089999999999999,0.5928958798798069,0.6248701393400128
PGS000517,Breast cancer,European,0.2006706954621514,0.03401973918516085,NA,NA,1,0.55,0.5334479732864539,0.566442067304556
PGS000518,Breast cancer,European,0.1683968173254614,0.01644400271112306,NA,NA,1,0.542,0.5339891422177151,0.5499892008527769
PGS000519,Breast cancer,European,0.15631752791234874,0.03696454697571972,NA,NA,1,0.539,0.5209544731510541,0.5569438807181287
PGS000520,Breast cancer,European,0.19663110200685247,0.014425233289004196,NA,NA,1,0.549,0.5419902759431433,0.5559903296826876
PGS000521,Breast cancer,European,0.19259310711578442,0.035017269466061485,NA,NA,1,0.548,0.5309501934271098,0.5649378806294165
PGS000522,Breast cancer,European,0.18855667693894732,0.015446729975769121,NA,NA,1,0.547,0.5394878654794987,0.5544907877013737
PGS000523,Breast cancer,European,0.18452177770355727,0.03396750042738863,NA,NA,1,0.546,0.5294522342947382,0.5624467569615167
PGS000524,Breast cancer,European,0.18855667693894732,0.015446729975769121,NA,NA,1,0.547,0.5394878654794987,0.5544907877013737
PGS000525,Breast cancer,European,0.39298055144591904,0.036067389392668535,NA,NA,1,0.597,0.5798818679265891,0.6138850647144369
PGS000526,Breast cancer,European,0.39298055144591904,0.014845563642582348,NA,NA,1,0.597,0.5899801324864262,0.6039803555319113
PGS000527,Breast cancer,European,0.4599402429064296,0.037638386558218793,NA,NA,1,0.613,0.5953601261327588,0.6303483390847009
PGS000528,Breast cancer,European,0.4641575586823115,0.013987001563384909,NA,NA,1,0.614,0.6074826882825395,0.6204767046378747
PGS000529,Breast cancer,European,0.39298055144591904,0.03391672209846984,NA,NA,1,0.597,0.5809084493480358,0.6128854310696646
PGS000530,Breast cancer,European,0.4054651081081642,0.015951997097085217,NA,NA,1,0.6,0.5924732606684868,0.6074798237617628
PGS000531,Breast cancer,European,0.44731221804366483,0.034328677021595526,NA,NA,1,0.61,0.5938798588485968,0.6258833641201019
PGS000532,Breast cancer,European,0.4389130421757044,0.014986075477905512,NA,NA,1,0.608,0.6009776545020554,0.6149779362625442
PGS000533,Breast cancer,European,0.43471917919023695,0.03423481376942504,NA,NA,1,0.607,0.5908835063592168,0.6228868049269087
PGS000534,Breast cancer,European,0.409633517645344,0.014894612860916385,NA,NA,1,0.601,0.5939792396335241,0.6079794830544046
PGS000535,Breast cancer,European,0.4980458971195918,0.03580392305849472,NA,NA,1,0.622,0.6053649792385465,0.6383527142873348
PGS000536,Breast cancer,European,0.5023013313394424,0.016285173527697608,NA,NA,1,0.623,0.6154742592715894,0.6304668842354337
PGS000537,Breast cancer,European,0.44311070772453115,0.03644263091982726,NA,NA,1,0.6089999999999999,0.5918656243889239,0.6258697455009997
PGS000538,Breast cancer,European,0.4138054400243832,0.015965445909086468,NA,NA,1,0.6019999999999999,0.5944791047387696,0.6094730413401083
PGS000539,Breast cancer,European,0.5065612249795332,0.036986706439325084,NA,NA,1,0.624,0.6068444780391369,0.6408499719078
PGS000540,Breast cancer,European,0.4683789335187336,0.016154774981978277,NA,NA,1,0.615,0.6074761402419262,0.6224692700409786
PGS000541,Malignant neoplasm of uterus,European,0.30637420546393324,0.049149413571275016,NA,NA,1,0.576,0.5523181351164989,0.5993378853143533
PGS000542,Malignant neoplasm of uterus,European,0.29001579579800096,0.04902925691258853,NA,NA,1,0.572,0.5483282617572618,0.5953466676042626
PGS000543,Cancer of other female genital organs,European,0.040005334613699206,0.055177872775124266,NA,NA,1,0.51,0.48297076510052106,0.5369708913574264
PGS000544,Malignant neoplasm of ovary,European,0.1281751934239978,0.05436312387977304,NA,NA,1,0.532,0.5054056570276119,0.558413774377825
PGS000545,Malignant neoplasm of ovary,European,0.1281751934239978,0.05436312387977304,NA,NA,1,0.532,0.5054056570276119,0.558413774377825
PGS000546,Malignant neoplasm of ovary,European,0.10409389104263336,0.05735861668221842,NA,NA,1,0.526,0.4979177626238067,0.5539187190427768
PGS000547,Malignant neoplasm of ovary,European,0.17645643734155667,0.05767231699751488,NA,NA,1,0.544,0.5158493622758571,0.5718722949846823
PGS000548,Malignant neoplasm of ovary,European,0.15229366908004574,0.054456755324335686,NA,NA,1,0.538,0.5113876375755768,0.5643975612867546
PGS000549,Malignant neoplasm of ovary,European,0.26962157572526196,0.058254288399679034,NA,NA,1,0.5669999999999998,0.5387827331401225,0.594789284223914
PGS000550,Malignant neoplasm of ovary,European,0.27369583047704077,0.05517283701878294,NA,NA,1,0.568,0.5412949888506408,0.5943155076694063
PGS000551,Malignant neoplasm of ovary,European,0.23304908030361296,0.057987118344294576,NA,NA,1,0.5579999999999999,0.5298131749171122,0.5858180392769199
PGS000552,Malignant neoplasm of ovary,European,0.2087548138621104,0.058854188542466594,NA,NA,1,0.552,0.5233331909517025,0.5803253249367708
PGS000553,Malignant neoplasm of ovary,European,0.22494373181835786,0.055885563960433746,NA,NA,1,0.556,0.5288200258552832,0.5828488920690312
PGS000554,Malignant neoplasm of ovary,European,0.08805685539118287,0.05831556017137414,NA,NA,1,0.522,0.4934399658091432,0.5504169176047894
PGS000555,Malignant neoplasm of ovary,European,0.15631752791234874,0.05655206846654618,NA,NA,1,0.539,0.5113669095818534,0.5663954540680882
PGS000556,Malignant neoplasm of ovary,European,0.06402185876493102,0.05624069848734415,NA,NA,1,0.516,0.4884495777143979,0.5434535095070588
PGS000557,Malignant neoplasm of ovary,European,0.13621020483454901,0.05542862459976313,NA,NA,1,0.534,0.5068920885979044,0.5609085832552364
PGS000558,Malignant neoplasm of ovary,European,0.18452177770355727,0.05564983223894368,NA,NA,1,0.546,0.5188530841761204,0.5728761296069944
PGS000559,Malignant neoplasm of ovary,European,0.21684573472721994,0.09106547517599917,NA,NA,1,0.554,0.5095881752918744,0.5975661049395236
PGS000560,Malignant neoplasm of ovary,European,0.2087548138621104,0.05990175095744683,NA,NA,1,0.552,0.5228209788609836,0.5808253001711267
PGS000561,Malignant neoplasm of ovary,European,0.2087548138621104,0.08804258756209968,NA,NA,1,0.552,0.5090468481081922,0.5941910179746891
PGS000562,Malignant neoplasm of ovary,European,0.2087548138621104,0.05578558704602487,NA,NA,1,0.552,0.5248333161417333,0.5788598128510587
PGS000563,Malignant neoplasm of ovary,European,0.18855667693894732,0.05564983223894368,NA,NA,1,0.547,0.5198602968398439,0.5738631337818559
PGS000564,Malignant neoplasm of ovary,European,0.22494373181835786,0.055859853752502284,NA,NA,1,0.556,0.5288325819836381,0.5828366399036574
PGS000565,Prostate cancer,European,0.3888257891041995,0.03819114531329593,NA,NA,1,0.596,0.5778542752718421,0.613886913373533
PGS000566,Prostate cancer,European,0.3681008613632963,0.03801250108122866,NA,NA,1,0.591,0.572876352360213,0.6088796613084351
PGS000567,Prostate cancer,European,0.4389130421757044,0.040734932396336916,NA,NA,1,0.608,0.5888159120162267,0.6268562490207309
PGS000568,Prostate cancer,European,0.38467433843909055,0.039205987556247456,NA,NA,1,0.595,0.5763556477618855,0.6133742436564786
PGS000569,Prostate cancer,European,0.5322168137473082,0.03834675455299696,NA,NA,1,0.6299999999999999,0.6123158244542244,0.6473421034376826
PGS000570,Prostate cancer,European,0.4980458971195918,0.03797615034804073,NA,NA,1,0.622,0.6043473994697238,0.6393350294696106
PGS000571,Prostate cancer,European,0.5494156210358597,0.03964752923592607,NA,NA,1,0.634,0.6157875738621706,0.6518372288938566
PGS000572,Prostate cancer,European,0.4726044109457928,0.04210820006567919,NA,NA,1,0.6159999999999999,0.596300113273013,0.6353264712262532
PGS000573,Prostate cancer,European,0.4980458971195918,0.04125667152867254,NA,NA,1,0.622,0.6028089275152,0.640816322490123
PGS000574,Prostate cancer,European,0.45572694288905263,0.0397539796408617,NA,NA,1,0.612,0.5933445863307545,0.6303327884730023
PGS000575,Prostate cancer,European,0.48530589755789505,0.038962577464787915,NA,NA,1,0.619,0.6008335026198794,0.6368394475454905
PGS000576,Prostate cancer,European,0.43471917919023695,0.04069774281473292,NA,NA,1,0.607,0.5878178125847072,0.6258576841882433
PGS000577,Prostate cancer,European,0.6015025906488275,0.04242050710247009,NA,NA,1,0.6459999999999999,0.6267638245114344,0.6647750212143652
PGS000578,Prostate cancer,European,0.632252349329572,0.0224909038685532,NA,NA,1,0.6529999999999999,0.6429451894507218,0.662920110066174
PGS000579,Prostate cancer,European,0.6015025906488275,0.041276241970439956,NA,NA,1,0.6459999999999999,0.6272883260343975,0.6642750394766332
PGS000580,Prostate cancer,European,0.632252349329572,0.022521203412122583,NA,NA,1,0.6529999999999999,0.6429315560347967,0.6629333804044264
PGS000581,Prostate cancer,European,0.6234377200061422,0.03934950604982294,NA,NA,1,0.651,0.633279684116721,0.6683125296894991
PGS000582,Prostate cancer,European,0.758371203364668,0.024687445519843063,NA,NA,1,0.681,0.6703975824330404,0.6914183511029797
PGS000583,Prostate cancer,European,0.6991532046201573,0.04150341369287099,NA,NA,1,0.668,0.6497195101447861,0.6857878428530322
PGS000584,Prostate cancer,European,0.8712224464724486,0.024539105476524662,NA,NA,1,0.705,0.6948994574857812,0.714903345936116
PGS000585,Prostate cancer,European,0.708185057924486,0.041567236727469946,NA,NA,1,0.67,0.6517438340061166,0.6877576431378597
PGS000586,Prostate cancer,European,0.7861311016821965,0.023774577293753863,NA,NA,1,0.687,0.6768937124878812,0.6969317108269478
PGS000587,Prostate cancer,European,0.6856565088307879,0.04243302716021294,NA,NA,1,0.665,0.6462252636151724,0.6832667152341794
PGS000588,Prostate cancer,European,0.8425404774849343,0.024302231362940935,NA,NA,1,0.699,0.6888842229182733,0.7089258416477188
PGS000589,Prostate cancer,European,0.5322168137473082,0.03942157598600128,NA,NA,1,0.6299999999999999,0.6118156188454414,0.6478228817991902
PGS000590,Prostate cancer,European,0.4641575586823115,0.040927100931253915,NA,NA,1,0.614,0.5948231367071504,0.6328294908833542
PGS000591,Prostate cancer,European,0.5193681209891051,0.04036211355730929,NA,NA,1,0.627,0.6083205954286641,0.6453079882389247
PGS000592,Prostate cancer,European,0.4726044109457928,0.03994616836188511,NA,NA,1,0.6159999999999999,0.5973197930558798,0.6343441177411723
PGS000593,Cancer of other male genital organs,European,0.20471192141066033,0.10343497655820516,NA,NA,1,0.551,0.5004948416775831,0.6004749539996661
PGS000594,Cancer of other male genital organs,European,0.23304908030361296,0.1037061032326116,NA,NA,1,0.5579999999999999,0.5074457290415011,0.6073801528066664
PGS000595,Malignant neoplasm of testis,European,0.6543941942627122,0.14259707362918075,NA,NA,1,0.6579999999999999,0.5926434071980041,0.7178626929768223
PGS000596,Malignant neoplasm of testis,European,0.6146464932382243,0.1447544223898045,NA,NA,1,0.649,0.5819851139027622,0.7106134269061102
PGS000597,Malignant neoplasm of testis,European,0.6455191315706909,0.14113462484725825,NA,NA,1,0.656,0.5911920090140882,0.7154785546647232
PGS000598,Malignant neoplasm of testis,European,0.6102595207541777,0.14750959039445313,NA,NA,1,0.648,0.5796022300432986,0.710821730015561
PGS000599,Malignant neoplasm of testis,European,0.5623668213073126,0.14998186799258273,NA,NA,1,0.637,0.5667006447218627,0.7018935846722254
PGS000600,Malignant neoplasm of testis,European,0.5580446957033814,0.14701846564534338,NA,NA,1,0.636,0.567065532419223,0.699769585347441
PGS000601,Malignant neoplasm of testis,European,0.3971386653316105,0.15641603089193182,NA,NA,1,0.598,0.522625349446102,0.6690107178098516
PGS000602,Malignant neoplasm of testis,European,0.8377920853875026,0.10215546520714203,NA,NA,1,0.698,0.6542033552604778,0.7384671645429135
PGS000603,Malignant neoplasm of testis,European,0.5108256237659907,0.1492823422756524,NA,NA,1,0.625,0.5543425558135952,0.690705366068305
PGS000604,Malignant neoplasm of testis,European,0.861624753007965,0.10542847346993436,NA,NA,1,0.703,0.6581329277733072,0.7442667432486328
PGS000605,"Malignant neoplasm of kidney, except pelvis",European,0.0680262208558565,0.049067699275855435,NA,NA,1,0.517,0.49296384707995405,0.5409577464024754
PGS000606,"Malignant neoplasm of kidney, except pelvis",European,0.0680262208558565,0.049067699275855435,NA,NA,1,0.517,0.49296384707995405,0.5409577464024754
PGS000607,Cancer of bladder,European,0.12415925279565966,0.04303776343231072,NA,NA,1,0.5310000000000001,0.5099499953735809,0.5519402662022087
PGS000608,Cancer of bladder,European,0.08404944434245186,0.04295129441818435,NA,NA,1,0.521,0.499966226820754,0.5419595779853655
PGS000609,Cancer of bladder,European,0.11211729812070621,0.04199703339813233,NA,NA,1,0.528,0.5074502267164609,0.5484553181904857
PGS000610,Cancer of bladder,European,0.29001579579800096,0.045881495994581835,NA,NA,1,0.572,0.5498557944292929,0.5938594824895193
PGS000611,Cancer of bladder,European,0.26962157572526196,0.03431219417252637,NA,NA,1,0.5669999999999998,0.5504204616530974,0.583430853605143
PGS000612,Cancer of bladder,European,0.29001579579800096,0.045881495994581835,NA,NA,1,0.572,0.5498557944292929,0.5938594824895193
PGS000613,Cancer of bladder,European,0.285932290727993,0.034390246675741316,NA,NA,1,0.571,0.5544154765445515,0.5874266003656815
PGS000614,Cancer of bladder,European,0.10008345855698263,0.045039931871386926,NA,NA,1,0.525,0.5029512637477064,0.54695169222778806
PGS000615,Cancer of bladder,European,0.07603661306012756,0.043971712105360404,NA,NA,1,0.519,0.49746303610490294,0.5404665888508803
PGS000616,Cancer of bladder,European,0.15229366908004574,0.04106358393527858,NA,NA,1,0.538,0.5179445508231737,0.557933213200368
PGS000617,Cancer of eye,European,0.34745381575169815,0.15877333244299452,NA,NA,1,0.586,0.5090635281163496,0.658956962781141
PGS000618,Cancer of brain and nervous system,European,0.5023013313394424,0.06971420180888956,NA,NA,1,0.623,0.5904102283675692,0.6545140707302195
PGS000619,Cancer of brain and nervous system,European,0.4980458971195918,0.06844055411432666,NA,NA,1,0.622,0.5899847684029951,0.6529857323005867
PGS000620,Cancer of brain,European,0.18452177770355727,0.08560634834709754,NA,NA,1,0.546,0.504183236125856,0.587177689031403
PGS000621,Cancer of brain,European,0.16034265007517948,0.07823201527742424,NA,NA,1,0.54,0.5017519678628374,0.5777826180344865
PGS000622,Cancer of brain,European,0.42634269312971956,0.07480973265869156,NA,NA,1,0.605,0.569476502308649,0.6394481511011888
PGS000623,Cancer of brain,European,0.15229366908004574,0.07818114340012125,NA,NA,1,0.538,0.49976465702133166,0.5757934964939267
PGS000624,Cancer of brain,European,0.4305290767713805,0.07917333847250516,NA,NA,1,0.606,0.5684056842178696,0.6423799451931055
PGS000625,Cancer of brain,European,0.12014431184206341,0.08006476612937789,NA,NA,1,0.53,0.4908053791980118,0.568828056939709
PGS000626,Thyroid cancer,European,0.1161303378418818,0.06456758649354453,NA,NA,1,0.529,0.4973944906629729,0.5603746786763192
PGS000627,Thyroid cancer,European,0.24116205681688824,0.06219925136718063,NA,NA,1,0.56,0.529777600640832,0.5897840173141413
PGS000628,Thyroid cancer,European,0.26147970005775656,0.06235841763531639,NA,NA,1,0.565,0.5347581477072948,0.5947657169894578
PGS000629,Thyroid cancer,European,0.08004270767353656,0.06343875373686532,NA,NA,1,0.52,0.4889274981094562,0.5509185409255818
PGS000630,Thyroid cancer,European,0.5150945736855667,0.06329343549948296,NA,NA,1,0.626,0.5965328982788682,0.6545612254877867
PGS000631,Thyroid cancer,European,0.5580446957033814,0.10284319028263608,NA,NA,1,0.636,0.588186147621154,0.6812706502764209
PGS000632,Thyroid cancer,European,0.48106784885111553,0.06487270681136233,NA,NA,1,0.618,0.5875672010802534,0.6475342775443409
PGS000633,Thyroid cancer,European,0.5236463121950522,0.10201492176941612,NA,NA,1,0.628,0.5802249901657088,0.6733982917104094
PGS000634,Thyroid cancer,European,0.1402293413086503,0.06469929448439307,NA,NA,1,0.535,0.5033546306931245,0.5663660752760954
PGS000635,Thyroid cancer,European,0.277772344022583,0.062460458227439994,NA,NA,1,0.569,0.5387595422844449,0.5987344721320464
PGS000636,Thyroid cancer,European,0.3145685546363655,0.06176685512103381,NA,NA,1,0.578,0.5482259907616679,0.6072176354093514
PGS000637,Hodgkin's disease,European,0.2981900500501958,0.1479732938663048,NA,NA,1,0.574,0.502040587188617,0.6429561002859134
PGS000638,Hodgkin's disease,European,0.409633517645344,0.14604133798409688,NA,NA,1,0.601,0.5308090429246706,0.6672724708133537
PGS000639,Hodgkin's disease,European,0.4895482253187058,0.14124516643255297,NA,NA,1,0.62,0.5529773305475689,0.6827391909561649
PGS000640,Hodgkin's disease,European,0.277772344022583,0.1391366366588045,NA,NA,1,0.569,0.501266131336527,0.6342469827390649
PGS000641,Non-Hodgkins lymphoma,European,0.16436906878593652,0.04111531839415138,NA,NA,1,0.541,0.520933517208427,0.5609343903048882
PGS000642,Non-Hodgkins lymphoma,European,0.18855667693894732,0.04016438368707868,NA,NA,1,0.547,0.5274310503039601,0.5664247496917615
PGS000643,Nodular lymphoma,European,0.1281751934239978,0.07288162614289573,NA,NA,1,0.532,0.4963318673553693,0.5673440770623769
PGS000644,Nodular lymphoma,European,0.15229366908004574,0.07094422503563104,NA,NA,1,0.538,0.5033106986177351,0.5723252202051384
PGS000645,Lymphoid leukemia,European,0.3145685546363655,0.13164007562076643,NA,NA,1,0.578,0.5141347344800735,0.6393589987535029
PGS000646,"Lymphoid leukemia, chronic",European,0.8283219589281977,0.16751122639982777,NA,NA,1,0.696,0.6224593206700539,0.7607223706433572
PGS000647,"Lymphoid leukemia, chronic",European,0.7308875085427926,0.07793212040202639,NA,NA,1,0.675,0.6406394353654423,0.7075748049023337
PGS000648,"Lymphoid leukemia, chronic",European,0.8283219589281977,0.17370946614537197,NA,NA,1,0.696,0.6196001478783378,0.7629266873523455
PGS000649,"Lymphoid leukemia, chronic",European,0.7172447321390061,0.07634130910730928,NA,NA,1,0.672,0.6382128438497192,0.7040947634484006
PGS000650,"Lymphoid leukemia, chronic",European,0.3104700874618215,0.14110342515089908,NA,NA,1,0.577,0.508476031475547,0.6426840431697988
PGS000651,"Lymphoid leukemia, chronic",European,0.2941017034861148,0.1481550640941869,NA,NA,1,0.573,0.5009294433948234,0.6420988951033572
PGS000652,Multiple myeloma,European,0.18855667693894732,0.1387728794002248,NA,NA,1,0.547,0.4791525517943243,0.6131450039892627
PGS000653,Multiple myeloma,European,0.3104700874618215,0.08381709038319161,NA,NA,1,0.577,0.5364821986364279,0.6165077743803675
PGS000654,Multiple myeloma,European,0.30637420546393324,0.08376398012786886,NA,NA,1,0.576,0.5354894217738112,0.6155143059431276
PGS000655,Nonalcoholic fatty liver disease,European,0.3888257891041995,0.03926633151045301,NA,NA,1,0.596,0.57734012321617445,0.614386301565494
PGS000655,Nonalcoholic fatty liver disease severity (NAFLD activity score above 5),European,0.9643905266685663,0.1835464154255329,NA,NA,1,0.724,0.646717043977417,0.7898699191285049
PGS000656,Nonalcoholic fatty liver disease severity (NAFLD activity score above 5),European,1.1526795099383855,0.19218769396657281,NA,NA,1,0.7599999999999999,0.684815576083528,0.8219137369826488
PGS000657,Incident hip fracture,European,1.2947391323245692,0.0193530473068143,53.63589835571848,98.13557704698465,2,0.7849482562662148,0.778475988459698,0.7912821236405335
PGS000657,Incident major osteoporotic fracture,European,0.8891842834259341,0.01221616574069312,114.1741173027144,99.12414475047032,2,0.7087218086212379,0.7037544014464506,0.7136398151171579
PGS000662,Gleason <=7 prostate cancer risk in 10 years,European,2.8060150147989065,0.15202892714514896,NA,NA,1,0.943,0.924703418187509,0.957057099300321
PGS000662,Gleason >=8 prostate cancer risk in 10 years,European,2.7875622640299427,0.21906515012020056,NA,NA,1,0.9420000000000001,0.9135833753616794,0.9614664343518403
PGS000662,Lethal prostate cancer risk in 10 years,European,3.204412762840645,0.3137280241782248,NA,NA,1,0.9609999999999999,0.9301831316768684,0.978528421252231
PGS000662,Localized prostate cancer risk in 10 years,European,2.682732393117921,0.15152784657854712,NA,NA,1,0.936,0.9157332550835924,0.9516498101611511
PGS000662,Non-localized prostate cancer risk in 10 years,European,2.9031107836735934,0.2942546859066452,NA,NA,1,0.948,0.911037700347045,0.9701089699432904
PGS000662,Prostate cancer,East Asian,0.9444616088408513,0.06411082354104754,NA,NA,1,0.72,0.6939824873659467,0.7446195120161619
PGS000662,Prostate cancer,European,1.6070398297500872,0.021956621603644425,NA,NA,1,0.8329999999999999,0.8269272722046906,0.8389011606945442
PGS000662,Prostate cancer incidence in men with symptoms,European,1.248040429234615,0.05807658776223793,0.24688349305029783,0,2,0.7769604657797338,0.7566150610242769,0.7960635414949397
PGS000662,Total prostate cancer risk in 10 years,European,2.6178251095094853,0.11926761129533613,NA,NA,1,0.932,0.9156037404923292,0.9454007945138065
PGS000663,Pancreatic cancer,European,0.6190392084062236,0.06716059334768372,NA,NA,1,0.65,0.6194947956895638,0.6793255364245329
PGS000663,Pancreatic cancer (0-10 years of follow-up),European,0.708185057924486,0.08773884078513841,NA,NA,1,0.67,0.6309319412289675,0.7068539639623103
PGS000667,Incident atherosclerotic cardiovascular disease in individuals with borderline-intermediate risk of atherosclerotic cardiovascular disease,European,0.5358132340129993,0.009057883356848758,49.56528501825724,95.96491778618179,3,0.6308379328981127,0.6266939667939456,0.6349626927044655
PGS000667,Incident atherosclerotic cardiovascular disease in individuals with borderline-intermediate risk ofatherosclerotic cardiovascular disease,European,0.45151761555314895,0.015013550684884401,NA,NA,1,0.611,0.6039835128163827,0.6179708031212112
PGS000712,Incident T2D in prediabetics,Middle Eastern or North African,1.2026732589838505,0.09529606162995397,NA,NA,1,0.7689999999999999,0.7341718297578551,0.800504989559715
PGS000712,Prediabetes,Middle Eastern or North African,0.6455191315706909,0.03619402735598066,NA,NA,1,0.656,0.6398190453931956,0.671826882408598
PGS000713,Incident T2D in prediabetics,Middle Eastern or North African,1.180290319682377,0.09414473637707896,NA,NA,1,0.765,0.7302254351259998,0.7965409854361132
PGS000713,Incident type 2 diabetes,East Asian,0.3971386653316105,0.09256666676152331,NA,NA,1,0.598,0.553718866334955,0.640738143293283
PGS000713,Incident type 2 diabetes,South Asian,0.5884089424579804,0.09592335043608875,NA,NA,1,0.643,0.5987835625613435,0.6849077510243528
PGS000713,Prediabetes,Middle Eastern or North African,0.6366685763994745,0.036094639389149794,NA,NA,1,0.654,0.6378219166824396,0.6698295121448848
PGS000713,Type 2 diabetes,East Asian,1.1200608320755931,0.15045123114951803,NA,NA,1,0.754,0.6953340440546685,0.8045447670775646
PGS000713,Type 2 diabetes,European,0.9051174312760297,0.012441552570631963,NA,NA,1,0.712,0.7069738840732667,0.7169744185860063
PGS000713,Type 2 diabetes,Hispanic or Latin American,1.1636758820151716,0.01969737762233486,NA,NA,1,0.762,0.7549277569564002,0.7689306216937887
PGS000713,Type 2 diabetes,South Asian,0.9494273554635833,0.0393006553852325,NA,NA,1,0.721,0.7052444415527902,0.7362283651448179
PGS000714,Metastatic prostate cancer,European,0.19663110200685247,0.08955689551312387,NA,NA,1,0.549,0.5052747010135957,0.5919814394533909
PGS000714,Prostate cancer,European,0.48106784885111553,0.03233461878549592,NA,NA,1,0.618,0.6029308330924165,0.6328455291696276
PGS000714,Prostate cancer (clinical cases),European,0.4980458971195918,0.03266630787242272,NA,NA,1,0.622,0.6068331818121702,0.6369317931733018
PGS000714,Prostate cancer (screening trial detected),European,0.39298055144591904,0.06386879122610223,NA,NA,1,0.597,0.5665521689147869,0.6267182034648319
PGS000716,Obesity in individuals aged 12-15.9,European,1.030263053029522,0.13611829570596454,0.005744293486239508,0,2,0.7369668909716478,0.6821068925755134,0.7853389124198749
PGS000716,Obesity in individuals aged 16-17.9,European,0.6896183944366836,0.1559895836560799,0.02988731639519733,0,2,0.6658820313184318,0.5948082831689145,0.7301449234629734
PGS000716,Obesity in individuals aged 18-23.9,European,0.4831825981682536,0.03596534974271902,0.0034713751678427437,0,2,0.61849911682396,0.6017328375114689,0.6349877247266849
PGS000716,Obesity in individuals aged 24-29.9,European,0.4138054400243832,0.03513635761478508,NA,NA,1,0.6019999999999999,0.5853895647430671,0.6183787952492237
PGS000716,Obesity in individuals aged 30-69.9,European,0.277772344022583,0.00735572192648659,0,0,2,0.569,0.5654608772424004,0.5725320885244911
PGS000716,Overweight in individuals aged 12-15.9,European,0.6500221939257518,0.04769648123249815,0.008653971617636917,0,2,0.657015464006517,0.6356509119047185,0.6777623289621137
PGS000716,Overweight in individuals aged 14-29.9,European,0.3681008613632963,0.013434324062989236,0,0,2,0.591,0.5846203124370304,0.5973491890777362
PGS000716,Overweight in individuals aged 16-17.9,European,0.5043989263923369,0.05272917270421825,0.0016313058725718527,0,2,0.6234925369904674,0.5989398471748183,0.6474269433896855
PGS000716,Overweight in individuals aged 18-23.9,European,0.4117177199512094,0.017305066491412117,0.014529999331392696,0,2,0.6014996842621105,0.5933423295336605,0.6096010710496753
PGS000716,Overweight in individuals aged 30-69.9,European,0.27369583047704077,0.0073516143108776294,0,0,2,0.568,0.5644609305327921,0.5715321410512804
PGS000717,Obesity in individuals aged 12-15.9,European,0.6722356057714882,0.14730620809870437,0.0036819345705290402,0,2,0.6620035678512458,0.5947207032240439,0.7233131261168521
PGS000717,Obesity in individuals aged 16-17.9,European,0.7376781088116835,0.1791720916257528,0.14619841241319081,0,2,0.676487914046237,0.5954400573189244,0.7481661262760014
PGS000717,Obesity in individuals aged 18-23.9,European,0.5169463699221769,0.035090883441915514,0.09262708329983632,0,2,0.626433448683248,0.6102036280505608,0.6423835476158793
PGS000717,Obesity in individuals aged 24-29.9,European,0.5107982430727027,0.024640215492737993,0.11993522069255988,0,2,0.624993582628047,0.61360788883161,0.6362426671658579
PGS000717,Obesity in individuals aged 30-69.9,European,0.39979833022213346,0.007855162531281127,0.6261361011338544,0,2,0.5986392058170397,0.5949344225547005,0.6023327537449539
PGS000717,Overweight in individuals aged 12-15.9,European,0.3595515681581695,0.04699771282440341,0.03086537688565455,0,2,0.5889318770223338,0.5664633512767141,0.6110355252290656
PGS000717,Overweight in individuals aged 14-29.9,European,0.4054442576581282,0.013530811702362911,0.3793067799030953,0,2,0.5999949958815577,0.5936135264752058,0.6063427106614889
PGS000717,Overweight in individuals aged 16-17.9,European,0.47460969418227683,0.053119010500754,0.014260986162739978,0,2,0.6164742272476247,0.5915789288440216,0.640773505336561
PGS000717,Overweight in individuals aged 18-23.9,European,0.3784424266168441,0.017948643372250796,0.11999342591535549,0,2,0.5934973803133279,0.5849829470437817,0.6019559920037982
PGS000717,Overweight in individuals aged 30-69.9,European,0.33715268727008735,0.006680372974260576,0.8536336620983921,0,2,0.5834987112598162,0.5803131798477407,0.5866772849399572
PGS000719,Incident prostate cancer,European,0.6878023270350265,0.012156648299034109,1.6726658531946377,40.215196114030064,2,0.6654778652741064,0.6601528174594941,0.6707610882874478
PGS000720,Incident colorectal cancer,European,0.4514940073055734,0.016700380663792692,0.2538782153762864,0,2,0.6109943888006205,0.6031867925862495,0.6187454630600422
PGS000721,Incident lung cancer,European,0.4189273576652693,0.02224153602784753,5.080901256413371,80.31845238602602,2,0.6032265475055643,0.592747216584951,0.6136120018159041
PGS000721,Lung cancer,East Asian,0.8001193001121129,0.09581208335148937,NA,NA,1,0.69,0.6484715799142965,0.7286751050612087
PGS000721,Lung cancer,European,1.0355993208393754,0.07410127737960426,NA,NA,1,0.738,0.7089646269523946,0.7650984133980613
PGS000722,Incident kidney cancer,European,0.26962157572526196,0.04991707457233809,NA,NA,1,0.5669999999999998,0.5428407274649749,0.5908448509817785
PGS000723,Incident bladder cancer,European,0.33510096455169075,0.050411883031118265,NA,NA,1,0.583,0.5588000822976897,0.606806536517311
PGS000724,Incident epithelial ovarian cancer,European,0.27369583047704077,0.06348663900739282,NA,NA,1,0.568,0.5372463786977195,0.5982382038982533
PGS000725,Incident Pancreatic cancer,European,0.5710264960446539,0.056436414950714324,NA,NA,1,0.639,0.6131117013484672,0.6641050470605426
PGS000729,Incident type 2 diabetes,East Asian,0.4683789335187336,0.09182086110221167,NA,NA,1,0.615,0.5716068413281347,0.6566380514523708
PGS000729,Incident type 2 diabetes,South Asian,0.632252349329572,0.09264283562892116,NA,NA,1,0.6529999999999999,0.6107990891540631,0.6929255439424017
PGS000729,Type 2 diabetes,East Asian,0.9345624981101105,0.13362696235852067,NA,NA,1,0.718,0.6620971013587847,0.7678964605690589
PGS000729,Type 2 diabetes,European,0.9051174312760297,0.012441552570631963,NA,NA,1,0.712,0.7069738840732667,0.7169744185860063
PGS000729,Type 2 diabetes,Hispanic or Latin American,1.1581698059301753,0.019640696276981954,NA,NA,1,0.761,0.753928249438063,0.767931076010015
PGS000729,Type 2 diabetes,South Asian,0.9296289429563827,0.0365226480720637,NA,NA,1,0.717,0.7022519435309037,0.7312970675218574
PGS000730,Basal cell carcinoma,European,0.5065612249795332,0.010826035904241249,NA,NA,1,0.624,0.6190085602228402,0.628965243136579
PGS000731,Squamous cell carcinoma,European,0.42634269312971956,0.014626677063659853,NA,NA,1,0.605,0.5981287831696082,0.6118299767311184
PGS000732,Melanoma,European,0.3186696438906136,0.01934718619885911,NA,NA,1,0.579,0.5697298806571045,0.588214750514489
PGS000734,Colorectal cancer,East Asian,0.6632942174102643,0.06834247101142975,NA,NA,1,0.66,0.6293298581048055,0.6893849503148184
PGS000739,Hypertrophic cardiomyopathy,European,1.1445089068457728,0.09901129952356996,6.763173302900997,85.2140414682105,2,0.7585065176150173,0.7212050161472962,0.7922548535634285
PGS000740,Early onset lung cancer (< 50 years),European,1.456521039055771,0.4126969600058927,NA,NA,1,0.811,0.6564773170279554,0.905971258057922
PGS000740,Lung cancer,European,0.9946225751440619,0.07268003621563233,NA,NA,1,0.7299999999999999,0.7010220892791329,0.7571422828249156
PGS000740,Lung cancer in individuals who have never smoked,European,0.7861311016821965,0.14126148494647248,NA,NA,1,0.687,0.6246326548592703,0.7432641209539185
PGS000743,Melanoma,European,0.8818000903487921,0.052841175027121594,7.52749961893321,86.7153762786677,2,0.7071951051150892,0.6852988122889424,0.7281722024327032
PGS000746,Coronary heart disease,European,0.43310322980110816,0.00794286163700056,159.69817412089677,98.74763752872595,3,0.606614447076534,0.6028932997204263,0.6103232626176291
PGS000747,Coronary heart disease,European,0.4143020900774638,0.007918126634954127,91.97970190149132,97.82560721696841,3,0.6021189893358738,0.5983951224090159,0.605831071720248
PGS000748,Coronary heart disease,European,0.4228928568134885,0.007881260160441472,98.91759891083875,97.97811509577508,3,0.6041752774427005,0.600475220638037,0.6078634451782684
PGS000749,Coronary heart disease,European,0.4024588392843271,0.008122313836057502,1.5061494753991145,33.60552745038735,2,0.5992782790571173,0.5954492821991916,0.6030951919329752
PGS000749,Coronary heart disease,Middle Eastern or North African,0.5971325273203568,0.04013365786846831,NA,NA,1,0.645,0.6267900621055233,0.6627994272501405
PGS000754,Systemic lupus erythematosus,East Asian,1.1526795099383855,0.0560453617725991,NA,NA,1,0.7599999999999999,0.7393958030587073,0.779461053948503
PGS000754,Systemic lupus erythematosus,European,0.6032806802273711,0.026248709875044032,2.6012622639459666,23.114250042357746,3,0.6464065149983445,0.634560804802257,0.6580751484534805
PGS000756,Incident narcolepsy,East Asian,0.9593917159714261,0.053554437939895,NA,NA,1,0.723,0.7014945662883031,0.7435225625644254
PGS000757,Incident narcolepsy,East Asian,1.02528101558256,0.05440600188620858,NA,NA,1,0.736,0.7147659860355765,0.7561924604310188
PGS000758,Short stature in adulthood,European,1.680721152653547,0.18603620023816395,NA,NA,1,0.8429999999999999,0.7885304822479993,0.8854771316719882
PGS000758,Short stature in adulthood (females),European,1.823620571297039,0.20442073078381176,NA,NA,1,0.861,0.8058013961770004,0.9024092312273523
PGS000758,Short stature in adulthood (males),European,1.5163474893680882,0.33208762946752285,NA,NA,1,0.8200000000000001,0.7037992521413388,0.8972687657717524
PGS000765,Familial / early-onset colorectal cancer,European,1.8522241475605792,0.07250563448404886,18.741129066642113,94.66414218458199,2,0.8643880319606475,0.8468509537639481,0.8802010252091164
PGS000766,Prevalent cutaneous melanoma,European,0.5753641449035619,0.04432295716621391,NA,NA,1,0.64,0.6197509212135615,0.6597627519379662
PGS000770,Obesity prevalence,European,0.3517276630618628,0.14854587000305267,24.402233954822552,91.80402907494974,3,0.5870364699197561,0.5151398099115521,0.6554036488589087
PGS000771,Renal disease age of onset,European,0.30637420546393324,0.12178175837422878,NA,NA,1,0.576,0.5169140335380434,0.6329902144919458
PGS000773,Breast cancer,African,0.27369583047704077,0.016635752205878828,NA,NA,1,0.568,0.5599821850392714,0.5759823423457706
PGS000774,Estrogen-receptor positive breast cancer,African,0.30637420546393324,0.019842801759790845,NA,NA,1,0.576,0.5664747126287979,0.5854691509946519
PGS000775,Estrogen-receptor negative breast cancer,African,0.3145685546363655,0.028236952350579554,NA,NA,1,0.578,0.5644455557314709,0.5914379514660079
PGS000779,Alzheimer's disease,East Asian,0.45572694288905263,0.2527876700595125,NA,NA,1,0.612,0.49006708438178953,0.7213545896719125
PGS000779,Alzheimer's disease,European,0.9296289429563827,0.07017178928194108,NA,NA,1,0.717,0.6882803975738249,0.7440575272384482
PGS000782,Incident blader cancer,European,1.4114846099484495,0.0563950329607247,NA,NA,1,0.804,0.7859948811609041,0.8208355777707146
PGS000783,Incident breast cancer,European,0.5384635046055574,0.013321562519069999,3.1476517422503503,68.23028460940631,2,0.6314549174135057,0.6253579671153229,0.6375101598378181
PGS000784,Incident cervical cancer,European,1.0721206732211332,0.08929893309610963,NA,NA,1,0.745,0.710352110109989,0.7768055300698299
PGS000785,Incident colorectal cancer,European,0.904973764050254,0.01932740045176855,1.018622085901396,1.8281643564518744,2,0.7119705392761033,0.7041402559514046,0.7196760878101336
PGS000786,Incident endometrial cancer,European,1.1200608320755931,0.06007807724380424,NA,NA,1,0.754,0.7315120777589343,0.775183256339639
PGS000787,Incident kidney cancer,European,0.9544040252021891,0.058446978227335196,NA,NA,1,0.722,0.6984331911015736,0.7443991057864151
PGS000788,Incident Lymphocytic Leukemia,European,1.0355993208393754,0.0803855135370395,NA,NA,1,0.738,0.7064166666748816,0.7673048455626856
PGS000789,Incident lung cancer,European,1.190054557316769,0.02886593233618021,181.60017491804103,99.44933973744722,2,0.7667508216192565,0.7564800569737539,0.7767162624491311
PGS000789,Incident lung cancer in never smokers,European,0.9593917159714261,0.03691123621312467,NA,NA,1,0.723,0.7082801312801322,0.737252654047576
PGS000789,Incident lung cancer in smokers,European,1.4370666864933141,0.043267079112353925,NA,NA,1,0.808,0.7944993892712953,0.8208137063197649
PGS000790,Incident melanoma,European,0.6366685763994745,0.031160671118757453,NA,NA,1,0.654,0.6400528788108177,0.6676872855189442
PGS000791,Incident non-hodgkin's lymphoma,European,0.7400189496896188,0.04365885790823345,NA,NA,1,0.677,0.6580120154543363,0.6954217177904951
PGS000792,Incident oral cavity and pharyngeal cancer,European,0.8568399175204064,0.0640455080506458,NA,NA,1,0.7020000000000001,0.6750928355183892,0.7275780471940919
PGS000793,Incident ovarian cancer,European,0.6632942174102643,0.06314206009306839,NA,NA,1,0.66,0.6317044216398302,0.6871981284153205
PGS000794,Incident pancreatic cancer,European,1.0721206732211332,0.0675366448662875,NA,NA,1,0.745,0.7190489233504458,0.769323009488328
PGS000795,Incident prostate cancer,European,1.194220661900373,0.016113283618172367,0.2721497581166813,0,2,0.7674950762484962,0.7618118362809965,0.7730831040192361
PGS000796,Incident testicular cancer,European,1.3069360827079783,0.22478761920874493,NA,NA,1,0.787,0.7039861312782172,0.8516397051830517
PGS000797,Incident thyroid cancer,European,0.8520643136439034,0.10147411809658136,NA,NA,1,0.701,0.6577255940669633,0.7409579716506263
PGS000799,"Asthma ever, at age 8 years",European,0.6891927096742201,0.05172128895348199,1.0739188533316417,6.883094854170933,2,0.6657873169441756,0.6428645628690451,0.6879529424388156
PGS000800,"Asthma ever, at age 8 years",European,0.6612876637236061,0.05152025532074875,2.9606807070486045,66.22398363932787,2,0.6595495848987047,0.6365237940508169,0.6818458005405396
PGS000802,Colorectal cancer,East Asian,0.3854099519407726,0.021771425290650938,2.800594703069989,28.58659634656824,3,0.5951772520686184,0.5848554520700658,0.6054155618424014
PGS000804,Incident T2D in prediabetics,Middle Eastern or North African,1.1581698059301753,0.09303783432573119,NA,NA,1,0.761,0.7262771614296158,0.792576093464372
PGS000804,Prediabetes,Middle Eastern or North African,0.6234377200061422,0.034801283738134896,NA,NA,1,0.651,0.6353474897762881,0.666333484730614
PGS000804,Type 2 diabetes,African,0.4818620176880173,0.013814522136031609,247.3627598057834,99.59573542889595,2,0.6181874666246296,0.6117764380766715,0.6245575967032405
PGS000804,Type 2 diabetes,European,1.0405551995773599,0.006600087097276292,4490.192433753258,99.97772923956482,2,0.7389571180104326,0.7364540346031486,0.7414447743078303
PGS000804,Type 2 diabetes,Hispanic or Latin American,0.7368092552378068,0.014724963514974609,265.50565753304176,99.62336019153356,2,0.6762977345392439,0.6699476566307022,0.682583524146562
PGS000804,Type 2 diabetes,Middle Eastern or North African,1.5856272637403817,0.041466202564803406,NA,NA,1,0.83,0.8182228887788934,0.8411622092865962
PGS000805,Incident T2D in prediabetics,Middle Eastern or North African,1.1472048439049751,0.09250035808070979,NA,NA,1,0.759,0.7243023541124919,0.7905933270843696
PGS000805,Incident type 2 diabetes,East Asian,0.4599402429064296,0.08843183178609018,NA,NA,1,0.613,0.5711669466308402,0.6532297919180494
PGS000805,Incident type 2 diabetes,South Asian,0.7263327295455997,0.09683605987495755,NA,NA,1,0.674,0.6310057822327341,0.7142531978748956
PGS000805,Prediabetes,Middle Eastern or North African,0.6234377200061422,0.034801283738134896,NA,NA,1,0.651,0.6353474897762881,0.666333484730614
PGS000805,Type 2 diabetes,East Asian,1.0150127198328165,0.14380913539724147,NA,NA,1,0.7339999999999999,0.6754954391375741,0.7853091920941939
PGS000805,Type 2 diabetes,European,1.0070182998464146,0.005822042997702175,4605.973894034796,99.95657812992404,3,0.7324362204392186,0.7301940050300225,0.7346665730397607
PGS000805,Type 2 diabetes,Hispanic or Latin American,1.1747359841409104,0.018423650643725697,NA,NA,1,0.764,0.7574272134555439,0.7704486647938864
PGS000805,Type 2 diabetes,South Asian,0.9494273554635833,0.03807284322142853,NA,NA,1,0.721,0.7057444473202843,0.7357607641883945
PGS000806,Prediabetes,Middle Eastern or North African,0.5971325273203568,0.03566952509648743,NA,NA,1,0.645,0.6288345482888161,0.6608411242114037
PGS000806,Type 2 diabetes,African,0.45394021699776443,0.013813136312537827,265.3967375716617,99.62320561693792,2,0.611575646410853,0.6051251626494244,0.6179872790392191
PGS000807,Prediabetes,Middle Eastern or North African,0.6015025906488275,0.03462001070237335,NA,NA,1,0.6459999999999999,0.6303334005259754,0.6613593475718177
PGS000808,Incident T2D in prediabetics,Middle Eastern or North African,1.1200608320755931,0.09120120592969262,NA,NA,1,0.754,0.719363482399403,0.7856355148903955
PGS000808,Prediabetes,Middle Eastern or North African,0.6102595207541777,0.03580727896308755,NA,NA,1,0.648,0.6318303887992948,0.6638372926680927
PGS000808,Type 2 diabetes,Hispanic or Latin American,0.6825558681964927,0.014632308903395796,289.8869274370004,99.65503791121546,2,0.6643089017665793,0.6578835002474587,0.6706740349830261
PGS000809,Multiple Sclerosis,European,1.180290319682377,0.28856820545765627,NA,NA,1,0.765,0.6490114226101108,0.8514329019652132
PGS000809,Multiple sclerosis,European,0.9103307173577553,0.15175250819795263,0.43023870593161406,0,2,0.713067832985486,0.6486010901698533,0.7699033648780654
PGS000813,Familial cutaneous melanoma in non-carriers of a CDKN2A mutation,European,1.2083112059245342,0.05773294032537983,NA,NA,1,0.77,0.7493511311728142,0.789425801378061
PGS000814,LDL-c blood concentration,European,0.6203581508057759,0.014588157159782511,NA,NA,1,0.6503,0.6437700992935769,0.6567740202147697
PGS000814,Low-density lipoprotein cholesterol level >4.9mmol/L in individuals who have familial hypercholestrolaemia and no known mutation,European,0.6190392084062236,0.06740397373920269,NA,NA,1,0.65,0.6193823443409245,0.6794294439055736
PGS000832,Incident T2D in prediabetics,Middle Eastern or North African,1.289130612666243,0.08779667193595043,NA,NA,1,0.784,0.7534409512707954,0.8117179907402928
PGS000832,Prediabetes,Middle Eastern or North African,0.6234377200061422,0.035948956792086706,NA,NA,1,0.651,0.634826178831653,0.6668334224136622
PGS000852,Incident T2D in prediabetics,Middle Eastern or North African,1.180290319682377,0.09414473637707896,NA,NA,1,0.765,0.7302254351259998,0.7965409854361132
PGS000864,Incident type 2 diabetes,East Asian,0.3392157225669637,0.09267950564282468,NA,NA,1,0.584,0.5393096800865681,0.6273506069793781
PGS000864,Incident type 2 diabetes,South Asian,0.5884089424579804,0.09592335043608875,NA,NA,1,0.643,0.5987835625613435,0.6849077510243528
PGS000864,Type 2 diabetes,East Asian,0.8472978603872034,0.13976858868339792,NA,NA,1,0.7,0.6395361391450457,0.7542194472985844
PGS000864,Type 2 diabetes,European,0.7861311016821965,0.01186425958694115,NA,NA,1,0.687,0.6819780686243238,0.6919784468064097
PGS000864,Type 2 diabetes,Hispanic or Latin American,1.0721206732211332,0.01880312677180666,NA,NA,1,0.745,0.7379356506502315,0.7519379333858288
PGS000864,Type 2 diabetes,South Asian,0.814182251602706,0.03722870330730801,NA,NA,1,0.693,0.6772612660472587,0.7083017880504647
PGS000865,Hepatocellular carcinoma,European,0.5663618878013462,0.042904745048073484,0.1669816775678594,0,2,0.6379232766609051,0.6182834253871639,0.6571130309383013
PGS000865,Hepatocellular carcinoma in individuals with a body mass index ≥30,European,0.8001193001121129,0.14732119404184102,NA,NA,1,0.69,0.6251275232037591,0.7481686570454641
PGS000865,Hepatocellular carcinoma in individuals with no cirrhosis,European,0.2006706954621514,0.12286190285945293,NA,NA,1,0.55,0.489966688492237,0.6086116345324635
PGS000865,Hepatocellular carcinoma in individuals with type 2 diabetes,European,0.8472978603872034,0.15573027707125348,NA,NA,1,0.7,0.6322930112536755,0.7599725830245505
PGS000868,Incident T2D in prediabetics,Middle Eastern or North African,1.2482685789075287,0.091753916660227,NA,NA,1,0.777,0.7442984023163899,0.8066060769468066
PGS000868,Incident type 2 diabetes,East Asian,0.4221599866803343,0.08666339774778888,NA,NA,1,0.604,0.5627424609293048,0.6438285496233226
PGS000868,Incident type 2 diabetes,South Asian,0.7400189496896188,0.09967703151292122,NA,NA,1,0.677,0.6328939189248158,0.7181666955572454
PGS000868,Prediabetes,Middle Eastern or North African,0.6102595207541777,0.03580727896308755,NA,NA,1,0.648,0.6318303887992948,0.6638372926680927
PGS000868,Type 2 diabetes,East Asian,0.9794546823485596,0.14288646571867758,NA,NA,1,0.727,0.6680541122166112,0.7789421165755014
PGS000868,Type 2 diabetes,European,0.8283219589281977,0.012057593564790641,NA,NA,1,0.696,0.690976625302645,0.7009770544141066
PGS000868,Type 2 diabetes,Hispanic or Latin American,1.1417456594856852,0.019473868465038218,NA,NA,1,0.758,0.7509297045576799,0.7649324198009015
PGS000868,Type 2 diabetes,South Asian,0.9002457416908086,0.037270395282787756,NA,NA,1,0.711,0.6957616632098835,0.7257759163743085
PGS000872,Hepatocellular carcinoma,European,0.600172418475636,0.042774965074306136,0.7007191204781853,0,2,0.6456957518650555,0.6262900140152656,0.6646334003149702
PGS000872,Hepatocellular carcinoma in individuals with a body mass index ≥30,European,0.8001193001121129,0.1481651110479317,NA,NA,1,0.69,0.6247398214348227,0.7484801776420014
PGS000872,Hepatocellular carcinoma in individuals with no cirrhosis,European,0.16034265007517948,0.12191346038191335,NA,NA,1,0.54,0.48035818007801095,0.5985177917108928
PGS000872,Hepatocellular carcinoma in individuals with type 2 diabetes,European,0.8953840470548413,0.15890662399595773,NA,NA,1,0.7100000000000001,0.641970522245434,0.7697395285125743
PGS000873,Breast cancer,East Asian,0.4054651081081642,0.053429444256188105,NA,NA,1,0.6,0.5746242364118765,0.6248502681467947
PGS000878,Prostate cancer,East Asian,0.5623668213073126,0.11218665630790152,NA,NA,1,0.637,0.5847930552486783,0.6861654122031471
PGS000883,Chronic kidney disease (eGFR <45 ml/min per 1.73 m2),European,1.3249254147435987,0.0616579004034348,NA,NA,1,0.79,0.7692490750468067,0.8093473350966068
PGS000883,Chronic kidney disease (eGFR <60 ml/min per 1.73 m2 or UACR >3.0 mg/mmol),European,0.8001193001121129,0.035487959811917706,NA,NA,1,0.69,0.6749287847105108,0.7046782137130738
PGS000883,Chronic kidney disease (eGFR <60 ml/min per 1.73 m2),European,0.9946225751440619,0.03932415301715778,NA,NA,1,0.7299999999999999,0.7145420744832014,0.7449196781997057
PGS000903,Parkinson's disease,European,0.5971325273203568,0.033438113179325525,NA,NA,1,0.645,0.6298547696796754,0.6598601875030834
PGS000903,Parkinson's disease (age at onset),European,0.3639653772014115,0.08245338588835335,NA,NA,1,0.59,0.5504172609611332,0.6284502306460737
PGS000911,Ischemic stroke in atrial fibrillation cases,European,0.42634269312971956,0.04591673702394794,NA,NA,1,0.605,0.5833026234124938,0.6262914208391379
PGS000922,Sarcoidosis,European,0.6463553054332988,0.07553524140788684,0.5391661599167212,0,2,0.6561886697168716,0.6220612070157914,0.6887762528300565
PGS000922,Sarcoidosis,South Asian,0.6681107699423622,0.16541778786694494,NA,NA,1,0.66108,0.5851356025074084,0.7295478230630077
PGS000923,TTE sarcoidosis,European,0.6585980801445878,0.06531930039452616,0.30351094331785755,0,2,0.6589453963255627,0.6296165706220157,0.6871059590658947
PGS000923,TTE sarcoidosis,South Asian,0.7148865125822216,0.14001117503602395,NA,NA,1,0.67148,0.608369732322622,0.7289512998514781
PGS000924,TTE disorders of porphyrin and bilirubin metabolism,European,2.2417044361902394,0.11911123424484368,0.10791862387083906,0,2,0.9039325708705315,0.8816601836472905,0.9223821689539188
PGS000924,TTE disorders of porphyrin and bilirubin metabolism,South Asian,1.7658434375171836,0.3360496698524519,NA,NA,1,0.85394,0.7516041385226677,0.9186766322946809
PGS000925,TTE unspecified acute lower respiratory infection,East Asian,0.4189417824912074,0.11807966845823799,NA,NA,1,0.60323,0.546739547758978,0.6570956238823873
PGS000925,TTE unspecified acute lower respiratory infection,European,0.35476698171858617,0.012042269276280769,5.420631154816435,81.55196375773582,2,0.5877730802664536,0.5820426015723993,0.5934798655418452
PGS000925,TTE unspecified acute lower respiratory infection,South Asian,0.39044575030027606,0.03868188750786548,NA,NA,1,0.5963899999999999,0.5780148046916617,0.6144987003777137
PGS000927,TTE other dermatitis,East Asian,0.31071592222325906,0.1002587544964423,NA,NA,1,0.57706,0.528521195901841,0.6241552745663842
PGS000927,TTE other dermatitis,European,0.24958054214862832,0.013273153376684046,8.249006641228032,87.8773282227455,2,0.5620732553211296,0.5556596544036585,0.5684661766725168
PGS000927,TTE other dermatitis,South Asian,0.3334969722914219,0.041724524586632096,NA,NA,1,0.58261,0.5625990442912343,0.6023525366025465
PGS000928,TTE other non-toxic goitre,East Asian,0.8302131623725593,0.2254819917013415,NA,NA,1,0.6964,0.5958657965640998,0.7811119152186315
PGS000928,TTE other non-toxic goitre,European,0.9472396793416205,0.04135144163019717,0.5803171663193395,0,2,0.7205597165679202,0.7039524762166379,0.7365839523009764
PGS000928,TTE other non-toxic goitre,South Asian,1.2498275047909566,0.12765834727307707,NA,NA,1,0.77727,0.7309832979398062,0.8175801236226871
PGS000929,AD all cause dementia,East Asian,2.9834319440973376,1.6581334109139165,NA,NA,1,0.9518200000000001,0.43376419740849254,0.9980410258291258
PGS000929,AD all cause dementia,European,1.4856417664443007,0.06187546904593533,6.820413672539208e-4,0,2,0.8154232242621486,0.7964683461005443,0.8329830077382678
PGS000929,AD all cause dementia,South Asian,1.524226423386627,0.2682639986401772,NA,NA,1,0.82116,0.7307495864410612,0.8859500296911307
PGS000930,Blood clot diagnosed by doctor,East Asian,1.6191654282216523,3.371923539298284,NA,NA,1,0.8346800000000001,0.006760971815771093,0.9997330375545849
PGS000930,Blood clot diagnosed by doctor,European,0.5014504157271887,0.04216040741387817,0.14709496112782527,0,2,0.6228001236917164,0.6031998984948641,0.6420067794370001
PGS000930,Blood clot diagnosed by doctor,South Asian,0.8986889161866252,0.19944203913628172,NA,NA,1,0.71068,0.6242865015772048,0.7840786838096238
PGS000931,Blood clot or DVT diagnosed by doctor,East Asian,0.783899795883774,0.362190603431924,NA,NA,1,0.68652,0.5184931136183123,0.8166469554082115
PGS000931,Blood clot or DVT diagnosed by doctor,European,0.5469878855278638,0.024308251170174027,2.3071542042948487,56.65655992397627,2,0.6334364754947099,0.6223050889849817,0.6444272476331736
PGS000931,Blood clot or DVT diagnosed by doctor,South Asian,0.573801986308002,0.10451581798946556,NA,NA,1,0.6396399999999999,0.5912054746555472,0.6853897297648627
PGS000932,TTE other intervertebral disk disorders,East Asian,0.7222850406721424,0.19588476470267713,NA,NA,1,0.67311,0.5837898817459952,0.7514235779139686
PGS000932,TTE other intervertebral disk disorders,European,0.1844873260768422,0.018303771602275847,2.8009129084547,64.29735473097188,2,0.5459914599794302,0.5370847555756438,0.5548688244978814
PGS000932,TTE other intervertebral disk disorders,South Asian,0.39268960945308606,0.06313223176309407,NA,NA,1,0.59693,0.5668352202144982,0.6263123180372079
PGS000933,Chronic rhinosinusitis,East Asian,0.13219216649694737,0.05437760899703956,NA,NA,1,0.533,0.5064026632193953,0.5594110748609398
PGS000933,Nasal polyps in individuals with chronic rhinosinusitis,East Asian,0.1281751934239978,0.1048820351050557,NA,NA,1,0.532,0.4806612530759511,0.5826700655610355
PGS000933,TTE nasal polyp,East Asian,1.343348123846868,0.4868421043589412,NA,NA,1,0.7930399999999999,0.5960750766590542,0.9086746453706298
PGS000933,TTE nasal polyp,European,0.7198538672168611,0.033591166100098144,0.6548523694796865,0,2,0.6725748368209872,0.6579147034132077,0.6869056906568481
PGS000933,TTE nasal polyp,South Asian,0.799044250825074,0.1348130621426903,NA,NA,1,0.68977,0.6306044188552635,0.7433164487289405
PGS000934,Chronic rhinosinusitis,East Asian,0.12415925279565966,0.052281394161145,NA,NA,1,0.5310000000000001,0.5054217175496252,0.5564164333420982
PGS000934,Nasal polyps,East Asian,0.8457269252150886,0.47061043268320696,NA,NA,1,0.6996699999999999,0.4808420029396985,0.8542241389414145
PGS000934,Nasal polyps,European,0.5953788886457928,0.03432579039403812,0.7274092242692242,0,2,0.6445983585589958,0.6290399374330155,0.659857092104216
PGS000934,Nasal polyps,South Asian,0.5459695876245473,0.1232441917030071,NA,NA,1,0.6332,0.575520459846697,0.6873003416558873
PGS000934,Nasal polyps in individuals with chronic rhinosinusitis,East Asian,0.0680262208558565,0.10663308299266148,NA,NA,1,0.517,0.4648145976881036,0.5688172187642415
PGS000936,High cholesterol,East Asian,0.9501731571939563,0.10754499732591022,NA,NA,1,0.7211500000000001,0.6768613498189938,0.7615073536150136
PGS000936,High cholesterol,European,0.9950768036367639,0.011602915835872937,2.800181184923364,64.28802516836537,2,0.7300895190820852,0.7255846857301606,0.7345474555942402
PGS000936,High cholesterol,South Asian,0.7765218068993175,0.03299729750064745,NA,NA,1,0.68493,0.6708091736890555,0.6987171549810676
PGS000937,Varicose veins,East Asian,0.8996618123436797,0.22608847351965994,NA,NA,1,0.71088,0.6121902947160339,0.7929492386110595
PGS000937,Varicose veins,European,0.5738230006971334,0.021758416581566423,2.197884948156219,54.50171307470445,2,0.6396448438165687,0.6297574710660859,0.6494151655933984
PGS000937,Varicose veins,South Asian,0.7198773130825317,0.08819799648386592,NA,NA,1,0.67258,0.6334414338699808,0.7094563988238984
PGS000938,TTE varicose veins of lower extremities,East Asian,0.8297402298967982,0.2299012624589114,NA,NA,1,0.6963,0.5936641583106389,0.7825087873888253
PGS000938,TTE varicose veins of lower extremities,European,0.6164506005058854,0.018499912691905773,2.177486691567216,54.07549429015046,2,0.6494108632750544,0.6411113017028874,0.6576209915463941
PGS000938,TTE varicose veins of lower extremities,South Asian,0.739698852216291,0.07448578029605792,NA,NA,1,0.67693,0.6442151873366164,0.7080001426831976
PGS000939,Hiatus hernia,East Asian,0.5406774680804242,0.1269328961633852,NA,NA,1,0.63197,0.5724585263279424,0.6877166470225596
PGS000939,Hiatus hernia,European,0.6341272847134668,0.011314417319534061,12.808567289465156,92.19272556094167,2,0.653424721521363,0.648385729099034,0.6584295424122948
PGS000939,Hiatus hernia,South Asian,0.6740525581454395,0.04166852013990383,NA,NA,1,0.66241,0.6439115595770507,0.6804244004411412
PGS000940,TTE intestinal malabsorption,European,1.1790566275360583,0.051625650829504495,1.0113851487665775,1.1256986302856138,2,0.764778140490356,0.7460907556878297,0.7824911210784312
PGS000940,TTE intestinal malabsorption,South Asian,0.947688106623954,0.23341237363527934,NA,NA,1,0.7206499999999999,0.6201535117783529,0.8030040138664964
PGS000941,TTE iridocyclitis,East Asian,1.7074096345459384,3.359906192747067,NA,NA,1,0.8465,0.007554666323135014,0.9997497564832414
PGS000941,TTE iridocyclitis,European,0.6823122178164511,0.06318146957735259,0.15673968213705397,0,2,0.6642545649269944,0.6360999672178387,0.6912880378655175
PGS000941,TTE iridocyclitis,South Asian,0.7243309141410663,0.1378765793652642,NA,NA,1,0.67356,0.6116118964341963,0.7299894421203098
PGS000942,Cholecystitis,East Asian,0.7928362323500325,0.177291474197654,NA,NA,1,0.68844,0.6095318840992758,0.7577397673211526
PGS000942,Cholecystitis,European,0.596246748790919,0.019238882426325307,0.33864610354846547,0,2,0.6447971528212219,0.636114319072715,0.6533856953132723
PGS000942,Cholecystitis,South Asian,0.6512407129048814,0.07764362717180978,NA,NA,1,0.65729,0.6222382151084209,0.6907060512983584
PGS000943,TTE cholecystitis,East Asian,1.440292870396461,0.41830995899855944,NA,NA,1,0.8085,0.6503107336610312,0.9055250644419248
PGS000943,TTE cholecystitis,European,0.4298239707279182,0.036896061827701054,3.4966076739006597,71.40085210404962,2,0.6058316334836921,0.5884369823746065,0.6229621663638699
PGS000943,TTE cholecystitis,South Asian,0.577795529002474,0.13944186277707965,NA,NA,1,0.64056,0.575539638504353,0.7007981729606675
PGS000944,Eczema/dermatitis,East Asian,0.3883274409518606,0.15023698148933232,NA,NA,1,0.59588,0.5234485262114618,0.6643615409286262
PGS000944,Eczema/dermatitis,European,0.27890500424606296,0.020614328951640486,0.3139065305239461,0,2,0.5692777507236452,0.5593441914405471,0.5791558626194004
PGS000944,Eczema/dermatitis,South Asian,0.24546512220069794,0.07611687509898474,NA,NA,1,0.56106,0.5240504375073667,0.5974025986991437
PGS000945,TTE dementia in alzheimer's disease,European,2.0900961845471078,0.1441321534597164,0.07489346738576928,0,2,0.8899368471956045,0.8590712189399038,0.9147135375133852
PGS000945,TTE dementia in alzheimer's disease,South Asian,3.137165060093968,0.8019319370326784,NA,NA,1,0.9583999999999999,0.8271237733151683,0.9910663076608182
PGS000946,TTE unspecified dementia,European,1.5974324647718536,0.0843674191836029,0.23931131562473162,0,2,0.8316592307038375,0.8072240023756672,0.8535590695436319
PGS000946,TTE unspecified dementia,South Asian,2.2899347305994495,0.30201160815851197,NA,NA,1,0.9080400000000001,0.8452722937784644,0.9469432707348698
PGS000947,Mouth ulcers,East Asian,0.5386142580491676,0.0732917831899727,NA,NA,1,0.6314899999999999,0.5974767142253128,0.6642442914763667
PGS000947,Mouth ulcers,European,0.376009971420862,0.012458787585020193,5.9966330063133455,83.32397532169827,2,0.5929103972470998,0.587003277878339,0.5987907744751222
PGS000947,Mouth ulcers,South Asian,0.2839730510892869,0.04544539999794747,NA,NA,1,0.57052,0.5485713612360311,0.5921948023380529
PGS000948,Inguinal hernia,East Asian,2.7321971110869514,0.2779454506730415,NA,NA,1,0.9389000000000001,0.8991144862180013,0.9636302470785619
PGS000948,Inguinal hernia,European,1.4510296537417586,0.018696213248856224,6.405108233326942,84.38746132662024,2,0.8101568481168938,0.8044566640268308,0.8157289308399603
PGS000948,Inguinal hernia,South Asian,1.3862318622917231,0.0689800570871813,NA,NA,1,0.79999,0.7774782726037395,0.8207493669854723
PGS000949,TTE inguinal hernia,East Asian,2.388809735105971,0.3575045282365591,NA,NA,1,0.91597,0.8439742411563843,0.9564583215960997
PGS000949,TTE inguinal hernia,European,1.4306395156986378,0.01761114324270016,2.546506390173087,60.73051283676419,2,0.8070009401632483,0.8015677356056239,0.8123202119385062
PGS000949,TTE inguinal hernia,South Asian,1.3914899584375926,0.06303945997316748,NA,NA,1,0.80083,0.7803886406171724,0.8198080121955409
PGS000950,TTE skin changes due to chronic exposure to nonionising radiation,East Asian,0.9136182616081207,0.29127240480222644,NA,NA,1,0.7137400000000002,0.5848521475217708,0.8152531509230275
PGS000950,TTE skin changes due to chronic exposure to nonionising radiation,European,0.7824558764120116,0.019520601393869783,0.12680490717118134,0,2,0.6862091700136388,0.6779126139500637,0.6943883600389189
PGS000950,TTE skin changes due to chronic exposure to nonionising radiation,South Asian,0.8359900373565168,0.22165494033300132,NA,NA,1,0.6976200000000001,0.599059131587841,0.7808169846533987
PGS000957,TTE essential (primary hypertension),East Asian,1.1087714456862259,0.08435661839108556,NA,NA,1,0.7519,0.719792479377072,0.7814455716181118
PGS000957,TTE essential (primary hypertension),European,0.9917822526219916,0.009468078907157005,30.629791229716794,96.73520464928991,2,0.7294398068477876,0.7257618055615349,0.7330866213243011
PGS000957,TTE essential (primary hypertension),South Asian,0.9982786189941931,0.030624822928315417,NA,NA,1,0.73072,0.7187468318100224,0.7423661648692819
PGS000958,Essential hypertension,East Asian,1.0709629544500812,0.08824026554153468,NA,NA,1,0.74478,0.7105408037411445,0.776244546009088
PGS000958,Essential hypertension,European,0.9903377068674197,0.009785579155259043,24.96594683059206,95.99454406121441,2,0.7291546206180727,0.7253502459391291,0.7329257012451694
PGS000958,Essential hypertension,South Asian,1.0028064385154065,0.031079454555917013,NA,NA,1,0.7316099999999999,0.7194814132808638,0.7434012139269686
PGS000959,Connective tissue disorder,East Asian,1.180290319682377,0.3079289399374511,NA,NA,1,0.765,0.6403191463025896,0.8561692776446422
PGS000959,Connective tissue disorder,European,0.8452078753388389,0.039981544405362064,0.131806723272451,0,2,0.699560919765445,0.6828378029404406,0.7157693053677959
PGS000959,Connective tissue disorder,South Asian,0.9615398360116751,0.12209154932001447,NA,NA,1,0.72343,0.6731001773620554,0.7686740517940934
PGS000960,TTE other systemic involvement of connective tissue,East Asian,1.3330821407417306,0.3256820754553018,NA,NA,1,0.79135,0.6670217036473277,0.8777634470263946
PGS000960,TTE other systemic involvement of connective tissue,European,0.9475155405465259,0.03825760948771569,0.1953908653202908,0,2,0.7206152587828529,0.7052719956452597,0.7354593715655589
PGS000960,TTE other systemic involvement of connective tissue,South Asian,1.0283196743689316,0.12953118868295102,NA,NA,1,0.7365899999999999,0.6844802570160703,0.7828241691061351
PGS000961,TTE phlebitis and thrombophlebitis,East Asian,0.691542609438361,0.3385522845640569,NA,NA,1,0.6663100000000001,0.5069945765984505,0.7949629943196365
PGS000961,TTE phlebitis and thrombophlebitis,European,0.6124419081576425,0.022033333168107176,5.538896811652501,81.94586333696917,2,0.6484976329075569,0.6385916160539133,0.6582774258595359
PGS000961,TTE phlebitis and thrombophlebitis,South Asian,0.5349633985529193,0.09761936489683248,NA,NA,1,0.6306400000000001,0.5850718878379008,0.6739922270409991
PGS000962,TTE chronic ischaemic heart disease,East Asian,1.1994672686679424,0.20432161939861124,NA,NA,1,0.76843,0.6897598662859458,0.8320096696592748
PGS000962,TTE chronic ischaemic heart disease,European,1.1841443803848397,0.015798874392225246,8.008300924530017,87.5129567504522,2,0.7656921559890568,0.7600910197661078,0.7712018863221108
PGS000962,TTE chronic ischaemic heart disease,South Asian,1.1981190277701006,0.04122851494891419,NA,NA,1,0.76819,0.7534896196919516,0.7822670586049696
PGS000963,TTE follicular cysts of skin and subcutaneous tissue,East Asian,0.5883653794253362,0.22429113972624867,NA,NA,1,0.64299,0.5371202619377953,0.7365233156786181
PGS000963,TTE follicular cysts of skin and subcutaneous tissue,European,0.46555654334072105,0.02479118024829758,0.006235845670377378,0,2,0.6143315120349646,0.6027569721621108,0.6257781838812542
PGS000963,TTE follicular cysts of skin and subcutaneous tissue,South Asian,0.5842293587303597,0.09185894714984708,NA,NA,1,0.64204,0.5996929321691656,0.6822807058452807
PGS000964,Prolapsed disc/slipped disc,East Asian,1.450465080461454,0.4011857194579413,NA,NA,1,0.8100699999999998,0.6601900080370444,0.9035048814369536
PGS000964,Prolapsed disc/slipped disc,European,0.20075342750047825,0.027921061731725136,1.402020407571721,28.67436204213422,2,0.5500204760947729,0.5364423009946744,0.5635245352000665
PGS000964,Prolapsed disc/slipped disc,South Asian,0.477849766291942,0.1158436718744906,NA,NA,1,0.61724,0.5623724556044835,0.669274012920872
PGS000965,Hypothyroidism/myxoedema,East Asian,0.7955883669261875,0.1854451101040298,NA,NA,1,0.68903,0.6063788246664273,0.7611620122835359
PGS000965,Hypothyroidism/myxoedema,European,1.1932922966241686,0.01691974028697413,0.2815235860198312,0,2,0.767329371683723,0.7613562640695156,0.773197511976304
PGS000965,Hypothyroidism/myxoedema,South Asian,1.0788695681381022,0.0530703596167338,NA,NA,1,0.74628,0.7260854802507437,0.7654665818501375
PGS000966,Iritis,European,1.2721662177546034,0.2352331288824115,0.05093544112464339,0,2,0.7811133431473084,0.6923458358546282,0.8498242323703676
PGS000966,Iritis,South Asian,3.204412762840645,0.7445435336790494,NA,NA,1,0.9609999999999999,0.8513346435608612,0.9906567883129045
PGS000967,TTE coxarthrosis [arthrosis of hip],East Asian,0.7533582302191475,0.395829910321911,NA,NA,1,0.67991,0.4943831377911801,0.8218870173855098
PGS000967,TTE coxarthrosis [arthrosis of hip],European,0.8273514695490166,0.019824393968184546,5.3859282017691585,81.43309820447435,2,0.6957946209249456,0.6875082278135377,0.7039558998518944
PGS000967,TTE coxarthrosis [arthrosis of hip],South Asian,0.96774600057642,0.14828690547287202,NA,NA,1,0.72467,0.66309195937276455,0.7787485439179168
PGS000972,Microalbumin > 40 mg/L,East Asian,0.5103563179566505,0.107813608361283,NA,NA,1,0.62489,0.5742082224081687,0.6729748743492145
PGS000972,Microalbumin > 40 mg/L,European,0.4688339429776021,0.015624370812315314,1.1636447488856203,14.06311926748579,2,0.615107729225716,0.6078324690210497,0.6223318825241008
PGS000972,Microalbumin > 40 mg/L,South Asian,0.43773837905144625,0.04139495551647484,NA,NA,1,0.60772,0.5882181748449063,0.6268840794265852
PGS000976,JCV seropositivity for Human Polyomavirus JCV,East Asian,1.3993454448710156,0.6063818347419994,NA,NA,1,0.80208,0.5525148724309715,0.930075770796517
PGS000976,JCV seropositivity for Human Polyomavirus JCV,European,0.5202347333913387,0.05777559587158948,0.4565283595231757,0,2,0.627202653192475,0.6003670135652613,0.6532769674320726
PGS000976,JCV seropositivity for Human Polyomavirus JCV,South Asian,0.8618163395984096,0.24285371662417296,NA,NA,1,0.70304,0.595276781741793,0.7921295041637131
PGS000977,MCV seropositivity for Merkel Cell Polyomavirus,East Asian,1.6631470136589748,0.620361559329412,NA,NA,1,0.84066,0.6099824284037713,0.9468013191007008
PGS000977,MCV seropositivity for Merkel Cell Polyomavirus,European,0.3749316313327521,0.061129560428931494,3.187066255494073,68.62318132620761,2,0.5926500947711926,0.5634357360942118,0.6212237283823379
PGS000977,MCV seropositivity for Merkel Cell Polyomavirus,South Asian,0.6584850772049325,0.2215327564964316,NA,NA,1,0.65892,0.5558363583156412,0.7488877922105217
PGS000980,Use of sun/uv protection (Always),East Asian,0.628635492865279,0.089539873528563907,NA,NA,1,0.65218,0.6113849053787999,0.6908580127870211
PGS000980,Use of sun/uv protection (Always),European,0.5565056844916564,0.009234792545798945,8.296359777414771,87.94652080154111,2,0.635643638230292,0.6314414164309089,0.6398252767383066
PGS000980,Use of sun/uv protection (Always),South Asian,0.5540296746693183,0.05957749321894872,NA,NA,1,0.63507,0.6076054228838322,0.6616826189638472
PGS000982,Use of sun/uv protection (Never/rarely),East Asian,0.6221615517309772,0.06697119518092687,NA,NA,1,0.65071,0.6203179575277166,0.6799245516116587
PGS000982,Use of sun/uv protection (Never/rarely),European,0.824120935982351,0.013430593217506327,0.7315676773535694,0,2,0.6951103995719403,0.6895030352313386,0.7006604617984984
PGS000982,Use of sun/uv protection (Never/rarely),South Asian,0.45703263900880137,0.027432102686164597,NA,NA,1,0.61231,0.5994720304042865,0.6249938913490893
PGS000990,TTE retinal detachments and breaks,East Asian,1.141091590740675,0.3537223726547356,NA,NA,1,0.7578800000000001,0.6101150238336123,0.8622835667977998
PGS000990,TTE retinal detachments and breaks,European,0.5633783928054458,0.033439349226741605,0.18769697147450431,0,2,0.6372338742576086,0.6219509467830383,0.6522444256697274
PGS000990,TTE retinal detachments and breaks,South Asian,0.9165077419659761,0.13144663711425078,NA,NA,1,0.71433,0.6590070282771789,0.7638930930323891
PGS000991,Never eat sugar,East Asian,0.5985740341802611,0.09565769847393159,NA,NA,1,0.6453300000000001,0.601347999793473,0.6869853823308516
PGS000991,Never eat sugar,European,0.4703678136053972,0.009385439830277682,1.7171639281433602,41.76444172798199,2,0.6154708092432639,0.6111080757370957,0.619815048451589
PGS000991,Never eat sugar,South Asian,0.5558855391807958,0.039383879934839695,NA,NA,1,0.6355,0.6174392300635101,0.6531870486508218
PGS000995,Dentures,East Asian,0.9652414375348444,0.07640779051646764,NA,NA,1,0.72417,0.6932764891339143,0.7530602218856184
PGS000995,Dentures,European,1.0156835970498923,0.010662904283810209,44.53718766283281,97.75468534840937,2,0.7341309641870106,0.7300318757005598,0.7381901343677789
PGS000995,Dentures,South Asian,0.963589965592638,0.04615913095164486,NA,NA,1,0.72384,0.7053940888181214,0.741554125075378
PGS000996,Diverticular disease/diverticulitis,East Asian,2.3738323373852452,3.2458178632049672,NA,NA,1,0.9148100000000001,0.018199916964857135,0.9998392718437166
PGS000996,Diverticular disease/diverticulitis,European,0.7595942815333702,0.03425079799011139,2.002251863373889,50.056233269527205,2,0.6812656414382318,0.6665145464108904,0.6956621823457412
PGS000996,Diverticular disease/diverticulitis,South Asian,1.4149785226661953,0.3482022306507348,NA,NA,1,0.8045500000000001,0.6753541119636274,0.8906555618321925
PGS000997,TTE diverticular disease of intestine,East Asian,1.128218609609562,0.27588593487019347,NA,NA,1,0.75551,0.6427872319405789,0.8414364513893199
PGS000997,TTE diverticular disease of intestine,European,0.7979153796841724,0.013018333819316363,30.59728096709688,96.73173573470348,2,0.6895283841246267,0.6840397132503402,0.6949642269844513
PGS000997,TTE diverticular disease of intestine,South Asian,1.0132208422904678,0.06664417648952019,NA,NA,1,0.73365,0.7073603541666816,0.7583845980088606
PGS001006,Weight change compared with 1 year ago,East Asian,0.40304902415285354,0.05967739279056422,NA,NA,1,0.59942,0.5710365091738651,0.6271516746023266
PGS001006,Weight change compared with 1 year ago,European,0.33235961444708534,0.007777429591744941,3.6685417591307248,72.74121256733483,2,0.5823333963784855,0.5786212029306106,0.5860362835561453
PGS001006,Weight change compared with 1 year ago,South Asian,0.4270541177812527,0.02759553510992468,NA,NA,1,0.60517,0.5921756835712951,0.6180173556247384
PGS001011,TTE viral warts,East Asian,0.6430828048406012,0.18026857780506625,NA,NA,1,0.65545,0.5719364926979071,0.7303520024353417
PGS001011,TTE viral warts,European,0.2415280363913428,0.02120515527147974,2.5701455251268146e-4,0,2,0.5600901753859981,0.5498255649182271,0.5703036497274174
PGS001011,TTE viral warts,South Asian,0.31990048750610345,0.06999808703097996,NA,NA,1,0.5793,0.5455494231744606,0.6123252161439253
PGS001013,Eye problems/disorders Macular degeneration,East Asian,2.2109665820320576,0.447830209555206,NA,NA,1,0.90123,0.7913726579426752,0.9564247920032386
PGS001013,Eye problems/disorders Macular degeneration,European,0.8937961025998179,0.04182091442544448,1.8523343710887028,46.01406659574893,2,0.709672933239029,0.6924987137141303,0.7262671108944083
PGS001013,Eye problems/disorders Macular degeneration,South Asian,1.18720048859191,0.15979462400903818,NA,NA,1,0.76624,0.7055779611093409,0.8176338217694461
PGS001014,TTE other disorders of pancreatic internal secretion,East Asian,1.8452632971577096,3.287088707998472,NA,NA,1,0.8635700000000001,0.009977149750621838,0.9997485354822732
PGS001014,TTE other disorders of pancreatic internal secretion,European,0.5591253191147457,0.05106843053755866,0.20534904303731727,0,2,0.6362501318573092,0.6127843235781142,0.6590850253507896
PGS001014,TTE other disorders of pancreatic internal secretion,South Asian,1.0209622925406283,0.13856110631642649,NA,NA,1,0.7351600000000001,0.6790441393979634,0.7845771485623495
PGS001015,Enlarged prostate,East Asian,2.828753957175153,0.2880609107184761,NA,NA,1,0.9442100000000001,0.9058645059257845,0.9674961638517261
PGS001015,Enlarged prostate,European,1.9928155665844938,0.0242006434546524,21.80659130986155,95.41423056088655,2,0.8800406924800087,0.8749422556730126,0.8849586027571034
PGS001015,Enlarged prostate,South Asian,2.1618399104461568,0.11623567678692902,NA,NA,1,0.89677,0.8736934833466681,0.9160355621494771
PGS001016,Sensitivity / hurt feelings,East Asian,0.4834830148194128,0.060815331482632816,NA,NA,1,0.6185700000000001,0.5900773060917164,0.6462694517276935
PGS001016,Sensitivity / hurt feelings,European,0.47667658402960894,0.00794374678062526,7.766934541890875,87.12490758604298,2,0.6169627919834232,0.613276716565979,0.6206354667936175
PGS001016,Sensitivity / hurt feelings,South Asian,0.415642209243843,0.028372426086118605,NA,NA,1,0.60244,0.5890482418479643,0.61568008405314
PGS001017,Suffer from 'nerves',East Asian,0.27198437041892976,0.07584645290967777,NA,NA,1,0.56758,0.5307923135298424,0.6036372039141201
PGS001017,Suffer from 'nerves',European,0.24604701730370412,0.009404963612233662,0.8870384856788852,0,2,0.5612032991869689,0.5566589185747317,0.5657374376585022
PGS001017,Suffer from 'nerves',South Asian,0.3518247252985684,0.03367667089801509,NA,NA,1,0.58706,0.5709721135466532,0.6029641109570876
PGS001018,"Leisure/social activities (attend any of the followings in once a week or more often: sports club, gym, pub, social club, religious group, adult edication class, or other group activity)",East Asian,0.3033858228815412,0.05951100788485479,NA,NA,1,0.57527,0.5465508581420259,0.6034898060272682
PGS001018,"Leisure/social activities (attend any of the followings in once a week or more often: sports club, gym, pub, social club, religious group, adult edication class, or other group activity)",European,0.2124485814522153,0.008432610929476295,74.3811324230916,98.65557303657083,2,0.5529132774929627,0.5488240901511987,0.5569953188797038
PGS001018,"Leisure/social activities (attend any of the followings in once a week or more often: sports club, gym, pub, social club, religious group, adult edication class, or other group activity)",South Asian,0.23966056843835415,0.028090562500630727,NA,NA,1,0.55963,0.546020149977131,0.5731508004511953
PGS001019,Leisure/social activities (attend sports club or gym in once a week or more often),East Asian,0.33288016546928484,0.07200222952585653,NA,NA,1,0.58246,0.5477925929626721,0.6163311371891417
PGS001019,Leisure/social activities (attend sports club or gym in once a week or more often),European,0.24156380498378008,0.009743166338853726,14.193568184551584,92.95455528167744,2,0.5600989883608872,0.5553885487052392,0.5647986285212495
PGS001019,Leisure/social activities (attend sports club or gym in once a week or more often),South Asian,0.17726270953756212,0.03539302752412368,NA,NA,1,0.5442,0.5269469587005516,0.561347605389776
PGS001020,Leisure/social activities (attend adult edication class in once a week or more often),East Asian,0.6284591628231436,0.10881658582999722,NA,NA,1,0.65214,0.6023289705886742,0.698831484281143
PGS001020,Leisure/social activities (attend adult edication class in once a week or more often),European,0.5497921014448833,0.015267174433274076,0.08940144647686771,0,2,0.634087355612051,0.6271170025666428,0.6410020008596334
PGS001020,Leisure/social activities (attend adult edication class in once a week or more often),South Asian,0.42776564890706315,0.061772143577116585,NA,NA,1,0.60534,0.576077671619148,0.6338661998906406
PGS001021,Worrier / anxious feelings,East Asian,0.3601221384018054,0.0596482863406854,NA,NA,1,0.58907,0.5605049198390915,0.6170469645149721
PGS001021,Worrier / anxious feelings,European,0.4645305548667204,0.007957590624762121,4.0799236905658915,75.48973765582124,2,0.6140883978278507,0.6103856762694122,0.6177779656448336
PGS001021,Worrier / anxious feelings,South Asian,0.4045485253974033,0.027830008458415264,NA,NA,1,0.59978,0.5866179933014029,0.6127995441809939
PGS001022,Worry too long after embarrassment,East Asian,0.26115420597521344,0.06051150373001136,NA,NA,1,0.56492,0.5355776872854823,0.5938144334450931
PGS001022,Worry too long after embarrassment,European,0.3815766316223149,0.007863972652837626,17.23520841975268,94.19792336915442,2,0.594253310959662,0.590531558913712,0.5979642652608315
PGS001022,Worry too long after embarrassment,South Asian,0.26091009444134294,0.027801456240881924,NA,NA,1,0.56486,0.551422352085277,0.5782030210307397
PGS001023,TTE disorders of mineral metabolism,East Asian,0.9609901207843948,0.44845097150214075,NA,NA,1,0.72332,0.5204950640364887,0.8629432699432229
PGS001023,TTE disorders of mineral metabolism,European,0.6875040976491549,0.04318400534584602,5.165363483501324,80.64027820705942,2,0.6654114710441279,0.6463111442452556,0.6839846631058557
PGS001023,TTE disorders of mineral metabolism,South Asian,0.42554769721032043,0.13375128708823084,NA,NA,1,0.60481,0.5407581539114104,0.6654551340989245
PGS001024,Haemorrhoids / piles,East Asian,0.39061192874040096,0.09136321356168461,NA,NA,1,0.59643,0.5526886726629642,0.6386902167529623
PGS001024,Haemorrhoids / piles,European,0.27632412666232753,0.015361851953111735,6.094908814430994,83.59286364330362,2,0.5686448051913175,0.5612446397942334,0.5760144460353481
PGS001024,Haemorrhoids / piles,South Asian,0.4015916042458602,0.0483875660460095,NA,NA,1,0.59907,0.5760922576874181,0.6216202920787438
PGS001025,TTE nonrheumatic aortic valve disorders,East Asian,1.7373487951397149,1.3590275090556394,NA,NA,1,0.85035,0.28366679782404425,0.9878840517559883
PGS001025,TTE nonrheumatic aortic valve disorders,European,1.0175178736250043,0.03957115274742342,7.083502665669883,85.88269042593166,2,0.73448882943661,0.7190912572101229,0.7493366102415556
PGS001025,TTE nonrheumatic aortic valve disorders,South Asian,1.3081295882705544,0.14721115748995717,NA,NA,1,0.7872,0.734893843063209,0.8315515404910025
PGS001026,Fracture forearm / wrist,East Asian,1.148900327723813,0.3138423124292295,NA,NA,1,0.75931,0.6303618336709033,0.8537138284893029
PGS001026,Fracture forearm / wrist,European,0.4756496550922926,0.029716637511150626,0.00884060982000618,0,2,0.6167200793081111,0.6028621336187349,0.6303909284561666
PGS001026,Fracture forearm / wrist,South Asian,0.4183568845863839,0.13409003319677623,NA,NA,1,0.60309,0.5388068990413153,0.664000526556211
PGS001027,TTE internal derangement of knee,East Asian,0.58088056869156,0.19803608125269168,NA,NA,1,0.64127,0.5480338703034536,0.7249263708283366
PGS001027,TTE internal derangement of knee,European,0.28366046660751165,0.018770309714558953,0.07385226607065756,0,2,0.5704434066964325,0.5614061142821976,0.5794339833660431
PGS001027,TTE internal derangement of knee,South Asian,0.32449776846630246,0.06374642244910554,NA,NA,1,0.58042,0.5497237956561002,0.6105062605642054
PGS001028,Eye problems/disorders Diabetic eye disease,East Asian,1.594369690281845,0.49789293380072547,NA,NA,1,0.83123,0.6498772155085043,0.928921533332121
PGS001028,Eye problems/disorders Diabetic eye disease,European,0.832253026780472,0.04731179073814392,0.08175453153739137,0,2,0.6968311096290984,0.6768913037899433,0.716056568492806
PGS001028,Eye problems/disorders Diabetic eye disease,South Asian,0.9956375254478808,0.07971860986485371,NA,NA,1,0.7302,0.6983365272951071,0.7598552340706491
PGS001029,TTE other disorders of cornea,East Asian,-0.043526870823947565,2.312799281662692,NA,NA,1,0.48911999999999994,0.010184884513881727,0.9888990297775355
PGS001029,TTE other disorders of cornea,European,0.4389441388103088,0.05847306105217311,1.0071190644554147,0.706874162814522,2,0.6080074114226137,0.5803808323076678,0.6349591355101807
PGS001029,TTE other disorders of cornea,South Asian,0.49472972489883166,0.136744808962882,NA,NA,1,0.62122,0.5564359599448747,0.6819503930594413
PGS001030,Pulmonary fibrosis,East Asian,1.3150681202883623,3.6085909482146903,NA,NA,1,0.78836,0.003148203495503698,0.9997724484965005
PGS001030,Pulmonary fibrosis,European,1.2207636275447384,0.07554057515867826,1.8419265280781594,45.70901798980081,2,0.7721979057705713,0.7451108207029054,0.7971899499873779
PGS001030,Pulmonary fibrosis,South Asian,1.4378403857114783,0.235317610306885,NA,NA,1,0.8081200000000001,0.7264366124998862,0.8697854278642203
PGS001031,TTE fibroblastic disorders,East Asian,0.46985738171340174,0.1811689752527265,NA,NA,1,0.61535,0.5286600969482459,0.695285773998724
PGS001031,TTE fibroblastic disorders,European,0.46065765301403844,0.01927776249807743,0.5670436825566916,0,2,0.6131701781140518,0.6041705857665185,0.6220931414945684
PGS001031,TTE fibroblastic disorders,South Asian,0.48204222347083153,0.056020541821190144,NA,NA,1,0.61823,0.5920006040865792,0.6437877856510885
PGS001032,Uterine fibroids,East Asian,1.3165671334355076,0.2123827605947606,NA,NA,1,0.78861,0.7110105165028054,0.8497749879823281
PGS001032,Uterine fibroids,European,1.2526967900932524,0.022463528070994138,2.9398173884922993,65.98428174775661,2,0.7777663393251693,0.7700632308497148,0.7852833413994449
PGS001032,Uterine fibroids,South Asian,1.7056406407006968,0.10043629894127684,NA,NA,1,0.84627,0.8188811474877281,0.8701737387371004
PGS001033,TTE other coagulation defects,East Asian,1.7711449581105057,3.364144669164022,NA,NA,1,0.8546,0.007981791373276384,0.9997671465774695
PGS001033,TTE other coagulation defects,European,0.6325036974888907,0.0687183607691114,0.0736660876632435,0,2,0.653056951040344,0.6219458778952106,0.68291308586382
PGS001033,TTE other coagulation defects,South Asian,0.702807784993255,0.2628937517299812,NA,NA,1,0.66881,0.5467470811607898,0.7717254072836537
PGS001040,Non-melanoma skin cancer,East Asian,1.8536065718196946,0.27198854942017964,NA,NA,1,0.86455,0.7892663808806285,0.9158077916520185
PGS001040,Non-melanoma skin cancer,European,0.9127877057557943,0.016852187052829648,11.901414399650248,91.59763733603472,2,0.7135702746842301,0.7067719498559161,0.7202733653060442
PGS001040,Non-melanoma skin cancer,South Asian,1.1728512177241024,0.282269169750349,NA,NA,1,0.76366,0.6501283984538099,0.8489127322848243
PGS001041,Skin cancer,East Asian,1.589956622015414,0.30336720160424757,NA,NA,1,0.83061,0.7301447123355165,0.8988540669272757
PGS001041,Skin cancer,European,0.8454675519021493,0.015823633638929534,9.537587879509841,89.51516869219776,2,0.6996154945727715,0.6930576479033174,0.7060926488119675
PGS001041,Skin cancer,South Asian,1.1654411838855805,0.26063090224269403,NA,NA,1,0.7623199999999999,0.6580473507768567,0.8424110148221379
PGS001042,TTE thyrotoxicosis [hyperthyroidism],East Asian,0.6001035654011743,0.1785772756481721,NA,NA,1,0.64568,0.5621991709678299,0.72113831002624
PGS001042,TTE thyrotoxicosis [hyperthyroidism],European,0.8838670563218151,0.03396501451785496,1.6163579482900068,38.13251569320213,2,0.707622928774257,0.6936619756098733,0.7212033523031743
PGS001042,TTE thyrotoxicosis [hyperthyroidism],South Asian,0.7954016911171035,0.12110637521280954,NA,NA,1,0.68899,0.6359973376990526,0.7374526016905311
PGS001043,Hyperthyroidism/thyrotoxicosis,East Asian,0.5048141262948647,0.1930569908161764,NA,NA,1,0.62359,0.5315635781868157,0.707486106730746
PGS001043,Hyperthyroidism/thyrotoxicosis,European,0.893430365416617,0.03710737741508223,0.8482977144868926,0,2,0.7095975719732792,0.694384890457032,0.7243536078093739
PGS001043,Hyperthyroidism/thyrotoxicosis,South Asian,0.7906458952983189,0.12258389766984748,NA,NA,1,0.68797,0.6342240871579918,0.7370923451416073
PGS001044,Glucosamine,East Asian,0.76736216030286,0.07416999016181348,NA,NA,1,0.68295,0.6506707756617484,0.7135595718546518
PGS001044,Glucosamine,European,0.518366949638535,0.009668748186020426,8.40154686704666,88.09742996349524,2,0.626765825299608,0.6223221269802374,0.6311882251665338
PGS001044,Glucosamine,South Asian,0.7899938031619602,0.0425326373969296,NA,NA,1,0.68783,0.6696560490930252,0.7054438999400101
PGS001045,Vitamin B9 vs no supplement,East Asian,0.674499771842093,0.20280189794840964,NA,NA,1,0.66251,0.568812555879169,0.7449754579867981
PGS001045,Vitamin B9 vs no supplement,European,0.4399729666652989,0.023836160917046295,9.79782139361823,89.7936494264802,2,0.6082525892251499,0.5970658094727505,0.619326805814527
PGS001045,Vitamin B9 vs no supplement,South Asian,0.7600749222528629,0.06751267299815888,NA,NA,1,0.6813700000000001,0.651979125508517,0.709385150699362
PGS001046,Past tobacco smoking (Smoked at least once),East Asian,0.7306140173577595,0.06922319708706574,NA,NA,1,0.67494,0.6444970163812297,0.7039734473986633
PGS001046,Past tobacco smoking (Smoked at least once),European,0.4520823513259798,0.008235513288287978,17.37962613922022,94.24613629781527,2,0.6111342174166747,0.6072913676923065,0.6149633048687094
PGS001046,Past tobacco smoking (Smoked at least once),South Asian,1.0526841684990667,0.0331276892973167,NA,NA,1,0.7412900000000001,0.728644046833494,0.7535459514116084
PGS001047,Past tobacco smoking (Smoked occasionally),East Asian,0.7689328381496916,0.1041344181227199,NA,NA,1,0.68329,0.6375692272640268,0.725724282467594
PGS001047,Past tobacco smoking (Smoked occasionally),European,0.3849207815712597,0.01039936861021542,3.0521991106998785,67.23673771824483,2,0.5950593852431408,0.5901385149315806,0.5999612239989918
PGS001047,Past tobacco smoking (Smoked occasionally),South Asian,0.8584178886863598,0.04865577924910493,NA,NA,1,0.70233,0.6820161106966516,0.7218753764915404
PGS001048,AD NSTEMI,East Asian,1.3851697405607568,0.4359778892817888,NA,NA,1,0.79982,0.6296354190569065,0.9037571850813322
PGS001048,AD NSTEMI,European,0.9919012702304474,0.03382632181889466,3.9026202186677432,74.37618973999538,2,0.729463295209142,0.7161821102761585,0.7423465774061385
PGS001048,AD NSTEMI,South Asian,1.0383421698600992,0.08215099096660385,NA,NA,1,0.73853,0.7062678435155424,0.7684105755385279
PGS001049,Risk taking,East Asian,0.40246600559026624,0.06819581058534231,NA,NA,1,0.59928,0.5667988273489265,0.6309116508669812
PGS001049,Risk taking,European,0.4979015801859703,0.008727529171316313,37.997753486058244,97.36826546767584,2,0.6219660681824674,0.6179357319483145,0.6259796224842641
PGS001049,Risk taking,South Asian,0.24652093499092695,0.028787783169643703,NA,NA,1,0.56132,0.5473816207505627,0.5751622857789054
PGS001050,TTE diaphragmatic hernia,East Asian,0.8609064359651051,0.15738711337709185,NA,NA,1,0.7028499999999999,0.6346986508838461,0.7630338658144162
PGS001050,TTE diaphragmatic hernia,European,0.5479946964470315,0.013387741167232448,3.0709520894282387,67.43680881761384,2,0.6336702202388451,0.6275579877863157,0.6397397276545653
PGS001050,TTE diaphragmatic hernia,South Asian,0.6919024386831365,0.04856440760856935,NA,NA,1,0.66639,0.6449046656455159,0.6872058716258236
PGS001051,Polymyalgia rheumatica,East Asian,2.8314147824203015,1.2095203428161037,NA,NA,1,0.9443500000000001,0.61319324660759,0.9945250092227959
PGS001051,Polymyalgia rheumatica,European,1.2259840561390625,0.05180311857908186,7.8205632173793465,87.21319715467887,2,0.7731149173437342,0.7548132020938892,0.7904298144394976
PGS001051,Polymyalgia rheumatica,South Asian,1.0308466310712845,0.31175448019739854,NA,NA,1,0.73708,0.6034372691155598,0.8377913225407738
PGS001054,Snoring,East Asian,0.7159293356621687,0.06573908802050402,NA,NA,1,0.67171,0.6426950480514664,0.699470551884593
PGS001054,Snoring,European,0.5382039881498588,0.00834786784419361,1.0790643830414393,7.327123782789423,2,0.6313945207864508,0.627578425616992,0.635194243427628
PGS001054,Snoring,South Asian,0.4433206915754448,0.028517525442046773,NA,NA,1,0.60905,0.59566299023717,0.6222748453024398
PGS001058,Cereal type: Biscuit cereal (e.g. Weetabix),East Asian,0.2690106301274582,0.10810427361729444,NA,NA,1,0.56685,0.5142776808446932,0.617959195217479
PGS001058,Cereal type: Biscuit cereal (e.g. Weetabix),European,0.23305804145102232,0.01096114155504922,29.790165589461047,96.6431875076459,2,0.5580022101404039,0.5526971212387793,0.5632940945549135
PGS001058,Cereal type: Biscuit cereal (e.g. Weetabix),South Asian,0.25460653705884295,0.03642658657857681,NA,NA,1,0.5633100000000001,0.545674917669567,0.5807864425404435
PGS001059,"Cereal type: Other (e.g. Cornflakes, Frosties)",East Asian,0.5885396348126767,0.0935454905851369,NA,NA,1,0.64303,0.5999340858280161,0.6839293366174138
PGS001059,"Cereal type: Other (e.g. Cornflakes, Frosties)",European,0.36987960457474106,0.010802202295798877,6.968942911066567,85.65062143912793,2,0.59142988633316,0.586304064581962,0.5965359022120773
PGS001059,"Cereal type: Other (e.g. Cornflakes, Frosties)",South Asian,0.4052984442188437,0.03558043276418015,NA,NA,1,0.59996,0.5831117858150969,0.6165750371795742
PGS001063,Major dietary changes in the last 5 years becuase of illness,East Asian,0.5440756180548795,0.10597036239911682,NA,NA,1,0.6327600000000001,0.583309385147824,0.6795658902852204
PGS001063,Major dietary changes in the last 5 years becuase of illness,European,0.31403297568929656,0.012195485702117849,0.7522038459526608,0,2,0.5778693582710906,0.5720279156288562,0.5836890967209267
PGS001063,Major dietary changes in the last 5 years becuase of illness,South Asian,0.40121690720183073,0.032276407220536686,NA,NA,1,0.59898,0.5836937188363966,0.6140761007792251
PGS001064,Milk type: Skimmed,East Asian,0.33440173604778856,0.09350361440435093,NA,NA,1,0.5828300000000001,0.5377119066485879,0.6266024971540258
PGS001064,Milk type: Skimmed,European,0.30423751138631133,0.009409927987623105,2.3918500924319743,58.19135976940659,2,0.5754780834707799,0.5709661369770888,0.5799774858292365
PGS001064,Milk type: Skimmed,South Asian,0.2665266308467977,0.0407997708611922,NA,NA,1,0.56624,0.5465049671341426,0.5857671697516792
PGS001065,Never eat wheat,East Asian,0.6141197543821109,0.16195507243198867,NA,NA,1,0.64888,0.5736326260743433,0.7173899849771118
PGS001065,Never eat wheat,European,0.3864193408064128,0.022351071998243516,13.025173515873501,92.32255909081502,2,0.5954204321415468,0.5848246845002028,0.6059279781548245
PGS001065,Never eat wheat,South Asian,0.3956413557167463,0.07159042389496174,NA,NA,1,0.59764,0.5634865127252983,0.6308717821619669
PGS001071,Facial ageing (About your age),East Asian,0.5660446553429641,0.08745017596872892,NA,NA,1,0.63785,0.5973997397328841,0.6764373334068786
PGS001071,Facial ageing (About your age),European,0.37501210121906947,0.009258400157623196,17.897100219724997,94.41250265281597,2,0.592669521341198,0.588281481949346,0.5970428278463873
PGS001071,Facial ageing (About your age),South Asian,0.4344257501007827,0.033697329386578836,NA,NA,1,0.60693,0.5910672259453587,0.6225703677179922
PGS001072,Facial ageing (Older than you are),East Asian,1.3938740938454255,0.21875126352200233,NA,NA,1,0.80121,0.7241460655359606,0.8608809962676581
PGS001072,Facial ageing (Older than you are),European,1.0542444141286724,0.031285492637645435,2.2584474545828863,55.721794723592964,2,0.7415891098915592,0.7296652474572591,0.7531649534502595
PGS001072,Facial ageing (Older than you are),South Asian,0.7389673369469983,0.06513586567131109,NA,NA,1,0.6767699999999999,0.6482375297911637,0.7040447447171823
PGS001074,Types of physical activity in last 4 weeks (other exercises),East Asian,0.15571386936111306,0.09419553947220005,NA,NA,1,0.53885,0.49277315631307533,0.5842724127228972
PGS001074,Types of physical activity in last 4 weeks (other exercises),European,0.42703959283571874,0.016486007316558658,12.667914709983124,92.10604094759229,2,0.6051665294147998,0.5974201129768784,0.6128604809390581
PGS001074,Types of physical activity in last 4 weeks (other exercises),South Asian,0.24420644633311095,0.04119242520604111,NA,NA,1,0.56075,0.5407765603312528,0.5805285705645639
PGS001085,Alcohol intake versus 10 years previously (More nowadays),East Asian,0.3916506647607151,0.08668827991577707,NA,NA,1,0.5966800000000001,0.5552093767520269,0.6368133463764798
PGS001085,Alcohol intake versus 10 years previously (More nowadays),European,0.3103086478450691,0.010594786999827853,0.23418919817227601,0,2,0.5769605967815696,0.5718842151129889,0.582020779312438
PGS001085,Alcohol intake versus 10 years previously (More nowadays),South Asian,0.5250163218076004,0.05251035202482409,NA,NA,1,0.62832,0.6039847029234768,0.6520214480853918
PGS001086,Alcohol consumed,East Asian,0.4045485253974033,0.09995576072922764,NA,NA,1,0.59978,0.5519704282856078,0.6457619554376783
PGS001086,Alcohol consumed,European,0.28715970881746244,0.01199057767304282,1.0764774942865638,7.104421104246988,2,0.5713006408701788,0.5655353390505894,0.577046654362198
PGS001086,Alcohol consumed,South Asian,0.5573536278655405,0.05498568793536468,NA,NA,1,0.6358400000000001,0.6105397699031293,0.6604108364196001
PGS001090,Often felt loved as a child,East Asian,0.6356964922790151,0.15101488780110253,NA,NA,1,0.65378,0.5841194238152648,0.7174171466979697
PGS001090,Often felt loved as a child,European,0.20918955583130794,0.01662740963518407,0.9632224105716343,0,2,0.5521075075179439,0.5440355710628135,0.560152077839233
PGS001090,Often felt loved as a child,South Asian,0.26375854531180426,0.08756367891919169,NA,NA,1,0.56556,0.5230171539614568,0.6071584287757072
PGS001091,"Loneliness, isolation",East Asian,0.22810392806615662,0.07796696714936321,NA,NA,1,0.55678,0.5188132822101602,0.5940947797173742
PGS001091,"Loneliness, isolation",European,0.30056881722871176,0.009648942776275538,1.3401520500209272,25.381601290362205,2,0.5745815630195028,0.5699523855517193,0.5791977005335432
PGS001091,"Loneliness, isolation",South Asian,0.33851601393000796,0.03099340238510553,NA,NA,1,0.58383,0.5689991664894906,0.5985105949205431
PGS001092,"Hair colour (natural, before greying) black",East Asian,0.605790669569903,0.07130468794144518,NA,NA,1,0.6469799999999999,0.6144445059512399,0.6782078268185692
PGS001092,"Hair colour (natural, before greying) black",European,1.9647613494324039,0.020473610636882456,14.77068676955766,93.22983409233892,2,0.8770473165221655,0.8726541912768162,0.8813095022403146
PGS001092,"Hair colour (natural, before greying) black",South Asian,1.0174213220192525,0.03185524701098448,NA,NA,1,0.73447,0.7221166034968218,0.7464670356797528
PGS001093,"Hair colour (natural, before greying) blonde",European,1.738426224183603,0.014407527499318656,15.415834198300328,93.51316323763878,2,0.8504870563520794,0.8468605984107069,0.8540424380676027
PGS001093,"Hair colour (natural, before greying) blonde",South Asian,0.955949026042295,0.4448355960977049,NA,NA,1,0.72231,0.521005443714905,0.8615026326121861
PGS001094,"Hair colour (natural, before greying) brown",East Asian,0.6193469149181827,0.07178720152427176,NA,NA,1,0.65007,0.6174276240148266,0.6813645523031188
PGS001094,"Hair colour (natural, before greying) brown",European,0.7580221867068981,0.010573951017370768,132.04195722468228,99.2426649672434,2,0.6809241751810459,0.6764045551303731,0.6854100291242158
PGS001094,"Hair colour (natural, before greying) brown",South Asian,0.9227887902573612,0.03209312042350067,NA,NA,1,0.7156100000000001,0.7026368932239124,0.7282360351116647
PGS001095,"Hair colour (natural, before greying) dark brown",East Asian,0.47404201560997655,0.07171605126055697,NA,NA,1,0.61634,0.5826055213913878,0.6489906562754225
PGS001095,"Hair colour (natural, before greying) dark brown",European,1.1742783599407027,0.008642104479855599,140.32850164109448,99.28738639100017,2,0.7639174785580003,0.7608490130478408,0.7669586324450933
PGS001095,"Hair colour (natural, before greying) dark brown",South Asian,0.6861054254902167,0.03246056111064103,NA,NA,1,0.6651,0.6507829949751444,0.6791194561465483
PGS001096,"Hair colour (natural, before greying) light brown",East Asian,0.9400016959982502,0.4044586018653533,NA,NA,1,0.7191,0.5367493198812435,0.8497626317841893
PGS001096,"Hair colour (natural, before greying) light brown",European,0.5693652911372135,0.007868265410154564,2.8595267795918384,65.02917870408133,2,0.6386167064959635,0.6350500261613818,0.642168170538555
PGS001096,"Hair colour (natural, before greying) light brown",South Asian,0.8306861827203075,0.09020089144799644,NA,NA,1,0.6965,0.6578870772611694,0.7325266779557275
PGS001097,"Hair colour (natural, before greying) other",East Asian,1.7614406529005278,0.30836833954680926,NA,NA,1,0.85339,0.7607942161995112,0.9141852711903333
PGS001097,"Hair colour (natural, before greying) other",European,0.6633409020882035,0.03479045355553552,2.87649186726201e-4,0,2,0.6600104759634771,0.6445462899989047,0.6751409726166024
PGS001097,"Hair colour (natural, before greying) other",South Asian,1.2226524814055295,0.1557816680013995,NA,NA,1,0.77253,0.7144958067373929,0.8217112385273491
PGS001098,"Hair colour (natural, before greying) red",European,3.1536367228645754,0.03914485294576164,4.070401249564243,75.43239747906783,2,0.9590517798981348,0.9559303118010225,0.9619609514990134
PGS001107,UACR > 30 mg/g,East Asian,0.4058817921426943,0.12004639787425277,NA,NA,1,0.6001,0.5425445880662508,0.6550185101392884
PGS001107,UACR > 30 mg/g,European,0.4148684709815686,0.019398494417734165,0.8110274797909858,0,2,0.6022546703275465,0.5931125149753554,0.6113260231882066
PGS001107,UACR > 30 mg/g,South Asian,0.377500032709447,0.04817342123283696,NA,NA,1,0.59327,0.570301195811502,0.6158380792585834
PGS001109,TTE vasomotor and allergic rhinitis,East Asian,0.18161757929216032,0.07032229767753775,NA,NA,1,0.54528,0.5109447204127535,0.5791900322723277
PGS001109,TTE vasomotor and allergic rhinitis,European,0.4012060568823703,0.01318121927886255,0.057728873258630735,0,2,0.5989773937183539,0.5927561289777765,0.605166924581643
PGS001109,TTE vasomotor and allergic rhinitis,South Asian,0.21599586029154633,0.04104872819602601,NA,NA,1,0.55379,0.5338333076067059,0.5735747958010093
PGS001110,TTE reactive arthropathies,European,0.876707608037134,0.20583035075959247,0.834937062333919,0,2,0.7061394923080457,0.6161598225188833,0.7824727717929675
PGS001110,TTE reactive arthropathies,South Asian,2.8539013788627288,3.101935260850286,NA,NA,1,0.94552,0.038202912944491685,0.9998681474560881
PGS001111,Male genital tract cancer,East Asian,1.940526740180439,0.2847881170895323,NA,NA,1,0.87441,0.7993668772614927,0.9240514384285335
PGS001111,Male genital tract cancer,European,1.808092240327718,0.031142579908110802,9.753225076075596,89.74698120672952,2,0.8591311461452772,0.8515806861415841,0.8663577755968385
PGS001111,Male genital tract cancer,South Asian,1.751723072529183,0.18489426766032935,NA,NA,1,0.85217,0.8004853091026664,0.892267611932077
PGS001112,Aspirin,East Asian,0.8746387125046521,0.12025241086477229,NA,NA,1,0.70571,0.6545147084770279,0.7521912693262168
PGS001112,Aspirin,European,0.8368743820718617,0.011458667536485652,11.56656660909374,91.35439206986634,2,0.6978065166685167,0.69304959898241425,0.70252135751151
PGS001112,Aspirin,South Asian,1.0069865588386173,0.03631661405420936,NA,NA,1,0.7324300000000001,0.7182517100688739,0.7461469715846679
PGS001113,Aspirin use self-reported,East Asian,0.9536070199866395,0.12499020226727489,NA,NA,1,0.72184,0.6700975344017229,0.7682734686344195
PGS001113,Aspirin use self-reported,European,0.7885247316623841,0.011820630832266773,3.5739708042529585,72.01991692797213,2,0.6875144741194849,0.682515512145503,0.692470190751181
PGS001113,Aspirin use self-reported,South Asian,0.9984310879548574,0.038082268070529744,NA,NA,1,0.73075,0.7158136825004963,0.7451807494807684
PGS001114,Ibuprofen use self-reported,East Asian,0.5490277837127225,0.09813419037896595,NA,NA,1,0.63391,0.5882376742684732,0.677295539010929
PGS001114,Ibuprofen use self-reported,European,0.3992645066279427,0.011133815573110804,0.014854102419511,0,2,0.5985109371070763,0.5932560516327899,0.6037432787366853
PGS001114,Ibuprofen use self-reported,South Asian,0.459139408208462,0.04503894110922653,NA,NA,1,0.61281,0.5916675133930708,0.6335358136898791
PGS001115,Paracetamol use self-reported,East Asian,0.6643193410497105,0.08090443286356623,NA,NA,1,0.66023,0.6238088624830811,0.694849892609319
PGS001115,Paracetamol use self-reported,European,0.39424555197410976,0.009607309452258192,6.504565006332981,84.62618178115862,2,0.597304310361079,0.5927668368757597,0.6018251869761267
PGS001115,Paracetamol use self-reported,South Asian,0.5269437134412921,0.03285533089601314,NA,NA,1,0.62877,0.6136182839384203,0.6436725819725249
PGS001116,Ibuprofen (e.g. Nurofen),East Asian,0.4589708298745435,0.09595525495559254,NA,NA,1,0.61277,0.567313479497983,0.6563438296785823
PGS001116,Ibuprofen (e.g. Nurofen),European,0.48481863823932475,0.010716842857937493,0.05842273414890507,0,2,0.6188850785882545,0.6139184834395911,0.6238269314436414
PGS001116,Ibuprofen (e.g. Nurofen),South Asian,0.49876900828485987,0.04316713331608641,NA,NA,1,0.62217,0.6020852899540591,0.6418439889089672
PGS001117,Started insulin within one year diagnosis of diabetes,East Asian,0.9233785101168703,0.5995528947212067,NA,NA,1,0.71573,0.4373940016008626,0.8907575137382816
PGS001117,Started insulin within one year diagnosis of diabetes,European,1.1290684364451986,0.06742536569948926,4.761693178006962,78.99906687354945,2,0.7556669413703445,0.7304515434385429,0.779236422903729
PGS001117,Started insulin within one year diagnosis of diabetes,South Asian,0.5269865552224271,0.11079434332044721,NA,NA,1,0.6287799999999999,0.5768436782088588,0.6779012533435582
PGS001118,Taking other prescription medications,East Asian,0.540978446674342,0.0628722722566212,NA,NA,1,0.63204,0.602944430517286,0.6602050453235984
PGS001118,Taking other prescription medications,European,0.5155300929711377,0.0078122851552414095,32.6112957184897,96.93357783563003,2,0.626101959920509,0.6225105639488725,0.6296795137581327
PGS001118,Taking other prescription medications,South Asian,0.6289000056741189,0.027788239495805236,NA,NA,1,0.65224,0.6397859101452795,0.6644893062414001
PGS001123,Coffee consumed,East Asian,0.4348030194568043,0.09765344106940739,NA,NA,1,0.60702,0.5605519153351874,0.6516281796446816
PGS001123,Coffee consumed,European,0.3437245374249608,0.01386062580352957,8.599859477995349,88.37190302284912,2,0.5850949729513026,0.5784851115999653,0.5916743458287161
PGS001123,Coffee consumed,South Asian,0.4770033065414903,0.049142637548218945,NA,NA,1,0.61704,0.5940380013815363,0.6395295573973353
PGS001124,"Coffee type: Ground coffee (include espresso, filter etc)",East Asian,0.5010667983360511,0.08114889540587807,NA,NA,1,0.62271,0.5846798984377819,0.6592870372801978
PGS001124,"Coffee type: Ground coffee (include espresso, filter etc)",European,0.41432898522688427,0.009764458344945614,126.18098747783202,99.20748757797153,2,0.6021254326351686,0.5975316148847714,0.6067013286254402
PGS001124,"Coffee type: Ground coffee (include espresso, filter etc)",South Asian,0.28789207560259994,0.04928183553886488,NA,NA,1,0.57148,0.5476796029214094,0.5949542464130446
PGS001125,Coffee type: Instant coffee,East Asian,0.3475774753742935,0.072943558765763,NA,NA,1,0.58603,0.5509743145986925,0.6202352478952271
PGS001125,Coffee type: Instant coffee,European,0.3068185698494337,0.008698444858352684,163.3180258451921,99.38769771749023,2,0.5761085207809682,0.57193973065039,0.5802665065943274
PGS001125,Coffee type: Instant coffee,South Asian,0.2598930461664265,0.0400158764214665,NA,NA,1,0.5646099999999998,0.5452414061278236,0.5837833849758173
PGS001127,Never Smoker,East Asian,0.9342661858327326,0.07726416656123222,NA,NA,1,0.71794,0.6862893826878611,0.7475718849133716
PGS001127,Never Smoker,European,0.47742222460474204,0.007816979478159734,15.37281705410312,93.4950113796281,2,0.6171389861699454,0.6135124601561533,0.6207525185662227
PGS001127,Never Smoker,South Asian,1.1157525047517645,0.034427876754935346,NA,NA,1,0.7532,0.7404432964003038,0.765528274471686
PGS001128,Previous Smoker,East Asian,0.8680030287940033,0.08922520011377771,NA,NA,1,0.70433,0.6666609902005123,0.739406173511489
PGS001128,Previous Smoker,European,0.43176875376829654,0.00807502049165284,21.10323837820625,95.26139077766983,2,0.6062959513108828,0.6025117309040097,0.6100674605990458
PGS001128,Previous Smoker,South Asian,1.040103624466069,0.04299979972881746,NA,NA,1,0.73887,0.7222849252060257,0.7548008555176494
PGS001129,Tobacco smoking ever vs no,East Asian,0.9715583449388577,0.20312616491502658,NA,NA,1,0.72543,0.6395544972027187,0.7973293573221953
PGS001129,Tobacco smoking ever vs no,European,0.3909295317671249,0.01571910345585627,0.8579466743690924,0,2,0.5965064451052705,0.5890695039067774,0.6038992962245168
PGS001129,Tobacco smoking ever vs no,South Asian,0.8138532493615365,0.10761363889185725,NA,NA,1,0.69293,0.64632647582196,0.7359018581797839
PGS001131,TTE zoster [herpes zoster],East Asian,0.6172814297852316,0.1782304886771065,NA,NA,1,0.6496,0.5665894833496864,0.7244439197966476
PGS001131,TTE zoster [herpes zoster],European,0.4494240082519631,0.02157270583163027,0.11338075260130362,0,2,0.6105022780262486,0.6004022676810831,0.6205083604073652
PGS001131,TTE zoster [herpes zoster],South Asian,0.5963465048546676,0.09109256792327237,NA,NA,1,0.64482,0.6029579036912636,0.6845773031362768
PGS001132,Chronic bronchitis/emphysema (FH),East Asian,0.3955997700393589,0.09014645704667992,NA,NA,1,0.59763,0.5545106603828002,0.6392906806577506
PGS001132,Chronic bronchitis/emphysema (FH),European,0.34183805484660873,0.00905856421629347,1.0922507915722675,8.445934970619225,2,0.5846369392259781,0.5803190524897273,0.5889418687041396
PGS001132,Chronic bronchitis/emphysema (FH),South Asian,0.19852950976086334,0.037290037691514226,NA,NA,1,0.5494700000000001,0.5313192012516568,0.5674900743878363
PGS001135,Arthritis (nos),East Asian,1.316207252015069,0.16612611847895495,NA,NA,1,0.78855,0.7292064291002405,0.8377816779663766
PGS001135,Arthritis (nos),European,0.6427145636342892,0.0162326637067548,8.162204563033658,87.74840801553829,2,0.6553668333778456,0.6481457445767138,0.6625168893829811
PGS001135,Arthritis (nos),South Asian,0.8960640859015504,0.05275457122303439,NA,NA,1,0.71014,0.6884032982182855,0.730952993870294
PGS001136,Genetic haematological disorder,European,0.846176749377803,0.15732064716134964,0.9794297995962089,0,2,0.6997645139114816,0.6313070760732665,0.7603364955421515
PGS001136,Genetic haematological disorder,South Asian,1.8254600431583423,3.4316007362410574,NA,NA,1,0.86122,0.0073880395296535796,0.9998067625360747
PGS001137,Retinal detachment,East Asian,1.3081295882705544,0.33649238736525366,NA,NA,1,0.7872,0.656695923107022,0.8773589781910504
PGS001137,Retinal detachment,European,0.5852750683756922,0.03622688882763204,0.5983680983400355,0,2,0.6422802941277019,0.6258070132330885,0.6584241960265457
PGS001137,Retinal detachment,South Asian,1.0220411499706374,0.15257626258583384,NA,NA,1,0.73537,0.6732654638629848,0.7893631008134626
PGS001138,Rheumatoid factor > 16 IU/mL,East Asian,0.4952397313093957,0.14566664915579916,NA,NA,1,0.62134,0.5522419136669229,0.6858409500971384
PGS001138,Rheumatoid factor > 16 IU/mL,European,0.42454397357183293,0.0178751750193788,2.7385053664241226,63.4837304954499,2,0.6045700699105857,0.5961644065071057,0.612914373602413
PGS001138,Rheumatoid factor > 16 IU/mL,South Asian,0.40334055877559466,0.05727084259471054,NA,NA,1,0.59949,0.5722628903634396,0.6261163140826219
PGS001139,"Light smokers, at least 100 smokes in lifetime",East Asian,0.9453546414601688,0.146796790749586,NA,NA,1,0.72018,0.6587284590891971,0.7743565541048542
PGS001139,"Light smokers, at least 100 smokes in lifetime",European,0.30569479903160846,0.01508936616161945,1.9410114336524638,48.4804683443689,2,0.5758340640817721,0.5685946467176669,0.5830410832758594
PGS001139,"Light smokers, at least 100 smokes in lifetime",South Asian,0.5607670401966173,0.07002674096993618,NA,NA,1,0.63663,0.604323962814126,0.6677485131154298
PGS001140,TTE seborrhoeic keratosis,East Asian,1.0813004366215204,0.23236750561043995,NA,NA,1,0.74674,0.6515501666234437,0.822990426227966
PGS001140,TTE seborrhoeic keratosis,European,0.526104421824394,0.015763735129100443,0.3444461417604119,0,2,0.628574072824964,0.6213324169258523,0.6357584253445148
PGS001140,TTE seborrhoeic keratosis,South Asian,0.6245382599320013,0.10299108800662161,NA,NA,1,0.65125,0.6041233503187462,0.6955933589115084
PGS001141,Facial ageing (Younger than you are),East Asian,0.7177892082249115,0.08667155093167932,NA,NA,1,0.67212,0.6336512483140594,0.7084081681586689
PGS001141,Facial ageing (Younger than you are),European,0.4613858551572269,0.009353603360984782,18.06130277721058,94.46330083529865,2,0.6133428879679709,0.608986209214192,0.6176814990914087
PGS001141,Facial ageing (Younger than you are),South Asian,0.5046863194538931,0.03200709252616201,NA,NA,1,0.62356,0.6087241544378728,0.6381676917230108
PGS001153,Folic acid or folate (Vitamin B9),East Asian,0.5646163487306098,0.2024491254343576,NA,NA,1,0.63752,0.5418558323268543,0.7234053492982918
PGS001153,Folic acid or folate (Vitamin B9),European,0.35658183147630695,0.02347242161468559,5.445312742742788,81.63558188034756,2,0.5882127407407782,0.5770258219277801,0.599309242458711
PGS001153,Folic acid or folate (Vitamin B9),South Asian,0.6137686410402418,0.06827701917572163,NA,NA,1,0.6488,0.6177350486262724,0.6786536942689205
PGS001164,Testicular cancer,European,1.744974820875044,0.07102098037451926,7.80672303812211,87.19052802159422,2,0.8513178583773475,0.8328237930635792,0.8680900479050011
PGS001164,Testicular cancer,South Asian,3.9768332287817634,0.5753029998314201,NA,NA,1,0.9816,0.9452793504518353,0.9939668051132714
PGS001174,TTE cholelithiasis,East Asian,0.8353738418994465,0.15326575649496127,NA,NA,1,0.69749,0.6306422269820995,0.7569030289676547
PGS001174,TTE cholelithiasis,European,0.7196237057257548,0.01751546513073953,0.6172586321343865,0,2,0.6725241491217447,0.6649191022630424,0.6800396486846887
PGS001174,TTE cholelithiasis,South Asian,0.7775878143555348,0.07001063043870923,NA,NA,1,0.68516,0.654836411930087,0.7139831525653731
PGS001179,TTE vascular dementia,European,1.6259050173905343,0.1245202082017438,1.0353448568964687,3.4138245494759905,2,0.8356078946987141,0.7992872175464862,0.8664541842854367
PGS001179,TTE vascular dementia,South Asian,1.6465187921925224,0.49225451546879007,NA,NA,1,0.8384199999999999,0.664118001148292,0.9315876962208923
PGS001181,TTE other hypothyroidism,East Asian,0.9182725738144563,0.17220529172508522,NA,NA,1,0.71469,0.6412400095382977,0.77830138181377
PGS001181,TTE other hypothyroidism,European,1.1857542110352535,0.01643101837971889,0.27788744896305106,0,2,0.7659808484267204,0.7601586347959663,0.7717041731509228
PGS001181,TTE other hypothyroidism,South Asian,1.04654035922959,0.052225537965780416,NA,NA,1,0.74011,0.7199428823491398,0.7593103812188005
PGS001182,Oestradiol > 212 pmol/L,East Asian,1.9684078709416137,0.1130651021693588,NA,NA,1,0.87744,0.8515487679298832,0.8993493068990145
PGS001182,Oestradiol > 212 pmol/L,European,1.774863348339856,0.01851595310210503,5.125738208645333,80.49061502373749,2,0.8550614339052975,0.8505056022909816,0.8595013622092431
PGS001182,Oestradiol > 212 pmol/L,South Asian,1.7077944855084959,0.06484239827944088,NA,NA,1,0.8465500000000001,0.8293041113633276,0.862342711148109
PGS001192,TTE gonarthrosis [arthrosis of knee],East Asian,0.8344735181992922,0.1670805796840792,NA,NA,1,0.6973,0.6241019050956714,0.761687123421693
PGS001192,TTE gonarthrosis [arthrosis of knee],European,0.6121727477854416,0.015148741127990476,3.3808366941079595,70.42152311755324,2,0.6484362757650444,0.6416381338558642,0.6551747620682012
PGS001192,TTE gonarthrosis [arthrosis of knee],South Asian,0.9819249425690294,0.04886865152393346,NA,NA,1,0.72749,0.7080934553478557,0.7460599038089553
PGS001244,Ease of skin tanning (Get mildly or occasionally tanned),East Asian,0.18335193847465442,0.08041227701337442,NA,NA,1,0.54571,0.5064356134540088,0.5844236998941928
PGS001244,Ease of skin tanning (Get mildly or occasionally tanned),European,0.5710048631720738,0.009200288633899363,2.765087942359154,63.83478497444075,2,0.6389950097355807,0.6348249114038138,0.6431442567203798
PGS001244,Ease of skin tanning (Get mildly or occasionally tanned),South Asian,0.09928146958144439,0.03276538905726586,NA,NA,1,0.5248,0.5087644289364567,0.540784591350469
PGS001245,Ease of skin tanning (Get moderately tanned),East Asian,0.2758968649710076,0.06064199098246139,NA,NA,1,0.56854,0.5391791569437111,0.5974268830074333
PGS001245,Ease of skin tanning (Get moderately tanned),European,0.38497426555500797,0.007816880100829817,17.198592880387643,94.18557083736573,2,0.5950722728769398,0.5913751719707523,0.5987586191876909
PGS001245,Ease of skin tanning (Get moderately tanned),South Asian,0.1287776727651314,0.029548899636811118,NA,NA,1,0.53215,0.5177080480582557,0.5465382852028444
PGS001246,Ease of skin tanning (Get very tanned),East Asian,0.30003061137640386,0.06052797805003235,NA,NA,1,0.57445,0.5452250029862004,0.6031638593156947
PGS001246,Ease of skin tanning (Get very tanned),European,1.0421428002121726,0.010013171635367985,9.478413076156544,89.44971070615657,2,0.7392632491715332,0.7354625873515493,0.7430283851382278
PGS001246,Ease of skin tanning (Get very tanned),South Asian,0.1229948184520305,0.03047100999102076,NA,NA,1,0.53071,0.5158126348422146,0.5455528348987239
PGS001247,"Ease of skin tanning (Never tan, only burn)",East Asian,0.4435726848916732,0.12061748763106356,NA,NA,1,0.60911,0.5516061721528402,0.6637348943870456
PGS001247,"Ease of skin tanning (Never tan, only burn)",European,1.1050245604859767,0.011095568800354772,42.66188009533193,97.65598703628297,2,0.7512003725740464,0.7471136704980093,0.7552426682254636
PGS001247,"Ease of skin tanning (Never tan, only burn)",South Asian,0.16767172295489052,0.04918890618919352,NA,NA,1,0.54182,0.5178078313712863,0.5656394666026462
PGS001248,Gout,East Asian,1.7324849759273904,0.2295975161805117,NA,NA,1,0.84973,0.7828705851899389,0.8986666062920151
PGS001248,Gout,European,1.5230319699820951,0.02779585282382215,4.9103300400823375,79.63477013078266,2,0.8209845197517255,0.812837212368663,0.8288518453650251
PGS001248,Gout,South Asian,1.2606036194185244,0.097340173064688,NA,NA,1,0.77913,0.7445620899474634,0.8102123193061066
PGS001249,TTE gout,East Asian,1.7369559369661638,0.213191801655932,NA,NA,1,0.8503,0.7890319319569491,0.8961175724412062
PGS001249,TTE gout,European,1.3775996777238824,0.022803067603794865,8.791367440567278,88.62520527369206,2,0.7986052212956726,0.7913208597147731,0.8056977428610578
PGS001249,TTE gout,South Asian,1.179845371450324,0.07422323606119505,NA,NA,1,0.7649200000000002,0.73776181383841,0.7900659375464412
PGS001250,TTE calculus of kidney and ureter,East Asian,0.7078232529478914,0.23254335355141567,NA,NA,1,0.66992,0.5626781273144377,0.7619877299416554
PGS001250,TTE calculus of kidney and ureter,European,0.6774102322300958,0.03234828300171387,0.1591680826431399,0,2,0.6631604431880309,0.6488544463492795,0.6771735822717739
PGS001250,TTE calculus of kidney and ureter,South Asian,0.6839960948851687,0.10131449674426823,NA,NA,1,0.66463,0.6190268342726587,0.7073550242863939
PGS001251,TTE other interstitial pulmonary diseases,East Asian,0.6106541145092486,0.8384244364819247,NA,NA,1,0.6480899999999999,0.26256916243061357,0.9049920863867031
PGS001251,TTE other interstitial pulmonary diseases,European,1.1343329611162225,0.06146620497638016,0.4645885637721894,0,2,0.7566376450286975,0.7337747212661871,0.7781308187270116
PGS001251,TTE other interstitial pulmonary diseases,South Asian,1.1849128656812116,0.19280857950501504,NA,NA,1,0.7658299999999999,0.6914715716649017,0.8267573002110062
PGS001252,Hearing difficulty and Deafness,East Asian,0.5226619145600151,0.08564285417066898,NA,NA,1,0.62777,0.5877815457357618,0.6660830178901147
PGS001252,Hearing difficulty and Deafness,European,0.5096123054130678,0.00889924247319053,0.38526604060562575,0,2,0.624715585410245,0.6206174460833163,0.6287959340857241
PGS001252,Hearing difficulty and Deafness,South Asian,0.47201259549918095,0.035514507349033726,NA,NA,1,0.6158599999999999,0.5992651483564237,0.6321894299665684
PGS001253,Hearing difficulty,East Asian,0.5249735017213863,0.08585990642737867,NA,NA,1,0.62831,0.5882384770999405,0.6666914968173641
PGS001253,Hearing difficulty,European,0.5100039949153324,0.008900031331314414,0.33493071915297457,0,2,0.6248074109693733,0.620709301567659,0.6288877152045393
PGS001253,Hearing difficulty,South Asian,0.47548010131657714,0.03560805752955814,NA,NA,1,0.61668,0.6000535669122766,0.6330379402048086
PGS001254,Dupuytren's contracture,European,1.0941583100732921,0.11565848751330336,0.6914177864942815,0,2,0.7491639494577922,0.7042185006849055,0.7893229142720675
PGS001255,TTE otosclerosis,European,0.6480344147341786,0.08651392500855046,0.10238770539793828,0,2,0.6565673859274095,0.6173858426111718,0.6937270122112286
PGS001255,TTE otosclerosis,South Asian,0.906629698389766,0.24948619698264904,NA,NA,1,0.7123099999999999,0.6029176073791107,0.8014883494207897
PGS001256,Gallstones,East Asian,0.7442751245498319,0.1706032498828984,NA,NA,1,0.67793,0.6010621631775341,0.7462398425393706
PGS001256,Gallstones,European,0.7139887084491905,0.018441374083302875,0.1901374360909683,0,2,0.6712819187653959,0.6632572448631548,0.6792078531866285
PGS001256,Gallstones,South Asian,0.7881315620828832,0.07374348380617203,NA,NA,1,0.68743,0.6555655121121553,0.7176164113845424
PGS001258,Fracture radius,East Asian,1.1583897449903475,0.4020005926234,NA,NA,1,0.76104,0.5915721998596593,0.8750438262620609
PGS001258,Fracture radius,European,0.612781016389218,0.03381976399358799,0.0015412319034480663,0,2,0.6485749282112686,0.6333218551155645,0.6635305979650367
PGS001258,Fracture radius,South Asian,0.6962237597322639,0.1661080768304174,NA,NA,1,0.66735,0.5916164981004071,0.7353222110936312
PGS001259,Hayfever/allergic rhinitis,East Asian,0.2538748393452267,0.07914976452312787,NA,NA,1,0.56313,0.5246652882486234,0.6008500826319891
PGS001259,Hayfever/allergic rhinitis,European,0.4146896508715625,0.015795080531264563,0.4203704601021139,0,2,0.6022118342631115,0.5947727292884291,0.6096040122008659
PGS001259,Hayfever/allergic rhinitis,South Asian,0.4093416151071929,0.05679595637021089,NA,NA,1,0.60093,0.5739587948867592,0.6273024784486063
PGS001260,Angina,East Asian,1.32812307557588,0.2046256732465314,NA,NA,1,0.79053,0.7164777837803976,0.849308705637779
PGS001260,Angina,European,1.056321884184627,0.017337175583633103,0.02860041284258247,0,2,0.7419870253920366,0.735428350885573,0.7484387268042976
PGS001260,Angina,South Asian,1.0804545866448327,0.04442266967306754,NA,NA,1,0.74658,0.7297562321184952,0.7626969980132597
PGS001261,TTE angina pectoris,East Asian,1.3644994306190235,0.19430888737326654,NA,NA,1,0.79649,0.727832650084331,0.851364688991157
PGS001261,TTE angina pectoris,European,1.0645243185514635,0.01727909582712611,0.7141127085144455,0,2,0.7435541986832742,0.7370433055063009,0.7499585710314133
PGS001261,TTE angina pectoris,South Asian,1.0834166080208136,0.044378373039569464,NA,NA,1,0.7471399999999999,0.7303570793720725,0.763216988172354
PGS001262,Vascular/heart problems diagnosed by doctor Angina,East Asian,1.487681344510752,0.35393600271263237,NA,NA,1,0.81573,0.6886824397315505,0.8985663728939207
PGS001262,Vascular/heart problems diagnosed by doctor Angina,European,1.3904638014718822,0.02384759902285299,9.03833088321473,88.93601027754892,2,0.8006662760915675,0.7931014399151107,0.8080214713130972
PGS001262,Vascular/heart problems diagnosed by doctor Angina,South Asian,1.4390016266882,0.06722880890807326,NA,NA,1,0.8083,0.787049795323461,0.8278933632801105
PGS001263,Atrial flutter,East Asian,1.559697904710066,0.2810096586741948,NA,NA,1,0.82631,0.7328085373685198,0.8919173091840276
PGS001263,Atrial flutter,European,1.1977747658933577,0.019629713181511476,5.045509604463135,80.18039646351234,2,0.7681286902079268,0.761205593913346,0.7749104242658869
PGS001263,Atrial flutter,South Asian,1.0326534553058906,0.1003534067747901,NA,NA,1,0.73743,0.6976138278160315,0.7737041116894131
PGS001264,DVT,East Asian,0.46390440570280916,0.5013259546771962,NA,NA,1,0.61394,0.37315756196533345,0.809459701474298
PGS001264,DVT,European,0.5902514506700673,0.027394858573803547,3.0034170260849065,66.70459042767209,2,0.6434228380741553,0.6310112482329867,0.6556447723157266
PGS001264,DVT,South Asian,0.5997976046744027,0.1288193025943718,NA,NA,1,0.64561,0.5859655390971485,0.7010459261725243
PGS001265,Blood clot in the leg (DVT),East Asian,0.5654386384683135,0.4118908931080269,NA,NA,1,0.63771,0.43982618320151723,0.7978232535620132
PGS001265,Blood clot in the leg (DVT),European,0.5857297010952508,0.026914242303604393,1.8695810312639898,46.512080338988135,2,0.6423847421093002,0.6301773651194491,0.6544101472265217
PGS001265,Blood clot in the leg (DVT),South Asian,0.5092046186013447,0.11938691599127851,NA,NA,1,0.6246199999999998,0.5683705858210554,0.6776958610119115
PGS001266,DVT diagnosed by doctor,East Asian,0.5659580753067411,0.4102517325475039,NA,NA,1,0.63783,0.44074592272506713,0.7973884693721074
PGS001266,DVT diagnosed by doctor,European,0.5565500536276698,0.027016234728245644,1.6267010427635664,38.52588928687707,2,0.6356539140959935,0.6233045560963538,0.6478271643642999
PGS001266,DVT diagnosed by doctor,South Asian,0.5174017152748283,0.12011477877080365,NA,NA,1,0.6265400000000001,0.5700307834910434,0.6797943067557563
PGS001267,Ankylosing spondylitis,East Asian,4.510819067756288,2.619479148890251,NA,NA,1,0.9891299999999998,0.34901764355823306,0.9999352555740045
PGS001267,Ankylosing spondylitis,European,1.0543618986059433,0.08545754502851298,0.032405543408330975,0,2,0.7416116233553236,0.708242818001698,0.7723904783736341
PGS001267,Ankylosing spondylitis,South Asian,1.021938378042326,0.34398821818461783,NA,NA,1,0.73535,0.5860649325933863,0.8450319257776829
PGS001268,TTE ankylosing spondylitis,East Asian,4.7567824354577954,2.545498241364708,NA,NA,1,0.9914799999999999,0.4421615435080809,0.9999414727158967
PGS001268,TTE ankylosing spondylitis,European,1.0724095023951128,0.08442712412359932,0.1677409198221677,0,2,0.7450548664394233,0.7123720145028023,0.7751959436295142
PGS001268,TTE ankylosing spondylitis,South Asian,1.0089775170022381,0.32204903625251496,NA,NA,1,0.73282,0.5933330680092643,0.8375612826992785
PGS001270,Multiple sclerosis,European,0.7775227650514874,0.06389236220538315,1.6347453120487652,38.8283916381606,2,0.6851459676699954,0.6575271643310387,0.7115146689080223
PGS001270,Multiple sclerosis,South Asian,3.6193733146385054,2.8408446403568415,NA,NA,1,0.9739,0.12469712410202205,0.9998976928630064
PGS001271,TTE multiple sclerosis,European,0.7526483412220535,0.06073614143513157,1.3318952648567892,24.919021308516772,2,0.6797554854320653,0.6533065491595459,0.7050974751617151
PGS001271,TTE multiple sclerosis,South Asian,3.703276359040849,2.8151598801832813,NA,NA,1,0.97595,0.14010272798461315,0.9999010690731591
PGS001272,TTE chronic renal failure,East Asian,1.174126001614077,0.2646619554898783,NA,NA,1,0.76389,0.6582237349108137,0.8446003582892485
PGS001272,TTE chronic renal failure,European,0.8922201272154962,0.021924414373042187,5.601033336904627,82.14615161436187,2,0.7093481163222624,0.7004094272376278,0.7181274373589063
PGS001272,TTE chronic renal failure,South Asian,1.0061192817949092,0.06346347256689605,NA,NA,1,0.73226,0.7071807725909818,0.7559325789518754
PGS001273,Osteoporosis,East Asian,1.7962349521445797,0.26521492856712126,NA,NA,1,0.85769,0.781838689137772,0.9101981063119821
PGS001273,Osteoporosis,European,1.218258803724775,0.022795134304950386,8.456716621847246,88.17507970627064,2,0.7717569860784146,0.7637915692597164,0.7795313275020168
PGS001273,Osteoporosis,South Asian,1.5300935412317151,0.09857282730118856,NA,NA,1,0.8220199999999999,0.7919781695939718,0.8485529313247889
PGS001274,TTE osteoporosis without pathological fracture,East Asian,1.455412332709112,0.2519864150188291,NA,NA,1,0.81083,0.7234258229826276,0.8753709163999834
PGS001274,TTE osteoporosis without pathological fracture,European,1.2736072910051113,0.02188755801386941,7.091913881680297,85.89943396544645,2,0.7813596312466394,0.7739424103464928,0.7885999594402623
PGS001274,TTE osteoporosis without pathological fracture,South Asian,1.4803801946861734,0.09837376968550135,NA,NA,1,0.81463,0.7837351967258457,0.8420010379513391
PGS001275,TTE other retinal disorders,East Asian,1.1751797312194612,0.17944124024458738,NA,NA,1,0.76408,0.6949734667347595,0.8215500311004962
PGS001275,TTE other retinal disorders,European,0.7475985282352472,0.026502289891322986,0.8506883046414343,0,2,0.6786552054963289,0.6672235136051675,0.6898767194236768
PGS001275,TTE other retinal disorders,South Asian,1.0456567282067122,0.07212253708393646,NA,NA,1,0.73994,0.7118316452128227,0.7662071148499504
PGS001276,TTE retinal disorders in diseases classified elsewhere,East Asian,1.2722051527704097,0.5043410310576802,NA,NA,1,0.78112,0.5704522930379027,0.9055706681301449
PGS001276,TTE retinal disorders in diseases classified elsewhere,European,0.7626707901865905,0.05372591564336808,1.4216583487754455,29.65961189892379,2,0.6819333101782951,0.6586688975594353,0.7043238682833207
PGS001276,TTE retinal disorders in diseases classified elsewhere,South Asian,1.0157298916821453,0.08364529440402148,NA,NA,1,0.73414,0.7009414768862536,0.7648893032907692
PGS001277,PE +/- DVT,East Asian,1.4390016266882,0.6029785432158193,NA,NA,1,0.8083,0.563938934632819,0.9321907959282093
PGS001277,PE +/- DVT,European,0.6326662983570462,0.03094033406758218,2.928561150489611,65.85353869654334,2,0.6530937911825556,0.6392298968550019,0.6667027040413337
PGS001277,PE +/- DVT,South Asian,0.8064382589947222,0.17090026427315555,NA,NA,1,0.69135,0.6157325117582676,0.7579370974388961
PGS001278,Blood clot in the leg (DVT) or lung,East Asian,0.6965841516072745,0.3453869695264625,NA,NA,1,0.66743,0.5049062653569263,0.7979519128661324
PGS001278,Blood clot in the leg (DVT) or lung,European,0.575011950705191,0.02408959796641586,2.0760365195940054,51.83129051142307,2,0.6399188504562784,0.6289689964649434,0.6507250032569762
PGS001278,Blood clot in the leg (DVT) or lung,South Asian,0.5547201200603683,0.10394727546102044,NA,NA,1,0.63523,0.5868560451105067,0.6810185902868924
PGS001279,Blood clot in the lung,East Asian,1.5545505418277403,3.3984291183596467,NA,NA,1,0.82557,0.006021551765189101,0.9997296361772066
PGS001279,Blood clot in the lung,European,0.5137641384611127,0.042062761581775084,0.06706126048039725,0,2,0.6256884610046745,0.6061890968989873,0.6447880835742743
PGS001279,Blood clot in the lung,South Asian,0.8979595057314204,0.19699933815805393,NA,NA,1,0.71053,0.6252379024096635,0.783143178056071
PGS001280,TTE PE,East Asian,1.4332680168407492,0.5967723365872306,NA,NA,1,0.80741,0.5655196287349348,0.9310506688709521
PGS001280,TTE PE,European,0.6491893450847055,0.030643941622231375,2.378644964671379,57.959257692828714,2,0.656827760196395,0.6431648642735566,0.6702357410968847
PGS001280,TTE PE,South Asian,0.7708743368539013,0.16274246308428122,NA,NA,1,0.68371,0.6110906691900014,0.7483533925628745
PGS001281,Migraine,East Asian,0.891938263003802,0.29966634854123086,NA,NA,1,0.70929,0.575564737515783,0.8144644550403177
PGS001281,Migraine,European,0.62398736209724,0.01985655104964044,0.011015317823189685,0,2,0.6511248677667921,0.6422328374076599,0.6599129239718146
PGS001281,Migraine,South Asian,0.9318970634672976,0.08640079247253472,NA,NA,1,0.71746,0.6819074377600771,0.7504928621270748
PGS001282,TTE migraine,East Asian,0.9067272973492069,0.24326677062970367,NA,NA,1,0.71233,0.6058556221324929,0.7995573622871416
PGS001282,TTE migraine,European,0.6013586138985175,0.017846847071507247,1.1956636813160424,16.36444130348422,2,0.6459670741287672,0.6379271815141865,0.6539252902954771
PGS001282,TTE migraine,South Asian,0.906629698389766,0.08023554812598872,NA,NA,1,0.7123099999999999,0.6790409791921428,0.7434334891114179
PGS001284,Hayfever allergic rhinitis or eczema,East Asian,0.41255349203870756,0.05877692991503651,NA,NA,1,0.6017,0.5737947483317527,0.6289596467968329
PGS001284,Hayfever allergic rhinitis or eczema,European,0.5597939299321065,0.009159042231746795,0.5433958457394321,0,2,0.6364048583035415,0.6322408579150064,0.6405485162571073
PGS001284,Hayfever allergic rhinitis or eczema,South Asian,0.4098420299959732,0.032662547345118205,NA,NA,1,0.60105,0.5856044082624321,0.6162971060415109
PGS001285,Hayfever rhinitis or eczema diagnosed by doctor,East Asian,0.406131819246935,0.05978928866487018,NA,NA,1,0.6001599999999999,0.5717377861944335,0.6279234905520015
PGS001285,Hayfever rhinitis or eczema diagnosed by doctor,European,0.5889121415625006,0.009348362775896266,0.5984138444860236,0,2,0.6431155015440054,0.6388991535817727,0.6473097951046404
PGS001285,Hayfever rhinitis or eczema diagnosed by doctor,South Asian,0.44731221804366483,0.032975885015498085,NA,NA,1,0.61,0.5945191988523854,0.6252623059846035
PGS001286,Doctor diagnosed hayfever or allergic rhinitis,East Asian,0.5827937738926477,0.15546159089213868,NA,NA,1,0.64171,0.5690776683679177,0.7083736795176864
PGS001286,Doctor diagnosed hayfever or allergic rhinitis,European,0.3570265899423566,0.018335220803931344,2.3071934655015625,56.65729749357584,2,0.5883204652466187,0.5795897626056761,0.5969959270937482
PGS001286,Doctor diagnosed hayfever or allergic rhinitis,South Asian,0.5249735017213863,0.10013641151551536,NA,NA,1,0.62831,0.5814445263302672,0.6728802061780303
PGS001287,Psoriatic arthropathy,East Asian,5.035645005087934,2.5237611030073626,NA,NA,1,0.9935399999999999,0.5222535993264364,0.9999537876269327
PGS001287,Psoriatic arthropathy,European,0.6634298850806488,0.07142375477724078,6.210989088708821,83.89950480161146,2,0.6600304431643631,0.6279516433660023,0.6907056715222847
PGS001287,Psoriatic arthropathy,South Asian,0.935896377444799,0.2738930361404888,NA,NA,1,0.7182699999999999,0.5984632423004873,0.8134714815582892
PGS001288,Inflammatory bowel disease,East Asian,2.135330611579045,1.2064119624349687,NA,NA,1,0.8942900000000001,0.4429404437864123,0.9890119495884674
PGS001288,Inflammatory bowel disease,European,0.4231639273621894,0.03547904703359477,4.1298915217513175,75.7862889440752,2,0.6042401014589296,0.5874963539171875,0.6207429499600495
PGS001288,Inflammatory bowel disease,South Asian,0.7052014951300719,0.10209414719412907,NA,NA,1,0.66934,0.6236563875212513,0.7120386704476314
PGS001289,Thyroid cancer,East Asian,1.602231234848161,0.9114247192188649,NA,NA,1,0.8323299999999999,0.4540893792510922,0.9673470993961572
PGS001289,Thyroid cancer,European,0.6828790529803439,0.08557805169760933,3.809121687386514,73.74722883463163,2,0.6643809689811959,0.6260120568318979,0.70069551487523
PGS001289,Thyroid cancer,South Asian,0.9037036071187382,0.3645136492427475,NA,NA,1,0.71171,0.5471734920071181,0.8345398838099629
PGS001290,Osteoarthritis,East Asian,1.0553973976915885,0.1664999828577596,NA,NA,1,0.74181,0.6745983982964636,0.799269883597662
PGS001290,Osteoarthritis,European,0.7559154778357361,0.013681263471549984,15.807315576124864,93.67381517004453,2,0.6804662836804358,0.6746077869309578,0.6862683553669192
PGS001290,Osteoarthritis,South Asian,0.9711065413398196,0.060373169761835245,NA,NA,1,0.72534,0.7011489648159284,0.7482758699199512
PGS001291,Prostate cancer,East Asian,3.4798854908339107,0.43613033794041434,NA,NA,1,0.97011,0.9324577194094981,0.9870637471165777
PGS001291,Prostate cancer,European,2.133779745580202,0.022516832166152665,19.408373339465438,94.84758468672602,2,0.894143298591631,0.8898928181452896,0.8982484585761775
PGS001291,Prostate cancer,South Asian,2.2264532767444107,0.12563017881639213,NA,NA,1,0.9025999999999998,0.878704412573408,0.9222048599157835
PGS001292,Prostate cancer (FH),East Asian,0.4934974695648375,0.13380389237466755,NA,NA,1,0.62093,0.5575542230014091,0.680430976220968
PGS001292,Prostate cancer (FH),European,0.32024482338759613,0.013077924470275958,7.0534300744415015,85.82250069191788,2,0.5793839163253913,0.5731248724723549,0.5856175411550265
PGS001292,Prostate cancer (FH),South Asian,0.4322046691500638,0.06307625795684273,NA,NA,1,0.6064,0.5765374464389283,0.6354880926065175
PGS001293,TTE other diseases of liver,East Asian,0.8427305996504054,0.18124376215416893,NA,NA,1,0.69904,0.6195156285813586,0.7681631712840207
PGS001293,TTE other diseases of liver,European,0.40408854703672886,0.029196136555313928,12.735786929001035,92.14810984531415,2,0.5996695799106888,0.5858569300519701,0.6133256039742034
PGS001293,TTE other diseases of liver,South Asian,0.42429271007721964,0.08078255842798672,NA,NA,1,0.60451,0.5661005520109188,0.6416715454187677
PGS001294,Incident T2D in prediabetics,Middle Eastern or North African,1.1691978901493258,0.09358587164696552,NA,NA,1,0.7630000000000001,0.7282515261939105,0.7945586478868014
PGS001294,Prediabetes,Middle Eastern or North African,0.6102595207541777,0.03470979985296527,NA,NA,1,0.648,0.6323306277190099,0.6633570990012467
PGS001294,TTE non-insulin-dependent diabetes mellitus,East Asian,1.1274067146172246,0.11257387966843832,NA,NA,1,0.75536,0.7123370927285348,0.7938108927950397
PGS001294,TTE non-insulin-dependent diabetes mellitus,European,0.9193779044131348,0.016903556108087785,5.392500736541434,81.45572807763091,2,0.7149153324819805,0.7081150648251461,0.7216194529173785
PGS001294,TTE non-insulin-dependent diabetes mellitus,South Asian,0.7864566559609918,0.033571258069814966,NA,NA,1,0.68707,0.6727516743671366,0.7010402431596092
PGS001295,Type 2 diabetes,East Asian,1.62213963293299,0.5225026728443444,NA,NA,1,0.83509,0.6452064779439078,0.9337791676590179
PGS001295,Type 2 diabetes,European,0.7768733637928298,0.04311277640300249,0.24073039078272057,0,2,0.6850058613595111,0.6664944536536075,0.7029477270461163
PGS001295,Type 2 diabetes,South Asian,0.6546608295035514,0.08986351766024349,NA,NA,1,0.65806,0.6174003023172903,0.6965226479020772
PGS001296,TTE insulin-dependent diabetes mellitus,East Asian,2.117995690873846,0.6427345907429477,NA,NA,1,0.8926399999999999,0.7022919501165616,0.9670020599443084
PGS001296,TTE insulin-dependent diabetes mellitus,European,0.7085172235142282,0.046548966146648135,3.4792712424617873,71.2583489382552,2,0.6700734376643277,0.6495999590469937,0.6899216851322247
PGS001296,TTE insulin-dependent diabetes mellitus,South Asian,0.739058766006795,0.09103868898007206,NA,NA,1,0.67679,0.6365966633054689,0.7145313375318882
PGS001297,Type 1 diabetes,European,1.2251582854115617,0.1500882479731083,0.3133683539169516,0,2,0.77297003768567,0.7172751426714196,0.8204399828578882
PGS001297,Type 1 diabetes,South Asian,1.4520257297601284,0.618367016945469,NA,NA,1,0.81031,0.5597201493423283,0.9348701749521059
PGS001298,TTE obesity,East Asian,0.6334882897832166,0.2719554154219557,NA,NA,1,0.65328,0.5250928207493676,0.7625155771521517
PGS001298,TTE obesity,European,0.38984025992183546,0.015928942222805203,0.10845766060788901,0,2,0.5962442445336272,0.5887062209380663,0.603737106762384
PGS001298,TTE obesity,South Asian,0.46479050508149117,0.050331033196982324,NA,NA,1,0.61415,0.5905263443493398,0.6372479608340689
PGS001299,Cervical cancer,East Asian,2.367433549758645,0.6881541816008949,NA,NA,1,0.91431,0.7347098163049786,0.9762518449515932
PGS001299,Cervical cancer,European,1.2069126711934177,0.030660005439328574,0.05413587491646748,0,2,0.7697522259789494,0.7589294258405138,0.7802298420373529
PGS001299,Cervical cancer,South Asian,1.6541414949468844,0.25335347528425567,NA,NA,1,0.83945,0.7608906512807149,0.895735507260245
PGS001300,Diagnosed with coeliac disease or gluten sensitivity,European,0.7204344707855833,0.046256175266162165,0.010230345286165435,0,2,0.6727026833210434,0.6524378453694669,0.692343128400412
PGS001300,Diagnosed with coeliac disease or gluten sensitivity,South Asian,1.3130914049745388,0.29248692334918835,NA,NA,1,0.78803,0.676955845580977,0.8683406029231938
PGS001301,Malabsorption/coeliac disease,European,1.575314123032907,0.06227517478838934,0.8610218198683777,0,2,0.8285398594383997,0.8104988425133596,0.845191383016922
PGS001301,Malabsorption/coeliac disease,South Asian,1.496086058725823,0.3070259371275565,NA,NA,1,0.8169899999999999,0.7097798795263048,0.8906947058270605
PGS001302,Cataract,East Asian,1.4848896651295957,0.10857144191050892,NA,NA,1,0.81531,0.7811002497882388,0.8452327543853119
PGS001302,Cataract,European,1.0656053032707398,0.014969618417044785,17.752366232920913,94.36694811903132,2,0.7437602680376958,0.7381286638986283,0.7493118950371933
PGS001302,Cataract,South Asian,1.4944148972205513,0.04310870110905475,NA,NA,1,0.8167400000000001,0.8037536159382948,0.8290498016588027
PGS001303,TTE other cataract,East Asian,1.489278801785283,0.1236541060950525,NA,NA,1,0.81597,0.7767656802118874,0.8496221826086763
PGS001303,TTE other cataract,European,1.0004129294326831,0.016274073918167813,15.583878725878805,93.5831122816723,2,0.7311397577375327,0.724823555365303,0.7373635144959062
PGS001303,TTE other cataract,South Asian,1.3751441680467875,0.04426002840280261,NA,NA,1,0.7982100000000001,0.7838753197735873,0.811822159306612
PGS001304,Malignant melanoma,East Asian,2.670940892557517,0.527880414628027,NA,NA,1,0.9352899999999998,0.8370302049616505,0.9760041632441441
PGS001304,Malignant melanoma,European,0.46196305966807916,0.03282994611883116,4.176769362154797,76.05805077338292,2,0.6134797650157227,0.5981148317776451,0.6286220102111761
PGS001304,Malignant melanoma,South Asian,1.500305258484265,3.4106511095660785,NA,NA,1,0.81762,0.005571128616071298,0.9997213238347313
PGS001305,TTE vitamin b12 deficiency anaemia,European,0.6033431822387987,0.04846498336148096,0.06221705991290969,0,2,0.6464208006481311,0.6244200219868122,0.6678184170066033
PGS001305,TTE vitamin b12 deficiency anaemia,South Asian,0.9637400489347998,0.10387281526282557,NA,NA,1,0.72387,0.6813861542915758,0.762662200447155
PGS001306,Ulcerative colitis,East Asian,2.135330611579045,1.0078450422112892,NA,NA,1,0.8942900000000001,0.539903539509309,0.9838683179020838
PGS001306,Ulcerative colitis,European,0.5216935875368082,0.03896587754907633,4.936038263554815,79.74083776085187,2,0.6275436983692094,0.609526058875033,0.6452138749279653
PGS001306,Ulcerative colitis,South Asian,0.7318905336591978,0.11665737644439553,NA,NA,1,0.67522,0.6232209280185931,0.7232297072213709
PGS001307,TTE ulcerative colitis,East Asian,2.1516193276190685,1.0530029962056093,NA,NA,1,0.89582,0.5219193058685652,0.9854499685153745
PGS001307,TTE ulcerative colitis,European,0.59186980766234,0.03689194815259796,0.697588874390376,0,2,0.6437940512970137,0.6270452455115747,0.6601982986026436
PGS001307,TTE ulcerative colitis,South Asian,0.6636507439895316,0.1135315366476335,NA,NA,1,0.66008,0.6085279997804324,0.7080996914095689
PGS001308,Sjogren's syndrome/sicca syndrome,East Asian,1.1430544596948489,0.7984244542544369,NA,NA,1,0.7582399999999999,0.3960723592716626,0.9374950890151255
PGS001308,Sjogren's syndrome/sicca syndrome,European,1.069621226135376,0.08124872846509128,1.3289415012757095,24.752143037142275,2,0.7445248768386595,0.71307663099686,0.7736205149181127
PGS001308,Sjogren's syndrome/sicca syndrome,South Asian,1.395067446590972,0.1865202492972108,NA,NA,1,0.8014,0.7368165749798672,0.8532906907883617
PGS001309,TTE other rheumatoid arthritis,East Asian,0.7231941386443114,0.26066289085590144,NA,NA,1,0.67331,0.5528752803190629,0.7745342127111184
PGS001309,TTE other rheumatoid arthritis,European,0.7100619625599927,0.028962297638835323,2.083685520438735,52.00811301940406,2,0.6704148511250051,0.6577527921932638,0.6828343416225753
PGS001309,TTE other rheumatoid arthritis,South Asian,0.8587049007725761,0.0861313977552706,NA,NA,1,0.7023900000000001,0.6659418692153252,0.7364352873635462
PGS001310,Rheumatoid arthritis,East Asian,0.6684678484858023,0.2709283302704844,NA,NA,1,0.66116,0.5343080848093285,0.7684335779538788
PGS001310,Rheumatoid arthritis,European,0.7111806415750778,0.029257229789744574,2.4184022821183513,58.65038635656307,2,0.6706619859342962,0.6578744811724778,0.68320169458162
PGS001310,Rheumatoid arthritis,South Asian,0.8665148803717189,0.08592708650660244,NA,NA,1,0.70402,0.6677658930611277,0.737870943203295
PGS001311,TTE seropositive rheumatoid arthritis,European,1.0612204489245718,0.10079881277937962,0.3509966048813965,0,2,0.7429237055887878,0.7034236757648362,0.7788170746625758
PGS001311,TTE seropositive rheumatoid arthritis,South Asian,1.2007040140056002,0.3298282178292285,NA,NA,1,0.76865000000000006,0.6351189066486527,0.8637941708462678
PGS001312,Psoriasis,East Asian,2.0772271992606277,0.5428744042543375,NA,NA,1,0.88867,0.7336446310676178,0.958562997818664
PGS001312,Psoriasis,European,0.8187412469569163,0.032835367833153835,0.7105901354045661,0,2,0.6939690764652134,0.6801331834227478,0.7074639087521086
PGS001312,Psoriasis,South Asian,0.7763827934406303,0.12121719034935476,NA,NA,1,0.6848999999999998,0.6315325482795988,0.7337960699002098
PGS001313,TTE psoriasis,East Asian,0.9596913300407878,0.28348750500096426,NA,NA,1,0.72306,0.5996617232944377,0.8198493029242839
PGS001313,TTE psoriasis,European,0.7198885198700811,0.024732793371797904,0.6824333375311906,0,2,0.6725824679107631,0.6618193122922793,0.6831670599264592
PGS001313,TTE psoriasis,South Asian,0.5501914166660783,0.08825674998004228,NA,NA,1,0.6341800000000001,0.5931995754363194,0.6733057124503528
PGS001314,TTE acute myocardial infarction,East Asian,1.1408191272103634,0.2686585970267898,NA,NA,1,0.75783,0.6489092813662521,0.841227527074531
PGS001314,TTE acute myocardial infarction,European,1.180018666725596,0.022093540865510852,2.9365670256849974,65.94663117669738,2,0.7649511600741048,0.7570760586955055,0.7726476324917709
PGS001314,TTE acute myocardial infarction,South Asian,1.2158930779766886,0.05698246207325226,NA,NA,1,0.77134,0.7510476250419861,0.790439841931881
PGS001315,Heart attack (MI),East Asian,1.2504052268509818,0.2519007602485509,NA,NA,1,0.7773700000000001,0.6806324350427176,0.8512109835907591
PGS001315,Heart attack (MI),European,1.1716378313852398,0.021087469857614345,5.682718654634089,82.40278886260664,2,0.7634409338456273,0.7558954379373327,0.7708239058582482
PGS001315,Heart attack (MI),South Asian,1.2040248050539581,0.05379889165894812,NA,NA,1,0.76924,0.7499937540856688,0.7874245600916152
PGS001316,AD myocardial infarction,East Asian,1.2403791274805902,0.25546003489486896,NA,NA,1,0.77563,0.676925321395222,0.8508242946025926
PGS001316,AD myocardial infarction,European,1.1775238280257634,0.02117704180211136,5.277932861980034,81.05318831916996,2,0.7645022893981266,0.7569475730681733,0.7718929485316559
PGS001316,AD myocardial infarction,South Asian,1.2016602440197464,0.054105245471663954,NA,NA,1,0.7688199999999998,0.7494373926190274,0.7871291214786893
PGS001317,Vascular/heart problems diagnosed by doctor Heart attack,East Asian,1.3181875258290052,0.43818955651391006,NA,NA,1,0.78888,0.6128566438955629,0.8981685780357727
PGS001317,Vascular/heart problems diagnosed by doctor Heart attack,European,1.5336534009596785,0.029650406097851287,0.0759673506001455,0,2,0.822540221680102,0.8138977674181246,0.8308647305695789
PGS001317,Vascular/heart problems diagnosed by doctor Heart attack,South Asian,1.564233544615426,0.08271810087836155,NA,NA,1,0.82696,0.8025178768876184,0.848946363046483
PGS001318,TTE disorders of lipoprotein metabolism and other lipidaemias,East Asian,0.9498250857810272,0.08695185148113373,NA,NA,1,0.72108,0.6855506687154503,0.754035218487047
PGS001318,TTE disorders of lipoprotein metabolism and other lipidaemias,European,1.0299107960411256,0.010031371172610045,4.359023173819655,77.05908043788315,2,0.7368986014198635,0.7330689364875894,0.7406927574238136
PGS001318,TTE disorders of lipoprotein metabolism and other lipidaemias,South Asian,0.9320943970472806,0.029450826380850257,NA,NA,1,0.7174999999999999,0.7056543512484369,0.7290519757522272
PGS001319,TTE other metabolic disorders,European,0.5426936315988666,0.10783451351917435,3.904249237133577,74.38688108103005,2,0.6324388023181765,0.5820848935699434,0.680060375700797
PGS001319,TTE other metabolic disorders,South Asian,0.6051777566763612,0.2242859339756242,NA,NA,1,0.64684,0.5413000183450591,0.7397709077914146
PGS001320,Hypertension,East Asian,1.1502139849299997,0.07273089001241449,NA,NA,1,0.75955,0.7325622400601812,0.7846150848611787
PGS001320,Hypertension,European,0.9545358720445233,0.008734310377541946,9.190991678675102,89.11978124928352,2,0.7220264629961958,0.7185775322016307,0.7254492754400038
PGS001320,Hypertension,South Asian,1.0172675002030276,0.029311711976911986,NA,NA,1,0.73444,0.7230850728191566,0.745493199544683
PGS001321,Eye problems/disorders Glaucoma,East Asian,0.9349576407064076,0.26072794882622524,NA,NA,1,0.71808,0.6044234867003402,0.8093796629571278
PGS001321,Eye problems/disorders Glaucoma,European,1.0030170470655735,0.0336232025872272,3.7823281662692496,73.56125761593121,2,0.7316513524053434,0.7185166479516716,0.7443911946238995
PGS001321,Eye problems/disorders Glaucoma,South Asian,1.1620223932740463,0.0954138964115923,NA,NA,1,0.7617000000000002,0.7261171999325028,0.7939715936629111
PGS001322,Glaucoma,East Asian,0.8799410256005121,0.23881315704254125,NA,NA,1,0.70681,0.6015355228189929,0.7938048849740371
PGS001322,Glaucoma,European,0.9055820527970974,0.027043569233929816,5.0798943067455244,80.31455105921962,2,0.7120952640454244,0.7011073756157591,0.7228388996634221
PGS001322,Glaucoma,South Asian,1.0942437246762238,0.08402413857532418,NA,NA,1,0.7491800000000001,0.7169852826563081,0.7788420367438317
PGS001323,TTE glaucoma,East Asian,0.8869482632610363,0.22814541923461193,NA,NA,1,0.70826,0.608207380337732,0.7915202064116225
PGS001323,TTE glaucoma,European,0.8931232392497314,0.023374505764830366,4.003035839425881,75.01895960683129,2,0.7095342787609915,0.7000023829829184,0.7188849410442955
PGS001323,TTE glaucoma,South Asian,1.0149615024834815,0.07555172361937178,NA,NA,1,0.73399,0.704096102315426,0.7618851823892869
PGS001324,High BP (FH),East Asian,0.34761869583314,0.05848323033700949,NA,NA,1,0.58604,0.5579858144535211,0.6135468133856882
PGS001324,High BP (FH),European,0.34479176754785806,0.007792651053854543,0.993675971611676,0,2,0.5853540289529067,0.58164213592493,0.5890562566541974
PGS001324,High BP (FH),South Asian,0.3840104110018866,0.028068550468221726,NA,NA,1,0.59484,0.5815150808169767,0.6080266284222272
PGS001326,Emphysema,East Asian,4.457366395856918,0.28007889709307027,NA,NA,1,0.9885400000000001,0.9803226159232946,0.9933490409019728
PGS001326,Emphysema,European,1.0677732296413605,0.05239202845312776,7.214447017769326,86.13892377978549,2,0.7441732150799426,0.7241387216584901,0.7632284429391736
PGS001326,Emphysema,South Asian,1.2817645960610133,0.34960645028001464,NA,NA,1,0.78275,0.644863387698924,0.8772877905428789
PGS001327,Diabetes,East Asian,0.8268572401445965,0.11177337283309365,NA,NA,1,0.69569,0.6474345501789828,0.739993168917315
PGS001327,Diabetes,European,0.8473127299504256,0.016159864640583232,0.8589527043358456,0,2,0.7000031225989902,0.6933099215554631,0.7066120647242718
PGS001327,Diabetes,South Asian,0.7882711850447616,0.032095920143458745,NA,NA,1,0.68746,0.6737869311108812,0.7008144456605143
PGS001328,Diabetes (FH),East Asian,0.26005576489505455,0.058399401283593846,NA,NA,1,0.56465,0.5363340752225195,0.5925503765273464
PGS001328,Diabetes (FH),European,0.31514334811653993,0.00912767356715213,6.735388095531668,85.15304558822065,2,0.5781401950371613,0.5737708792947306,0.5824973120157497
PGS001328,Diabetes (FH),South Asian,0.3365819519101485,0.02647689080758581,NA,NA,1,0.58336,0.5706949881475701,0.5959159319736262
PGS001329,TTE unspecified diabetes mellitus,East Asian,0.8900960814181297,0.13942305036670882,NA,NA,1,0.70891,0.6494965335837922,0.761943662274164
PGS001329,TTE unspecified diabetes mellitus,European,0.8937529883963172,0.019908918473855602,4.472148081467742,77.63938085717851,2,0.7096640500263248,0.7015587414332263,0.7176378258624153
PGS001329,TTE unspecified diabetes mellitus,South Asian,0.8644521690971511,0.03685523249770916,NA,NA,1,0.7035899999999999,0.6883069320110382,0.7184302495689006
PGS001330,TTE crohn's disease [regional enteritis],East Asian,1.8462822045422156,0.4105781074429611,NA,NA,1,0.86369,0.7391487980521614,0.9340735401081978
PGS001330,TTE crohn's disease [regional enteritis],European,0.28038726206778725,0.05403771231487118,2.1111575879824005,52.63262175725669,2,0.5696411638363711,0.5435080236455736,0.5953919670477056
PGS001330,TTE crohn's disease [regional enteritis],South Asian,0.8441094160249802,0.15673325413603736,NA,NA,1,0.69933,0.6310938336829184,0.7597494907748941
PGS001331,Crohns disease,European,0.30149724511194875,0.05604716093121583,2.2825694341598552,56.18972264175307,2,0.5748084899646552,0.5477650998453748,0.6014114627244577
PGS001331,Crohns disease,South Asian,0.8953840470548413,0.15932009397487298,NA,NA,1,0.7100000000000001,0.6417842346782501,0.7698831330900252
PGS001332,Chronic obstructive airways disease/copd,East Asian,2.650470766172876,3.072624099942022,NA,NA,1,0.9340400000000001,0.03318617837630993,0.9998288525622943
PGS001332,Chronic obstructive airways disease/copd,European,1.0348558567691069,0.024430633418473596,6.6595180484335845,84.98389834328604,2,0.7378562213270138,0.7284893844049936,0.747012133382069
PGS001332,Chronic obstructive airways disease/copd,South Asian,1.0598401679212481,0.11227859675401305,NA,NA,1,0.74266,0.6984176405696816,0.7824338121539867
PGS001333,AD chronic obstructive pulmonary disease,East Asian,1.2186165710486272,0.27899401264646595,NA,NA,1,0.77182,0.6619034751677187,0.8538902768024375
PGS001333,AD chronic obstructive pulmonary disease,European,0.8708296601959225,0.021012984670392428,2.5790701552074626,61.22633585670882,2,0.7049183036969064,0.6962796946951904,0.713412339564143
PGS001333,AD chronic obstructive pulmonary disease,South Asian,0.901267964462856,0.0909493317679304,NA,NA,1,0.71121,0.6732688952843345,0.7464047752579418
PGS001334,TTE other chronic obstructive pulmonary disease,East Asian,2.5529283851772537,0.7993674141495006,NA,NA,1,0.9277699999999999,0.7283304166426792,0.984010251497845
PGS001334,TTE other chronic obstructive pulmonary disease,European,1.0126453112843503,0.023165390300676884,9.071373289032605,88.97631077304456,2,0.733537521700596,0.7245692583372195,0.7423176212702418
PGS001334,TTE other chronic obstructive pulmonary disease,South Asian,1.0906813365060029,0.10539236362971516,NA,NA,1,0.74851,0.7076736661065032,0.7853718609902615
PGS001335,Vascular/heart problems diagnosed by doctor High BP,East Asian,1.154489572402521,0.07627166015641546,NA,NA,1,0.76033,0.7320399366134711,0.7865043887459573
PGS001335,Vascular/heart problems diagnosed by doctor High BP,European,0.9268927131764921,0.009236616207866285,7.114119050677786,85.94344580296661,2,0.7164444593669006,0.7127522796118958,0.720107817526317
PGS001335,Vascular/heart problems diagnosed by doctor High BP,South Asian,0.9730650221674697,0.03186539723490149,NA,NA,1,0.72573,0.7131247348233076,0.7379848947307498
PGS001336,Breast cancer,East Asian,1.1537763139617345,0.12842395542375246,NA,NA,1,0.7602,0.7113737500234711,0.8030531912680069
PGS001336,Breast cancer,European,1.4404599003614549,0.017295349663855923,0.4393623062734579,0,2,0.8085258595410928,0.8032229587323013,0.8137189961356351
PGS001336,Breast cancer,South Asian,1.62613875431564,0.08494907087387726,NA,NA,1,0.83564,0.8114773896121811,0.8572505127913291
PGS001337,Breast cancer (FH),East Asian,0.4416410896047583,0.0845276534858433,NA,NA,1,0.60865,0.568557176914903,0.6473281405667906
PGS001337,Breast cancer (FH),European,0.3034091721503471,0.009893352276795128,0.9242570973155093,0,2,0.57527570502019,0.5705310630773034,0.5800065163712692
PGS001337,Breast cancer (FH),South Asian,0.4248364973608787,0.04128137617021445,NA,NA,1,0.60464,0.5851436362006501,0.6238091774160794
PGS001338,TTE hyperplasia of prostate,East Asian,2.85370726586217,0.19062207719850693,NA,NA,1,0.94551,0.9227340717479753,0.9618497718159316
PGS001338,TTE hyperplasia of prostate,European,2.040667442043555,0.01521414411324896,24.920061395491224,95.98716879493351,2,0.8850012137018981,0.8819313225131784,0.8880014214976739
PGS001338,TTE hyperplasia of prostate,South Asian,1.9551765892045978,0.05623890259185546,NA,NA,1,0.87601,0.8635328885035718,0.8874949616440327
PGS001339,TTE atrial fibrillation and flutter,East Asian,1.548520891912121,0.27271703226578803,NA,NA,1,0.8247000000000001,0.7338013483565492,0.8892444131745495
PGS001339,TTE atrial fibrillation and flutter,European,1.1900065579801438,0.018711225268632444,2.765762208936767,63.843601710631994,2,0.7667422371160239,0.7601190954586797,0.7732370665341154
PGS001339,TTE atrial fibrillation and flutter,South Asian,1.0459165807790305,0.09531923840262599,NA,NA,1,0.73999,0.7024706767769516,0.7742981783853674
PGS001340,Atrial fibrillation,East Asian,1.5387985371699113,0.2646853847287541,NA,NA,1,0.82329,0.7349755569400931,0.8867114877385887
PGS001340,Atrial fibrillation,European,1.1798965467025038,0.019379654276314884,2.990955976633823,66.56587366005127,2,0.7649292020757061,0.7580305893581294,0.7716903715200241
PGS001340,Atrial fibrillation,South Asian,1.020448743278019,0.09673275872411999,NA,NA,1,0.73506,0.6965351639337478,0.7703069024013174
PGS001341,Asthma,East Asian,0.3143635693105472,0.08887396126443255,NA,NA,1,0.57795,0.534985387902561,0.6197663295929859
PGS001341,Asthma,European,0.5261473887019921,0.011631407942425549,3.111743481670126,67.86367494973324,2,0.6285841041909358,0.623246229948043,0.6338907763217834
PGS001341,Asthma,South Asian,0.4416410896047583,0.03748208306090759,NA,NA,1,0.60865,0.5910182123000348,0.6260026687097537
PGS001343,AD asthma,East Asian,0.2877695729987153,0.08917887282584983,NA,NA,1,0.57145,0.5282147402801114,0.6136213421342468
PGS001343,AD asthma,European,0.5257736894008352,0.011724693014311303,3.221336749219655,68.95698656024575,2,0.6284968538704838,0.6231155400854451,0.6338464815575604
PGS001343,AD asthma,South Asian,0.4505920924129931,0.037695488771591304,NA,NA,1,0.6107800000000001,0.5930790933473017,0.6281936326726216
PGS001344,Asthma diagnosed by doctor,East Asian,0.45143346923308286,0.09899010103105021,NA,NA,1,0.61098,0.5640002122306813,0.6559853171769991
PGS001344,Asthma diagnosed by doctor,European,0.6498416827351117,0.01260085931137348,3.8355677683063343,73.92824060460889,2,0.6569747853528994,0.6513875648147289,0.6625188530409195
PGS001344,Asthma diagnosed by doctor,South Asian,0.44798481932073253,0.04272367861708235,NA,NA,1,0.6101599999999999,0.5900679799281624,0.6298849381103022
PGS001345,Doctor diagnosed asthma,East Asian,0.711171650354409,0.24268024136088995,NA,NA,1,0.67066,0.5586089300109176,0.7661727234442102
PGS001345,Doctor diagnosed asthma,European,0.4079824925884334,0.02296833678007203,0.3545236533867015,0,2,0.6006040199012479,0.5897578787159292,0.6113523764281152
PGS001345,Doctor diagnosed asthma,South Asian,0.5429999233550593,0.12610658580156792,NA,NA,1,0.63251,0.5734230589101467,0.687867580835707
PGS001346,TTE asthma,East Asian,0.33855717098779625,0.08748082970109344,NA,NA,1,0.58384,0.5416767610867157,0.6248110684988032
PGS001346,TTE asthma,European,0.5191344366660412,0.011627144393855355,4.151703725293706,75.91350283721759,2,0.6269453463919247,0.6216000639259233,0.6322597917781688
PGS001346,TTE asthma,South Asian,0.44521097964158574,0.03703903382659806,NA,NA,1,0.6095,0.5920905759805017,0.6266349404398843
PGS001347,Alzheimer's/dementia (FH),East Asian,0.632958543725149,0.1114960962422439,NA,NA,1,0.65316,0.6021487210094393,0.7008797976213506
PGS001347,Alzheimer's/dementia (FH),European,0.4439121385369138,0.010451857091876486,0.010455129323293373,0,2,0.609190819224204,0.6043028894595517,0.6140569314833928
PGS001347,Alzheimer's/dementia (FH),South Asian,0.35244351806032354,0.04933752544876101,NA,NA,1,0.5872100000000001,0.5635892866890104,0.6104359469754815
PGS001348,AD alzheimer's disease,European,1.8771761829616438,0.104433352614623,0.04215988741423114,0,2,0.8672864401864716,0.8419070961593371,0.8891280719334725
PGS001348,AD alzheimer's disease,South Asian,2.3791048076091195,3.126820133325551,NA,NA,1,0.91522,0.02298943611002499,0.9997981274826105
PGS001349,TTE alzheimer's disease,European,1.8742348030710196,0.09677078361015896,0.004093556054608043,0,2,0.8669475194863308,0.84350794342715,0.8873451731267527
PGS001349,TTE alzheimer's disease,South Asian,2.3584051630917355,0.7774557832077498,NA,NA,1,0.9136,0.6973249713882902,0.9798109347981053
PGS001354,Subsequent thyroid cancer in childhood cancer survivors aged 40,European,1.150400954735873,0.1147062013408495,5.152862178389855,80.59330978822189,2,0.759584145348559,0.7161770531389912,0.7982230369676876
PGS001354,Subsequent thyroid cancer in childhood cancer survivors aged 50,European,1.097538589453789,0.11267231169913604,5.050000019171982,80.19801987715707,2,0.7497986273632501,0.7061380917380768,0.788911441705917
PGS001355,Coronary heart disease,European,0.5862314546353123,0.022312460019777526,NA,NA,1,0.6424999999999998,0.6323935647684193,0.6524812712024467
PGS001356,Atrial fibrillation,European,0.5412364473675243,0.020503504001647847,NA,NA,1,0.6321,0.6227059545649745,0.6413948453465323
PGS001357,Incident T2D in prediabetics,Middle Eastern or North African,1.1472048439049751,0.09816754229310934,NA,NA,1,0.759,0.7220787612829443,0.7924263295335873
PGS001357,Incident type 2 diabetes,East Asian,0.3763812135551304,0.09116683679623215,NA,NA,1,0.593,0.5492632115902485,0.635310653965262
PGS001357,Incident type 2 diabetes,South Asian,0.6410908186038923,0.0939749275565735,NA,NA,1,0.655,0.6122785034707519,0.6953563418499037
PGS001357,Prediabetes,Middle Eastern or North African,0.6058782375676038,0.03576092891143237,NA,NA,1,0.6469999999999999,0.6308317808219358,0.6628385740871076
PGS001357,Type 2 diabetes,East Asian,0.9051174312760297,0.14326082662754036,NA,NA,1,0.712,0.651201837192674,0.7660085313835506
PGS001357,Type 2 diabetes,European,0.8973785705836851,0.007803740668959026,395.824195390602,99.49472517766975,3,0.7104105003204688,0.7072537332933182,0.7135470140869715
PGS001357,Type 2 diabetes,Hispanic or Latin American,1.1581698059301753,0.019640696276981954,NA,NA,1,0.761,0.753928249438063,0.767931076010015
PGS001357,Type 2 diabetes,South Asian,0.9593917159714261,0.03824209934029023,NA,NA,1,0.723,0.7077408736469808,0.7377576352487849
PGS001369,TTE acute appendicitis,East Asian,1.7291213751535144,0.306232876126817,NA,NA,1,0.8493,0.7556367526585276,0.911277813082362
PGS001369,TTE acute appendicitis,European,0.2931074248053216,0.041313499512501725,0.057282131758905536,0,2,0.5727567112024632,0.5528352559333072,0.5924449360272603
PGS001369,TTE acute appendicitis,South Asian,0.9934559677744251,0.1861087573040302,NA,NA,1,0.72977,0.6521907319167279,0.7954717345358565
PGS001390,TTE duodenal ulcer,East Asian,0.6885756583779384,0.2654407737994523,NA,NA,1,0.66565,0.5419788810992875,0.7700935608181377
PGS001390,TTE duodenal ulcer,European,0.8201020859622608,0.0297041441549152,2.794730583836988,64.21837561790792,2,0.6942580096946382,0.6817621888894255,0.7064744208678837
PGS001390,TTE duodenal ulcer,South Asian,0.876951023179254,0.10321675982498706,NA,NA,1,0.7061900000000001,0.6625427333354518,0.7463531382768462
PGS001392,Lung cancer (FH),East Asian,0.34333332700115804,0.06283851704108799,NA,NA,1,0.585,0.5548211834863532,0.6145542663223527
PGS001392,Lung cancer (FH),European,0.3326239032371008,0.007925445747278879,1.900175850668699,47.37329181148757,2,0.5823976756191916,0.5786149068178903,0.5861707734450621
PGS001392,Lung cancer (FH),South Asian,0.2355632742453243,0.03111099264827895,NA,NA,1,0.55862,0.5435359064555579,0.5735966744994425
PGS001516,TTE other diseases of intestine,East Asian,0.8964527668012808,0.174198641577486,NA,NA,1,0.71022,0.6353002777665593,0.7751951487288951
PGS001516,TTE other diseases of intestine,European,0.5378374277837435,0.017386418237611858,13.027559675034428,92.32396530935594,2,0.6313092050755353,0.6233425487281409,0.6392048894927402
PGS001516,TTE other diseases of intestine,South Asian,0.8946070975524355,0.06418735475059949,NA,NA,1,0.70984,0.6832612270052906,0.7350532947328288
PGS001522,TTE psoriatic and enteropathic arthropathies,East Asian,2.6146736345332795,0.8263402559646696,NA,NA,1,0.9318,0.7300835933260611,0.9857170177388918
PGS001522,TTE psoriatic and enteropathic arthropathies,European,0.4748640517010802,0.08067468226576957,6.182952746212869,83.82649777466742,2,0.6165343641688056,0.5785299686549206,0.6531663171462144
PGS001522,TTE psoriatic and enteropathic arthropathies,South Asian,1.300148652786011,0.3338811629868515,NA,NA,1,0.78586,0.6560501953555432,0.875942548957837
PGS001535,Use of sun/uv protection (Sometimes),East Asian,0.21207125312741446,0.05737548604462187,NA,NA,1,0.55282,0.5248832517152574,0.5804271689280162
PGS001535,Use of sun/uv protection (Sometimes),European,0.37913387099336965,0.008076596370670087,0.20354087539125237,0,2,0.5936641861762288,0.5898399409454042,0.5974771078928277
PGS001535,Use of sun/uv protection (Sometimes),South Asian,0.22065089525625362,0.028432445470501454,NA,NA,1,0.55494,0.5411376235399548,0.568658139412236
PGS001536,TTE vitiligo,East Asian,1.5696941320510396,0.28332482422293037,NA,NA,1,0.82774,0.7338759541303289,0.8933104341845872
PGS001536,TTE vitiligo,European,0.6145766710159489,0.09182226981798881,1.7082489960771943,41.46052464855007,2,0.6489840944021202,0.6069727673966961,0.688807107749058
PGS001536,TTE vitiligo,South Asian,0.6000161452680647,0.13068167587793997,NA,NA,1,0.64566,0.5851327270652201,0.7018561185378256
PGS001774,Parkinson's disease,European,0.6436892280868267,0.052159217335966,116.45551738027524,97.42390908779035,4,0.6555869388610054,0.6321513256258023,0.6782893208311501
PGS001776,10-year risk of colorectal cancer,European,0.7263327295455997,0.02090218797518411,NA,NA,1,0.674,0.66493493147918,0.6829367607470355
PGS001776,Full lifetime risk of colorectal cancer,European,0.7217851587474746,0.02086920549746321,NA,NA,1,0.673,0.6639354142294852,0.6819372168291274
PGS001777,Cirrhosis,European,0.5299217653438371,0.02878772010118999,9.507522539501927,68.44603851807264,4,0.6294648647910847,0.6162113119362385,0.6425262402707249
PGS001777,Cirrhosis (females),European,0.4296810040532266,0.03312730371359737,30.16500190811228,93.3697998558318,3,0.6057974925731116,0.5901901469268533,0.6211919498439469
PGS001777,Cirrhosis (males),European,0.5325535765417166,0.03401817269628231,15.3538211725436,86.97392670186565,3,0.6300784959701468,0.6144076614800273,0.6454799384028342
PGS001778,Breast cancer,European,0.35102910386784536,0.024650073942045755,85.76560299800863,95.33612560259984,5,0.586867111659497,0.5751060765722144,0.5985298583560219
PGS001780,Coronary heart disease,Hispanic or Latin American,1.0585613706549346,0.012444770621201475,15.916958492676036,87.43478535223754,3,0.7424155253922496,0.7377234647612065,0.7470524271724271
PGS001780,Coronary heart disease (incident and prevalent),European,1.6299569955061757,0.006494971465413637,1943.4580215539659,99.94854532545034,2,0.8361637475069836,0.8344123235653109,0.8379002453924357
PGS001780,Incident coronary heart disease,European,1.6471850150100105,0.010503984997858498,3292.730105076872,99.9696300647764,2,0.8385102341255014,0.8357029565026632,0.841278655048451
PGS001780,Prevalent coronary heart disease,European,1.7305769799479656,0.007110098366323684,875.8819198185568,99.88582935925801,2,0.84948620743569625,0.8476956939770558,0.8512593647891745
PGS001781,Incident T2D in prediabetics,Middle Eastern or North African,1.18586105438289,0.09442831485224419,NA,NA,1,0.7660000000000001,0.7312122143640801,0.7975320713097186
PGS001781,Incident type 2 diabetes,East Asian,0.3763812135551304,0.09013591180936764,NA,NA,1,0.593,0.5497634111199027,0.6348423681953423
PGS001781,Incident type 2 diabetes,European,1.249901443164963,0.008769846673747668,3554.4844105949473,99.97186652452268,2,0.7772828000484922,0.7742929802027962,0.7802442557055131
PGS001781,Incident type 2 diabetes,South Asian,0.5971325273203568,0.09498103613719727,NA,NA,1,0.645,0.6013203710680748,0.6863899041170974
PGS001781,Prediabetes,Middle Eastern or North African,0.5971325273203568,0.03566952509648743,NA,NA,1,0.645,0.6288345482888161,0.6608411242114037
PGS001781,Prevalent type 2 diabetes,European,1.2592350981148648,0.006449428450216694,1329.3193342411603,99.92477353076559,2,0.7788944060775327,0.7767097473214941,0.7810637152518006
PGS001781,Type 2 diabetes,East Asian,0.8664189018339818,0.14089070621494168,NA,NA,1,0.7040000000000001,0.6434278091121381,0.7581502072019736
PGS001781,Type 2 diabetes,European,0.9348299266803533,0.008050651912122848,108.84053607297447,99.08122466492675,2,0.7180541447102601,0.714848629393597,0.7212376774495457
PGS001781,Type 2 diabetes,Hispanic or Latin American,1.1526795099383855,0.019584555262663044,NA,NA,1,0.7599999999999999,0.7529287381656887,0.7669315271062328
PGS001781,Type 2 diabetes,South Asian,0.9247059287994395,0.03766269553674386,NA,NA,1,0.716,0.7007531874092691,0.7307684402330893
PGS001781,Type 2 diabetes (incident and prevalent),European,1.0215606729646158,0.005072462200801102,634.6545167338807,99.84243395837686,2,0.7352764881384353,0.7333368015696159,0.7372071216196624
PGS001782,Asthma,European,0.6588410572189906,0.043044393643567505,NA,NA,1,0.6589999999999999,0.6397948955930213,0.6776969738419449
PGS001783,Chronic obstructive pulmonary disease,European,1.0459685551826876,0.13000424563996785,NA,NA,1,0.74,0.6880804009552918,0.785965701074783
PGS001784,Abdominal aortic aneurysm,European,1.8833897920739793,0.06077115831238208,NA,NA,1,0.8679999999999999,0.8537446804703943,0.8810594444478788
PGS001785,Acute appendicitis,European,0.3392157225669637,0.02262298828459072,NA,NA,1,0.584,0.573189110715815,0.5947306676934327
PGS001786,Appendectomy,European,0.2981900500501958,0.026263333885297467,NA,NA,1,0.574,0.5613675189638526,0.5865366271798558
PGS001787,Asthma,East Asian,0.7491800044286804,0.11627001680502172,NA,NA,1,0.679,0.6274495422892958,0.7265263020680551
PGS001787,Asthma,European,0.5753641449035619,0.008216753168331252,NA,NA,1,0.64,0.6362811412901421,0.6437021271448504
PGS001787,Asthma,Middle Eastern or North African,0.7954483588344242,0.12251583403077734,NA,NA,1,0.689,0.6353683686774702,0.7379961469178125
PGS001788,Chronic obstructive pulmonary disease,European,0.919793362425357,0.013151127870803763,NA,NA,1,0.715,0.7097184754995237,0.720223311129587
PGS001789,Gout,European,1.4306334793650637,0.027584170718635656,NA,NA,1,0.807,0.7984393216040158,0.8152812057639278
PGS001790,Heart Failure,European,1.0986122886681098,0.019149505686084724,NA,NA,1,0.75,0.7428967387902313,0.7569712122980309
PGS001791,Idiopathic pulmonary fibrosis,European,1.1417456594856852,0.047301340904535034,NA,NA,1,0.758,0.7405895556594477,0.774597576995632
PGS001792,Primary open-angle glaucoma,European,1.2482685789075287,0.04468054869838628,NA,NA,1,0.777,0.7614589231642176,0.7918054031401641
PGS001793,Stroke,European,0.8760354701545602,0.034806366378718985,NA,NA,1,0.706,0.6916436970105508,0.719958536950402
PGS001794,Thyroid cancer,European,0.7354495602506349,0.07105241176171183,NA,NA,1,0.676,0.6447834300071,0.7057252800328248
PGS001795,Uterine cancer,European,0.6632942174102643,0.03668682624243553,NA,NA,1,0.66,0.6436835626445235,0.6759454248413512
PGS001796,Venous thromboembolism,European,0.7308875085427926,0.016843216515235307,NA,NA,1,0.675,0.6677164205963273,0.6821999126349811
PGS001797,Primary open-angle glaucoma,European,1.0932860443854355,0.10161259942836941,NA,NA,1,0.749,0.7097407656863897,0.7845610372549768
PGS001798,Stroke,European,0.8664189018339818,0.1687657694421732,NA,NA,1,0.7040000000000001,0.6307971217532428,0.7680262707385135
PGS001799,Thyroid cancer,European,0.7768461994365925,0.16225835488227888,NA,NA,1,0.685,0.6127341682424887,0.74929814832523
PGS001800,Incident chronic obstructive pulmonary disease before age 50 years,African,0.5537276453102001,0.0883196862509444,NA,NA,1,0.635,0.5940228863793854,0.6741101821484646
PGS001800,Incident chronic obstructive pulmonary disease before age 50 years,European,1.0407775136255084,0.057042680566343054,NA,NA,1,0.739,0.7168670575110765,0.7599820618870755
PGS001801,Incident chronic obstructive pulmonary disease before age 50 years,African,0.5537276453102001,0.0883196862509444,NA,NA,1,0.635,0.5940228863793854,0.6741101821484646
PGS001801,Incident chronic obstructive pulmonary disease before age 50 years,European,1.0407775136255084,0.057042680566343054,NA,NA,1,0.739,0.7168670575110765,0.7599820618870755
PGS001818,Incident T2D in prediabetics,Middle Eastern or North African,1.180290319682377,0.09414473637707896,NA,NA,1,0.765,0.7302254351259998,0.7965409854361132
PGS001818,Incident type 2 diabetes,East Asian,0.4980458971195918,0.09038039606720827,NA,NA,1,0.622,0.5795436515499496,0.6626646405105836
PGS001818,Incident type 2 diabetes,South Asian,0.7400189496896188,0.100777037705355,NA,NA,1,0.677,0.6323928494032707,0.71860287417913
PGS001818,Prediabetes,Middle Eastern or North African,0.6102595207541777,0.03580727896308755,NA,NA,1,0.648,0.6318303887992948,0.6638372926680927
PGS001818,Type 2 diabetes,East Asian,1.0150127198328165,0.14380913539724147,NA,NA,1,0.7339999999999999,0.6754954391375741,0.7853091920941939
PGS001818,Type 2 diabetes,European,0.8905322593606348,0.01236536981779332,NA,NA,1,0.709,0.7039744166148847,0.7139749297643393
PGS001818,Type 2 diabetes,Hispanic or Latin American,1.1636758820151716,0.01969737762233486,NA,NA,1,0.762,0.7549277569564002,0.7689306216937887
PGS001818,Type 2 diabetes,South Asian,0.9593917159714261,0.03824209934029023,NA,NA,1,0.723,0.7077408736469808,0.7377576352487849
PGS001848,Chronic rhinosinusitis,East Asian,0.13219216649694737,0.05437760899703956,NA,NA,1,0.533,0.5064026632193953,0.5594110748609398
PGS001848,Nasal polyps in individuals with chronic rhinosinusitis,East Asian,0.32277339226305085,0.11038298365522883,NA,NA,1,0.58,0.526580603591175,0.6316086236502777
PGS002026,Incident T2D in prediabetics,Middle Eastern or North African,1.1747359841409104,0.09386393357155323,NA,NA,1,0.764,0.7292385384889012,0.7955498440831416
PGS002026,Incident type 2 diabetes,East Asian,0.49379487685105233,0.09133224896502228,NA,NA,1,0.621,0.578052468925181,0.6621312035028087
PGS002026,Incident type 2 diabetes,South Asian,0.6901486775636889,0.09780330614438656,NA,NA,1,0.666,0.6220959931740971,0.7072040229807176
PGS002026,Prediabetes,Middle Eastern or North African,0.6102595207541777,0.03466469486111591,NA,NA,1,0.648,0.6323511808159491,0.6633373564263814
PGS002026,Type 2 diabetes,East Asian,0.9544040252021891,0.1491059652597057,NA,NA,1,0.722,0.6597446123354282,0.7767197192712195
PGS002026,Type 2 diabetes,European,0.9148911515197317,0.01249347679251682,NA,NA,1,0.714,0.7089735239501617,0.7189740731512962
PGS002026,Type 2 diabetes,Hispanic or Latin American,1.1747359841409104,0.01981238773270145,NA,NA,1,0.764,0.7569267605269672,0.7709297032351106
PGS002026,Type 2 diabetes,South Asian,0.9643905266685663,0.03832787098593713,NA,NA,1,0.724,0.7087390696289637,0.7387560578589829
PGS002060,Chronic rhinosinusitis,East Asian,0.13621020483454901,0.053356970849672065,NA,NA,1,0.534,0.5079069762649525,0.559908290554639
PGS002060,Nasal polyps in individuals with chronic rhinosinusitis,East Asian,0.3557035985491004,0.10895232257166615,NA,NA,1,0.588,0.535479532308985,0.6385901333596881
PGS002237,Chronic Kidney Disease (stage 3 or greater),European,1.0986122886681098,0.010338270909987513,NA,NA,1,0.75,0.7461814723768754,0.753780036493084
PGS002237,Chronic Kidney Disease (stage 3 or greater),Hispanic or Latin American,1.9924301646902063,0.059596056930274977,NA,NA,1,0.8800000000000001,0.8671074382307471,0.8917978685040118
PGS002237,Chronic kidney disease (eGFR <45 ml/min per 1.73 m2),European,1.265666373331276,0.07338828378871964,NA,NA,1,0.78,0.7543271407467279,0.803688237564395
PGS002237,Chronic kidney disease (eGFR <60 ml/min per 1.73 m2 or UACR >3.0 mg/mmol),European,0.7537718023763803,0.02345261280296602,NA,NA,1,0.68,0.6699158932868069,0.68991863155665
PGS002237,Chronic kidney disease (eGFR <60 ml/min per 1.73 m2),European,0.8953840470548413,0.03758283539715778,NA,NA,1,0.7100000000000001,0.6946016847725529,0.7249293851683448
PGS002238,Apparent Treatment-Resistant Hypertension,African,0.6901486775636889,0.052353638874029836,NA,NA,1,0.666,0.6427994857945601,0.6884240368468435
PGS002238,Apparent Treatment-Resistant Hypertension,European,0.7537718023763803,0.023413947470219024,NA,NA,1,0.68,0.6699326510915541,0.6899024187718064
PGS002239,Apparent Treatment-Resistant Hypertension,African,0.6766920598335009,0.050514707875392265,NA,NA,1,0.663,0.6405341440974983,0.6847528179204969
PGS002239,Apparent Treatment-Resistant Hypertension,European,0.7491800044286804,0.025888623837683596,NA,NA,1,0.679,0.667841432653722,0.6899577332788519
PGS002243,Incident T2D in prediabetics,Middle Eastern or North African,1.1526795099383855,0.09276779235227538,NA,NA,1,0.7599999999999999,0.7252898122797764,0.791584736467095
PGS002243,Incident type 2 diabetes,East Asian,0.3722394604798438,0.09212615770265707,NA,NA,1,0.5919999999999999,0.547771882789001,0.6347865282314525
PGS002243,Incident type 2 diabetes,South Asian,0.5884089424579804,0.0947400743184766,NA,NA,1,0.643,0.5993406085833186,0.6844070274249098
PGS002243,Prediabetes,Middle Eastern or North African,0.6058782375676038,0.03462001070237335,NA,NA,1,0.6469999999999999,0.6313524012824081,0.6623386382947567
PGS002243,Type 2 diabetes,East Asian,0.8856902914254378,0.14459740968792512,NA,NA,1,0.708,0.646177616499395,0.7629825175855746
PGS002243,Type 2 diabetes,European,0.9485425170394844,0.008510483640835087,98.27386946086679,98.98243550855784,2,0.72082197198581,0.7174528859269104,0.7241663301063762
PGS002243,Type 2 diabetes,Hispanic or Latin American,1.1526795099383855,0.019584555262663044,NA,NA,1,0.7599999999999999,0.7529287381656887,0.7669315271062328
PGS002243,Type 2 diabetes,South Asian,0.9345624981101105,0.03782456389756041,NA,NA,1,0.718,0.7027497239809779,0.7327653944305872
PGS002246,Incident invasive melanoma,European,0.7514831150014302,0.02803597685190408,0.344383834936565,0,2,0.679501776594718,0.6674185572180725,0.6913490121615601
PGS002247,Incident invasive melanoma,European,0.7807799801834676,0.02743230210745224,0.12555462861207967,0,2,0.6858481931747613,0.6741493811296375,0.6973155714756751
PGS002248,Childhood asthma by age 11,European,0.6536383070976086,0.10276968572333298,11.226334782697261,82.18474650263836,3,0.6578298778662982,0.611164486781757,0.7016289571758851
PGS002248,Childhood asthma by age 8,European,0.5942337921473301,0.0982569798766532,14.868085938992142,86.54836938522851,3,0.6443359834815497,0.599084052512681,0.6871475721006507
PGS002250,Epithelial non-mucinous ovarian cancer,East Asian,0.15229366908004574,0.027546334620262642,NA,NA,1,0.538,0.5245559418951902,0.5513890193637365
PGS002250,Epithelial non-mucinous ovarian cancer,European,0.3557035985491004,0.04829600628818015,NA,NA,1,0.588,0.564892771759518,0.6107257202520578
PGS002250,Epithelial non-mucinous ovarian cancer in BRCA1 carriers,European,0.3722394604798438,0.028654787017609623,NA,NA,1,0.5919999999999999,0.5783676657482753,0.6054922176749407
PGS002250,Epithelial non-mucinous ovarian cancer in BRCA2 carriers,European,0.5065612249795332,0.0488309412193883,NA,NA,1,0.624,0.6012922939540495,0.6461754447960236
PGS002252,Distal colon cancer,European,0.5884089424579804,0.06340658865408126,NA,NA,1,0.643,0.6139939492735099,0.6709943640011434
PGS002252,Early-onset colorectal cancer,European,0.5236463121950522,0.03388463070048308,NA,NA,1,0.628,0.6123574280420808,0.643378955581699
PGS002252,Early-onset colorectal cancer (men),European,0.44731221804366483,0.06408118865466796,NA,NA,1,0.61,0.5797416880629208,0.6394346817067827
PGS002252,Early-onset colorectal cancer (women),European,0.5451085740896059,0.0472867029884795,NA,NA,1,0.633,0.6112160333130557,0.6542538321801812
PGS002252,Proximal colon cancer,European,0.3722394604798438,0.08045180587247151,NA,NA,1,0.5919999999999999,0.5534336596483324,0.6294656192358898
PGS002252,Rectal cancer,European,0.6366685763994745,0.05651912975231431,NA,NA,1,0.654,0.6285242633055874,0.6786219563012149
PGS002253,Incident invasive melanoma,European,0.6667503109311266,0.027549744735496585,0.24859589570352048,0,2,0.6607751179936991,0.6485684995140305,0.6727716688025106
PGS002256,Gestational diabetes mellitus in early pregnancy,East Asian,0.4895482253187058,0.10218006440027173,NA,NA,1,0.62,0.5718187049013534,0.665927139841201
PGS002263,Uterine fibroid,European,0.4054651081081642,0.04254460026929973,NA,NA,1,0.6,0.5798305178878208,0.6198360792409899
PGS002265,Advanced colorectal neoplasia (FOB Gold model),European,0.12014431184206341,0.029710846160041528,NA,NA,1,0.53,0.5154728214084385,0.5444765235030875
PGS002265,Advanced colorectal neoplasia (Ridascreen model),European,0.09607383008962224,0.05221191346823917,NA,NA,1,0.524,0.4984346250373889,0.5494402119838768
PGS002265,Colorectal cancer,African,0.32687983692977335,0.15232972635723388,NA,NA,1,0.581,0.5070779204841636,0.6514561635682714
PGS002265,Colorectal cancer,East Asian,0.3681008613632963,0.09351428952077649,NA,NA,1,0.591,0.546072152165926,0.6344577591227523
PGS002265,Colorectal cancer,European,0.4782266777669013,0.02905101473382012,6.485521515121208,84.58103950979937,2,0.6173290432027074,0.6037911021815411,0.6306873466277888
PGS002265,Colorectal cancer,Hispanic or Latin American,0.3722394604798438,0.12849051769298955,NA,NA,1,0.5919999999999999,0.5300632046478626,0.6511461100126513
PGS002266,Nonsyndromic cleft lip with or without cleft palate,European,0.6632942174102643,0.19629901456367782,NA,NA,1,0.66,0.5691902474102737,0.7403984027661243
PGS002268,Clinically significant prostate cancer,East Asian,0.8472978603872034,0.081725807116744,NA,NA,1,0.7,0.6653248991394735,0.7325267783465554
PGS002268,Early-onset prostate cancer,East Asian,0.5193681209891051,0.16861072896576879,NA,NA,1,0.627,0.5470828637927799,0.7005346580938313
PGS002270,Lung cancer,European,0.9694005571881035,0.07321638439398945,NA,NA,1,0.725,0.6954865559619403,0.7526702351527185
PGS002271,Risk of mitral valve prolapse,European,0.703507073322505,0.03376545794089038,1.1150702832310224,10.31955428832659,2,0.6689648763024201,0.6541489248829211,0.6834532619012608
PGS002272,Risk of hospitalization (COVID-19),European,0.9970101399003425,0.019611565590734223,93.28795057197023,96.78415059865043,4,0.7304703305127898,0.7228356987440422,0.7379708964855323
PGS002272,Risk of severe disease (COVID-19),European,1.1600560461781562,0.035459740141012906,46.76005989656385,93.58426826946717,4,0.7613428985764419,0.748486208941264,0.7737410534619166
PGS002281,Multiple myeloma,European,0.558313806344043,0.034705767820500596,0.9916562819497154,0,2,0.63606229790933555,0.6201748646647178,0.6516584500602352
PGS002286,Total cholesterol levels,African,0.6234377200061422,0.044949532577965315,NA,NA,1,0.651,0.6307269351850929,0.670741090008794
PGS002291,Nasopharyngeal carcinoma,East Asian,0.6840305705118785,0.03232221660433662,12.074889576745509,91.71835076715024,2,0.6646376844688789,0.6503729666719924,0.6786080077840959
PGS002292,Keratoconus,European,0.8712224464724486,0.13964122613527363,NA,NA,1,0.705,0.6450900085875632,0.7585816739392698
PGS002292,Keratoconus with central corneal thickness variants,European,1.1254595387042978,0.15102565355575387,NA,NA,1,0.7549999999999999,0.6962384656763628,0.80556873435617
PGS002292,Keratoconus with ﻿corneal resistance factor variants,European,1.1308731508863312,0.1512916192019462,NA,NA,1,0.756,0.6972721501414363,0.8064966196772283
PGS002294,Breast cancer,East Asian,0.5907163239261317,0.054765383614910255,0.12829958675858338,0,2,0.6435294867813774,0.6185447910720938,0.6677567270729398
PGS002298,Esophageal cancer,European,0.12014431184206341,0.051315490357956385,NA,NA,1,0.53,0.504891331641861,0.5549577276979049
PGS002299,Gastric cancer,European,0.24116205681688824,0.041436413823436574,NA,NA,1,0.56,0.539901640898324,0.579903540029481
PGS002300,Endometrial cancer,European,0.5753641449035619,0.06654919384714827,NA,NA,1,0.64,0.609432580534142,0.6694725750307993
PGS002301,Melanoma,European,0.3639653772014115,0.08457809139927469,NA,NA,1,0.59,0.5493865258856743,0.6294221043314262
PGS002302,Glioma,European,0.44731221804366483,0.07487576345984041,NA,NA,1,0.61,0.5745783619676962,0.6442981521933899
PGS002303,Diffuse large B-cell lymphoma,European,0.24116205681688824,0.07278591741482163,NA,NA,1,0.56,0.5246055231392998,0.5947947007739702
PGS002304,Follicular lymphoma,European,0.44731221804366483,0.042921284833136925,NA,NA,1,0.61,0.589811576350737,0.6298184252949072
PGS002305,Chronic lymphoid leukemia,European,0.2818511521409875,0.06253123929412877,NA,NA,1,0.57,0.539738491637725,0.599747318954757
PGS002306,Multiple myeloma,European,0.8001193001121129,0.06937084578664325,NA,NA,1,0.69,0.6601925592277493,0.7183084020324784
PGS002308,Incident T2D in prediabetics,Middle Eastern or North African,1.2598483443529955,0.09235619516401648,NA,NA,1,0.7789999999999999,0.7462725460686871,0.8085887960328113
PGS002308,Prediabetes,Middle Eastern or North African,0.632252349329572,0.0349417380694252,NA,NA,1,0.6529999999999999,0.6373235968741111,0.6683514105208775
PGS002308,Type 2 diabetes,African,0.8732454523005723,0.019054288373805774,721.1483818605775,99.4453291305071,5,0.7054205600805973,0.6976008055911318,0.7131212598363075
PGS002308,Type 2 diabetes,East Asian,1.3302251414539104,0.024453438103990567,10.586470889603245,81.10796297598893,3,0.7908778733846811,0.7828404214285054,0.7986943416469676
PGS002308,Type 2 diabetes,European,1.343104428369479,0.01853897903067238,NA,NA,1,0.7929999999999999,0.7869718277088381,0.7989011796442494
PGS002308,Type 2 diabetes,Hispanic or Latin American,1.7424658226279148,0.06970499509431004,NA,NA,1,0.8510000000000001,0.8328335851663495,0.8675062926549698
PGS002354,Incident T2D in prediabetics,Middle Eastern or North African,1.1581698059301753,0.09303783432573119,NA,NA,1,0.761,0.7262771614296158,0.792576093464372
PGS002354,Prediabetes,Middle Eastern or North African,0.6058782375676038,0.03466469486111591,NA,NA,1,0.6469999999999999,0.6313320168839883,0.6623582251602439
PGS002379,Incident T2D in prediabetics,Middle Eastern or North African,1.1254595387042978,0.0914560688733872,NA,NA,1,0.7549999999999999,0.7203514624892062,0.7866271774533781
PGS002379,Prediabetes,Middle Eastern or North African,0.5971325273203568,0.03566952509648743,NA,NA,1,0.645,0.6288345482888161,0.6608411242114037
PGS002671,Incident T2D in prediabetics,Middle Eastern or North African,1.2083112059245342,0.08973944099958131,NA,NA,1,0.77,0.7373851624801477,0.799664773414347
PGS002671,Incident type 2 diabetes,East Asian,0.34333332700115804,0.0927449299252727,NA,NA,1,0.585,0.540300701987185,0.6283426683580593
PGS002671,Incident type 2 diabetes,South Asian,0.5797070684323913,0.09568291803674185,NA,NA,1,0.641,0.5968046241609796,0.6829247580961672
PGS002671,Prediabetes,Middle Eastern or North African,0.6190392084062236,0.035901289930568674,NA,NA,1,0.65,0.6338275878668961,0.6658347168794098
PGS002671,Type 2 diabetes,East Asian,1.030433860011572,0.15033995561048438,NA,NA,1,0.737,0.6760696428348885,0.7900289909267534
PGS002671,Type 2 diabetes,European,0.8664189018339818,0.011007605597067203,NA,NA,1,0.7040000000000001,0.6994844354735713,0.7084759916956777
PGS002671,Type 2 diabetes,Hispanic or Latin American,1.1581698059301753,0.019640696276981954,NA,NA,1,0.761,0.753928249438063,0.767931076010015
PGS002671,Type 2 diabetes,South Asian,0.9494273554635833,0.03807284322142853,NA,NA,1,0.721,0.7057444473202843,0.7357607641883945
PGS002720,Incident T2D in prediabetics,Middle Eastern or North African,1.18586105438289,0.09442831485224419,NA,NA,1,0.7660000000000001,0.7312122143640801,0.7975320713097186
PGS002720,Prediabetes,Middle Eastern or North African,0.6102595207541777,0.03580727896308755,NA,NA,1,0.648,0.6318303887992948,0.6638372926680927
PGS002724,prevalent ischemic stroke cases,African,0.19259310711578442,0.03958115264133911,NA,NA,1,0.548,0.5287218573487638,0.5671351710510125
PGS002724,prevalent ischemic stroke cases,East Asian,0.5884089424579804,0.034469338216496545,NA,NA,1,0.643,0.6273462787153787,0.6583542649723402
PGS002725,prevalent ischemic stroke cases,East Asian,0.8578254292334587,0.026727945758153532,101.82127780272465,99.01788700595816,2,0.7022061240578308,0.691136658652066,0.7130435840704027
PGS002726,Multiple sclerosis,European,1.0229314129026663,0.024941287705261907,16.535789527870456,93.95251131907226,2,0.7355432097179753,0.7259253137281749,0.7449421793785419
PGS002727,Pediatric asthma,East Asian,0.9946225751440619,0.18443881217082309,NA,NA,1,0.7299999999999999,0.6531971427971164,0.7951288035651208
PGS002727,Pediatric asthma,European,0.6632942174102643,0.022741288142413885,NA,NA,1,0.66,0.6499276707171333,0.6699297050280022
PGS002727,Pediatric asthma,Hispanic or Latin American,0.8472978603872034,0.08616925950464326,NA,NA,1,0.7,0.6633828652729222,0.7342297172629141
PGS002727,Pediatric asthma,South Asian,0.6190392084062236,0.06740397373920269,NA,NA,1,0.65,0.6193823443409245,0.6794294439055736
PGS002728,Clinical osteoarthritis,European,0.2942922136822782,0.0897861126146155,4.217978123597419,76.29195859491271,2,0.5730466116718245,0.5295434048912077,0.6154483684704831
PGS002728,Radiographic osteoarthritis,European,0.40493376396568725,0.043167286000038524,1.8603042042464735,46.24535074869351,2,0.5998724706326076,0.579403670378248,0.6199984495639583
PGS002728,Total hip replacement,European,0.6484543728295266,0.08320589086816313,0.1566680792582777,0,2,0.656662074645669,0.6190153127122109,0.6924371286428882
PGS002729,Clinical osteoarthritis,European,0.4790902182631538,0.07382886343938944,6.119600687621678,67.3181290399312,3,0.6175330200588836,0.5828260878546052,0.6510811217080893
PGS002729,Radiographic osteoarthritis,European,0.36197292100057255,0.04524015381791027,2.8879614147886317,30.746997180833908,3,0.5895179385607269,0.5679034147332735,0.6107922500599724
PGS002729,Total hip replacement,European,0.6599068756774548,0.10984246758880296,0.011473562884542179,0,2,0.659239469053843,0.6093582939375415,0.7058261646477527
PGS002733,Incident T2D in prediabetics,Middle Eastern or North African,1.1526795099383855,0.09276779235227538,NA,NA,1,0.7599999999999999,0.7252898122797764,0.791584736467095
PGS002733,Prediabetes,Middle Eastern or North African,0.6015025906488275,0.035715011914969716,NA,NA,1,0.6459999999999999,0.6298331672980807,0.6618398512525603
PGS002735,Risk of endometrial cancer,European,0.24116205681688824,0.030997066853522454,NA,NA,1,0.56,0.5449800205996,0.5749109072318301
PGS002736,Risk of endometrial cancer,European,0.12014431184206341,0.02048467918409258,NA,NA,1,0.53,0.5199879275770636,0.5399879856059363
PGS002737,Risk of endometrial cancer,European,0.16034265007517948,0.03077244586444256,NA,NA,1,0.54,0.5249863336387371,0.5549414198259232
PGS002741,Primary open-angle glaucoma,European,0.708185057924486,0.02308101657298878,NA,NA,1,0.67,0.6599219152318212,0.679924280909956
PGS002742,Colorectal cancer,East Asian,0.48144462391848086,0.04170265764460575,0.9964725299746308,0,2,0.618088943595367,0.5986173613772133,0.6371884348956017
PGS002743,Colorectal cancer,East Asian,0.3807331718910001,0.04059794308044582,0.2516089033280722,0,2,0.5940499229017054,0.57472635807943,0.6130865614101939
PGS002744,Colorectal cancer,East Asian,0.5092732612050094,0.046292336400226175,1.910918121075973,47.66913406855265,2,0.6246360944836867,0.6031338994250885,0.6456577339638642
PGS002745,Rheumatoid arthritis,East Asian,0.6632942174102643,0.036625888091366174,NA,NA,1,0.66,0.6437109560589135,0.6759192620389655
PGS002745,Rheumatoid arthritis,European,0.6632942174102643,0.04858227036380543,NA,NA,1,0.66,0.6383184036608055,0.6810313389397445
PGS002771,Incident T2D in prediabetics,Middle Eastern or North African,1.2310368743174414,0.09087315281435651,NA,NA,1,0.774,0.7413362786546995,0.8036315661446095
PGS002771,Incident type 2 diabetes,East Asian,0.5494156210358597,0.09265563769663039,NA,NA,1,0.634,0.5909298294868842,0.675029211815997
PGS002771,Incident type 2 diabetes,South Asian,0.7629782750632855,0.09574908129647071,NA,NA,1,0.682,0.6399875423663176,0.7212451706614683
PGS002771,Prediabetes,Middle Eastern or North African,0.6278420821521787,0.035997068601218325,NA,NA,1,0.652,0.6358247639989218,0.6678321235021801
PGS002771,Type 2 diabetes,East Asian,0.9844989819006886,0.14322708767930337,NA,NA,1,0.728,0.6690239604348228,0.7799240919927126
PGS002771,Type 2 diabetes,European,1.0201406732266143,0.013098464295567774,NA,NA,1,0.7349999999999999,0.7299694697116795,0.7399701976835537
PGS002771,Type 2 diabetes,Hispanic or Latin American,1.2367626271489272,0.01905265785009482,NA,NA,1,0.775,0.7684214850452694,0.7814447892017327
PGS002771,Type 2 diabetes,South Asian,1.056389658245763,0.03872521127454378,NA,NA,1,0.742,0.727205083909087,0.756261460512937
PGS002773,Incident atrial fibrillation,European,0.4013001708088801,0.02974666222073254,NA,NA,1,0.599,0.5849182761634413,0.6129201416529383
PGS002774,Incident atrial fibrillation,European,0.4599402429064296,0.029029184407318005,NA,NA,1,0.613,0.5994185634628225,0.6264079581586419
PGS002775,Incident coronary artery disease,European,0.29001579579800096,0.025013690242366188,NA,NA,1,0.572,0.559957349221688,0.5839579472656973
PGS002776,Incident coronary artery disease,European,0.3515772268670635,0.02421580748595583,NA,NA,1,0.587,0.575447968638629,0.5984570383139939
PGS002777,Incident hypertension,European,0.23710459770825335,0.019668787898069282,NA,NA,1,0.559,0.5494760065295742,0.5684807725088556
PGS002778,Incident hypertension,European,0.2655495441027779,0.020773080011626373,NA,NA,1,0.566,0.555972986855257,0.5759732756793218
PGS002779,Incident type 2 diabetes,European,0.34333332700115804,0.04309456249507529,NA,NA,1,0.585,0.5643579969889766,0.6053478887052396
PGS002779,Prediabetes,Middle Eastern or North African,0.5971325273203568,0.03566952509648743,NA,NA,1,0.645,0.6288345482888161,0.6608411242114037
PGS002780,Incident T2D in prediabetics,Middle Eastern or North African,1.0986122886681098,0.09572763449729305,NA,NA,1,0.75,0.7132019120469778,0.7835098277191553
PGS002780,Incident type 2 diabetes,East Asian,0.3971386653316105,0.09050085117704934,NA,NA,1,0.598,0.5547192127593961,0.639805562926549
PGS002780,Incident type 2 diabetes,European,0.38467433843909055,0.04237195450147962,NA,NA,1,0.595,0.5748397886133318,0.6148447670756761
PGS002780,Incident type 2 diabetes,South Asian,0.6901486775636889,0.09671659858313893,NA,NA,1,0.666,0.6225965974672912,0.7067627877976332
PGS002780,Prediabetes,Middle Eastern or North African,0.6146464932382243,0.03585406498499541,NA,NA,1,0.649,0.6328289911684167,0.6648360069481329
PGS002780,Type 2 diabetes,East Asian,0.9051174312760297,0.14326082662754036,NA,NA,1,0.712,0.651201837192674,0.7660085313835506
PGS002780,Type 2 diabetes,European,0.8188868585544236,0.012013295574109722,NA,NA,1,0.6940000000000001,0.6889769517668255,0.6989773690822353
PGS002780,Type 2 diabetes,Hispanic or Latin American,1.1308731508863312,0.019365266776502632,NA,NA,1,0.756,0.7489306565217875,0.7629333000959501
PGS002780,Type 2 diabetes,South Asian,0.9099992046546748,0.038715006566697574,NA,NA,1,0.713,0.6972249105921497,0.7282734997603971
PGS002814,Atrial fibrillation,East Asian,1.0459685551826876,0.028269643895949072,NA,NA,1,0.74,0.7291985291382092,0.7505180357110478
PGS002909,Drinking Status,European,0.15631752791234874,0.01745761589799101,NA,NA,1,0.539,0.5304872828141524,0.5474900299107247
PGS002910,Drinking Status,European,0.13219216649694737,0.016399390364529053,NA,NA,1,0.533,0.5249914970098587,0.5409915330118865
PGS002911,Drinking Status,European,0.08404944434245186,0.016356789733087254,NA,NA,1,0.521,0.5129946072408125,0.5289946217444974
PGS002912,Drinking Status,European,0.08004270767353656,0.016354101768965703,NA,NA,1,0.52,0.5119948652130758,0.5279948783640223
PGS002913,Drinking Status,European,0.18855667693894732,0.01647354685404227,NA,NA,1,0.547,0.5389878238081713,0.5549878974990454
PGS002994,Hypertension,European,0.5236463121950522,0.01747358938384583,NA,NA,1,0.628,0.6199646244194288,0.6359652393545017
PGS002995,Hypertension,European,0.45572694288905263,0.01825696665273236,NA,NA,1,0.612,0.6034696791613393,0.6204622258971629
PGS002996,Hypertension,European,0.45151761555314895,0.018239912636099965,NA,NA,1,0.611,0.6024699803938308,0.6194625954110984
PGS002997,Hypertension,European,0.32277339226305085,0.01886468913352309,NA,NA,1,0.58,0.5709672513246278,0.5889794748888971
PGS002998,Hypertension,European,0.5322168137473082,0.01861749972578116,NA,NA,1,0.6299999999999999,0.6214545218788885,0.6384647947799112
PGS002999,Hypertension,European,0.032002731086173734,0.01837293403877737,NA,NA,1,0.508,0.4989979464341102,0.5169968688596994
PGS003000,Hypertension,European,0.028001829548493135,0.01837293403877737,NA,NA,1,0.507,0.4979977304112467,0.5159977326986582
PGS003001,Hypertension,European,0.028001829548493135,0.01837293403877737,NA,NA,1,0.507,0.4979977304112467,0.5159977326986582
PGS003002,Hypertension,European,-0.05601464155467137,0.01736127262360032,NA,NA,1,0.486,0.47750451285008905,0.4945035846128282
PGS003003,Hypertension,European,0.06402185876493102,0.017365306260492118,NA,NA,1,0.516,0.5074959029691776,0.5244948407107934
PGS003004,Hypertension,European,0.040005334613699206,0.019397095168399887,NA,NA,1,0.51,0.5004967568574642,0.5194960208140298
PGS003005,Hypertension,European,0.024001152099543045,0.01837197799218456,NA,NA,1,0.506,0.49699805487956517,0.5149980565599377
PGS003006,Hypertension,European,0.00800004266707637,0.019390263218113848,NA,NA,1,0.502,0.4924993444133961,0.5114992115836983
PGS003007,Hypertension,European,-0.008000042667076265,0.018369625070746312,NA,NA,1,0.498,0.48900064791704817,0.5070006481037084
PGS003008,Hypertension,European,0,0.01836940451527372,NA,NA,1,0.5,0.49099996398818807,0.5090000360118119
PGS003009,Hypertension,European,0.04800921918636066,0.018379923555954414,NA,NA,1,0.512,0.502996106393388,0.5209961131206927
PGS003010,Hypertension,European,0.028001829548493135,0.017351543977890106,NA,NA,1,0.507,0.49849820535415273,0.5154977480706119
PGS003011,Hypertension,European,0.020000666706669435,0.018371169107426658,NA,NA,1,0.505,0.495998379254415,0.5139983804212375
PGS003012,Hypertension,European,0.00800004266707637,0.018369625070746312,NA,NA,1,0.502,0.4929993518962917,0.5109993520829519
PGS003013,Hypertension,European,0,0.018369330997960325,NA,NA,1,0.5,0.49099999999999994,0.509
PGS003014,Hypertension,European,0.0680262208558565,0.017369898542507926,NA,NA,1,0.517,0.5084944875453133,0.5254956737131349
PGS003015,Hypertension,European,0.08805685539118287,0.017380762692317257,NA,NA,1,0.522,0.5134943623040821,0.5304928992300525
PGS003016,Hypertension,European,0.08404944434245186,0.01840180935094458,NA,NA,1,0.521,0.511993173639071,0.5299931942905368
PGS003017,Hypertension,European,-0.03200273108617383,0.018372934038777395,NA,NA,1,0.49200000000000005,0.48300313114030063,0.5010020535658898
PGS003018,Hypertension,European,0.07603661306012756,0.017372404447890386,NA,NA,1,0.519,0.5104951333231827,0.5274938704344299
PGS003019,Hypertension,European,0.020000666706669435,0.007143838287991308,NA,NA,1,0.505,0.501499681418394,0.5084998285120081
PGS003020,Hypertension,European,0.024001152099543045,0.006123404273696873,NA,NA,1,0.506,0.5029997839377747,0.5089997840000017
PGS003021,Hypertension,European,0.012000144003110558,0.007143323864411515,NA,NA,1,0.503,0.4994998074740754,0.5064998985076936
PGS003022,Hypertension,European,-0.036003888756002175,0.006124506909902447,NA,NA,1,0.49100000000000005,0.4880003240349907,0.49400032417505196
PGS003023,Hypertension,European,0.024001152099543045,0.007143838287991308,NA,NA,1,0.506,0.5024997864354629,0.5094996255068965
PGS003024,Hypertension,European,0.012000144003110558,0.007143323864411515,NA,NA,1,0.503,0.4994998074740754,0.5064998985076936
PGS003025,Hypertension,European,0.01600034134644112,0.006122914340598725,NA,NA,1,0.504,0.5009998559769564,0.5069998560046085
PGS003026,Hypertension,European,0.00800004266707637,0.007143038105547373,NA,NA,1,0.502,0.49849992649573677,0.5054998775038709
PGS003027,Hypertension,European,-0.03200273108617383,0.005103558323798314,NA,NA,1,0.49200000000000005,0.48950011750649153,0.49450028262235785
PGS003028,Hypertension,European,0.020000666706669435,0.007143838287991308,NA,NA,1,0.505,0.501499681418394,0.5084998285120081
PGS003044,Smoking Status,European,0.26147970005775656,0.015566409672411336,NA,NA,1,0.565,0.5574870480983197,0.5724832144024072
PGS003045,Smoking Status,European,0.22089383158019443,0.01549139351487191,NA,NA,1,0.555,0.5474890996833869,0.5624858580705852
PGS003046,Smoking Status,European,0.16436906878593652,0.016438503956608442,NA,NA,1,0.541,0.5329894049724209,0.5489894608112129
PGS003047,Smoking Status,European,0.2087548138621104,0.015477979873621027,NA,NA,1,0.552,0.5444865443099631,0.5594897896498389
PGS003048,Smoking Status,European,0.2941017034861148,0.014589271385932915,NA,NA,1,0.573,0.5659894833284066,0.5799813116580926
PGS003049,Smoking Status,European,0.10810516004942952,0.017397503341777393,NA,NA,1,0.527,0.5184930737585001,0.5354912779212042
PGS003050,Smoking Status,European,0.044007100728832446,0.017357796854700513,NA,NA,1,0.511,0.5024964339787846,0.5194972043668017
PGS003051,Smoking Status,European,0.056014641554671306,0.01736321966250989,NA,NA,1,0.5139999999999999,0.5054954614533756,0.5224964392677204
PGS003052,Smoking Status,European,0.09607383008962224,0.015344125655138088,NA,NA,1,0.524,0.5164938492377822,0.5314953236989626
PGS003053,Smoking Status,European,0.12014431184206341,0.01638694226756706,NA,NA,1,0.53,0.521992277376345,0.5379923070849335
PGS003054,Smoking Status,European,0.3104700874618215,0.01463381898621842,NA,NA,1,0.577,0.5699844728725832,0.5839846094419064
PGS003055,Smoking Status,European,0.23710459770825335,0.01552723516917132,NA,NA,1,0.559,0.5514846791280988,0.5664883827587709
PGS003056,Smoking Status,European,0.21279940690876617,0.015484621108155105,NA,NA,1,0.553,0.5454862790077721,0.5604895893830396
PGS003057,Smoking Status,European,0.23304908030361296,0.014481576185483732,NA,NA,1,0.5579999999999999,0.5509884389106503,0.5649885147935363
PGS003058,Smoking Status,European,0.33510096455169075,0.016790813645500707,NA,NA,1,0.583,0.5749780300343964,0.5909782687846357
PGS003059,Smoking Status,European,0.4221599866803343,0.01493292451715049,NA,NA,1,0.604,0.5969785639219272,0.6109788233476917
PGS003060,Smoking Status,European,0.3639653772014115,0.015814167407968788,NA,NA,1,0.59,0.5824817525572731,0.5974764213763324
PGS003061,Smoking Status,European,0.30637420546393324,0.015664575019043364,NA,NA,1,0.576,0.5684847505651015,0.5834802617310789
PGS003062,Smoking Status,European,-0.01600034134644119,0.015308020937569777,NA,NA,1,0.496,0.4885010123454244,0.5035007877158428
PGS003063,Smoking Status,European,0.42634269312971956,0.014945989172816867,NA,NA,1,0.605,0.5979783374894204,0.6119786023910484
PGS003064,Smoking Status,European,0.8377920853875026,0.004840791188521872,NA,NA,1,0.698,0.6959962286564391,0.6999962568899148
PGS003065,Smoking Status,European,0.6856565088307879,0.00458048369940794,NA,NA,1,0.665,0.6629970285727244,0.6669970461273561
PGS003066,Smoking Status,European,1.1914483478015556,0.005709933495273825,NA,NA,1,0.767,0.7649939879953862,0.768994059426336
PGS003067,Smoking Status,European,0.020000666706669435,0.005102496653422645,NA,NA,1,0.505,0.5024999224847823,0.5074998274997152
PGS003068,Smoking Status,European,0.5451085740896059,0.005487457031349977,NA,NA,1,0.633,0.6304978434643164,0.635495008308703
PGS003089,Incident T2D in prediabetics,Middle Eastern or North African,1.1308731508863312,0.09733070416817854,NA,NA,1,0.756,0.7191208605243359,0.7894546516251486
PGS003089,Prediabetes,Middle Eastern or North African,0.5884089424579804,0.03557983067088914,NA,NA,1,0.643,0.6268372940551967,0.6588436576949662
PGS003089,Type 2 diabetes,European,0.4726044109457928,0.03233461878549592,NA,NA,1,0.6159999999999999,0.6009028871415966,0.630876830176439
PGS003090,Prediabetes,Middle Eastern or North African,0.6015025906488275,0.035715011914969716,NA,NA,1,0.6459999999999999,0.6298331672980807,0.6618398512525603
PGS003090,Type 2 diabetes,European,0.4013001708088801,0.035048448548992917,NA,NA,1,0.599,0.5823931296203398,0.6153826037185409
PGS003091,Prediabetes,Middle Eastern or North African,0.5927679952523233,0.035624465616125534,NA,NA,1,0.644,0.6278359238545851,0.6598423930101679
PGS003091,Type 2 diabetes,European,0.3681008613632963,0.0337599557962206,NA,NA,1,0.591,0.5749145828659327,0.6068929321059225
PGS003092,Incident T2D in prediabetics,Middle Eastern or North African,1.1308731508863312,0.09171338556081172,NA,NA,1,0.756,0.7213393411883646,0.787618790520495
PGS003092,Type 2 diabetes,European,0.25334643304410004,0.03526826902027898,NA,NA,1,0.563,0.5459253482191163,0.5799266376207064
PGS003093,Incident T2D in prediabetics,Middle Eastern or North African,1.1636758820151716,0.09331051642524667,NA,NA,1,0.762,0.7272643999489671,0.7935673974743334
PGS003093,Prediabetes,Middle Eastern or North African,0.5927679952523233,0.035624465616125534,NA,NA,1,0.644,0.6278359238545851,0.6598423930101679
PGS003093,Type 2 diabetes,European,0.5108256237659907,0.03370241170126263,NA,NA,1,0.625,0.6093947748888654,0.6403497202158164
PGS003094,Incident T2D in prediabetics,Middle Eastern or North African,1.1581698059301753,0.09303783432573119,NA,NA,1,0.761,0.7262771614296158,0.792576093464372
PGS003094,Type 2 diabetes,European,0.35983296915535207,0.03371025277610544,NA,NA,1,0.589,0.5729166067648079,0.6048954129170668
PGS003095,Incident T2D in prediabetics,Middle Eastern or North African,1.1417456594856852,0.09223549964661726,NA,NA,1,0.758,0.7233147885106552,0.7896018659098948
PGS003095,Prediabetes,Middle Eastern or North African,0.6015025906488275,0.035715011914969716,NA,NA,1,0.6459999999999999,0.6298331672980807,0.6618398512525603
PGS003095,Type 2 diabetes,European,0.2492829395172452,0.03317519819714496,NA,NA,1,0.562,0.5459349974247019,0.5779360374158724
PGS003096,Incident T2D in prediabetics,Middle Eastern or North African,1.1472048439049751,0.09250035808070979,NA,NA,1,0.759,0.7243023541124919,0.7905933270843696
PGS003096,Prediabetes,Middle Eastern or North African,0.6015025906488275,0.035715011914969716,NA,NA,1,0.6459999999999999,0.6298331672980807,0.6618398512525603
PGS003096,Type 2 diabetes,European,0.24116205681688824,0.03211373207949985,NA,NA,1,0.56,0.5444372295294766,0.5754457032943261
PGS003097,Type 2 diabetes,European,0,0.03368573459713967,NA,NA,1,0.5,0.4834999834819954,0.5165000165180047
PGS003098,Type 2 diabetes,European,0.3763812135551304,0.03276605987599055,NA,NA,1,0.593,0.5774123405119161,0.6084026305525873
PGS003099,Incident T2D in prediabetics,Middle Eastern or North African,1.2196389210703356,0.09619010337482357,NA,NA,1,0.772,0.7371303225179239,0.8034773847255774
PGS003099,Prediabetes,Middle Eastern or North African,0.6146464932382243,0.03585406498499541,NA,NA,1,0.649,0.6328289911684167,0.6648360069481329
PGS003099,Type 2 diabetes,European,0.5150945736855667,0.0348460103846582,NA,NA,1,0.626,0.6098772783404145,0.6418477047899589
PGS003100,Incident T2D in prediabetics,Middle Eastern or North African,1.1636758820151716,0.09902908607139502,NA,NA,1,0.762,0.725035550351433,0.795397495675311
PGS003100,Prediabetes,Middle Eastern or North African,0.5927679952523233,0.035624465616125534,NA,NA,1,0.644,0.6278359238545851,0.6598423930101679
PGS003100,Type 2 diabetes,European,0.4054651081081642,0.03297731733281499,NA,NA,1,0.6,0.58439202038351,0.6154075786387129
PGS003101,Incident T2D in prediabetics,Middle Eastern or North African,1.1636758820151716,0.09902908607139502,NA,NA,1,0.762,0.725035550351433,0.795397495675311
PGS003101,Prediabetes,Middle Eastern or North African,0.5927679952523233,0.035624465616125534,NA,NA,1,0.644,0.6278359238545851,0.6598423930101679
PGS003101,Type 2 diabetes,European,0.4054651081081642,0.03297731733281499,NA,NA,1,0.6,0.58439202038351,0.6154075786387129
PGS003102,Incident T2D in prediabetics,Middle Eastern or North African,1.1970523614813624,0.09500394110134003,NA,NA,1,0.768,0.7331854135078312,0.799514074030117
PGS003102,Prediabetes,Middle Eastern or North African,0.6015025906488275,0.035715011914969716,NA,NA,1,0.6459999999999999,0.6298331672980807,0.6618398512525603
PGS003102,Type 2 diabetes,European,0.5236463121950522,0.0349212568634774,NA,NA,1,0.628,0.6118750209331693,0.6438449979582591
PGS003103,Incident T2D in prediabetics,Middle Eastern or North African,1.2196389210703356,0.09619010337482357,NA,NA,1,0.772,0.7371303225179239,0.8034773847255774
PGS003103,Incident type 2 diabetes,East Asian,0.48530589755789505,0.09009825965175272,NA,NA,1,0.619,0.5765711633370038,0.6596867280701252
PGS003103,Incident type 2 diabetes,South Asian,0.69464755593518,0.09577491981506842,NA,NA,1,0.667,0.6240862176024446,0.707312356946099
PGS003103,Prediabetes,Middle Eastern or North African,0.6058782375676038,0.03576092891143237,NA,NA,1,0.6469999999999999,0.6308317808219358,0.6628385740871076
PGS003103,Type 2 diabetes,East Asian,0.9744219084367257,0.1437036638006886,NA,NA,1,0.7259999999999999,0.6665812271547884,0.7783507515354634
PGS003103,Type 2 diabetes,European,0.930366903986965,0.010937919656038745,120.06534070635789,99.16712017463418,2,0.7171497164286609,0.7127808673546041,0.7214780787022234
PGS003103,Type 2 diabetes,Hispanic or Latin American,1.2083112059245342,0.018758314991484268,NA,NA,1,0.77,0.7634241516737845,0.7764465904352021
PGS003103,Type 2 diabetes,South Asian,0.9946225751440619,0.038859007856065365,NA,NA,1,0.7299999999999999,0.7147279959440418,0.7447464063801474
PGS003104,Incident T2D in prediabetics,Middle Eastern or North African,1.1308731508863312,0.09733070416817854,NA,NA,1,0.756,0.7191208605243359,0.7894546516251486
PGS003104,Prediabetes,Middle Eastern or North African,0.6058782375676038,0.03576092891143237,NA,NA,1,0.6469999999999999,0.6308317808219358,0.6628385740871076
PGS003104,Type 2 diabetes,European,0.45151761555314895,0.033270468175121456,NA,NA,1,0.611,0.5953934894708894,0.626382283082175
PGS003105,Prediabetes,Middle Eastern or North African,0.6015025906488275,0.035715011914969716,NA,NA,1,0.6459999999999999,0.6298331672980807,0.6618398512525603
PGS003105,Type 2 diabetes,European,0.29001579579800096,0.034390246675741316,NA,NA,1,0.572,0.555424035864226,0.5884159101626345
PGS003106,Prediabetes,Middle Eastern or North African,0.6015025906488275,0.035715011914969716,NA,NA,1,0.6459999999999999,0.6298331672980807,0.6618398512525603
PGS003106,Type 2 diabetes,European,0.29001579579800096,0.034390246675741316,NA,NA,1,0.572,0.555424035864226,0.5884159101626345
PGS003107,Type 2 diabetes,European,0.16436906878593652,0.03493124915958335,NA,NA,1,0.541,0.5239575953385261,0.5579470310124713
PGS003108,Incident T2D in prediabetics,Middle Eastern or North African,1.1363018100969002,0.097606960946663,NA,NA,1,0.757,0.7201069479668329,0.7904452667295866
PGS003108,Prediabetes,Middle Eastern or North African,0.5971325273203568,0.03566952509648743,NA,NA,1,0.645,0.6288345482888161,0.6608411242114037
PGS003108,Type 2 diabetes,European,0.44731221804366483,0.03323965918496901,NA,NA,1,0.61,0.5943945622135458,0.6253834354581794
PGS003109,Incident T2D in prediabetics,Middle Eastern or North African,1.1526795099383855,0.09276779235227538,NA,NA,1,0.7599999999999999,0.7252898122797764,0.791584736467095
PGS003109,Type 2 diabetes,European,0.4726044109457928,0.012942265070389532,NA,NA,1,0.6159999999999999,0.609982241419525,0.6219824492217441
PGS003110,Incident T2D in prediabetics,Middle Eastern or North African,1.1308731508863312,0.09171338556081172,NA,NA,1,0.756,0.7213393411883646,0.787618790520495
PGS003110,Prediabetes,Middle Eastern or North African,0.6190392084062236,0.035901289930568674,NA,NA,1,0.65,0.6338275878668961,0.6658347168794098
PGS003110,Type 2 diabetes,European,0.3805261597609122,0.012694262642618324,NA,NA,1,0.594,0.587985902186867,0.5999860334624748
PGS003111,Incident T2D in prediabetics,Middle Eastern or North African,1.1146768911719165,0.09094876749145507,NA,NA,1,0.753,0.7183754023613095,0.7846438033864577
PGS003111,Prediabetes,Middle Eastern or North African,0.6146464932382243,0.03585406498499541,NA,NA,1,0.649,0.6328289911684167,0.6648360069481329
PGS003111,Type 2 diabetes,European,0.3639653772014115,0.012655629218682607,NA,NA,1,0.59,0.5839865460305184,0.5959866656400632
PGS003112,Type 2 diabetes,European,0.004000005333346137,0.01224553475897007,NA,NA,1,0.501,0.4949998559925112,0.5069998560063363
PGS003113,Incident T2D in prediabetics,Middle Eastern or North African,1.1254595387042978,0.0970570933425376,NA,NA,1,0.7549999999999999,0.7181346548794435,0.788463981548527
PGS003113,Type 2 diabetes,European,0.4726044109457928,0.011869459583276235,NA,NA,1,0.6159999999999999,0.6104823658248235,0.6214879354405982
PGS003114,Incident T2D in prediabetics,Middle Eastern or North African,1.1363018100969002,0.09197318573342664,NA,NA,1,0.757,0.7223271170277152,0.7886103535293426
PGS003114,Type 2 diabetes,European,1.5505974124111666,0.01586967073075171,NA,NA,1,0.825,0.8204637891829556,0.8294454229779498
PGS003115,Incident T2D in prediabetics,Middle Eastern or North African,1.1308731508863312,0.09733070416817854,NA,NA,1,0.756,0.7191208605243359,0.7894546516251486
PGS003115,Type 2 diabetes,European,1.489478597355121,0.01526184956946866,NA,NA,1,0.816,0.811466190596323,0.8204489059071094
PGS003116,Incident T2D in prediabetics,Middle Eastern or North African,1.1308731508863312,0.09733070416817854,NA,NA,1,0.756,0.7191208605243359,0.7894546516251486
PGS003116,Type 2 diabetes,European,1.489478597355121,0.01526184956946866,NA,NA,1,0.816,0.811466190596323,0.8204489059071094
PGS003117,Incident T2D in prediabetics,Middle Eastern or North African,1.1970523614813624,0.09500394110134003,NA,NA,1,0.768,0.7331854135078312,0.799514074030117
PGS003117,Prediabetes,Middle Eastern or North African,0.6015025906488275,0.035715011914969716,NA,NA,1,0.6459999999999999,0.6298331672980807,0.6618398512525603
PGS003117,Type 2 diabetes,European,1.2540491423061124,0.01331593574818939,NA,NA,1,0.7780000000000001,0.7734595588543473,0.7824750323058798
PGS003118,Incident T2D in prediabetics,Middle Eastern or North African,1.2367626271489272,0.09711148679784468,NA,NA,1,0.775,0.7400876397453808,0.8064492381209606
PGS003118,Prediabetes,Middle Eastern or North African,0.6015025906488275,0.035715011914969716,NA,NA,1,0.6459999999999999,0.6298331672980807,0.6618398512525603
PGS003118,Type 2 diabetes,European,1.3009807774073552,0.013674499501689018,NA,NA,1,0.7859999999999999,0.7814572431834347,0.7904736468165973
PGS003119,Incident T2D in prediabetics,Middle Eastern or North African,1.1308731508863312,0.09733070416817854,NA,NA,1,0.756,0.7191208605243359,0.7894546516251486
PGS003119,Prediabetes,Middle Eastern or North African,0.6102595207541777,0.03580727896308755,NA,NA,1,0.648,0.6318303887992948,0.6638372926680927
PGS003119,Type 2 diabetes,European,0.5710264960446539,0.012172680174616606,NA,NA,1,0.639,0.6334783060778046,0.6444851932386882
PGS003120,Prediabetes,Middle Eastern or North African,0.6058782375676038,0.03576092891143237,NA,NA,1,0.6469999999999999,0.6308317808219358,0.6628385740871076
PGS003120,Type 2 diabetes,European,0.41798091603999493,0.012788305173115336,NA,NA,1,0.603,0.5969844304057113,0.60898459036663255
PGS003121,Prediabetes,Middle Eastern or North African,0.6058782375676038,0.03576092891143237,NA,NA,1,0.6469999999999999,0.6308317808219358,0.6628385740871076
PGS003121,Type 2 diabetes,European,0.41798091603999493,0.012788305173115336,NA,NA,1,0.603,0.5969844304057113,0.60898459036663255
PGS003122,Type 2 diabetes,European,0.18855667693894732,0.011322894152085173,NA,NA,1,0.547,0.5414952900820502,0.5524932388132663
PGS003123,Incident T2D in prediabetics,Middle Eastern or North African,1.1472048439049751,0.09816754229310934,NA,NA,1,0.759,0.7220787612829443,0.7924263295335873
PGS003123,Prediabetes,Middle Eastern or North African,0.5927679952523233,0.035624465616125534,NA,NA,1,0.644,0.6278359238545851,0.6598423930101679
PGS003123,Type 2 diabetes,European,0.6102595207541777,0.013421749773013655,NA,NA,1,0.648,0.6419764584547556,0.6539768222490306
PGS003124,Thinness,European,0.10008345855698263,0.06452692892011504,NA,NA,1,0.525,0.4934030523047886,0.5563980340033545
PGS003125,Thinness,European,0.1281751934239978,0.0594952419501058,NA,NA,1,0.532,0.5028910975796936,0.5608927119102739
PGS003126,Thinness,European,0.06402185876493102,0.052136327397866264,NA,NA,1,0.516,0.4904598222514963,0.5414568702986544
PGS003127,Thinness,European,-0.15229366908004557,0.018476106912516662,NA,NA,1,0.462,0.4530123495136896,0.4710124176815179
PGS003128,Thinness,European,0.056014641554671306,0.05316381427019405,NA,NA,1,0.5139999999999999,0.48795572180613295,0.5399684697943035
PGS003129,Thinness,European,0.12014431184206341,0.026632578618335328,NA,NA,1,0.53,0.5169795828247371,0.5429797103322266
PGS003130,Thinness,European,0.10810516004942952,0.02969007531563308,NA,NA,1,0.527,0.5124755632166973,0.5414788796631105
PGS003131,Thinness,European,0.08404944434245186,0.02760882913838688,NA,NA,1,0.521,0.5074834759424144,0.5344858466051869
PGS003132,Thinness,European,-0.04000533461369925,0.029610841019462153,NA,NA,1,0.49,0.475508969130973,0.5045078563026825
PGS003133,Thinness,European,0.14827104042263065,0.027705541399380005,NA,NA,1,0.537,0.523474773803852,0.5504709985480216
PGS003204,Sleep Apnea,European,-0.04000533461369925,0.017354878284575694,NA,NA,1,0.49,0.4815032206805971,0.49850256118303
PGS003205,Sleep Apnea,European,0,0.018369330997960325,NA,NA,1,0.5,0.49099999999999994,0.509
PGS003206,Sleep Apnea,European,-0.04000533461369925,0.019398648556171013,NA,NA,1,0.49,0.4805032191832594,0.49950400430179337
PGS003207,Sleep Apnea,European,-0.03200273108617383,0.01735251635160132,NA,NA,1,0.49200000000000005,0.48350257482615394,0.500502050072016
PGS003208,Sleep Apnea,European,0.020000666706669435,0.017350710601474955,NA,NA,1,0.505,0.4964983757299221,0.513498733859355
PGS003209,Sleep Apnea,European,0.056014641554671306,0.01736321966250989,NA,NA,1,0.5139999999999999,0.5054954614533756,0.5224964392677204
PGS003210,Sleep Apnea,European,0.07603661306012756,0.01839590905790995,NA,NA,1,0.519,0.5099938266420373,0.5279938435363659
PGS003211,Sleep Apnea,European,0.06001800972625295,0.019408751647306013,NA,NA,1,0.515,0.5054939930010846,0.5244951659083044
PGS003212,Sleep Apnea,European,-0.01600034134644119,0.01735001618230124,NA,NA,1,0.496,0.48750101124535494,0.5045013009813936
PGS003213,Sleep Apnea,European,0.10810516004942952,0.019444741833849595,NA,NA,1,0.527,0.5174912261793619,0.5364892269447941
PGS003214,Sleep Apnea,European,0,0.02449459765740106,NA,NA,1,0.5,0.48799995197214374,0.5120000480278563
PGS003215,Sleep Apnea,European,-0.044007100728832405,0.02450637206885917,NA,NA,1,0.489,0.477006332374184,0.5010063457726517
PGS003216,Sleep Apnea,European,-0.012000144003110521,0.024495382265881466,NA,NA,1,0.49700000000000005,0.4850017275644745,0.5090017285601611
PGS003217,Sleep Apnea,European,-0.06001800972625304,0.020429283635283957,NA,NA,1,0.48500000000000004,0.47500599819693384,0.49500601262579347
PGS003218,Sleep Apnea,European,0,0.024494499584877875,NA,NA,1,0.5,0.48799999999999993,0.512
PGS003319,Insomnia,European,-0.008000042667076265,0.02449489187968637,NA,NA,1,0.498,0.4860011517972093,0.510001152239719
PGS003320,Insomnia,European,-0.024001152099543014,0.02245583866390967,NA,NA,1,0.494,0.4830029028847185,0.5050029059529693
PGS003321,Insomnia,European,-0.028001829548493087,0.024499306062958418,NA,NA,1,0.493,0.4810040300804452,0.5050040355031424
PGS003322,Insomnia,European,-0.03200273108617383,0.023478814899634874,NA,NA,1,0.49200000000000005,0.48050458647485994,0.5035038791706308
PGS003323,Insomnia,European,-0.004000005333346128,0.024494597657401068,NA,NA,1,0.49899999999999994,0.4870005759469956,0.5110005760576204
PGS003324,Insomnia,European,0.028001829548493135,0.0224570075396235,NA,NA,1,0.507,0.4959966092465242,0.5179966134231894
PGS003325,Insomnia,European,0.09607383008962224,0.02352554135772695,NA,NA,1,0.524,0.5124883443959632,0.5354862097209455
PGS003326,Insomnia,European,0.08805685539118287,0.023521200026968513,NA,NA,1,0.522,0.5104872875279253,0.5334893870883669
PGS003327,Insomnia,European,0.040005334613699206,0.022461594305050507,NA,NA,1,0.51,0.49899515379676557,0.5209951623240543
PGS003328,Insomnia,European,0.09607383008962224,0.023530073152134477,NA,NA,1,0.524,0.5124861252017325,0.5354884191142637
PGS003332,Incident venous thromboembolism in individuals with inflammatory bowel disease,European,0.7537718023763803,0.07049613230832084,NA,NA,1,0.68,0.6492170365153114,0.7092912286680364
PGS003332,Prevalent VTE,European,0.6811709895132297,0.011434853962289564,NA,NA,1,0.6639999999999999,0.6589814870755438,0.668981757275282
PGS003353,Incident T2D in prediabetics,Middle Eastern or North African,1.180290319682377,0.09991627193260941,NA,NA,1,0.765,0.7279911772666589,0.7983681323864649
PGS003353,Prediabetes,Middle Eastern or North African,0.6234377200061422,0.035948956792086706,NA,NA,1,0.651,0.634826178831653,0.6668334224136622
PGS003354,Non-monogenic idiopathic nephrotic syndrome,European,0.5666940715190188,0.2136405904200691,NA,NA,1,0.638,0.5369222954186291,0.7281842438574616
PGS003380,breast cancer,European,0.8283219589281977,0.013297524622646896,NA,NA,1,0.696,0.69045745517463,0.7014862089814179
PGS003381,uterine endometrial carcinoma,European,1.1581698059301753,0.0387889556436183,NA,NA,1,0.761,0.7468993975385292,0.7745521562823215
PGS003382,skin cutaneous melanoma,European,0.7629782750632855,0.021091762179468926,NA,NA,1,0.682,0.6729677064995931,0.6908974122314998
PGS003383,prostate adenocarcinoma,European,1.4696224926932235,0.020582002716389755,NA,NA,1,0.8129999999999998,0.8067893821357145,0.8190557556960322
PGS003384,glioblastoma,European,1.1417456594856852,0.0947388908908661,NA,NA,1,0.758,0.7223317436234419,0.7904158525875978
PGS003385,ovarian serous carcinoma,European,0.9296289429563827,0.0749349309585921,NA,NA,1,0.717,0.6862738938311326,0.7458313364341028
PGS003386,colorectal cancer,European,0.9643905266685663,0.021644010975837246,NA,NA,1,0.724,0.7154429834884151,0.7323959436949318
PGS003387,esophageal adenocarcinoma,European,1.5095870525872432,0.07940606732888245,NA,NA,1,0.819,0.794774843926758,0.8409378759200186
PGS003388,esophageal adenocarcinoma,European,1.4762136922893387,0.07844002854052932,NA,NA,1,0.8139999999999998,0.7895925620306015,0.8361636314350858
PGS003389,cervical cancer,European,0.25334643304410004,0.031568227851101624,NA,NA,1,0.563,0.5477224663416448,0.5781589288009686
PGS003390,head and neck squamous cell carcinoma,European,0.7172447321390061,0.051484543879419135,NA,NA,1,0.672,0.6493845492647755,0.6938444381749207
PGS003391,lung cancer,European,0.9895549111289571,0.032760455120034136,NA,NA,1,0.729,0.7161298152626543,0.7414973041457837
PGS003392,lung squamous cell carcinoma,European,1.2540491423061124,0.07050887090670006,NA,NA,1,0.7780000000000001,0.7532184492023303,0.8009506465770014
PGS003393,lung adenocarcinoma,European,1.0616199598225393,0.0507528822442665,NA,NA,1,0.743,0.7235509263614059,0.7615317357093025
PGS003394,Epithelial non-mucinous ovarian cancer,East Asian,0.1683968173254614,0.027579060754948606,NA,NA,1,0.542,0.5285543612176374,0.5553847403780907
PGS003394,Epithelial non-mucinous ovarian cancer,European,0.38467433843909055,0.048603352701057576,NA,NA,1,0.595,0.5718521176943767,0.6177329768107886
PGS003395,Incident colorectal cancer,East Asian,0.6015025906488275,0.05612009067794913,NA,NA,1,0.6459999999999999,0.6204614288593001,0.6707320715327584
PGS003395,Incident colorectal cancer,European,0.4389130421757044,0.04638801803289799,NA,NA,1,0.608,0.58613068740494,0.6294442910649074
PGS003396,Occurrence of breast cancer,East Asian,0.32277339226305085,0.05258932684356546,NA,NA,1,0.58,0.5547047170844132,0.6048818875881541
PGS003397,Occurrence of breast cancer,East Asian,0.4054651081081642,0.04254460026929973,NA,NA,1,0.6,0.5798305178878208,0.6198360792409899
PGS003398,Occurrence of breast cancer,East Asian,0.4895482253187058,0.043341591019234106,NA,NA,1,0.62,0.5997920457109063,0.6398003569630325
PGS003399,Occurrence of breast cancer,East Asian,0.4895482253187058,0.043341591019234106,NA,NA,1,0.62,0.5997920457109063,0.6398003569630325
PGS003402,Prediabetes,Middle Eastern or North African,0.5927679952523233,0.035624465616125534,NA,NA,1,0.644,0.6278359238545851,0.6598423930101679
PGS003403,LDL-c blood concentration,European,0.5035788291168094,0.014128259954736338,NA,NA,1,0.6233,0.6167762844006208,0.6297793215380788
PGS003404,LDL-c blood concentration,European,0.4355576496011092,0.01497256392197635,NA,NA,1,0.6072,0.600179102514385,0.6141768648701755
PGS003405,LDL-c blood concentration,European,0.8005868498328539,0.014312820125652848,NA,NA,1,0.6901,0.684068733735885,0.6960672834003154
PGS003414,Isolated REM sleep behavior disorder,European,0.4641575586823115,0.08530298584860739,NA,NA,1,0.614,0.5737001023719822,0.6527958273405549
PGS003414,Probabable REM sleep behavior disorder,European,0.19259310711578442,0.08774609961600562,NA,NA,1,0.548,0.5051525055683698,0.5901475714932425
PGS003414,Probabable REM sleep behavior disorder (with Parkinson disease),European,0.39298055144591904,0.0786361133211662,NA,NA,1,0.597,0.5594311594345368,0.6334642102523778
PGS003420,Ankylosing spondylitis,East Asian,1.3165071480073893,0.12348447664968668,NA,NA,1,0.7886,0.745447493574406,0.826143281868898
PGS003421,Ankylosing spondylitis,East Asian,1.3105190573971865,0.12324543703695516,NA,NA,1,0.7875999999999999,0.7443987058933119,0.8252139618976571
PGS003422,Ankylosing spondylitis,East Asian,1.3105190573971865,0.12324543703695516,NA,NA,1,0.7875999999999999,0.7443987058933119,0.8252139618976571
PGS003423,Ankylosing spondylitis,East Asian,1.239057982932486,0.12047144143371742,NA,NA,1,0.7754,0.7316350385248913,0.8138437482897446
PGS003424,Ankylosing spondylitis,East Asian,1.1554226948483772,0.11740513893958882,NA,NA,1,0.7605,0.7161225381973351,0.7998787574180178
PGS003429,Abdominal aortic aneurysm,European,0.8856902914254378,0.041990308754637586,NA,NA,1,0.708,0.6906990151192666,0.7247189395940226
PGS003430,Melanoma,European,0.5494156210358597,0.047623949903091996,NA,NA,1,0.634,0.6120820939878788,0.65537677102232
PGS003431,Colorectal cancer,European,0.876752297874891,0.01748232061735247,3.3022075743739485,69.71722771880609,2,0.7061487656548674,0.6989887376381437,0.7132083595121991
PGS003432,Colorectal cancer,European,0.9367406560987497,0.016786221840536276,1.7175714259883939,41.77825825062618,2,0.7184408152266099,0.7117379146380902,0.7250480654524502
PGS003433,Colorectal cancer,European,0.9313940100467919,0.015674439246795735,2.1369972002856303,53.20536686401178,2,0.7173580143089511,0.7110876016713316,0.7235452456851702
PGS003434,Colorectal cancer,European,0.8657904898597029,0.018392205925823565,1.8196793719627682,45.0452637202033,2,0.70386903221391,0.6963003248858058,0.7113273148687065
PGS003435,Colorectal cancer,European,0.8727788439562033,0.016378344040380532,1.582050272766628,36.79088350010276,2,0.7053235884567496,0.6986078418512465,0.7119513925186657
PGS003436,Colorectal cancer,European,0.8485526080398589,0.016247241180428498,0.06213610022393694,0,2,0.7002634308646438,0.6935370966526143,0.7069045240861949
PGS003437,Thyroid cancer,European,0.5753641449035619,0.05509744881801006,NA,NA,1,0.64,0.6147618269472657,0.6644871190531536
PGS003439,10 year colorectal cancer risk,European,0.9444616088408513,0.05068129969272555,NA,NA,1,0.72,0.6995437662496878,0.739581966655253
PGS003439,5 year colorectal cancer risk,European,0.9946225751440619,0.06563659767437352,NA,NA,1,0.7299999999999999,0.7039074570085347,0.7545948207577038
PGS003443,Incident T2D in prediabetics,Middle Eastern or North African,1.1581698059301753,0.09303783432573119,NA,NA,1,0.761,0.7262771614296158,0.792576093464372
PGS003443,Incident type 2 diabetes,East Asian,0.6102595207541777,0.09083328340143469,NA,NA,1,0.648,0.6064051593070334,0.687464634737184
PGS003443,Incident type 2 diabetes,South Asian,0.69464755593518,0.09453972391323243,NA,NA,1,0.667,0.6246540159114248,0.7068109095723937
PGS003443,Prediabetes,Middle Eastern or North African,0.6102595207541777,0.03580727896308755,NA,NA,1,0.648,0.6318303887992948,0.6638372926680927
PGS003443,Type 2 diabetes,East Asian,1.0355993208393754,0.14253775810387873,NA,NA,1,0.738,0.6805336483932264,0.7883441834024904
PGS003443,Type 2 diabetes,European,0.9997020801479394,0.012974262026998548,NA,NA,1,0.7310000000000001,0.725970283359355,0.7359709734834933
PGS003443,Type 2 diabetes,Hispanic or Latin American,1.265666373331276,0.019298914872789733,NA,NA,1,0.78,0.773440387814946,0.786422135710634
PGS003443,Type 2 diabetes,South Asian,1.0773913331852243,0.03912660012237768,NA,NA,1,0.746,0.7311968130748969,0.7602552596568575
PGS003443,type 2 diabetes,Hispanic or Latin American,1.0853230565494272,0.08166370575646392,NA,NA,1,0.7475,0.7161130994496737,0.776499772877453
PGS003444,Incident type 2 diabetes,East Asian,0.6102595207541777,0.09083328340143469,NA,NA,1,0.648,0.6064051593070334,0.687464634737184
PGS003444,Incident type 2 diabetes,South Asian,0.69464755593518,0.09453972391323243,NA,NA,1,0.667,0.6246540159114248,0.7068109095723937
PGS003444,Prediabetes,Middle Eastern or North African,0.6146464932382243,0.03585406498499541,NA,NA,1,0.649,0.6328289911684167,0.6648360069481329
PGS003444,Type 2 diabetes,East Asian,1.0355993208393754,0.14253775810387873,NA,NA,1,0.738,0.6805336483932264,0.7883441834024904
PGS003444,Type 2 diabetes,European,0.9997020801479394,0.012974262026998548,NA,NA,1,0.7310000000000001,0.725970283359355,0.7359709734834933
PGS003444,Type 2 diabetes,Hispanic or Latin American,1.265666373331276,0.019298914872789733,NA,NA,1,0.78,0.773440387814946,0.786422135710634
PGS003444,Type 2 diabetes,South Asian,1.0773913331852243,0.03912660012237768,NA,NA,1,0.746,0.7311968130748969,0.7602552596568575
PGS003444,type 2 diabetes,Hispanic or Latin American,1.0853230565494272,0.08166370575646392,NA,NA,1,0.7475,0.7161130994496737,0.776499772877453
PGS003445,Incident type 2 diabetes,East Asian,0.6102595207541777,0.09083328340143469,NA,NA,1,0.648,0.6064051593070334,0.687464634737184
PGS003445,Incident type 2 diabetes,South Asian,0.69464755593518,0.09453972391323243,NA,NA,1,0.667,0.6246540159114248,0.7068109095723937
PGS003445,Type 2 diabetes,East Asian,1.0355993208393754,0.14253775810387873,NA,NA,1,0.738,0.6805336483932264,0.7883441834024904
PGS003445,Type 2 diabetes,European,0.9997020801479394,0.012974262026998548,NA,NA,1,0.7310000000000001,0.725970283359355,0.7359709734834933
PGS003445,Type 2 diabetes,Hispanic or Latin American,1.265666373331276,0.019298914872789733,NA,NA,1,0.78,0.773440387814946,0.786422135710634
PGS003445,Type 2 diabetes,South Asian,1.0773913331852243,0.03912660012237768,NA,NA,1,0.746,0.7311968130748969,0.7602552596568575
PGS003445,type 2 diabetes,Hispanic or Latin American,1.0853230565494272,0.08166370575646392,NA,NA,1,0.7475,0.7161130994496737,0.776499772877453
PGS003446,Coronary heart disease,Hispanic or Latin American,1.051540815487464,0.012216180125367224,15.096185379957266,86.75162003074406,3,0.7410706682621371,0.7364497788924582,0.745638521576728
PGS003447,Adenomyosis,European,0.08004270767353656,0.027073281207807033,NA,NA,1,0.52,0.5067443600464225,0.5332275406720679
PGS003447,Endometriosis,European,0.2818511521409875,0.02245073993632204,NA,NA,1,0.57,0.5591831812541416,0.5807503972290968
PGS003447,Endometriosis - other subtype,European,0.2006706954621514,0.03854848705980228,NA,NA,1,0.55,0.5312381758194572,0.5686206695429314
PGS003447,Infiltrating endometriosis,European,0.2006706954621514,0.11687237210459013,NA,NA,1,0.55,0.4929006886678215,0.6058117112210701
PGS003447,Ovarian endometriosis,European,0.4054651081081642,0.03679619799352054,NA,NA,1,0.6,0.5825729365947822,0.6171776007901187
PGS003447,Peritoneal endometriosis,European,0.24116205681688824,0.04454546879716265,NA,NA,1,0.56,0.538387542598039,0.5813873438992194
PGS003458,Paradoxical eczema in biologic-treated  psoriasis,European,0.33510096455169075,0.132692371787837,NA,NA,1,0.583,0.5187471864377025,0.6445523384152649
PGS003459,Paradoxical eczema in biologic-treated  psoriasis,European,0.34333332700115804,0.13291964653652832,NA,NA,1,0.585,0.5206908820942244,0.6465379640726817
PGS003486,Paradoxical eczema in biologic-treated  psoriasis,European,0.26962157572526196,0.1309459736980534,NA,NA,1,0.5669999999999998,0.5032418213919676,0.6286140563437609
PGS003725,Coronary heart disease,Hispanic or Latin American,1.0669870256338694,0.01168201208895529,13.0515150128099,84.67610849746544,3,0.7440235092691477,0.739638457356095,0.7483598339818395
PGS003728,Incident T2D in prediabetics,Middle Eastern or North African,1.1581698059301753,0.09873910294985741,NA,NA,1,0.761,0.7240500805718557,0.7944071649000257
PGS003728,Prediabetes,Middle Eastern or North African,0.6146464932382243,0.03585406498499541,NA,NA,1,0.649,0.6328289911684167,0.6648360069481329
PGS003729,Incident T2D in prediabetics,Middle Eastern or North African,1.2482685789075287,0.091753916660227,NA,NA,1,0.777,0.7442984023163899,0.8066060769468066
PGS003729,Prediabetes,Middle Eastern or North African,0.6190392084062236,0.035901289930568674,NA,NA,1,0.65,0.6338275878668961,0.6658347168794098
PGS003730,Incident T2D in prediabetics,Middle Eastern or North African,1.1914483478015556,0.08891833787399088,NA,NA,1,0.767,0.7344206723429352,0.7966891177722191
PGS003730,Prediabetes,Middle Eastern or North African,0.6190392084062236,0.035901289930568674,NA,NA,1,0.65,0.6338275878668961,0.6658347168794098
PGS003731,Incident T2D in prediabetics,Middle Eastern or North African,1.1747359841409104,0.09386393357155323,NA,NA,1,0.764,0.7292385384889012,0.7955498440831416
PGS003731,Prediabetes,Middle Eastern or North African,0.6102595207541777,0.03580727896308755,NA,NA,1,0.648,0.6318303887992948,0.6638372926680927
PGS003732,Incident T2D in prediabetics,Middle Eastern or North African,1.1581698059301753,0.09303783432573119,NA,NA,1,0.761,0.7262771614296158,0.792576093464372
PGS003732,Prediabetes,Middle Eastern or North African,0.6102595207541777,0.03580727896308755,NA,NA,1,0.648,0.6318303887992948,0.6638372926680927
PGS003733,Incident T2D in prediabetics,Middle Eastern or North African,1.180290319682377,0.09414473637707896,NA,NA,1,0.765,0.7302254351259998,0.7965409854361132
PGS003733,Prediabetes,Middle Eastern or North African,0.6190392084062236,0.035901289930568674,NA,NA,1,0.65,0.6338275878668961,0.6658347168794098
PGS003734,Incident T2D in prediabetics,Middle Eastern or North African,1.1146768911719165,0.0965176829274889,NA,NA,1,0.753,0.7161618957520549,0.786482478918089
PGS003734,Prediabetes,Middle Eastern or North African,0.5971325273203568,0.03566952509648743,NA,NA,1,0.645,0.6288345482888161,0.6608411242114037
PGS003735,Incident T2D in prediabetics,Middle Eastern or North African,1.1200608320755931,0.09120120592969262,NA,NA,1,0.754,0.719363482399403,0.7856355148903955
PGS003735,Prediabetes,Middle Eastern or North African,0.6015025906488275,0.035715011914969716,NA,NA,1,0.6459999999999999,0.6298331672980807,0.6618398512525603
PGS003749,Discrimination of Type 1 diabetes from Type 2 diabetes,European,1.037108131364644,0.03707037730710158,55.78856561366416,98.20751799405456,2,0.7382916327881667,0.724011922374415,0.7520854972496234
PGS003749,Type 1 diabetes with age of diagnosis under 25,European,1.367648699748428,0.11770211743514451,NA,NA,1,0.797,0.7571196841576285,0.8317869279405035
PGS003750,Type 1 diabetes,European,0.5753641449035619,0.04227247039150269,NA,NA,1,0.64,0.6206975699227113,0.6588600153392
PGS003751,Discrimination of Type 1 diabetes from Type 2 diabetes,European,0.10810516004942952,0.040788868968177766,NA,NA,1,0.527,0.5070392790873192,0.5468747798827985
PGS003751,Incident T2D in prediabetics,Middle Eastern or North African,1.1254595387042978,0.0970570933425376,NA,NA,1,0.7549999999999999,0.7181346548794435,0.788463981548527
PGS003751,Prediabetes,Middle Eastern or North African,0.5971325273203568,0.03566952509648743,NA,NA,1,0.645,0.6288345482888161,0.6608411242114037
PGS003751,Type 2 diabetes with age of diagnosis over 45,European,0.3888257891041995,0.0227021145818175,NA,NA,1,0.596,0.5852418604841252,0.6066666359019219
PGS003752,Incident T2D in prediabetics,Middle Eastern or North African,1.1254595387042978,0.0970570933425376,NA,NA,1,0.7549999999999999,0.7181346548794435,0.788463981548527
PGS003752,Prediabetes,Middle Eastern or North African,0.5971325273203568,0.03566952509648743,NA,NA,1,0.645,0.6288345482888161,0.6608411242114037
PGS003752,Type 2 diabetes,European,0.3145685546363655,0.015994833533303308,NA,NA,1,0.578,0.5703351491664922,0.5856274597593597
PGS003755,Class III/IV lupus nephritis in anti-sm positive systemic lupus erythematosus,East Asian,0.3309890152066814,0.18243712907311188,NA,NA,1,0.582,0.49335345209320153,0.6656478032866116
PGS003755,Class V lupus nephritis in anti-sm positive systemic lupus erythematosus,East Asian,0.758371203364668,0.18848828314132715,NA,NA,1,0.681,0.5960260957306698,0.7554341904674652
PGS003850,Colorectal cancer,African,0.32277339226305085,0.03132737764911307,NA,NA,1,0.58,0.5649734639818013,0.5948796788554658
PGS003850,Colorectal cancer,European,0.44731221804366483,0.021449774798607543,NA,NA,1,0.61,0.5999533314119376,0.6199541868245492
PGS003850,Colorectal cancer,Hispanic or Latin American,0.3639653772014115,0.03153417244060631,NA,NA,1,0.59,0.5749700704700287,0.6048636953306843
PGS003851,Colorectal cancer,African,0.1534090568635508,0.10987255243185134,0.07768571331212637,0,2,0.5382772245470867,0.4845196626658371,0.5911591378302532
PGS003851,Colorectal cancer,East Asian,0.409633517645344,0.1349176837839755,NA,NA,1,0.601,0.5362350790868885,0.662414387405723
PGS003851,Colorectal cancer,European,0.5985574805452192,0.0228329482313729,2.329269239104188,57.06808027119315,2,0.6453262112082871,0.6350179059852346,0.6555013202152782
PGS003851,Colorectal cancer,Hispanic or Latin American,0.3830517071390756,0.09852981991028066,0.13886513648566762,0,2,0.5946089262242725,0.547341082800041,0.6401856835705992
PGS003852,Colorectal cancer,African,0.3639653772014115,0.04220945558741769,NA,NA,1,0.59,0.5698489364236012,0.6098533704168061
PGS003852,Colorectal cancer,European,0.6190392084062236,0.02243114094558734,NA,NA,1,0.65,0.6399331875663794,0.6599349270961022
PGS003852,Colorectal cancer,Hispanic or Latin American,0.4895482253187058,0.03233461878549592,NA,NA,1,0.62,0.6049592968994835,0.6348137330222169
PGS003857,BMI adjusted obstructive sleep apnea,European,1.2083112059245342,0.04261583792427712,NA,NA,1,0.77,0.7548750509747254,0.7844581692436979
PGS003857,BMI unadjusted obstructive sleep apnea,European,0.6632942174102643,0.033882885974725545,NA,NA,1,0.66,0.6449430366544151,0.6747404619616931
PGS003858,BMI adjusted obstructive sleep apnea,European,1.2083112059245342,0.04394028183806459,NA,NA,1,0.77,0.7543943893765699,0.7848967708119541
PGS003858,BMI unadjusted obstructive sleep apnea,European,0.4895482253187058,0.03266630787242272,NA,NA,1,0.62,0.6048039205638716,0.6349644318686655
PGS003860,High myopia (HM5),East Asian,0.6102595207541777,0.10440136247680601,NA,NA,1,0.648,0.600040257450572,0.6931497435047309
PGS003860,High myopia (HM5),European,0.43002202899032804,0.024528581569960958,148.25017659984468,99.32546454720308,2,0.6058789287389738,0.594342370796873,0.6172986562381456
PGS003860,High myopia (HM5),South Asian,0.8236000689573804,0.07480890788864693,NA,NA,1,0.6950000000000001,0.6630631274457677,0.7251644481052439
PGS003860,High myopia (HM6),East Asian,0.7172447321390061,0.12221546660986511,NA,NA,1,0.672,0.6172051875616629,0.722478057408507
PGS003860,High myopia (HM6),European,1.2745349970463724,0.06075116389272125,0.5510522907658281,0,3,0.7815180761705133,0.7605072893331583,0.801167500192305
PGS003860,High myopia (HM6),South Asian,0.8760354701545602,0.0924660089801995,NA,NA,1,0.706,0.6670343233969293,0.7421682727098434
PGS003860,Low myopia,East Asian,0.632252349329572,0.0767411235010973,NA,NA,1,0.6529999999999999,0.6181822100850548,0.6862541875702636
PGS003860,Low myopia,European,0.9490784462653113,0.029662487669133215,5.316874626450441,62.383916482619696,3,0.7209298083628947,0.7090841113724755,0.7324751433205449
PGS003860,Low myopia,South Asian,0.6058782375676038,0.03690351301340401,NA,NA,1,0.6469999999999999,0.63031009479816,0.6633388750943907
PGS003860,Moderate hyperopia,East Asian,0.44731221804366483,0.4492796035346875,NA,NA,1,0.61,0.39334437150936136,0.7904930979122166
PGS003860,Moderate hyperopia,European,1.0811000153102783,0.058393730219601744,0.9037587865680003,0,3,0.7467020945730317,0.7244509298676444,0.7677325153446602
PGS003860,Moderate hyperopia,South Asian,0.7354495602506349,0.10533625942931052,NA,NA,1,0.676,0.62924762943887,0.7194850302541204
PGS003860,Moderate myopia,East Asian,0.6632942174102643,0.08896571444741888,NA,NA,1,0.66,0.619852312878355,0.6979736355846419
PGS003860,Moderate myopia,European,1.0957812222089496,0.042097634100208683,3.807978736472498,47.478698322441524,3,0.7494687994276715,0.7336595782044661,0.7646406671444381
PGS003860,Moderate myopia,South Asian,0.7814846418176321,0.0521732913041347,NA,NA,1,0.686,0.6635657014501846,0.7075975292425811
PGS003861,Pulmonary embolism,East Asian,1.180290319682377,0.062069510111823954,NA,NA,1,0.765,0.742429429671748,0.7861624035406696
PGS003866,Coronary heart disease,Middle Eastern or North African,1.355332135515924,0.05709792589017604,NA,NA,1,0.795,0.7761587885722097,0.8126381368420807
PGS003867,Incident T2D in prediabetics,Middle Eastern or North African,1.2196389210703356,0.0903006177582205,NA,NA,1,0.772,0.7393609458030458,0.8016482787727107
PGS003867,Incident type 2 diabetes,East Asian,0.5537276453102001,0.09054168379839865,NA,NA,1,0.635,0.5929721795365166,0.6750662119966484
PGS003867,Incident type 2 diabetes,South Asian,0.758371203364668,0.09558595835964231,NA,NA,1,0.681,0.6389991300940674,0.7202535572863723
PGS003867,Prediabetes,Middle Eastern or North African,0.6234377200061422,0.034847668426479225,NA,NA,1,0.651,0.6353264264680145,0.6663536976205151
PGS003867,Type 2 diabetes,European,0.9946225751440619,0.012943907152681329,NA,NA,1,0.7299999999999999,0.7249704835292695,0.7349711644935536
PGS003867,Type 2 diabetes,Hispanic or Latin American,1.242506468328179,0.020551551904717677,NA,NA,1,0.7760000000000001,0.7689204379189964,0.7829238987074219
PGS003867,Type 2 diabetes,Middle Eastern or North African,1.0376690636055985,0.0502525906542299,NA,NA,1,0.7383999999999998,0.7189327762294498,0.7569746747889252
PGS003868,Cardiomyopathy,Middle Eastern or North African,0.5984429631622179,0.08190970364046263,NA,NA,1,0.6453000000000001,0.6077585158383705,0.6811335390968276
PGS003960,Systemic lupus erythematosus,European,1.0028555615976416,0.03125561714059746,429.2202565695457,99.30105815042913,4,0.7316196455418787,0.7194216369335285,0.743476441144691
PGS003972,Abdominal aortic aneurysm,European,0.6877723674178522,0.02393481829472236,11.555889465277504,82.6928078015155,3,0.6654711957186649,0.6549478668235679,0.6758324352644315
PGS003979,Colorectal cancer,European,1.355332135515924,0.012523551506213258,NA,NA,1,0.795,0.7909706144762725,0.7989714534177199
PGS003981,Inflammatory bowel disease,European,0.620897121547334,0.010722126015705104,230.90998313425885,98.70079242167036,4,0.6504225573568226,0.6456292530659185,0.6551856532083639
PGS003981,Inflammatory bowel disease,South Asian,0.6998584077367812,0.04884678039527155,3.2789628473542667,69.50255167401848,2,0.668156378593095,0.6465980377398708,0.6890320849030511
PGS003982,Incident T2D in prediabetics,Middle Eastern or North African,1.1363018100969002,0.097606960946663,NA,NA,1,0.757,0.7201069479668329,0.7904452667295866
PGS003982,Prediabetes,Middle Eastern or North African,0.6058782375676038,0.03462001070237335,NA,NA,1,0.6469999999999999,0.6313524012824081,0.6623386382947567
PGS003982,Type 2 diabetes,European,0.4657737989697087,0.004413603695086914,22.872963617628358,86.88407829369396,4,0.6143829847642276,0.6123314824776522,0.616430431212715
PGS003982,Type 2 diabetes,South Asian,0.291510480485392,0.013646855889131913,13.345298905122993,92.50672459935596,2,0.5723658832829404,0.5658066924218859,0.5788997323623197
PGS003983,Breast cancer,European,0.6031719350857175,0.008059049994089552,10.396402859092861,71.14386542479785,4,0.6463816592549446,0.642762897274841,0.6499837255373265
PGS003983,Breast cancer,South Asian,0.44821586828276316,0.06043927730191177,0.22243764948923087,0,2,0.6102149570101991,0.5816997353358512,0.6379960229918558
PGS003984,Stroke excluding subarachnoid hemorrhage,European,0.15701641370006872,0.006127821808563029,11.077262635997803,72.91749687101492,4,0.5391736537013785,0.5361880832667424,0.5421564160908287
PGS003984,Stroke excluding subarachnoid hemorrhage,South Asian,0.12779016599548443,0.04688454193675062,0.7094995933290408,0,2,0.5319041362310171,0.5089731524363531,0.5547011494406381
PGS003985,Prostate cancer,European,0.7605489132683619,0.008744728190175013,42.71404783514536,92.97654951462694,4,0.6814728969352255,0.6777409141686346,0.6851817364458652
PGS003985,Prostate cancer,South Asian,0.8443328578055513,0.08891121017156474,1.1767390581521808,15.019392526131666,2,0.6993769804633723,0.6615181359062687,0.7346995786421268
PGS003988,Chronic kidney disease or dialysis,European,0.22346210722829002,0.00842958773278174,28.267784094772026,89.38721199390073,4,0.5556342099441548,0.5515511900689883,0.5597097307574622
PGS003988,Chronic kidney disease or dialysis,South Asian,0.16494396386642018,0.02968523067154193,0.9614857580760284,0,2,0.5411427540027474,0.5266649057705162,0.5555514727538872
PGS003990,Gout,European,0.5104716915810155,0.008124199445130494,69.89251478327654,95.70769486646398,4,0.6249170434748894,0.621177299490996,0.6286419397974168
PGS003990,Gout,South Asian,0.5241433806036323,0.05493989593888521,1.2168892237092654,17.823251244526084,2,0.6281161157431122,0.6026361330751804,0.652903290837094
PGS003992,AD,European,0.34871710452563276,0.009513906031255228,40.61716900527221,95.0759739071416,3,0.5863064455758409,0.5817763720105177,0.5908219617864592
PGS003993,Type 1 diabetes,European,0.9443074984761799,0.017452196146132172,114.07269459441024,97.3700980671434,4,0.7199689302971478,0.7130208697344266,0.7268132228414326
PGS003993,Type 1 diabetes,South Asian,-0.027776025646811642,0.05396091467331641,NA,NA,1,0.49305644,0.4666646691392394,0.5194869660874802
PGS003994,Seropositive RA,European,0.4053068216161724,0.010606033011321717,98.41992293917751,96.95183667045343,4,0.5999620106406809,0.5949625660236323,0.6049407214696556
PGS003994,Seropositive RA,South Asian,0.2843879972206872,0.16765137467551872,NA,NA,1,0.57062167,0.4889496254014212,0.6486213495752259
PGS003997,Inflammatory bowel disease,European,0.6376484825076925,0.010791644746830207,236.01216758846897,98.72887909523756,4,0.6542217035997501,0.6494213951247445,0.6589907974706248
PGS003997,Inflammatory bowel disease,South Asian,0.6820695385772352,0.04923787051087416,0.736049074135994,0,2,0.664200440339591,0.6423465172914864,0.6853730774952063
PGS003998,Incident T2D in prediabetics,Middle Eastern or North African,1.1581698059301753,0.09303783432573119,NA,NA,1,0.761,0.7262771614296158,0.792576093464372
PGS003998,Prediabetes,Middle Eastern or North African,0.5971325273203568,0.03566952509648743,NA,NA,1,0.645,0.6288345482888161,0.6608411242114037
PGS003998,Type 2 diabetes,European,0.4171500389742515,0.004409311455641809,20.5974626102767,85.43509918302651,4,0.602801078496029,0.6007300206139797,0.6048684596765078
PGS003998,Type 2 diabetes,South Asian,0.28259099293489015,0.013655625050192632,5.4252332620668176,81.56761282520347,2,0.5701813255796703,0.5636099468317946,0.5767280646611063
PGS003999,Breast cancer,European,0.6071350905858696,0.008041121673315436,3.408177320225865,11.976410904548084,4,0.6472870008543842,0.6436804558252526,0.6508768410351964
PGS003999,Breast cancer,South Asian,0.49165594208891117,0.06274578716533033,0.5168213078865593,0,2,0.6204964523215648,0.5911385794253905,0.6489979934742354
PGS004000,Stroke excluding subarachnoid hemorrhage,European,0.1281185445253233,0.006144065214329804,2.386031308213326,0,4,0.5319858957582397,0.5289865052441621,0.5349829765439051
PGS004000,Stroke excluding subarachnoid hemorrhage,South Asian,0.052051745134873983,0.04454535585841323,0.18835028868848414,0,2,0.5130099989925749,0.49118662486201164,0.5347838829257444
PGS004001,Prostate cancer,European,0.7710221177705577,0.008789329895627512,28.272263528375763,89.38889347508729,4,0.6837419568495516,0.6800050545654732,0.6874552772394097
PGS004001,Prostate cancer,South Asian,0.9417999744823725,0.08698067810867252,0.7166395338653234,0,2,0.7194631004436263,0.6838059011875147,0.7525543212447218
PGS004004,Chronic kidney disease or dialysis,European,0.20733345930425418,0.008431615881133317,36.73131496324443,91.83258208152367,4,0.5516484787813536,0.5475576725280337,0.555732307806586
PGS004004,Chronic kidney disease or dialysis,South Asian,0.16249041265098432,0.029944785019083157,0.2101019871658008,0,2,0.5405334581891036,0.5259263847719027,0.5550712165089591
PGS004006,Gout,European,0.501544661951937,0.008102886565847631,76.14338796046759,96.0600649900717,4,0.6228222637707971,0.6190842161131951,0.6265457570946841
PGS004006,Gout,South Asian,0.5804588107195618,0.05502897284507361,3.7184744481525174,73.1072509992145,2,0.6411729718409708,0.6159994353687065,0.6655921183367772
PGS004008,AD,European,0.48357247719801805,0.009941908614253649,39.94083979922761,94.99259402142395,3,0.6185911076330316,0.6139831198767913,0.6231778481201125
PGS004009,Type 1 diabetes,European,0.9473921046671431,0.017478618050583556,107.64270233129133,97.21300196387962,4,0.7205904068953681,0.7136410504619564,0.7274355285647272
PGS004009,Type 1 diabetes,South Asian,0.04260380295406832,0.053988561943498437,NA,NA,1,0.51064934,0.4842018158072283,0.537037379956314
PGS004010,Seropositive RA,European,0.4054730580489034,0.01061087880435649,50.28754458559998,94.03430804840079,4,0.6000019079842606,0.5950003366789656,0.6049827189594089
PGS004010,Seropositive RA,South Asian,0.39848637009137483,0.15933793398208557,NA,NA,1,0.59832394,0.5215326783582303,0.6705754148221299
PGS004013,Inflammatory bowel disease,European,0.6454055097917863,0.010792835885724213,226.06271258763755,98.67293461815956,4,0.6559743592004298,0.6511848789618119,0.6607323390070667
PGS004013,Inflammatory bowel disease,South Asian,0.7108069978834071,0.0496351167442553,1.294662936403722,22.759818646097063,2,0.6705794523138006,0.6487438371910768,0.6917027351493916
PGS004014,Incident T2D in prediabetics,Middle Eastern or North African,1.1254595387042978,0.0970570933425376,NA,NA,1,0.7549999999999999,0.7181346548794435,0.788463981548527
PGS004014,Prediabetes,Middle Eastern or North African,0.5971325273203568,0.03566952509648743,NA,NA,1,0.645,0.6288345482888161,0.6608411242114037
PGS004014,Type 2 diabetes,European,0.44231107562736327,0.004419673860500053,19.007518694012358,84.21677206638738,4,0.6088095758174487,0.6067445627147734,0.6108706997732418
PGS004014,Type 2 diabetes,South Asian,0.27266983085221863,0.013629404289682377,5.294507139214607,81.11250067842309,2,0.5677482267724377,0.5611809345411204,0.5742917923681453
PGS004015,Stroke excluding subarachnoid hemorrhage,European,0.14578000376993508,0.00614887083052243,6.486176655133531,53.747790732378085,4,0.5363805942966962,0.5333823203974912,0.5393762401865826
PGS004015,Stroke excluding subarachnoid hemorrhage,South Asian,0.16680411301666853,0.04425977558431458,0.7969863652101776,0,2,0.5416046070875377,0.5200030564006412,0.5630508884177239
PGS004016,Chronic kidney disease or dialysis,European,0.22825209908719546,0.008451992487115001,33.522336534300244,91.05074314575184,4,0.5568165647488784,0.5527248075334913,0.5609006269132714
PGS004016,Chronic kidney disease or dialysis,South Asian,0.17261085625468792,0.02956628765951727,1.8386263367920077,45.611569899255514,2,0.5430458895082807,0.528633868884001,0.5573862073161977
PGS004018,Gout,European,0.534301182557147,0.00811686672738449,68.72851640538498,95.63499962329327,4,0.6304857345752137,0.6267717142764454,0.6341843672335463
PGS004018,Gout,South Asian,0.583399419043856,0.055909913058236796,2.7827563739208245,64.06440716939125,2,0.6418492369345714,0.6162865513177658,0.6666301474616603
PGS004020,Type 1 diabetes,European,0.9634060973469477,0.017511184773215668,109.46750514197586,97.25946069921928,4,0.7238032440240397,0.71688944756187,0.730611645722186
PGS004020,Type 1 diabetes,South Asian,0.040105774890736516,0.05426376603397477,NA,NA,1,0.5100251,0.4834432538597761,0.5365503745542629
PGS004021,Seropositive RA,European,0.5077978769131177,0.01064181032872848,43.366094083428024,93.08215308893493,4,0.6242901037003884,0.6193852932572783,0.6291695499982638
PGS004021,Seropositive RA,South Asian,0.803232222632939,0.16036664862964287,NA,NA,1,0.69066546,0.6198504688469437,0.7535341424611508
PGS004023,Inflammatory bowel disease,European,0.6625161433856924,0.010806878411831105,260.7369351934882,98.84941502523463,4,0.6598253784587381,0.6550551003604762,0.6645634687166048
PGS004023,Inflammatory bowel disease,South Asian,0.7347101410184883,0.04948600566532146,2.8547112130978736,64.9701869873268,2,0.675838028370849,0.6542373320869692,0.6967148389309895
PGS004024,Incident T2D in prediabetics,Middle Eastern or North African,1.1747359841409104,0.09961763433118419,NA,NA,1,0.764,0.7270061006589058,0.7973779800951122
PGS004024,Prediabetes,Middle Eastern or North African,0.6058782375676038,0.03576092891143237,NA,NA,1,0.6469999999999999,0.6308317808219358,0.6628385740871076
PGS004024,Type 2 diabetes,European,0.4619381446725606,0.004424515219483717,22.890010944386084,86.893846371289,4,0.6134738570969077,0.6114154960631545,0.6155281710743004
PGS004024,Type 2 diabetes,South Asian,0.30175265593016093,0.013670139814404559,7.468271417148271,86.61002065747303,2,0.5748709121180156,0.5683099694472196,0.5814055858748799
PGS004025,Breast cancer,European,0.637604669170809,0.00806932725730504,8.028354513051166,62.63244236259001,4,0.6542117922695923,0.6506252710211382,0.6577808614295976
PGS004025,Breast cancer,South Asian,0.48367024694373256,0.06230445426671674,0.9267969344790482,0,2,0.6186141747828695,0.5894164445278949,0.6469791566981018
PGS004026,Stroke excluding subarachnoid hemorrhage,European,0.1618991077093539,0.006152041893498971,15.617239703951515,80.79045940979613,4,0.5403865999292258,0.5373903441184233,0.5433799389522508
PGS004026,Stroke excluding subarachnoid hemorrhage,South Asian,0.18829193485728257,0.04534966756640457,1.7333317017147543,42.30763800080978,2,0.5469343984789536,0.5248312021626987,0.5688540619125797
PGS004027,Prostate cancer,European,0.8003738575549167,0.008789614274622614,30.870884981539575,90.28210560923678,4,0.6900544472033329,0.6863577985423834,0.6937269683961713
PGS004027,Prostate cancer,South Asian,0.9291155320832181,0.08924240761490954,0.2429879307360936,0,2,0.7168958116809666,0.6800932585097632,0.7510145661348879
PGS004030,Chronic kidney disease or dialysis,European,0.23163968170702437,0.008434563822100378,48.42035608458026,93.80425869904875,4,0.5576523632076666,0.5535705777020244,0.5617263756468457
PGS004030,Chronic kidney disease or dialysis,South Asian,0.18984966642777099,0.03008408975629316,1.3915568774417888,28.13804335196269,2,0.5473203716446445,0.5326745806765301,0.5618846831103711
PGS004032,Gout,European,0.5047726923479863,0.008049001588018455,83.32416380752558,96.39960383289313,4,0.623580274345807,0.6198700400761502,0.6272760700615702
PGS004032,Gout,South Asian,0.5036874178649509,0.05355775984302328,2.5426429719943764,60.67084482507473,2,0.6233254959828516,0.5983786957427807,0.6476352125218933
PGS004034,AD,European,0.5220526512534954,0.01000745606227155,40.579329935557936,95.0713823930161,3,0.6276276194228975,0.6230321077425055,0.6322001807923772
PGS004035,Type 1 diabetes,European,0.7882618598904414,0.01713070791326588,64.99150895357712,95.38401239130657,4,0.6874579964055115,0.6801988253929446,0.6946263671990722
PGS004035,Type 1 diabetes,South Asian,0.038733361826034755,0.0540062204819679,NA,NA,1,0.50968213,0.4832265888781745,0.5360835498854126
PGS004038,Inflammatory bowel disease,European,0.6733247018791639,0.010819727866577498,271.82416951699895,98.89634538189497,4,0.6622472153682927,0.6574875982273927,0.666974192991352
PGS004038,Inflammatory bowel disease,South Asian,0.7360517670965027,0.049260678416249315,2.923558571472019,65.79510977621709,2,0.6761318837700733,0.6546406155040478,0.6969049749620237
PGS004039,Incident T2D in prediabetics,Middle Eastern or North African,1.1747359841409104,0.09961763433118419,NA,NA,1,0.764,0.7270061006589058,0.7973779800951122
PGS004039,Prediabetes,Middle Eastern or North African,0.6058782375676038,0.03462001070237335,NA,NA,1,0.6469999999999999,0.6313524012824081,0.6623386382947567
PGS004039,Type 2 diabetes,European,0.48134367938383726,0.004429366550713969,28.2804159177739,89.391952336477,4,0.6180651148490717,0.6160136508625319,0.6201123777112678
PGS004039,Type 2 diabetes,South Asian,0.3075554019747466,0.013680187119856331,9.370281526682145,89.32796205586277,2,0.5762884506086382,0.5697281833909354,0.5828219357029465
PGS004040,Breast cancer,European,0.6388267129866372,0.008076311197468804,8.130037378796597,63.09980065006715,4,0.6544881893388007,0.6508998946956798,0.6580589769435856
PGS004040,Breast cancer,South Asian,0.4824098623890718,0.0618259399456779,0.5740366666800232,0,2,0.6183167669779875,0.5893383966129153,0.6464769154733342
PGS004041,Stroke excluding subarachnoid hemorrhage,European,0.16589448095223597,0.006146086558425397,10.765123250343313,72.13222802716795,4,0.541378765061592,0.5383863529823018,0.5443681954543137
PGS004041,Stroke excluding subarachnoid hemorrhage,South Asian,0.1721206623511106,0.04511266192366399,1.7868700571528253,44.03622154856708,2,0.5429242467721682,0.5209127536932502,0.5647693948504718
PGS004042,Prostate cancer,European,0.8116105963182103,0.008832223570727538,35.80762752470502,91.6218967650672,4,0.6924526063806616,0.6887537569745402,0.6961268922285802
PGS004042,Prostate cancer,South Asian,0.9582319331776534,0.08769431091311132,0.06777417285412096,0,2,0.7227676690780411,0.6870473010261868,0.7558597121175287
PGS004045,Chronic kidney disease or dialysis,European,0.23627250837049224,0.008438226353994487,45.53452715896375,93.41159294456529,4,0.5587948641095886,0.554713429775956,0.5628683687306021
PGS004045,Chronic kidney disease or dialysis,South Asian,0.19366035053989394,0.0299743185592138,2.154566150854324,53.586943728625734,2,0.5482643383606458,0.5336766083327961,0.5627695985359672
PGS004047,Gout,European,0.5574696616177339,0.008125913098288456,72.51282970305714,95.86280109011727,4,0.6358668669010793,0.6321712560249706,0.6395465186140994
PGS004047,Gout,South Asian,0.6134357526263219,0.05557244056572726,1.8340738081822625,45.476567216719985,2,0.6487241447686666,0.6235194958911263,0.6731259951942745
PGS004049,Seropositive RA,European,0.5429752288634275,0.010763396048729657,28.84211796696854,89.59854472741651,4,0.632504259966421,0.6275870278801718,0.6373940789896066
PGS004049,Seropositive RA,South Asian,0.874360805354838,0.18043947222875584,NA,NA,1,0.70565228,0.627311304177952,0.7734722204621284
PGS004051,Inflammatory bowel disease,European,0.6725648659852105,0.010828358119997678,272.52920860502627,98.89920056079278,4,0.6620772374887018,0.6573126542877822,0.6668091552863364
PGS004051,Inflammatory bowel disease,South Asian,0.7078204305227322,0.049442494433595933,3.541724828192407,71.76516955693673,2,0.6699193758847461,0.6481490738362372,0.6909848768302591
PGS004052,Incident T2D in prediabetics,Middle Eastern or North African,1.1472048439049751,0.09250035808070979,NA,NA,1,0.759,0.7243023541124919,0.7905933270843696
PGS004052,Prediabetes,Middle Eastern or North African,0.6102595207541777,0.03580727896308755,NA,NA,1,0.648,0.6318303887992948,0.6638372926680927
PGS004052,Type 2 diabetes,European,0.4866574489635645,0.004425420878379468,27.307921077060048,89.01417654044657,4,0.6193186972259018,0.61727162403726,0.6213615375871409
PGS004052,Type 2 diabetes,South Asian,0.3070682083925529,0.013709686835043897,12.08339436700274,91.7241797327182,2,0.5761694832251757,0.5695945749247433,0.5827175337370809
PGS004053,Breast cancer,European,0.6106330423839649,0.008025585384813199,9.341446438452124,67.8850591311949,4,0.6480851940790464,0.6444893050518381,0.6516643698411535
PGS004053,Breast cancer,South Asian,0.46017700010776924,0.06167513211420645,1.0292346086323105,2.840422230958468,2,0.6130561646447642,0.5840189540257941,0.6413113354218367
PGS004054,Stroke excluding subarachnoid hemorrhage,European,0.17218058248955315,0.006137332696333401,10.4054924254714,71.16907228093925,4,0.542939116366216,0.5399524957026193,0.5459226533491098
PGS004054,Stroke excluding subarachnoid hemorrhage,South Asian,0.15350210681232387,0.045023395797188615,3.287309442082498,69.57998577199646,2,0.5383003506201426,0.5163082759391219,0.5601443620996679
PGS004055,Prostate cancer,European,0.7909200070056033,0.008841549140771317,35.16877193643027,91.46970498309499,4,0.688028839782297,0.6842970939737889,0.6917363458875032
PGS004055,Prostate cancer,South Asian,0.9168382767697446,0.087749371165262,0.009701579335006608,0,2,0.7143974450296803,0.6780553988696308,0.7481607820485514
PGS004058,Chronic kidney disease or dialysis,European,0.23636729784641144,0.00843598454639452,44.037028230771845,93.18755120286777,4,0.558818233676632,0.5547379285862373,0.562890610205266
PGS004058,Chronic kidney disease or dialysis,South Asian,0.1924212064465733,0.029865060419745328,4.010406551836285,75.06487217506364,2,0.5479574205406109,0.5334215124793114,0.5624119694589308
PGS004060,Gout,European,0.527175526150539,0.008114412308455079,70.29629935905668,95.7323500278774,4,0.6288241077101347,0.625104444397192,0.6325285604392862
PGS004060,Gout,South Asian,0.5993576238052176,0.055363828905070904,1.151237496549009,13.136950195104315,2,0.6455093269287528,0.6203053592839515,0.6699304980418807
PGS004062,AD,European,0.47040293186380466,0.009787922357141269,40.12767272788391,95.01590831453767,3,0.6154791205245895,0.6109289288851308,0.6200091964533381
PGS004063,Type 1 diabetes,European,0.8578594928763205,0.01698314483934682,95.62866541593102,96.86286534800868,4,0.7022132471485321,0.6952060981171017,0.709126704324867
PGS004063,Type 1 diabetes,South Asian,0.022064775150645595,0.05721133004616191,NA,NA,1,0.50551597,0.47749785240271303,0.5334994852179195
PGS004064,Seropositive RA,European,0.555240473289952,0.010728884667977038,40.270012906658835,92.55028796004201,4,0.6353505640418299,0.6304649243927187,0.6402084722881453
PGS004064,Seropositive RA,South Asian,0.7842408793443945,0.15220911515771648,NA,NA,1,0.6865934,0.6191426996905823,0.7469801646249021
PGS004067,Inflammatory bowel disease,European,0.6759314314515786,0.010805722718508675,268.60940533435445,98.88313665105444,4,0.6628300309750214,0.6580805629792885,0.6675468546194676
PGS004067,Inflammatory bowel disease,South Asian,0.6818774685218986,0.050089001129601775,3.057000398480322,67.28819530095207,2,0.664157600026253,0.6419190268001305,0.6856913017825156
PGS004068,Incident T2D in prediabetics,Middle Eastern or North African,1.1526795099383855,0.09276779235227538,NA,NA,1,0.7599999999999999,0.7252898122797764,0.791584736467095
PGS004068,Prediabetes,Middle Eastern or North African,0.6102595207541777,0.03580727896308755,NA,NA,1,0.648,0.6318303887992948,0.6638372926680927
PGS004068,Type 2 diabetes,European,0.4894061263312644,0.004424720743902525,27.39730532833045,89.05001800707086,4,0.6199665209077337,0.617921106150441,0.6220076839998432
PGS004068,Type 2 diabetes,South Asian,0.30798929947997244,0.013699267466289619,12.673711134839063,92.1096513139622,2,0.5763943962242297,0.5698253779181746,0.5829365221389323
PGS004069,Breast cancer,European,0.6220853074891047,0.008054639289802261,8.162197921019644,63.2451941373013,4,0.6506926705143116,0.6470959130244941,0.6542723556075102
PGS004069,Breast cancer,South Asian,0.477851910050962,0.06058692754977355,0.18330701153841433,0,2,0.6172405064731935,0.5888229229183461,0.6448785791301691
PGS004070,Stroke excluding subarachnoid hemorrhage,European,0.17439580047628556,0.006138217762139221,11.570394928503328,74.07175797768502,4,0.5434887840066052,0.5405022845062506,0.54647216004899
PGS004070,Stroke excluding subarachnoid hemorrhage,South Asian,0.15754784240849393,0.04528146022166924,3.383318424648227,70.44321951150746,2,0.5393056926093038,0.5171922648351278,0.5612654742332671
PGS004071,Prostate cancer,European,0.7950141661343023,0.008817633245218838,30.71614052170124,90.23314795073141,4,0.6889069539882915,0.6851910170786827,0.6925987069038442
PGS004071,Prostate cancer,South Asian,0.8753057890819188,0.08834154440097586,0.17455812995905493,0,2,0.7058485217152066,0.6686656918813485,0.7404781479575706
PGS004074,Chronic kidney disease or dialysis,European,0.23616910313718367,0.008438239778101476,46.04989547719606,93.48532723274997,4,0.5587693701012261,0.5546878813737306,0.5628429324329305
PGS004074,Chronic kidney disease or dialysis,South Asian,0.18943692517781716,0.030057213323838237,2.918292962790612,65.7333923375619,2,0.5472181085537601,0.5325849481762864,0.5617701074698871
PGS004076,Gout,European,0.5443677538582191,0.008150636569957709,72.98970743965279,95.88983144989261,4,0.6328278823605035,0.6291081115820993,0.6365319005032628
PGS004076,Gout,South Asian,0.6022250287182082,0.054763029564446834,0.7834622002106701,0,2,0.6461651925964261,0.6212575930943114,0.6703040538356023
PGS004078,Type 1 diabetes,European,0.8350189083548369,0.017163201545418817,73.45247757640524,95.91572660448465,4,0.6974151045894007,0.6902693924198955,0.7044665421020276
PGS004078,Type 1 diabetes,South Asian,0.005850336686292295,0.05552107916856989,NA,NA,1,0.50146258,0.47427997719546094,0.5286365399480134
PGS004079,Seropositive RA,European,0.5257324639773532,0.01074306324781136,31.577142728445153,90.49945707311397,4,0.6284872281547904,0.6235575917680445,0.6333902634378534
PGS004079,Seropositive RA,South Asian,0.9153401574687899,0.16196847878611126,NA,NA,1,0.71409168,0.6451715778978488,0.7743079801742953
PGS004081,Inflammatory bowel disease,European,0.6412089914306892,0.010735386236509712,243.58632189360642,98.76840375244454,4,0.6550267036153798,0.6502566734424222,0.6597657166977736
PGS004081,Inflammatory bowel disease,South Asian,0.673389701943584,0.04887500582893958,2.75383689434705,63.687028739692096,2,0.6622617541590414,0.6405137570625571,0.6833445044836854
PGS004082,Incident T2D in prediabetics,Middle Eastern or North African,1.1363018100969002,0.097606960946663,NA,NA,1,0.757,0.7201069479668329,0.7904452667295866
PGS004082,Prediabetes,Middle Eastern or North African,0.6015025906488275,0.035715011914969716,NA,NA,1,0.6459999999999999,0.6298331672980807,0.6618398512525603
PGS004082,Type 2 diabetes,European,0.4604859583712944,0.0044203584441981445,31.07269255071922,90.34522034064743,4,0.613129452639426,0.6110723566126467,0.6151825201452255
PGS004082,Type 2 diabetes,South Asian,0.2809676645911446,0.013620832070904235,9.00580767646641,88.89605423605529,2,0.5697834438228915,0.5632274179652973,0.576315088839617
PGS004083,Breast cancer,European,0.6196725485429418,0.008070835650659332,9.661677633425821,68.94949186028406,4,0.6501440711893776,0.6465374787859349,0.6537335724731368
PGS004083,Breast cancer,South Asian,0.49323941974995983,0.06151584257880996,0.21863425332235792,0,2,0.6208692593883886,0.5921035925888587,0.6488095313016486
PGS004084,Stroke excluding subarachnoid hemorrhage,European,0.1527381038537241,0.006146975070190994,16.830220229000904,82.17492130714626,4,0.5381104650621965,0.5351146066549332,0.5411035736230585
PGS004084,Stroke excluding subarachnoid hemorrhage,South Asian,0.18045039324322582,0.0456202988834732,1.8475564163294456,45.874453891551106,2,0.5449905812811354,0.5227429475582454,0.5670600518235922
PGS004085,Prostate cancer,European,0.7821651904230336,0.008785930274652565,35.22787001518557,91.484015358559,4,0.6861465743324627,0.682426332201296,0.68984304261669
PGS004085,Prostate cancer,South Asian,0.8764608224356308,0.08763504185042502,0.021550567460702528,0,2,0.7060882800842093,0.6692281433197067,0.7404340017724047
PGS004088,Chronic kidney disease or dialysis,European,0.22556320197841054,0.008449108489047605,33.79122126881356,91.12195449778329,4,0.5561529195718709,0.5520613621190369,0.5602368747358377
PGS004088,Chronic kidney disease or dialysis,South Asian,0.1708080349071037,0.02997331008089551,2.124830120990057,52.93741414329849,2,0.5425984901078551,0.5279858068838938,0.5571382385164029
PGS004090,Gout,European,0.5150782379827726,0.008090885640999497,85.28375947006599,96.48233143257131,4,0.625996175412047,0.6222760348098508,0.6297014798073581
PGS004090,Gout,South Asian,0.5254789012036202,0.053916381816569416,3.0383284891146607,67.0871663948558,2,0.6284280215924161,0.6034360589612597,0.6527513109570106
PGS004092,AD,European,0.4783813742935328,0.00982087814544404,44.70103871881563,95.52583103810929,3,0.6173655871024735,0.6128083497397218,0.6219022804465677
PGS004093,Type 1 diabetes,European,0.9781892167603641,0.017657690677329262,123.04030065940002,97.56177448858436,4,0.726748769644167,0.7198222620372188,0.7335674219820072
PGS004093,Type 1 diabetes,South Asian,-0.011152235584382792,0.05454468199323174,NA,NA,1,0.49721196999999995,0.4705192811233498,0.5239205606012852
PGS004094,Seropositive RA,European,0.5074054474395093,0.01074754867836268,59.322132516696676,94.94286554996042,4,0.6241980541056726,0.6192439110800095,0.6291263431125135
PGS004094,Seropositive RA,South Asian,0.4364619411808565,0.15853942549084762,NA,NA,1,0.60741566,0.5313898302452935,0.6785681161599854
PGS004097,Inflammatory bowel disease,European,0.6418463376393172,0.010756085835045759,246.6943456482303,98.78392024263182,4,0.6551707084150242,0.6503923815887946,0.6599178756680651
PGS004097,Inflammatory bowel disease,South Asian,0.67948010165726,0.04903953577965323,2.5990471975384333,61.52436166041526,2,0.6636226516048619,0.6418407756233023,0.684730519471112
PGS004098,Stroke excluding subarachnoid hemorrhage,European,0.15259461518361045,0.0061400914658194,12.060260054322717,75.12491450029121,4,0.5380748011037313,0.5350822675966607,0.5410645934571543
PGS004098,Stroke excluding subarachnoid hemorrhage,South Asian,0.1936683826215441,0.04549749296953348,1.1243416742120649,11.059064789998391,2,0.5482663276699838,0.5260995803062145,0.5702431999102267
PGS004099,Prostate cancer,European,0.7822035837738713,0.008780324234690932,37.7788329429047,92.05904532695885,4,0.6861548422604692,0.6824370340274766,0.6898489062592031
PGS004099,Prostate cancer,South Asian,0.9148753493602637,0.08845108210896964,0.06029319412153499,0,2,0.7139967731249158,0.6773262318544642,0.7480500574385174
PGS004101,Chronic kidney disease or dialysis,European,0.2202894946140491,0.00843417556954667,32.7171861506311,90.83050728694121,4,0.5548507389211098,0.5507641156417912,0.5589299581000463
PGS004101,Chronic kidney disease or dialysis,South Asian,0.17841642772906524,0.03005867500415348,2.0674961052731824,51.63231517343691,2,0.5444861609735354,0.5298398537349609,0.5590559179028671
PGS004102,Type 1 diabetes,European,0.9743015387112614,0.01765208713083358,117.47342540462733,97.4462309329393,4,0.7259760549213693,0.7190397513891935,0.7328047497494232
PGS004102,Type 1 diabetes,South Asian,0.010478735882791156,0.054624754695246316,NA,NA,1,0.50261966,0.4758723081492164,0.529352026564785
PGS004103,Seropositive RA,European,0.39537045304758023,0.010449109628803004,33.757888870461635,91.11318835276747,4,0.5975748552794192,0.5926400921072744,0.6024899356268779
PGS004103,Seropositive RA,South Asian,0.6067158956444123,0.16254359582628827,NA,NA,1,0.64719129,0.5715383741239235,0.7161210584266893
PGS004105,Inflammatory bowel disease,European,0.46842042577968246,0.010497641914838055,136.19778745011976,97.79732104598344,4,0.615009824283207,0.6101267527256452,0.6198698408964617
PGS004105,Inflammatory bowel disease,South Asian,0.3851941854304169,0.04795307146589944,0.20817792854727107,0,2,0.5951252639396961,0.5722913965050034,0.6175547459213516
PGS004106,Incident T2D in prediabetics,Middle Eastern or North African,1.1472048439049751,0.09250035808070979,NA,NA,1,0.759,0.7243023541124919,0.7905933270843696
PGS004106,Prediabetes,Middle Eastern or North African,0.5927679952523233,0.035624465616125534,NA,NA,1,0.644,0.6278359238545851,0.6598423930101679
PGS004106,Type 2 diabetes,European,0.27524050693848645,0.004373038656615938,13.456891845451144,77.70659053773925,4,0.5683789866480483,0.5662750535303969,0.5704804550498568
PGS004106,Type 2 diabetes,South Asian,0.19951588840053502,0.013587846316616343,2.180764677026595,54.14452505882162,2,0.5497141687800193,0.5431135964706852,0.556297286959197
PGS004107,Breast cancer,European,0.4744708782238629,0.007924716648958266,0.3008638955645428,0,4,0.61644140593879,0.6127623128871454,0.6201072151226933
PGS004107,Breast cancer,South Asian,0.3778089843175272,0.0589893486394358,0.06892289914490778,0,2,0.5933445480927249,0.5651745317379042,0.620913673737691
PGS004108,Stroke excluding subarachnoid hemorrhage,European,0.07586169561379918,0.006137252210099891,1.6293626866082946,0,4,0.5189563336386053,0.5159527539158383,0.5219585439015638
PGS004108,Stroke excluding subarachnoid hemorrhage,South Asian,0.028119170594266937,0.04657688246675607,0.19373199179743142,0,2,0.5070293294876077,0.4842123701207109,0.5298170440802692
PGS004109,Prostate cancer,European,0.605493999799101,0.008599968357008403,17.238270103772358,82.596861622771,4,0.6469122385958704,0.643052592855139,0.6507528163889396
PGS004109,Prostate cancer,South Asian,0.6317219515966739,0.08338170682495015,1.2719422549873358,21.380078688402676,2,0.6528798068963497,0.6149798437864783,0.6889360851442173
PGS004112,Chronic kidney disease or dialysis,European,0.11911440976748353,0.008378473649608593,17.809315811165224,83.15488347890823,4,0.5297434434890571,0.5256506121924337,0.5338322786131046
PGS004112,Chronic kidney disease or dialysis,South Asian,0.09344091265385814,0.02934035119488419,0.0021770629452725395,0,2,0.5233432460806084,0.5089824895531562,0.537665509069812
PGS004114,Gout,European,0.3861444363110828,0.007988965014848817,52.846451136521196,94.32317604024169,4,0.5953542073025678,0.591576423621274,0.599120726878224
PGS004114,Gout,South Asian,0.49096835299352576,0.056896412030686884,3.5240533281361275,71.62358492092116,2,0.6203345250157781,0.5937407769552147,0.6462247023520772
PGS004116,AD,European,0.26058992926128544,0.009403782660943837,27.662315409164567,92.76994723537352,3,0.5647813039486171,0.5602455126579885,0.5693062768930399
PGS004117,Type 1 diabetes,European,0.6012867210681496,0.01660234669752824,57.45722175005083,94.77872422538887,4,0.6459506325250913,0.6384737989268594,0.653356788264838
PGS004117,Type 1 diabetes,South Asian,0.06260736206545534,0.05842913885475525,NA,NA,1,0.51564673,0.48702447647346553,0.5441667032207812
PGS004118,Seropositive RA,European,0.36354039639071617,0.010535190826051208,12.521451246544611,76.04111583449344,4,0.589897193211258,0.5848927125753997,0.5948831294469709
PGS004118,Seropositive RA,South Asian,0.6357483588788229,0.14020216831658855,NA,NA,1,0.6537917400000001,0.5892708932390281,0.7131115936247157
PGS004121,Inflammatory bowel disease,European,0.52837392795724,0.01063005499233223,200.43523872611317,98.50325720214329,4,0.6291037766943751,0.6242293863887037,0.6339520153838749
PGS004121,Inflammatory bowel disease,South Asian,0.47081969050593175,0.04758682345418231,0.022534789729287037,0,2,0.6155777477825033,0.5932819404271614,0.6373983268686086
PGS004122,Incident T2D in prediabetics,Middle Eastern or North African,1.1254595387042978,0.0970570933425376,NA,NA,1,0.7549999999999999,0.7181346548794435,0.788463981548527
PGS004122,Prediabetes,Middle Eastern or North African,0.5971325273203568,0.034575744572430595,NA,NA,1,0.645,0.6293347787058015,0.6603604662773158
PGS004122,Type 2 diabetes,European,0.3393176137042127,0.004392456776303515,15.431010355526995,80.55862882027374,4,0.5840247536285637,0.5819317311007912,0.5861147502325581
PGS004122,Type 2 diabetes,South Asian,0.2287607969276469,0.013644596078605884,3.171163073667873,68.4658285692206,2,0.5569420934394906,0.5503332840630404,0.5635308064879518
PGS004123,Breast cancer,European,0.5083128678339196,0.00795012354416251,4.222998099418908,28.960422681392988,4,0.6244108881015868,0.6207494866743088,0.6280581212922028
PGS004123,Breast cancer,South Asian,0.41116596994862553,0.05920237429710543,0.9377104242636358,0,2,0.6013674235889979,0.573251408179527,0.6288304323438348
PGS004124,Stroke excluding subarachnoid hemorrhage,European,0.10765612087495077,0.0061194548941008375,4.663645903278702,35.672646203887446,4,0.5268880662007275,0.5238972760046372,0.5298769279881255
PGS004124,Stroke excluding subarachnoid hemorrhage,South Asian,0.14666757534113378,0.045728743429998296,0.2547255783610343,0,2,0.5366013053049042,0.514255944651219,0.5588006342208941
PGS004125,Prostate cancer,European,0.6634063196898434,0.008638564236255551,20.549104321369946,85.40082354402102,4,0.6600251553003166,0.6562156128598247,0.663814110258463
PGS004125,Prostate cancer,South Asian,0.6925022902356782,0.09216240169447484,1.6377426521690408,38.94034580612581,2,0.6665233423059367,0.6252433338200831,0.7053987705445703
PGS004128,Chronic kidney disease or dialysis,European,0.19918354567808683,0.008411566535060715,21.6675185167076,86.1543905099851,4,0.5496319031255255,0.5455475980334404,0.5537095297472281
PGS004128,Chronic kidney disease or dialysis,South Asian,0.146896652415693,0.029315528986775922,0.5344845525513644,0,2,0.5366582672113224,0.5223446609452398,0.5509117184696314
PGS004130,Gout,European,0.44333794913454905,0.008033589044065542,49.85286070461917,93.98229117126266,4,0.6090541091568324,0.6052985412935686,0.6127968016636351
PGS004130,Gout,South Asian,0.4666796725492572,0.056473819249376056,0.5118020083105187,0,2,0.6145975789416687,0.5880696197718964,0.6404616410751387
PGS004132,Type 1 diabetes,European,0.6351571563072218,0.016636595442361422,63.04445038075794,95.24145268634837,4,0.6536579102566049,0.6462393586313707,0.6610024986787106
PGS004132,Type 1 diabetes,South Asian,0.09712840656030236,0.05802237690473742,NA,NA,1,0.52426303,0.4958512321736618,0.5525186345928976
PGS004133,Seropositive RA,European,0.3827074748251036,0.01051426631902616,13.263894239418192,77.38220807668628,4,0.594525946615601,0.5895485717345458,0.5994839681573703
PGS004133,Seropositive RA,South Asian,0.5163927308486899,0.14581727497339084,NA,NA,1,0.62630388,0.5573936311640251,0.6904437293395276
PGS004135,Inflammatory bowel disease,European,0.6540904105427527,0.010760120691357391,282.7365436943776,98.93894154579365,4,0.6579316344459228,0.6531695215590472,0.662662130973469
PGS004135,Inflammatory bowel disease,South Asian,0.6808054389097437,0.049576443124917054,0.96949897286677,0,2,0.6639184393094804,0.6419035304959206,0.6852435737442963
PGS004136,Incident T2D in prediabetics,Middle Eastern or North African,1.1636758820151716,0.09331051642524667,NA,NA,1,0.762,0.7272643999489671,0.7935673974743334
PGS004136,Prediabetes,Middle Eastern or North African,0.6102595207541777,0.03466469486111591,NA,NA,1,0.648,0.6323511808159491,0.6633373564263814
PGS004136,Type 2 diabetes,European,0.46497328443004105,0.004421653947008179,24.88681514468452,87.9454241832115,4,0.6141933122777581,0.6121376917412921,0.6162448681737914
PGS004136,Type 2 diabetes,South Asian,0.30406261071326196,0.013670692745110007,10.408528771027601,90.39249425160332,2,0.5754353541373795,0.5688763238566195,0.5819679245123118
PGS004137,Breast cancer,European,0.5757593132119443,0.008105272041750844,15.297158376203864,80.38851447948151,4,0.6400910417403131,0.63642314979749,0.643742644249513
PGS004137,Breast cancer,South Asian,0.4363198085426862,0.061575717395991096,0.17995340468429183,0,2,0.6073817662670552,0.5782592240718373,0.6357600166807256
PGS004138,Stroke excluding subarachnoid hemorrhage,European,0.142243432714454,0.006140522563084785,20.325609689582024,85.240295145795,4,0.5355010201016006,0.5325060890686611,0.5384933929710554
PGS004138,Stroke excluding subarachnoid hemorrhage,South Asian,0.1373391788643872,0.044748902420810435,0.49052579395485685,0,2,0.5342809276002034,0.5124052861714383,0.5560254998645763
PGS004139,Prostate cancer,European,0.8165502189289159,0.008819178184434222,36.52677134843924,91.78684595092693,4,0.6935035570468399,0.6898171563157822,0.6971653798826426
PGS004139,Prostate cancer,South Asian,0.9377179041332135,0.08840320827674499,0.3323647684276069,0,2,0.7186384542812169,0.6823185795137829,0.752313295136101
PGS004142,Chronic kidney disease or dialysis,European,0.2273407295951332,0.008425232907591075,46.2329389592714,93.51111984759864,4,0.5565916527572234,0.5525124554691073,0.5606632331227563
PGS004142,Chronic kidney disease or dialysis,South Asian,0.17760148098126335,0.02987986296297824,1.1152024365490576,10.330181568249278,2,0.5442840297644421,0.5297241469230922,0.5587686080889142
PGS004144,Gout,European,0.4247502490753399,0.008033216990015366,54.55612402048377,94.50107562833163,4,0.6046193821207066,0.6008493070153573,0.608377057446604
PGS004144,Gout,South Asian,0.3544567445651372,0.05150862603149792,1.8618892602509602,46.29111293841331,2,0.5876979090340254,0.5630377418975375,0.611925604490722
PGS004146,AD,European,0.5118274822393427,0.009956972472506624,41.74474485116507,95.20897778359716,3,0.6252347811578675,0.6206508857419522,0.6297963254611542
PGS004147,Type 1 diabetes,European,0.766277462192765,0.016757128100772112,92.81697484730994,96.76783260288843,4,0.682715084485323,0.6755582758871511,0.6897865158247779
PGS004147,Type 1 diabetes,South Asian,0.023696868835856293,0.05619363069947611,NA,NA,1,0.50592394,0.4784027849537888,0.5334092417761803
PGS004148,Seropositive RA,European,0.5069684486150698,0.010716828118453961,50.44321080859394,94.05271799334214,4,0.6240955396126013,0.6191550680268305,0.6290103231911748
PGS004148,Seropositive RA,South Asian,0.72255492198086535,0.14655612595079895,NA,NA,1,0.67316938,0.6071397191304209,0.7329819717643833
PGS004151,Inflammatory bowel disease,European,0.7027510582723487,0.010863392617939418,285.99094385330386,98.95101573512103,4,0.668797434730385,0.6640642105897001,0.673496758846115
PGS004151,Inflammatory bowel disease,South Asian,0.757437482209065,0.05021445988917535,2.7002924531718318,62.96697423179572,2,0.6807971250780397,0.6590395682242414,0.7017945091291479
PGS004152,Incident T2D in prediabetics,Middle Eastern or North African,1.1691978901493258,0.09932191789487643,NA,NA,1,0.7630000000000001,0.7260208910274991,0.7963877676310018
PGS004152,Prediabetes,Middle Eastern or North African,0.6102595207541777,0.03580727896308755,NA,NA,1,0.648,0.6318303887992948,0.6638372926680927
PGS004152,Type 2 diabetes,European,0.5000651895977926,0.004431460783924823,27.309975121424678,89.01500280882168,4,0.6224746508770292,0.6204313596347153,0.6245135995677362
PGS004152,Type 2 diabetes,South Asian,0.31851362830875074,0.013715488406375051,12.549875948094105,92.03179374731695,2,0.5789619693291209,0.5723954481027108,0.5855006739790838
PGS004153,Breast cancer,European,0.6555139423056002,0.008095417973777382,7.962501194956712,62.3233965490625,4,0.6582519390211554,0.6546736427250093,0.6618123105942924
PGS004153,Breast cancer,South Asian,0.5331609020278714,0.06217218258668086,0.5307182587786057,0,2,0.630220039956027,0.6014003742914316,0.6581404503826064
PGS004154,Stroke excluding subarachnoid hemorrhage,European,0.1761431380831421,0.006140804142972458,11.46461904267707,73.83253652971378,4,0.5439222806620223,0.5409349628616057,0.5469064416930655
PGS004154,Stroke excluding subarachnoid hemorrhage,South Asian,0.1321796654991386,0.04535191848445005,1.747370718185402,42.771159571766574,2,0.5329968883628509,0.5108207865096863,0.555043366945882
PGS004155,Prostate cancer,European,0.834261905806202,0.008865261268536274,39.40367503838071,92.38649695218052,4,0.6972553325339705,0.693574923481082,0.7009105992544269
PGS004155,Prostate cancer,South Asian,0.955826588932537,0.08999923383009607,0.23985971553487756,0,2,0.7222854411086501,0.6855568412867961,0.7562492972687705
PGS004158,Chronic kidney disease or dialysis,European,0.24411752401305434,0.008446216317727255,49.21087549695591,93.9037865721662,4,0.5607280974750619,0.5566464930216526,0.564801503651996
PGS004158,Chronic kidney disease or dialysis,South Asian,0.1963393912624758,0.03005371406675199,2.8699240650253413,65.15587251291367,2,0.5489277716794962,0.5343045491667763,0.5634669693569081
PGS004160,Gout,European,0.5734264540773634,0.008174124586874096,83.55529672829738,96.40956334610921,4,0.6395534350306902,0.6358519343423855,0.6432384211785207
PGS004160,Gout,South Asian,0.6566250160244936,0.056068456639548944,1.6537746884674083,39.5322708121308,2,0.6585018381150658,0.6333767890715608,0.6827674443141163
PGS004162,Type 1 diabetes,European,0.8967974109156006,0.017400636630239826,95.76330344257062,96.86727598970194,4,0.7102909252220301,0.70322281732261,0.7172583794873879
PGS004162,Type 1 diabetes,South Asian,0.01862129806352232,0.0547472562628711,NA,NA,1,0.50465519,0.47784368816522954,0.531439944909509
PGS004163,Seropositive RA,European,0.6178620796901727,0.010874924806849344,35.638619965215696,91.58216563119423,4,0.6497321559549887,0.6448659695037421,0.654567381339801
PGS004163,Seropositive RA,South Asian,1.0631574731456477,0.1750481447293003,NA,NA,1,0.74329348,0.6726209140532964,0.8031740867308436
PGS004181,Incident T2D in prediabetics,Middle Eastern or North African,1.2253290311060194,0.09649413986240123,NA,NA,1,0.773,0.7381162282461554,0.8044680636666731
PGS004181,Prediabetes,Middle Eastern or North African,0.6015025906488275,0.035715011914969716,NA,NA,1,0.6459999999999999,0.6298331672980807,0.6618398512525603
PGS004182,Incident T2D in prediabetics,Middle Eastern or North African,1.2026732589838505,0.08946302047972331,NA,NA,1,0.7689999999999999,0.7363971061447245,0.798672940590221
PGS004182,Prediabetes,Middle Eastern or North African,0.6015025906488275,0.035715011914969716,NA,NA,1,0.6459999999999999,0.6298331672980807,0.6618398512525603
PGS004183,Incident T2D in prediabetics,Middle Eastern or North African,1.2482685789075287,0.09774147580420137,NA,NA,1,0.777,0.7420585038906617,0.8084301631376547
PGS004183,Prediabetes,Middle Eastern or North African,0.6058782375676038,0.03576092891143237,NA,NA,1,0.6469999999999999,0.6308317808219358,0.6628385740871076
PGS004184,Incident T2D in prediabetics,Middle Eastern or North African,1.2253290311060194,0.09649413986240123,NA,NA,1,0.773,0.7381162282461554,0.8044680636666731
PGS004184,Prediabetes,Middle Eastern or North African,0.6015025906488275,0.035715011914969716,NA,NA,1,0.6459999999999999,0.6298331672980807,0.6618398512525603
PGS004185,Incident T2D in prediabetics,Middle Eastern or North African,1.2950456896547458,0.09423922583661425,NA,NA,1,0.785,0.7521918973459591,0.814535507440172
PGS004185,Prediabetes,Middle Eastern or North African,0.6190392084062236,0.035901289930568674,NA,NA,1,0.65,0.6338275878668961,0.6658347168794098
PGS004223,Incident T2D in prediabetics,Middle Eastern or North African,1.1970523614813624,0.09500394110134003,NA,NA,1,0.768,0.7331854135078312,0.799514074030117
PGS004223,Prediabetes,Middle Eastern or North African,0.6015025906488275,0.035715011914969716,NA,NA,1,0.6459999999999999,0.6298331672980807,0.6618398512525603
PGS004226,Incident T2D in prediabetics,Middle Eastern or North African,1.1636758820151716,0.09331051642524667,NA,NA,1,0.762,0.7272643999489671,0.7935673974743334
PGS004226,Prediabetes,Middle Eastern or North African,0.6058782375676038,0.03576092891143237,NA,NA,1,0.6469999999999999,0.6308317808219358,0.6628385740871076
PGS004233,Prevelant hypertension,European,1.1200608320755931,0.035784638827807816,NA,NA,1,0.754,0.7407601012672945,0.766776604005735
PGS004234,Prevelant hypertension,European,1.1691978901493258,0.035242433285922796,NA,NA,1,0.7630000000000001,0.7502830990908309,0.7752632722168561
PGS004235,Prevelant hypertension,European,1.1363018100969002,0.03752621929988791,NA,NA,1,0.757,0.7432158032481931,0.7702729734340201
PGS004236,Prevelant hypertension,European,1.1747359841409104,0.036815261124515684,NA,NA,1,0.764,0.7507428469717036,0.7767617166106577
PGS004237,Prevalent Coronary Artery Disease,European,1.18586105438289,0.008795864861862955,NA,NA,1,0.7660000000000001,0.762895693357038,0.7690759657768294
PGS004237,Prevalent Myocardial Infarction,European,1.2196389210703356,0.008891618479417157,NA,NA,1,0.772,0.7689179365506149,0.7750529822305766
PGS004237,Prevalent Myocardial Infarction and Coronary Revascularization procedure,European,1.318908187369808,0.009186772428397522,NA,NA,1,0.789,0.7859867681033308,0.7919820348380624
PGS004238,Cardiovascular disease in patients with type II diabetes Mellitus,East Asian,0.9347547207370703,0.12491409356128777,5.187479114369566,80.72281395350677,2,0.7180389188376207,0.6659498191576166,0.7648734191838995
PGS004253,Ulcerative colitis,European,0.649435907468331,0.037718934756531625,0.29608598838098044,0,2,0.6568833344544823,0.6400328660054045,0.6733475864825066
PGS004254,Crohn's disease,European,0.9444616088408512,0.03223770355127429,1.1860206890696123e-29,0,2,0.72,0.7070865097563919,0.7325595104282939
PGS004255,Rheumatoid arthritis,European,0.6726008130140834,0.03400447090665342,NA,NA,1,0.66208527990545,0.6470168579207842,0.6768317373784167
PGS004256,Rheumatoid arthritis,European,0.6727734677215882,0.034005989052956875,NA,NA,1,0.6621239065793029,0.6470556093016293,0.67687015188942
PGS004257,Rheumatoid arthritis,European,0.667155708726746,0.03395670273718257,NA,NA,1,0.660865982537907,0.6457936954661315,0.675619063394188
PGS004258,Rheumatoid arthritis,European,0.6807209517057051,0.0340761044626625,NA,NA,1,0.66389958735560894,0.6488371732915869,0.678635924145313
PGS004259,Rheumatoid arthritis,European,0.669022783081768,0.03397305788571508,NA,NA,1,0.6612843094643021,0.646213332862823,0.6760351340248497
PGS004260,Psoriasis,European,0.7040327410533417,0.03787848100231279,NA,NA,1,0.669081275537859,0.6524420520381269,0.6853081238510547
PGS004261,Psoriasis,European,0.7410393496185284,0.038254220472634715,NA,NA,1,0.677223091560755,0.6606206082646581,0.6933903384553459
PGS004262,Psoriasis,European,0.7044005253850942,0.03788216028207819,NA,NA,1,0.669162702162148,0.6525238115761466,0.6853889901449326
PGS004263,Psoriasis,European,0.7174878600514752,0.03801380004940547,NA,NA,1,0.672053587040788,0.6554269660410775,0.688259515460495
PGS004264,Psoriasis,European,0.7010327695986851,0.037848510501527946,NA,NA,1,0.668416710696548,0.6517747960147707,0.6846481053308929
PGS004265,Gout,European,1.3709381660867637,0.038765458697505334,NA,NA,1,0.797531686126722,0.784985177367145,0.809523729681242
PGS004266,Gout,European,1.3758605639075618,0.03883230789312566,NA,NA,1,0.798325365800205,0.7857927775938477,0.8103017238728099
PGS004267,Gout,European,1.3671527199479014,0.038714201020354284,NA,NA,1,0.796919743111417,0.7843625604041833,0.8089238205649601
PGS004268,Gout,European,1.3727869108859805,0.0387905397367153,NA,NA,1,0.7978300477985971,0.7852887619151889,0.8098162051463337
PGS004269,Gout,European,1.3781856291993426,0.0388639610365016,NA,NA,1,0.798699446266349,0.786173449250658,0.8106683808663702
PGS004270,Inflammatory bowel disease,European,0.2856387524054573,0.04430381048353833,NA,NA,1,0.57092809364795,0.5495377726037879,0.5920567018807851
PGS004271,Inflammatory bowel disease,European,0.3128271922525934,0.04455306880050052,NA,NA,1,0.57757519626064,0.5561381026447452,0.5987239887012633
PGS004272,Inflammatory bowel disease,European,0.336158697934761,0.04477198500154312,NA,NA,1,0.5832571240231199,0.5617840276846703,0.6044189265452036
PGS004273,Inflammatory bowel disease,European,0.35870215189436033,0.04498796975109214,NA,NA,1,0.588726225364022,0.5672219666488838,0.6098968308308431
PGS004274,Inflammatory bowel disease,European,0.3553056184843981,0.04495514533059057,NA,NA,1,0.587903583565998,0.5664037922612662,0.6090730990404872
PGS004275,Asthma,European,0.4599487713532715,0.013704462836446038,NA,NA,1,0.613002023210023,0.6066108185055027,0.6193545489558008
PGS004276,Asthma,European,0.44283399883817526,0.013658883735698405,NA,NA,1,0.608934108369735,0.6025406786093487,0.6152903582062467
PGS004277,Asthma,European,0.44153007796771065,0.013655444521283503,NA,NA,1,0.608623557244499,0.6022299816403655,0.6149800670719365
PGS004278,Asthma,European,0.4497012362638774,0.01367707444756987,NA,NA,1,0.610568197846493,0.6041755915708422,0.6169230228839111
PGS004279,Asthma,European,0.4583361022611172,0.013700133306111296,NA,NA,1,0.6126193791978609,0.6062279402357704,0.6189722805073439
PGS004280,All-cause dementia,European,1.5113474942259018,0.055261367895699263,NA,NA,1,0.819260819569429,0.8026650893230587,0.8347482033208175
PGS004281,All-cause dementia,European,1.5093547748013252,0.05522098943449555,NA,NA,1,0.818965564821918,0.8023618148494455,0.8344622049910086
PGS004282,All-cause dementia,European,1.5053431740294207,0.05513986143088492,NA,NA,1,0.8183700397935572,0.8017501696863837,0.8338852935055565
PGS004283,All-cause dementia,European,1.503953457917579,0.05511180622424415,NA,NA,1,0.81816338026915,0.8015379334623228,0.8336850756378151
PGS004284,All-cause dementia,European,1.508671038731957,0.055207146983496096,NA,NA,1,0.8188641713413259,0.802257671529041,0.834363985968196
PGS004285,Alzheimer's disease,European,1.6113937789623216,0.08669277805878707,NA,NA,1,0.833604804388662,0.8086831042209088,0.8558587493457962
PGS004286,Alzheimer's disease,European,1.600561384603088,0.0863388788830935,NA,NA,1,0.832096831751059,0.8071095787103374,0.8544310047139969
PGS004287,Alzheimer's disease,European,1.598372670551803,0.08626766928162215,NA,NA,1,0.831790820495816,0.8067903597199444,0.8541411767151266
PGS004288,Alzheimer's disease,European,1.585908691729864,0.08586404892648374,NA,NA,1,0.830039705801527,0.804964275815456,0.8524820421652693
PGS004289,Alzheimer's disease,European,1.5971856429283617,0.08622909107695842,NA,NA,1,0.8316246722851219,0.8066170537387631,0.8539838014767126
PGS004290,Atrial fibrillation,European,1.1391843619826252,0.021875180701672502,NA,NA,1,0.757529855409768,0.7495678862097853,0.7653179440876129
PGS004291,Atrial fibrillation,European,1.1290273415558694,0.021805851464425974,NA,NA,1,0.755659353759771,0.7476820595271205,0.7634642265237533
PGS004292,Atrial fibrillation,European,1.1303922715297532,0.021815138050802395,NA,NA,1,0.7559112841507029,0.7479360399027494,0.7637139105475367
PGS004293,Atrial fibrillation,European,1.1323454176444532,0.021828442915725565,NA,NA,1,0.756271477846154,0.7482991721353065,0.7640708848597598
PGS004294,Atrial fibrillation,European,1.133478125560383,0.021836167699305825,NA,NA,1,0.756480203541699,0.7485096047584274,0.7642777408441603
PGS004295,Breast cancer,European,0.5807256191101776,0.02464432917413333,NA,NA,1,0.641234354186233,0.6300479987092465,0.652269145869414
PGS004296,Breast cancer,European,0.5769560504310706,0.024622905616461948,NA,NA,1,0.640366693232362,0.6291787263014533,0.6514041295579096
PGS004297,Breast cancer,European,0.5805182353448132,0.02464314865479189,NA,NA,1,0.641186643561215,0.6300001981895498,0.6522215819807152
PGS004298,Breast cancer,European,0.5826857778799733,0.024655498177080782,NA,NA,1,0.641685169362975,0.6304996706823288,0.6527185669894545
PGS004299,Breast cancer,European,0.5592255457089391,0.02452311365366558,NA,NA,1,0.63627332757272,0.6250784230897605,0.6473225605820677
PGS004300,Colorectal cancer,European,0.7018850087620225,0.03743948207055408,NA,NA,1,0.668605570296458,0.6521500860799803,0.6846590178140661
PGS004301,Colorectal cancer,European,0.6967546100709331,0.03738894351261276,NA,NA,1,0.667467835107159,0.6510078521336926,0.6835288844065728
PGS004302,Colorectal cancer,European,0.6927751970589798,0.03734988791184259,NA,NA,1,0.666583998542209,0.6501206128032987,0.6826508578871112
PGS004303,Colorectal cancer,European,0.7056963476930816,0.03747716326008869,NA,NA,1,0.669449513551751,0.652997452744282,0.6854972328603759
PGS004304,Colorectal cancer,European,0.699488221288173,0.03741584558146199,NA,NA,1,0.66807429447437,0.6516166929054753,0.684131308919104
PGS004305,Coronary heart disease,European,1.1271514671587908,0.02293126600075981,NA,NA,1,0.755312829423568,0.7469112564308009,0.763523803743424
PGS004306,Coronary heart disease,European,1.131916579839149,0.022965527770131187,NA,NA,1,0.756192423661107,0.7477983038463171,0.7643951831505433
PGS004307,Coronary heart disease,European,1.134621249826024,0.022985027966270482,NA,NA,1,0.756690725753621,0.748300853224085,0.7648888062168493
PGS004308,Coronary heart disease,European,1.1229704512917285,0.022901302423073942,NA,NA,1,0.754539288872405,0.7461312076949178,0.7627574407212113
PGS004309,Coronary heart disease,European,1.1373214997512517,0.02300453483567263,NA,NA,1,0.757187523772834,0.7488019037226736,0.7653809211359746
PGS004310,Incident T2D in prediabetics,Middle Eastern or North African,1.1472048439049751,0.09250035808070979,NA,NA,1,0.759,0.7243023541124919,0.7905933270843696
PGS004310,Prediabetes,Middle Eastern or North African,0.6058782375676038,0.03576092891143237,NA,NA,1,0.6469999999999999,0.6308317808219358,0.6628385740871076
PGS004310,Type 2 diabetes,European,0.8613961814855933,0.020150743855709582,NA,NA,1,0.702952274108998,0.6946396619333319,0.711132700334576
PGS004311,Incident T2D in prediabetics,Middle Eastern or North African,1.1526795099383855,0.09276779235227538,NA,NA,1,0.7599999999999999,0.7252898122797764,0.791584736467095
PGS004311,Prediabetes,Middle Eastern or North African,0.6015025906488275,0.035715011914969716,NA,NA,1,0.6459999999999999,0.6298331672980807,0.6618398512525603
PGS004311,Type 2 diabetes,European,0.8504989188184588,0.020090698137836305,NA,NA,1,0.700671791608084,0.6923483631992451,0.7088647244710392
PGS004312,Incident T2D in prediabetics,Middle Eastern or North African,1.2026732589838505,0.09529606162995397,NA,NA,1,0.7689999999999999,0.7341718297578551,0.800504989559715
PGS004312,Prediabetes,Middle Eastern or North African,0.5971325273203568,0.034575744572430595,NA,NA,1,0.645,0.6293347787058015,0.6603604662773158
PGS004312,Type 2 diabetes,European,0.8525447372235054,0.020101930801681316,NA,NA,1,0.701100686577111,0.6927792694833718,0.7092912905053531
PGS004313,Incident T2D in prediabetics,Middle Eastern or North African,1.1691978901493258,0.09358587164696552,NA,NA,1,0.7630000000000001,0.7282515261939105,0.7945586478868014
PGS004313,Prediabetes,Middle Eastern or North African,0.6190392084062236,0.035901289930568674,NA,NA,1,0.65,0.6338275878668961,0.6658347168794098
PGS004313,Type 2 diabetes,European,0.858179217886898,0.0201329630502798,NA,NA,1,0.702280100459593,0.6939642689632882,0.71046424465893665
PGS004314,Incident T2D in prediabetics,Middle Eastern or North African,1.1526795099383855,0.09276779235227538,NA,NA,1,0.7599999999999999,0.7252898122797764,0.791584736467095
PGS004314,Prediabetes,Middle Eastern or North African,0.5971325273203568,0.03566952509648743,NA,NA,1,0.645,0.6288345482888161,0.6608411242114037
PGS004314,Type 2 diabetes,European,0.8653521230446742,0.020172672221923496,NA,NA,1,0.70377765200184506,0.6954690287142208,0.7119534765691645
PGS004323,Incident T2D in prediabetics,Middle Eastern or North African,1.1747359841409104,0.09386393357155323,NA,NA,1,0.764,0.7292385384889012,0.7955498440831416
PGS004569,Prediabetes,Middle Eastern or North African,0.6102595207541777,0.03466469486111591,NA,NA,1,0.648,0.6323511808159491,0.6633373564263814
PGS004585,Gestational Thrombocytopenia,East Asian,0.5580446957033814,0.13676282099694875,NA,NA,1,0.636,0.5719935786481387,0.695529627313008
PGS004592,Keratinocyte cancer,European,1.0459685551826876,0.08378217002382542,NA,NA,1,0.74,0.7071858720987514,0.7703310809883163
PGS004595,Coronary heart disease,Hispanic or Latin American,1.0465964899795297,0.012184906294035257,21.183986825783318,90.55890651534123,3,0.7401207964463931,0.7355009308522169,0.7446879798975033
PGS004599,Prostate cancer,East Asian,2.2424811689243405,0.10090689290587933,NA,NA,1,0.904,0.8854113579933081,0.919846162095886
PGS004602,Incident T2D in prediabetics,Middle Eastern or North African,1.21396637000909,0.0958891043645597,NA,NA,1,0.771,0.7361442862019174,0.8024866455944888
PGS004602,Prediabetes,Middle Eastern or North African,0.6278420821521787,0.03489448553899098,NA,NA,1,0.652,0.6363250145896137,0.6673525560506781
PGS004606,Age-related macular degeneration,European,0.8953840470548413,0.008383916547751174,NA,NA,1,0.7100000000000001,0.7066049136668643,0.7133717357731657
PGS004607,Age-related macular degeneration,European,0.6190392084062236,0.007868108026252702,NA,NA,1,0.65,0.6464835459767846,0.6535002232004172
PGS004614,Diverticular disease,European,1.1526795099383855,0.11144566470824172,NA,NA,1,0.7599999999999999,0.71793591374721,0.7975599180073483
PGS004614,Diverticular disease,South Asian,0.5666940715190188,0.0506804212687907,NA,NA,1,0.638,0.6147588193503217,0.6606131243302866
PGS004615,Incident T2D in prediabetics,Middle Eastern or North African,1.1970523614813624,0.08918933104480285,NA,NA,1,0.768,0.7354089422285199,0.7976810551711442
PGS004615,Prediabetes,Middle Eastern or North African,0.6278420821521787,0.035997068601218325,NA,NA,1,0.652,0.6358247639989218,0.6678321235021801
PGS004615,Type 2 diabetes,East Asian,0.6545363619947884,0.010817471515246025,45.16168888326479,95.57146765443237,3,0.6580319921390781,0.6532450784181556,0.6627869357965246
PGS004616,Prediabetes,Middle Eastern or North African,0.6058782375676038,0.03576092891143237,NA,NA,1,0.6469999999999999,0.6308317808219358,0.6628385740871076
PGS004616,Type 2 diabetes,East Asian,0.5522756333863699,0.012986273410438311,35.77711898753162,97.2049174771493,2,0.6346633940134468,0.6287417148784704,0.6405446196925697
PGS004617,Incident T2D in prediabetics,Middle Eastern or North African,1.1636758820151716,0.09331051642524667,NA,NA,1,0.762,0.7272643999489671,0.7935673974743334
PGS004617,Prediabetes,Middle Eastern or North African,0.6015025906488275,0.034575744572430595,NA,NA,1,0.6459999999999999,0.6303536168992413,0.6613399158943156
PGS004617,Type 2 diabetes,East Asian,0.6216984620083428,0.013163674956380083,40.373844817214774,97.52314894821804,2,0.6506047386151071,0.6447171954459483,0.6564467066787707
PGS004618,Incident T2D in prediabetics,Middle Eastern or North African,1.1526795099383855,0.09276779235227538,NA,NA,1,0.7599999999999999,0.7252898122797764,0.791584736467095
PGS004618,Prediabetes,Middle Eastern or North African,0.6190392084062236,0.035901289930568674,NA,NA,1,0.65,0.6338275878668961,0.6658347168794098
PGS004618,Type 2 diabetes,East Asian,0.696231245205911,0.008411728201115097,98.92582895493823,97.97828330464532,3,0.6673516617279868,0.6636816160345004,0.6710015113747855
PGS004619,Prediabetes,Middle Eastern or North African,0.6058782375676038,0.03576092891143237,NA,NA,1,0.6469999999999999,0.6308317808219358,0.6628385740871076
PGS004619,Type 2 diabetes,East Asian,0.5830565302123768,0.010101300683939936,53.647441099545055,98.13597819485096,2,0.6417704102302795,0.6372060385486212,0.6463092314635109
PGS004620,Incident T2D in prediabetics,Middle Eastern or North African,1.1039527552994273,0.09045104963166645,NA,NA,1,0.7510000000000001,0.7163989480792943,0.7826602357386481
PGS004620,Prediabetes,Middle Eastern or North African,0.5927679952523233,0.035624465616125534,NA,NA,1,0.644,0.6278359238545851,0.6598423930101679
PGS004620,Type 2 diabetes,East Asian,0.6568228872373623,0.010234003867556643,100.11795230209339,99.00117813338548,2,0.6585463334372589,0.6540216467456355,0.6630423332776455
PGS004621,Cirrhosis,European,0.7537718023763803,0.012044086850004314,NA,NA,1,0.68,0.6748415657018968,0.6851147838408372
PGS004687,Bladder cancer,European,0.23386003011620513,0.07538571091661649,NA,NA,1,0.5582,0.5215127197166634,0.5942628089518007
PGS004688,Breast cancer,European,0.6856565088307879,0.04743036458159157,NA,NA,1,0.665,0.6439828047846997,0.6853826212076956
PGS004689,Colorectal cancer,European,0.22494373181835786,0.05310413780924298,NA,NA,1,0.556,0.5301781798574497,0.5815228170227854
PGS004690,Kidney cancer,European,0.2590388289198536,0.09653097362969022,NA,NA,1,0.5644,0.5174524372385392,0.6102205867186118
PGS004691,Lung cancer,European,0.4802207486783088,0.06093491078857366,NA,NA,1,0.6178,0.5892312515522071,0.6455769538546473
PGS004692,Ovarian cancer,European,0.11934144073200038,0.11268308975882652,NA,NA,1,0.5298,0.47464241994344936,0.584239176568055
PGS004693,Pancreatic cancer,European,0.17081411863615042,0.1029945412072078,NA,NA,1,0.5426,0.4922368283734482,0.5921072276808966
PGS004694,Prostate cancer,European,0.7973157433681785,0.04656993064636011,NA,NA,1,0.6894,0.6695252626444347,0.7085996920806483
PGS004696,Incident coronary heart disease,East Asian,1.1636758820151716,0.02101881609538886,NA,NA,1,0.762,0.7544482563727573,0.7693904862435694
PGS004696,Incident coronary heart disease,European,1.2310368743174414,0.02288986492738094,NA,NA,1,0.774,0.7660558629762767,0.781751229797029
PGS004696,Incident coronary heart disease,Hispanic or Latin American,0.8760354701545602,0.08086074351698781,NA,NA,1,0.706,0.6720669325934672,0.73779174218546
PGS004696,Incident coronary heart disease,South Asian,1.4051509852087734,0.07460760503502027,NA,NA,1,0.803,0.7788401494360807,0.8251132302329542
PGS004697,Incident coronary heart disease,East Asian,1.1308731508863312,0.02083192806268867,NA,NA,1,0.756,0.7483897380855363,0.7634528348346559
PGS004697,Incident coronary heart disease,European,1.2253290311060194,0.022847918981951865,NA,NA,1,0.773,0.7650461613201196,0.7807617405264295
PGS004697,Incident coronary heart disease,Hispanic or Latin American,0.8856902914254378,0.08108161524051749,NA,NA,1,0.708,0.674096143023327,0.7397385783057099
PGS004697,Incident coronary heart disease,South Asian,1.4051509852087734,0.07460760503502027,NA,NA,1,0.803,0.7788401494360807,0.8251132302329542
PGS004698,Incident coronary heart disease,East Asian,1.087973890463054,0.020595082715988092,NA,NA,1,0.748,0.7403152143741555,0.755532468540289
PGS004698,Incident coronary heart disease,European,1.2253290311060194,0.022847918981951865,NA,NA,1,0.773,0.7650461613201196,0.7807617405264295
PGS004698,Incident coronary heart disease,Hispanic or Latin American,0.8425404774849343,0.08010737373095804,NA,NA,1,0.699,0.6649718219703824,0.7309702769478457
PGS004698,Incident coronary heart disease,South Asian,1.3009807774073552,0.07198786855670326,NA,NA,1,0.7859999999999999,0.7613117372584134,0.8087760807087931
PGS004699,Multiple sclerosis,European,1.1076954141276731,0.006717459257582681,1.4588069473727394,31.45083372402598,2,0.751699215793568,0.7492336385296046,0.7541485057801277
PGS004700,Multiple sclerosis,European,1.1076954141276731,0.006717459257582681,1.4588069473727394,31.45083372402598,2,0.751699215793568,0.7492336385296046,0.7541485057801277
PGS004837,Incident T2D in prediabetics,Middle Eastern or North African,1.242506468328179,0.09145734850610471,NA,NA,1,0.7760000000000001,0.7433111469436015,0.8056146302781302
PGS004837,Prediabetes,Middle Eastern or North African,0.6366685763994745,0.0349417380694252,NA,NA,1,0.654,0.6383437531120992,0.669329572876857
PGS004838,Incident T2D in prediabetics,Middle Eastern or North African,1.337023312113108,0.09029066669957833,NA,NA,1,0.792,0.7613424550837556,0.8196522182819704
PGS004838,Prediabetes,Middle Eastern or North African,0.6588410572189906,0.03523456971695647,NA,NA,1,0.6589999999999999,0.6433149643175329,0.6743444517057436
PGS004839,Incident T2D in prediabetics,Middle Eastern or North African,1.1914483478015556,0.09471470440996793,NA,NA,1,0.767,0.7321988744280139,0.7985231010590469
PGS004839,Prediabetes,Middle Eastern or North African,0.6058782375676038,0.03576092891143237,NA,NA,1,0.6469999999999999,0.6308317808219358,0.6628385740871076
PGS004859,Glucocorticoid-induced hyperglycemia,African,0.7537718023763803,1.1879618772600733,NA,NA,1,0.68,0.17155685581544644,0.956151551116518
PGS004859,Incident T2D in prediabetics,Middle Eastern or North African,1.2253290311060194,0.09058544686293021,NA,NA,1,0.773,0.7403486694053074,0.8026399500316259
PGS004859,Prediabetes,Middle Eastern or North African,0.6366685763994745,0.036094639389149794,NA,NA,1,0.654,0.6378219166824396,0.6698295121448848
PGS004859,Type 2 diabetes,African,1.1037567407826503,0.01277465280099578,1.5422399525503125,35.15924688980089,2,0.7509633436780165,0.7462513798596705,0.7556164631928479
PGS004859,Type 2 diabetes,East Asian,1.6582280766035322,0.22252529657975023,NA,NA,1,0.84,0.7724291191379594,0.8903555147149196
PGS004859,Type 2 diabetes,European,1.2083112059245342,0.028823179436961874,NA,NA,1,0.77,0.759842784191767,0.779852090472768
PGS004859,Type 2 diabetes,Hispanic or Latin American,1.6582280766035322,0.07626083603830631,NA,NA,1,0.84,0.8188768972198446,0.8590835857464325
PGS004859,Type 2 diabetes,South Asian,1.9924301646902063,0.3812318376684798,NA,NA,1,0.8800000000000001,0.7764705882352942,0.9393258426966291
PGS004860,Incident lung cancer,European,2.121757746414593,0.02927043148486989,NA,NA,1,0.893,0.8873933628071553,0.8983594586935152
PGS004861,Dilated cardiomyopathy,European,0.8472978603872034,0.05099255074003797,NA,NA,1,0.7,0.6786015402106752,0.7205604375124467
PGS004862,Dilated cardiomyopathy,European,0.8953840470548413,0.051711340628194734,NA,NA,1,0.7100000000000001,0.6886959553289913,0.7304168014041588
PGS004863,All-cause dementia,South Asian,0.8001193001121129,0.1691661440356326,NA,NA,1,0.69,0.6150413695108801,0.7561497151919985
PGS004863,Alzheimer's disease or dementia,European,1.0773913331852243,0.02154630388679023,NA,NA,1,0.746,0.7379151574978794,0.7539186110741474
PGS004863,Alzheimer's disease or mild cognitive impairment,East Asian,0.5108256237659907,0.05341981907165296,NA,NA,1,0.625,0.6001578304808423,0.6492008868174686
PGS004863,Clinical Dementia Rating global score ≥ 1,East Asian,0.5623668213073126,0.11428432221498114,NA,NA,1,0.637,0.5837944127944639,0.6870500981405493
PGS004863,Cortical amyloid positivity,East Asian,1.1039527552994273,0.12506549630809136,NA,NA,1,0.7510000000000001,0.7024149756591821,0.7939793632815793
PGS004868,Incident T2D in prediabetics,Middle Eastern or North African,1.1254595387042978,0.0970570933425376,NA,NA,1,0.7549999999999999,0.7181346548794435,0.788463981548527
PGS004868,Prediabetes,Middle Eastern or North African,0.5927679952523233,0.035624465616125534,NA,NA,1,0.644,0.6278359238545851,0.6598423930101679
PGS004870,Incident T2D in prediabetics,Middle Eastern or North African,1.21396637000909,0.0958891043645597,NA,NA,1,0.771,0.7361442862019174,0.8024866455944888
PGS004870,Prediabetes,Middle Eastern or North African,0.632252349329572,0.03604562842955434,NA,NA,1,0.6529999999999999,0.6368233433042406,0.6688308200957973
PGS004887,Incident T2D in prediabetics,Middle Eastern or North African,1.2196389210703356,0.09619010337482357,NA,NA,1,0.772,0.7371303225179239,0.8034773847255774
PGS004887,Prediabetes,Middle Eastern or North African,0.6366685763994745,0.036094639389149794,NA,NA,1,0.654,0.6378219166824396,0.6698295121448848
PGS004893,Breast cancer,African,0.32687983692977335,0.03250791003651559,NA,NA,1,0.581,0.565413995293966,0.5964260072077225
PGS004894,Estrogen receptor positive breast cancer,African,0.4389130421757044,0.04175115368367468,NA,NA,1,0.608,0.5883335902198856,0.6273220266525582
PGS004895,Estrogen receptor negative breast cancer,African,0.30637420546393324,0.04702532102623581,NA,NA,1,0.576,0.5533473192918529,0.59833775052351
PGS004908,Clear cell renal cell carcinoma,European,1.0459685551826876,0.05311681150447302,NA,NA,1,0.74,0.7194751357942605,0.7595250734027494
PGS004908,Kidney cancer,European,1.0459685551826876,0.03932415301715778,NA,NA,1,0.74,0.7248988371591266,0.7545528911268315
PGS004909,Nicotine metabolism (slow vs normal) in treatment seeking smokers,European,1.2656663733312763,0.15815904917512755,1.9710260317094853e-30,0,2,0.78,0.7222549601547841,0.8285887212007585
PGS004910,Hypertrophic cardiomyopathy,European,0.9946225751440619,0.07650183360413818,NA,NA,1,0.7299999999999999,0.6994497474930116,0.7585170064208675
PGS004911,Hypertrophic cardiomyopathy,European,1.3862943611198908,0.08713561097772887,NA,NA,1,0.8,0.7712721743538562,0.8259339754294606
PGS004912,Colorectal advanced neoplasm,East Asian,0.3681008613632963,0.05482997339783156,NA,NA,1,0.591,0.5647921645537369,0.6167006854132968
PGS004912,Colorectal advanced neoplasm,European,0.3309890152066814,0.01724046230830588,NA,NA,1,0.582,0.5737573310171373,0.5901971205162297
PGS004912,Colorectal non-advanced adenoma,East Asian,0.22494373181835786,0.053852686655099624,NA,NA,1,0.556,0.5298127109788039,0.581879812521603
PGS004912,Colorectal non-advanced adenoma,European,0.18452177770355727,0.01693222026317677,NA,NA,1,0.546,0.5377616154158167,0.5542132716429489
PGS004918,Late-onset Alzheimer's disease,European,0.9997020801479394,0.22856066293758684,NA,NA,1,0.7310000000000001,0.6345352896396058,0.8096412778821391
PGS004923,Incident type 2 diabetes,East Asian,0.5193681209891051,0.09192151983418562,NA,NA,1,0.627,0.5839966521177844,0.66808451236698
PGS004923,Incident type 2 diabetes,South Asian,0.8377920853875026,0.0959284861604234,NA,NA,1,0.698,0.6569591384627441,0.7361031435886171
PGS004923,Type 2 diabetes,East Asian,1.0150127198328165,0.14804328376214573,NA,NA,1,0.7339999999999999,0.673673659467995,0.7867050676350015
PGS004923,Type 2 diabetes,European,1.1387861656865905,0.009331246206190713,136.23955671864326,99.2659987861931,2,0.7574567078616228,0.7540808789517256,0.7608008951924736
PGS004923,Type 2 diabetes,Hispanic or Latin American,1.2482685789075287,0.019113300134135085,NA,NA,1,0.777,0.7704416207026599,0.7834236803096087
PGS004923,Type 2 diabetes,South Asian,1.056389658245763,0.03862716034126827,NA,NA,1,0.742,0.7272432064656819,0.7562260342481714
PGS004926,Chronic back pain,European,0.24116205681688824,0.008286793412144906,NA,NA,1,0.56,0.5559941270755777,0.5639980730352073
PGS004926,Lower back pain,European,0.32277339226305085,0.01050815942305118,NA,NA,1,0.58,0.5749747138144705,0.5850087538888304
PGS004938,Severe COVID-19 course,European,0.4054651081081642,0.048419687850352666,NA,NA,1,0.6,0.5770225599222778,0.6225457373044545
PGS004952,Early age-related macular degeneration (Clinical Classification),European,0.584055317289261,0.06644820563842938,NA,NA,1,0.642,0.6115463363248205,0.67134923758781
PGS004952,Intermediate age-related macular degeneration (Clinical Classification),European,1.0098970434864019,0.07655501502718749,NA,NA,1,0.733,0.7026291498721808,0.7613226978244136
PGS004952,Late age-related macular degeneration (Clinical Classification),European,1.6731849812153605,0.14681635473155236,NA,NA,1,0.8420000000000001,0.79986085408672,0.8766351906702154
PGS004952,Mild early age-related macular degeneration (3CACSS),European,0.4013001708088801,0.0918840681018462,NA,NA,1,0.599,0.5550774415646751,0.6413878597767037
PGS004952,Moderate early age-related macular degeneration (3CACSS),European,1.1691978901493258,0.14420398092792186,NA,NA,1,0.7630000000000001,0.7081793723073533,0.8102810955792189
PGS004952,Severe early age-related macular degeneration (3CACSS),European,1.4467645785509342,0.1563644624919552,NA,NA,1,0.8095,0.7577329219752452,0.8523608595519729
PGS005086,Epithelial ovarian cancer,European,0.43471917919023695,0.03528978421888545,NA,NA,1,0.607,0.5903835562249483,0.6233723915693155
PGS005087,Epithelial ovarian cancer,European,0.41798091603999493,0.04310314977241568,NA,NA,1,0.603,0.5826104304680589,0.6230379915670166
PGS005088,Epithelial ovarian cancer,European,0.4221599866803343,0.04314392355692717,NA,NA,1,0.604,0.5836069055313423,0.6240377389568962
PGS005089,Epithelial ovarian cancer,European,0.41798091603999493,0.04310314977241568,NA,NA,1,0.603,0.5826104304680589,0.6230379915670166
PGS005090,Chronic kidney disease,African,2.1972245773362196,0.22737539443743227,NA,NA,1,0.8999999999999999,0.8521505647970997,0.9335708164703839
PGS005091,Prevalent coronary heart disease,European,1.305376400716139,0.010452558856139717,35.54454726568673,94.37325791477807,3,0.7867384319156606,0.7832809085288197,0.7901555720905555
PGS005092,Prevalent coronary heart disease,European,1.304361750211147,0.010450027204927678,46.83492381892461,95.72968238886756,3,0.7865681432375118,0.7831094629425022,0.7899864603796913
PGS005097,Prevalent heart failure,European,0.9444616088408513,0.012796164873268024,NA,NA,1,0.72,0.7149159890143195,0.7250282176029719
PGS005103,Obesity (BMI≥25),East Asian,0.9896746374575425,0.08054388028024834,NA,NA,1,0.729023652365236,0.6967372197042139,0.7590614186570529
PGS005104,Breast cancer,African,0.4054651081081642,0.04254460026929973,NA,NA,1,0.6,0.5798305178878208,0.6198360792409899
PGS005105,ER-positive breast cancer,African,0.4054651081081642,0.053429444256188105,NA,NA,1,0.6,0.5746242364118765,0.6248502681467947
PGS005106,ER-negative breast cancer,African,0.4895482253187058,0.07635939801246246,NA,NA,1,0.62,0.5841622975566657,0.6545754563484696
PGS005120,Hypertension,European,0.9946225751440619,0.0258946291688358,NA,NA,1,0.7299999999999999,0.7198805350465279,0.7398859854689344
PGS005120,Hypertension,Hispanic or Latin American,1.2482701666926057,0.0835670841087302,0.4386171218438678,0,2,0.7770002751169871,0.74734059624768,0.8040909165718974
PGS005170,Incident all-cause dementia,European,1.142623494119572,0.06216366753598534,0.04727207528596708,0,2,0.7581609900023327,0.7351250330155741,0.7797936517826983
PGS005205,clinically significant prostate cancer in screened individuals,European,0.2006706954621514,0.12431570220851125,NA,NA,1,0.55,0.4892546344963914,0.6092901722967647
PGS005218,Incident hypothyroidism,European,0.8430693892436342,0.012069684927406111,34.919665538936705,97.13628414085191,2,0.6991112707908912,0.694111681072397,0.7040639844386095
PGS005236,CAD,European,0.39298055144591904,0.05519618382945139,NA,NA,1,0.597,0.5707216405610919,0.6227330882995109
PGS005236,Early CAD,European,0.4221599866803343,0.11358205354796184,NA,NA,1,0.604,0.5497199295848106,0.6558333685851946
PGS005236,Late CAD,European,0.19663110200685247,0.049494450237023514,NA,NA,1,0.549,0.5248849173450467,0.5728870856661447
PGS005237,5-year incident prostate cancer,African,0.8423269844835053,0.08886195353125768,34.69749893047486,97.11794789012387,2,0.6989550793777054,0.66109048239042,0.7342895816764297
PGS005237,5-year incident prostate cancer,European,1.0071271938657809,0.014138009937191958,302.5948090385909,98.34762532249444,6,0.7324575602306561,0.7269924604266406,0.7378527080616498
PGS005237,5-year incident prostate cancer,South Asian,1.4021432286647553,0.16130214956103422,4.8293145324754345,79.29312755929743,2,0.8025237663279019,0.7476260522382967,0.8479091481752931
PGS005238,5-year incident prostate cancer,African,0.8679977577881587,0.08905801862468497,31.618393556791116,96.83728397458316,2,0.704328902315798,0.6667326324521472,0.7393420146635911
PGS005238,5-year incident prostate cancer,European,1.0638096550847977,0.014148964523451544,260.94161372068515,98.0838625435374,6,0.7434179019691003,0.7380924839758228,0.7486719085768132
PGS005238,5-year incident prostate cancer,South Asian,1.3752369556268345,0.14807847005030056,4.332508413256637,76.91868302112943,2,0.7982249449558274,0.7474396156746785,0.8409710208407741
PGS005239,5-year incident prostate cancer,African,0.8762023400340594,0.08916968906699975,31.266455891398522,96.8016841964007,2,0.7060346349890034,0.6685046897676261,0.7409620686674387
PGS005239,5-year incident prostate cancer,European,1.0190414813612427,0.014163706902593535,288.6924068989771,98.26805282005576,6,0.7347858496087775,0.7293407937338438,0.7401603894197293
PGS005239,5-year incident prostate cancer,South Asian,1.2638104385048037,0.15142556417833197,5.704819327607101,82.4709610844161,2,0.7796813560881879,0.7245243903299824,0.8264400840367928
PGS005240,5-year incident prostate cancer,African,0.7780019193183957,0.0842922172526532,44.95276020640856,97.77544249694941,2,0.685249322122636,0.6485767874232214,0.7197485472007518
PGS005240,5-year incident prostate cancer,European,1.043804970969519,0.014025200228510431,277.5950852955448,98.19881537359471,6,0.7395835102933223,0.7342542977783767,0.744842990017942
PGS005240,5-year incident prostate cancer,South Asian,1.2190889589958538,0.15113741453813054,6.753276095516946,85.19237203016424,2,0.771903183395173,0.7156244158286876,0.8198480403598022
PGS005241,5-year incident prostate cancer,African,0.8047211502002649,0.09322415381390527,35.321813960434234,97.16888832176018,2,0.6909834740962006,0.6506736916978889,0.7285820752028564
PGS005241,5-year incident prostate cancer,European,0.8557523230790567,0.013764748761726025,357.09334344205524,98.59980587938028,6,0.7017724296198147,0.6960955125354776,0.7073878793077123
PGS005241,5-year incident prostate cancer,South Asian,0.956184194400888,0.15616753556363064,10.896923851665502,90.82309820998557,2,0.7223571671949593,0.6570320562248825,0.7794170689564974
PGS005242,Type 2 diabetes,European,1.1581698059301753,0.02107459870108605,NA,NA,1,0.761,0.7534064817201958,0.7684315571454976
PGS005242,Type 2 diabetes,Hispanic or Latin American,1.1146768911719165,0.016461517219305635,NA,NA,1,0.753,0.7469502205044845,0.7589518196934197
PGS005244,Type 2 diabetes,Hispanic or Latin American,0.919793362425357,0.017529013718559028,NA,NA,1,0.715,0.7079475284835383,0.7219490562344174
PGS005246,Type 2 diabetes,European,1.3009807774073552,0.021238796942980497,NA,NA,1,0.7859999999999999,0.7789146646601199,0.792918633480766
PGS005282,IgA nephropathy,East Asian,0.3639653772014115,0.024328158670975784,NA,NA,1,0.59,0.578417926194362,0.6014831086213357
PGS005283,IgA nephropathy,East Asian,0.5322168137473082,0.024976662466367386,NA,NA,1,0.6299999999999999,0.6185179831699548,0.6413368254895125
PGS005284,IgA nephropathy,East Asian,0.5322168137473082,0.024976662466367386,NA,NA,1,0.6299999999999999,0.6185179831699548,0.6413368254895125
PGS005314,T2D,African,0.9682792889901598,0.0364885896057399,25.444597262991707,92.13978519947364,3,0.7247763907631293,0.7102835670587936,0.7388108206516475
PGS005323,incident idiopathic pulmonary fibrosis cases,European,1.2083112059245342,0.10192316299054688,NA,NA,1,0.77,0.7327346814678407,0.8034630281957746
PGS005331,Obesity (BMI≥30),European,0.983126674426463,0.016920662364374405,NA,NA,1,0.727728176155939,0.7211075712859725,0.734249535559378
PGS005332,Obesity (BMI≥30),South Asian,0.9781876043263772,0.04012134660610965,NA,NA,1,0.726748449438854,0.7108569704028331,0.7420834162209065
PGS005334,Type 2 diabetes (T2D),East Asian,1.2209103533148102,0.15370871786649196,NA,NA,1,0.772223715020537,0.7149690055978614,0.820859190085812
PGS005335,Type 2 diabetes (T2D),European,1.0747200844774973,0.029324307202349346,NA,NA,1,0.7454935085817619,0.7344355028228949,0.756243884995377
PGS005336,Type 2 diabetes (T2D),South Asian,0.9448027706214275,0.03779524498006381,NA,NA,1,0.720068773052495,0.7048963438207364,0.7347546623811976
PGS005338,Obesity (BMI≥25),East Asian,0.998393347114037,0.08071300770365492,NA,NA,1,0.730742574257426,0.6985064630971373,0.7607127013192854
PGS005339,Obesity (BMI≥30),European,0.968886956316423,0.016859970636413896,NA,NA,1,0.724897588993824,0.7182588775359237,0.7314383612490545
PGS005340,Obesity (BMI≥30),South Asian,0.9760917545045399,0.0400996903149052,NA,NA,1,0.7263320470723831,0.7104347325387238,0.7416739438982055
PGS005342,Type 2 diabetes (T2D),East Asian,1.2540318068393594,0.15536945909784577,NA,NA,1,0.777997005873095,0.721016155103136,0.826146043067278
PGS005343,Type 2 diabetes (T2D),European,1.0178047682184828,0.028827707369216665,NA,NA,1,0.7345447744185609,0.7233825038729255,0.745415139071518
PGS005344,Type 2 diabetes (T2D),South Asian,0.9244739772707797,0.037608693188293615,NA,NA,1,0.715952831685363,0.7007267423498137,0.7307019750395305
PGS005345,Breast Carcinoma,African,0.5028733419834716,0.1585705725839652,0.004412474606793126,0,2,0.6231343392565623,0.5478716686356424,0.6928913613264485
PGS005345,Breast Carcinoma,European,0.588955577481911,0.014464184734752406,1.0635416516215181,0,6,0.6431254708053507,0.6365926934313635,0.6496054514248297
PGS005345,Breast Carcinoma,South Asian,0.6068024153705667,0.11990371775473951,0.1921094711767376,0,2,0.6472110452062109,0.5918917072392451,0.6988470650885001
PGS005346,Breast Carcinoma,African,0.36763502642732276,0.16229056202528136,6.415260284199774e-4,0,2,0.5908873940736722,0.5123838480378433,0.6650151527996567
PGS005346,Breast Carcinoma,European,0.6870407090448701,0.014576144476154762,1.7311707417660323,0,6,0.6653082947410959,0.658916940921984,0.6716395670819311
PGS005346,Breast Carcinoma,South Asian,0.6471056430171909,0.13356674222632545,0.21586664211181084,0,2,0.6563579298578553,0.595154332637168,0.7127742908116008
PGS005347,Breast Carcinoma,African,0.3832047364130807,0.1655697989671297,0.005573537309308617,0,2,0.5946458132667415,0.5146677728663058,0.6698975086407855
PGS005347,Breast Carcinoma,European,0.6645664629547757,0.01478972001486575,0.8035258227069381,0,6,0.6602854337589954,0.65375331705131,0.6667571346653157
PGS005347,Breast Carcinoma,South Asian,0.687901291490433,0.13639867523903054,0.16958098833179147,0,2,0.665499896091003,0.603617218385371,0.7221683030935709
PGS005348,Breast Carcinoma,African,0.44390431497102667,0.15559434399110136,0.0028884905131658263,0,2,0.6091889566086616,0.5346790805927965,0.678932259972785
PGS005348,Breast Carcinoma,European,0.6810317203780353,0.014543068975463504,1.795748063607601,0,6,0.6639689277892182,0.6575797589139443,0.67029865462603
PGS005348,Breast Carcinoma,South Asian,0.6099966865871655,0.1333084815412655,0.08762107696306443,0,2,0.6479400462460179,0.5863052226905417,0.7050122420792758
PGS005349,Breast Carcinoma,African,0.37567438229919925,0.16679137605943542,0.0589038158386405,0,2,0.5928293943618388,0.5121884062098008,0.6687607567501422
PGS005349,Breast Carcinoma,European,0.6014941294432978,0.014455380285914815,32.15976599982819,84.45262319375485,6,0.6459980650552845,0.6394923736612361,0.6524501601920465
PGS005349,Breast Carcinoma,South Asian,0.7074146464065636,0.13556841430346458,0.5898536458706836,0,2,0.6698296397097336,0.6086641641292176,0.725742682284946
PGS005353,Type 2 diabetes,African,0.7155804592522894,0.020070058129872385,15.551492593821827,87.13949810325894,3,0.6716330626744761,0.6628996912426143,0.6802493117943448
PGS005354,Type 2 diabetes,African,0.7155804592522894,0.020070058129872385,15.551492593821827,87.13949810325894,3,0.6716330626744761,0.6628996912426143,0.6802493117943448
PGS005355,Type 2 diabetes,African,0.7155804592522894,0.020070058129872385,15.551492593821827,87.13949810325894,3,0.6716330626744761,0.6628996912426143,0.6802493117943448
PGS005356,Type 2 diabetes,African,0.7155804592522894,0.020070058129872385,15.551492593821827,87.13949810325894,3,0.6716330626744761,0.6628996912426143,0.6802493117943448
PGS005357,Type 2 diabetes,African,0.7155804592522894,0.020070058129872385,15.551492593821827,87.13949810325894,3,0.6716330626744761,0.6628996912426143,0.6802493117943448
PGS005358,Type 2 diabetes,Hispanic or Latin American,1.0868530899797855,0.022641785671987425,26.430917424362292,88.64965618925208,4,0.7477886748746089,0.7393273132493087,0.7560660023682728
PGS005359,Type 2 diabetes,Hispanic or Latin American,1.0868530899797855,0.022641785671987425,26.430917424362292,88.64965618925208,4,0.7477886748746089,0.7393273132493087,0.7560660023682728
PGS005360,Type 2 diabetes,Hispanic or Latin American,1.0868530899797855,0.022641785671987425,26.430917424362292,88.64965618925208,4,0.7477886748746089,0.7393273132493087,0.7560660023682728
PGS005361,Type 2 diabetes,Hispanic or Latin American,1.0868530899797855,0.022641785671987425,26.430917424362292,88.64965618925208,4,0.7477886748746089,0.7393273132493087,0.7560660023682728
PGS005362,Type 2 diabetes,Hispanic or Latin American,1.0868530899797855,0.022641785671987425,26.430917424362292,88.64965618925208,4,0.7477886748746089,0.7393273132493087,0.7560660023682728
PGS005363,Type 2 diabetes,East Asian,1.269717970955721,0.020644528181856442,217.4509775115903,97.24075740258276,7,0.7806944653679727,0.7736881019683577,0.7875434833433709
PGS005364,Type 2 diabetes,East Asian,1.269717970955721,0.020644528181856442,217.4509775115903,97.24075740258276,7,0.7806944653679727,0.7736881019683577,0.7875434833433709
PGS005365,Type 2 diabetes,East Asian,1.269717970955721,0.020644528181856442,217.4509775115903,97.24075740258276,7,0.7806944653679727,0.7736881019683577,0.7875434833433709
PGS005366,Type 2 diabetes,East Asian,1.269717970955721,0.020644528181856442,217.4509775115903,97.24075740258276,7,0.7806944653679727,0.7736881019683577,0.7875434833433709
PGS005367,Type 2 diabetes,East Asian,1.269717970955721,0.020644528181856442,217.4509775115903,97.24075740258276,7,0.7806944653679727,0.7736881019683577,0.7875434833433709
PGS005368,Type 2 diabetes,European,1.0413054503882335,0.012258370706070283,75.55121122377173,96.02918344867504,4,0.7391018150657849,0.7344422514335076,0.74370815091377
PGS005369,Type 2 diabetes,European,1.0413054503882335,0.012258370706070283,75.55121122377173,96.02918344867504,4,0.7391018150657849,0.7344422514335076,0.74370815091377
PGS005370,Type 2 diabetes,European,1.0413054503882335,0.012258370706070283,75.55121122377173,96.02918344867504,4,0.7391018150657849,0.7344422514335076,0.74370815091377
PGS005371,Type 2 diabetes,European,1.0413054503882335,0.012258370706070283,75.55121122377173,96.02918344867504,4,0.7391018150657849,0.7344422514335076,0.74370815091377
PGS005372,Type 2 diabetes,European,1.0413054503882335,0.012258370706070283,75.55121122377173,96.02918344867504,4,0.7391018150657849,0.7344422514335076,0.74370815091377
PGS005373,Type 2 diabetes,South Asian,1.059894202936541,0.043667938523237575,32.670956879326525,90.81753249199036,4,0.7426703268272954,0.7259767521316156,0.7586849679487341
PGS005374,Type 2 diabetes,South Asian,1.059894202936541,0.043667938523237575,32.670956879326525,90.81753249199036,4,0.7426703268272954,0.7259767521316156,0.7586849679487341
PGS005375,Type 2 diabetes,South Asian,1.059894202936541,0.043667938523237575,32.670956879326525,90.81753249199036,4,0.7426703268272954,0.7259767521316156,0.7586849679487341
PGS005376,Type 2 diabetes,South Asian,1.059894202936541,0.043667938523237575,32.670956879326525,90.81753249199036,4,0.7426703268272954,0.7259767521316156,0.7586849679487341
PGS005377,Type 2 diabetes,South Asian,1.059894202936541,0.043667938523237575,32.670956879326525,90.81753249199036,4,0.7426703268272954,0.7259767521316156,0.7586849679487341
PGS005378,breast cancer risk,African,0.44198838793313733,0.01346407962338032,0.2214914833607607,0,3,0.608732721664726,0.6024296012305113,0.6149997751764846
PGS005379,breast cancer risk,African,0.41767688311464934,0.012569776970898602,0.49125094545444237,0,3,0.6029272149752377,0.5970143316357338,0.6088101879731164
PGS005380,estrogen-receptor positive breast cancer risk,African,0.502987652370672,0.031647673929035544,0.6642944089414272,0,2,0.6231611832939103,0.6084873296584665,0.6376126022499246
PGS005381,estrogen-receptor positive breast cancer risk,African,0.46290489238204063,0.031407506717507826,1.4554518198925739,31.292813246555323,2,0.6137030707123208,0.5990110511229779,0.6281909128213305
PGS005382,estrogen-receptor nagetive breast cancer risk,African,0.4480074256400277,0.040870780785024194,0.04552585137840392,0,2,0.610165377233648,0.5909516151785064,0.6290431614907183
PGS005383,estrogen-receptor negative breast cancer risk,African,0.4033362107648027,0.043025499548120724,0.6048427643384687,0,2,0.5994889560345921,0.5790820441133956,0.6195564924177056
PGS005384,triple negative breast cancer risk,African,0.581089699888463,0.05386392841948466,0.1621600862102068,0,2,0.6413181077019376,0.6166885805001967,0.665224183729693
PGS005385,triple negative breast cancer risk,African,0.5219579203422673,0.04990258114736973,0.2033164592479986,0,2,0.627605479481171,0.6044756084524197,0.6501655498194019
PGS005386,triple negative breast cancer risk,African,0.5334061413966071,0.05244473600583728,0.7169281456311289,0,2,0.6302771893854079,0.6060203859761744,0.6538934685356828
PGS005387,triple negative breast cancer risk,African,0.5327144709642052,0.05028180277426727,0.18414522353749213,0,2,0.6301159963904274,0.6068671092367949,0.652776650728869
PGS005388,Paroxysmal atrial fibrillation,East Asian,0.9423379760257647,0.1275283874197444,0.4631249030393469,0,2,0.7195716756726592,0.666496679700065,0.7671510245189717
PGS005394,Colorectal carcinoma,African,0.5322168137473082,0.12644866210237246,NA,NA,1,0.6299999999999999,0.570619082372676,0.6856922243597597
PGS005395,Prostate carcinoma,African,2.0907410969337694,0.1403406179136654,NA,NA,1,0.8899999999999999,0.860046169334819,0.9141826124346483
PGS005396,Breast carcinoma,African,1.2083112059245342,0.12474572161890854,NA,NA,1,0.77,0.7238839001164113,0.810430952331384
PGS005398,Type 1 diabetes diagnosis,European,0.5279291940930054,0.06350231789656835,NA,NA,1,0.629,0.5995197943948869,0.6575496829552133
PGS005399,Type 1 diabetes diagnosis,European,0.6991532046201573,0.09003287315982142,NA,NA,1,0.668,0.6277762761728037,0.7059132652099916
PGS005400,Type 1 diabetes diagnosis,European,0.9395066883873008,0.09385073362832799,NA,NA,1,0.7190000000000001,0.6803888235025761,0.7546288591706236
PGS005402,Advanced colorectal neoplasia,East Asian,0.5279291940930054,0.06686207492119864,NA,NA,1,0.629,0.597937702659396,0.6590309664355086
PGS012513,EoE,European,1.3862943611198908,0.047026480146612905,NA,NA,1,0.8,0.7848441409218714,0.814340806896657
PGS012530,coronary artery disease,East Asian,1.3009807774073552,0.03721949810963893,NA,NA,1,0.7859999999999999,0.7734736905285222,0.7980145223466882
PGS012539,Pediatric Steroid-Sensitive Nephrotic Syndrome,European,0.9946225751440619,0.1902349739256599,NA,NA,1,0.7299999999999999,0.6506191877865322,0.7969732100229293
PGS012540,Angina,European,0.5753641449035619,0.011006972233738185,NA,NA,1,0.64,0.6350145632303423,0.6449554134531529
PGS012541,Asthma,European,0.3639653772014115,0.010586666047641006,NA,NA,1,0.59,0.5849713971155184,0.5950098568550735
PGS012542,Coronary heart disease,European,0.6190392084062236,0.011289543113275681,NA,NA,1,0.65,0.6449494353394418,0.6550171500136714
PGS012543,Chronic kidney disease,European,0.32277339226305085,0.010439346969914122,NA,NA,1,0.58,0.5750076734373485,0.5849760100652951
PGS012544,Heart failure,European,0.4895482253187058,0.02165933563868454,NA,NA,1,0.62,0.6099485432477273,0.629949581249086
PGS012545,Ischemic stroke,European,0.4054651081081642,0.010675283146811381,NA,NA,1,0.6,0.5949680016590521,0.6050109856148641
PGS012546,Peripheral arterial disease,European,0.4895482253187058,0.02165933563868454,NA,NA,1,0.62,0.6099485432477273,0.629949581249086
PGS012547,Type 2 diabetes mellitus,European,0.8001193001121129,0.011823341259115445,NA,NA,1,0.69,0.6850214372422607,0.694934915544267
PGS012551,Stroke,European,0.1683968173254614,0.08860544192206739,NA,NA,1,0.542,0.49868254083851443,0.5846916805046795
PGS012552,HF,European,0.09607383008962224,0.06042000036578813,NA,NA,1,0.524,0.4944128899020687,0.5534195994950771
PGS012555,type 1 diabetes,African,0.884555992426454,0.03017523386453135,56.19423954449553,96.44091633553228,3,0.70776544424757315,0.6953840614441859,0.7198463231788665
PGS012555,type 1 diabetes,East Asian,1.4500101755059986,0.11518720923405427,NA,NA,1,0.81,0.7728094196246362,0.8423445402301815
PGS012555,type 1 diabetes,European,1.5261432143445282,0.02801096076600815,33.3301503327162,93.99942700517363,3,0.8214413194751046,0.8132460496989052,0.829352421730891
PGS012555,type 1 diabetes,Hispanic or Latin American,0.7907856501238609,0.03931558003173123,NA,NA,1,0.688,0.6712241919299935,0.7042969202388791
PGS012555,type 1 diabetes,South Asian,1.02528101558256,0.2514766845357938,NA,NA,1,0.736,0.6300396028490177,0.8202696296159633
PGS012558,Coronary heart disease,East Asian,0.7036656847511656,0.1813566074993512,NA,NA,1,0.669,0.5861826491560934,0.7425232264648873
PGS012560,incident fibromyalgia cases,European,0.3639653772014115,0.015079366944079062,NA,NA,1,0.59,0.5828319650358235,0.5971300049416507
PGS012560,incident fibromyalgia cases,South Asian,0.2006706954621514,0.08055010601977189,NA,NA,1,0.55,0.5106964896840126,0.5886891191270078
PGS012561,incident fibromyalgia cases,European,0.3639653772014115,0.015079366944079062,NA,NA,1,0.59,0.5828319650358235,0.5971300049416507
PGS018419,Viral hepatitis,East Asian,0.6894411383348837,0.02432277553676081,NA,NA,1,0.665842593662742,0.6551531225755394,0.6763643968962589
PGS018420,Viral hepatitis,East Asian,0.6949393288904798,0.024352474662894637,NA,NA,1,0.667064802824827,0.6563811242655946,0.6775794747466025
PGS018421,Viral hepatitis,East Asian,0.6570097384538536,0.024150767420966366,NA,NA,1,0.658588348128803,0.6478664869415365,0.6691504633244626
PGS018422,Viral hepatitis,East Asian,0.6867429088397735,0.024308258017686622,NA,NA,1,0.665241979361949,0.6545496973309822,0.6757672510125956
PGS018423,Viral hepatitis,East Asian,0.6724372965667725,0.024231916513909026,NA,NA,1,0.6620486956689942,0.651341861327646,0.6725920104427193
PGS018424,Viral hepatitis B,East Asian,1.0022205757836695,0.038762069809809306,NA,NA,1,0.731494946255585,0.7163132467750956,0.7461521065435436
PGS018425,Viral hepatitis B,East Asian,1.0073764355720178,0.038820429057014674,NA,NA,1,0.732506399673524,0.7173365997094316,0.7471490432977318
PGS018426,Viral hepatitis B,East Asian,0.8892939433312449,0.03754119576807707,NA,NA,1,0.708744445768296,0.6933256144489984,0.7236969960350028
PGS018427,Viral hepatitis B,East Asian,0.9848559716606166,0.03856722473260903,NA,NA,1,0.728070683930327,0.7128495740082862,0.7427760981980422
PGS018428,Viral hepatitis B,East Asian,1.0373212750552672,0.03916399311326152,NA,NA,1,0.738332813701722,0.7232338821289146,0.7528894694665803
PGS018429,Viral hepatitis B,East Asian,0.9110094989982364,0.037767568331873995,NA,NA,1,0.713206693045403,0.6978298561666273,0.7281059159417947
PGS018430,Chronic hepatitis,East Asian,0.6277958835558622,0.03297949346551031,NA,NA,1,0.651989517649683,0.6371824804951753,0.6665085390752682
PGS018431,Chronic hepatitis,East Asian,0.6326125670648118,0.03301658056290891,NA,NA,1,0.653081617597747,0.6382784860099869,0.6675944380542695
PGS018432,Chronic hepatitis,East Asian,0.6089706704468798,0.03283608876357215,NA,NA,1,0.647705962353374,0.6328846179990832,0.6622482672130456
PGS018433,Chronic hepatitis,East Asian,0.6310461832078731,0.0330045021299662,NA,NA,1,0.6527266431992609,0.6379222306181886,0.6672414910488065
PGS018434,Chronic hepatitis,East Asian,0.6079114036241466,0.03282809240189257,NA,NA,1,0.6474642179255828,0.6326421140205282,0.6620077876220886
PGS018435,Hepatitis NOS,East Asian,0.7206335794419537,0.059074911655873384,NA,NA,1,0.672746520319629,0.6467643824105497,0.6977107770269971
PGS018436,Hepatitis NOS,East Asian,0.7117193590455174,0.05893691543857372,NA,NA,1,0.670780963937431,0.6447871339027463,0.6957701188860493
PGS018437,Hepatitis NOS,East Asian,0.6853098945128573,0.058533963587465473,NA,NA,1,0.664922778579698,0.6388977636537642,0.6899822808937113
PGS018438,Hepatitis NOS,East Asian,0.7122030291612392,0.058944377067298645,NA,NA,1,0.670887765853096,0.6448945551920042,0.6958755847020778
PGS018439,Hepatitis NOS,East Asian,0.7126748548646932,0.058951658820634724,NA,NA,1,0.670991935327178,0.6449993305354091,0.6959784491522375
PGS018440,Viral warts HPV,East Asian,0.7688906884909719,0.07488642552008236,NA,NA,1,0.683280878542083,0.6506990316968481,0.7141586260343484
PGS018441,Viral warts HPV,East Asian,0.7802214781664767,0.07511882705649124,NA,NA,1,0.68572784559082,0.6531668037980403,0.7165585489549515
PGS018442,Viral warts HPV,East Asian,0.7895819661519989,0.07531239833176102,NA,NA,1,0.687741563562289,0.6551985703473817,0.7185325641608318
PGS018443,Viral warts HPV,East Asian,0.8059357889486553,0.07565404391833849,NA,NA,1,0.691242770032379,0.6587331645352368,0.7219626030205346
PGS018444,Viral warts HPV,East Asian,0.7899209894492834,0.07531943614955128,NA,NA,1,0.6878143652337201,0.6552720402681272,0.7186039136952981
PGS018445,Dermatophytosis of nail,East Asian,0.5946117932614897,0.057952005963915365,NA,NA,1,0.644422604182718,0.6179900877620377,0.6700028006734791
PGS018446,Dermatophytosis of nail,East Asian,0.5794161178544458,0.05773672668991703,NA,NA,1,0.6409330439976211,0.6144963039304306,0.6665406373379009
PGS018447,Dermatophytosis of nail,East Asian,0.5644294407889767,0.05752712196047591,NA,NA,1,0.637476806660834,0.6110377109579136,0.663109593077252
PGS018448,Dermatophytosis of nail,East Asian,0.5928708432441371,0.05792720048924309,NA,NA,1,0.644023578992767,0.6175904853058701,0.6696070084205329
PGS018449,Dermatophytosis of nail,East Asian,0.5843107186735141,0.05780576571118104,NA,NA,1,0.642058698303421,0.6156231174847862,0.6676576698866749
PGS018450,Dermatophytosis of the body,East Asian,0.6734221676078102,0.08952438409327956,NA,NA,1,0.662269015752368,0.6219784813945202,0.7003342345115642
PGS018451,Dermatophytosis of the body,East Asian,0.675556699091459,0.08957433058332004,NA,NA,1,0.6627462782865952,0.6224572187859765,0.7008025357538886
PGS018452,Dermatophytosis of the body,East Asian,0.673220997532339,0.08951968132929554,NA,NA,1,0.6622240188210121,0.6219333481889864,0.7002900794281892
PGS018453,Dermatophytosis of the body,East Asian,0.6765348338307268,0.08959724720738713,NA,NA,1,0.6629648699367391,0.6226765039241015,0.7010170033815157
PGS018454,Dermatophytosis of the body,East Asian,0.6751045958377744,0.08956374445646043,NA,NA,1,0.6626452196046961,0.6223558433136192,0.700703379504593
PGS018455,Cancer of mouth,East Asian,0.8850834059669384,0.07500586995033455,NA,NA,1,0.7078745190919749,0.6765740902405908,0.7373218364165768
PGS018456,Cancer of mouth,East Asian,0.8980857650998121,0.07528980401649783,NA,NA,1,0.710555967972851,0.6792915036727325,0.7399394328667991
PGS018457,Cancer of mouth,East Asian,0.9010525619984269,0.07535498638512235,NA,NA,1,0.711165756402779,0.6799096862750866,0.7405344727809237
PGS018458,Cancer of mouth,East Asian,0.8968650094557211,0.07526302607183473,NA,NA,1,0.7103048352982071,0.6790369372468799,0.7396943495595882
PGS018459,Cancer of mouth,East Asian,0.9057145010313562,0.07545771035289227,NA,NA,1,0.7121224172366859,0.6808796778066087,0.7414678247600003
PGS018460,Cancer of tongue,East Asian,0.7822121244610484,0.09726595180502622,NA,NA,1,0.686156681463566,0.6437254924477164,0.725687873458037
PGS018461,Cancer of tongue,East Asian,0.781438012800929,0.09724510013979538,NA,NA,1,0.685989955836175,0.643557310733026,0.7255256094571811
PGS018462,Cancer of tongue,East Asian,0.781657240146567,0.09725100401538445,NA,NA,1,0.686037177176844,0.6436049437349135,0.7255715679504985
PGS018463,Cancer of tongue,East Asian,0.7824987983477102,0.0972736769423103,NA,NA,1,0.6862184121547199,0.6437877641175597,0.7257479501944726
PGS018464,Cancer of tongue,East Asian,0.7797668385765723,0.09720012819487167,NA,NA,1,0.6856298601377749,0.6431940951395361,0.7251751228194125
PGS018465,Cancer of larynx pharynx nasal cavities,East Asian,0.9580294943236342,0.07941679271602849,NA,NA,1,0.72272710365137,0.6904817702355062,0.7528157328922821
PGS018466,Cancer of larynx pharynx nasal cavities,East Asian,0.9508295287043381,0.0792457768494051,NA,NA,1,0.721281972343068,0.6890127381531047,0.751410889655409
PGS018467,Cancer of larynx pharynx nasal cavities,East Asian,0.9449564566934026,0.07910696066980634,NA,NA,1,0.720099750465552,0.6878113213443209,0.7502612484758563
PGS018468,Cancer of larynx pharynx nasal cavities,East Asian,0.9417530826962198,0.07903150353919383,NA,NA,1,0.719453635898138,0.6871548517911379,0.7496327968518938
PGS018469,Cancer of larynx pharynx nasal cavities,East Asian,0.9364447105686322,0.07890686206428593,NA,NA,1,0.718380946426466,0.6860651816963038,0.7485892087400285
PGS018470,Cancer of nasopharynx,East Asian,0.8822875097746398,0.09768408171356407,NA,NA,1,0.707296024953452,0.6661508071822297,0.7453090869612287
PGS018471,Cancer of nasopharynx,East Asian,0.9044370034651807,0.09831867810212615,NA,NA,1,0.711860454070605,0.6707838425753906,0.7497241468540433
PGS018472,Cancer of nasopharynx,East Asian,0.8248807010397488,0.09608855178081309,NA,NA,1,0.695271394175132,0.6539725202699354,0.7336487142623397
PGS018473,Cancer of nasopharynx,East Asian,0.8931859525112154,0.09799499324539353,NA,NA,1,0.7095472035049831,0.6684351053588249,0.7474873695729731
PGS018474,Cancer of nasopharynx,East Asian,0.8409117623454567,0.09652703374400778,NA,NA,1,0.698657208935656,0.6573976803715609,0.73693620300789
PGS018475,Cancer of esophagus,East Asian,0.7265306408685113,0.10838108637565824,NA,NA,1,0.674043484369921,0.625767986450985,0.7188890433629324
PGS018476,Cancer of esophagus,East Asian,0.7264606351140043,0.10837904383744329,NA,NA,1,0.674028103297619,0.6257525297261262,0.7188740867942903
PGS018477,Cancer of esophagus,East Asian,0.7449697179251992,0.10892306698902382,NA,NA,1,0.678081639406141,0.6298283503876559,0.7228131510120633
PGS018478,Cancer of esophagus,East Asian,0.7428965960799662,0.10886173402142073,NA,NA,1,0.677628937034878,0.6293729248225766,0.7223734923353019
PGS018479,Cancer of esophagus,East Asian,0.7229908633589113,0.10827795031775736,NA,NA,1,0.673265285252378,0.624986044498506,0.7181322279363123
PGS018480,Cancer of stomach,East Asian,0.4731971134380912,0.08417469841785642,NA,NA,1,0.616140190575643,0.5764494310537781,0.6543418232881344
PGS018481,Cancer of stomach,East Asian,0.47087614836323444,0.08412957410381464,NA,NA,1,0.615591107983406,0.5759042558836709,0.653796664124864
PGS018482,Cancer of stomach,East Asian,0.47108720266442006,0.08413367365694878,NA,NA,1,0.615641050379392,0.5759538402275974,0.6538462525972456
PGS018483,Cancer of stomach,East Asian,0.4711183820140182,0.08413427935371351,NA,NA,1,0.615648428233345,0.5759611652324106,0.6538535781172317
PGS018484,Cancer of stomach,East Asian,0.47774311742528325,0.08426334697107128,NA,NA,1,0.617214803380192,0.5775165821581301,0.6554085518634865
PGS018485,Colorectal cancer,East Asian,0.5802811487390088,0.05225621503748701,NA,NA,1,0.6411320960898901,0.617242173771669,0.6643417853804979
PGS018486,Colorectal cancer,East Asian,0.6051053087446362,0.05257313128353578,NA,NA,1,0.6468234499622731,0.6229437796435222,0.66999194928701
PGS018487,Colorectal cancer,East Asian,0.5938263174111279,0.052428303211819655,NA,NA,1,0.644242598177201,0.6203577210952907,0.6674303640480792
PGS018488,Colorectal cancer,East Asian,0.5874561792183765,0.05234712288456373,NA,NA,1,0.642781262460205,0.6188938480894967,0.6659795042543615
PGS018489,Colorectal cancer,East Asian,0.5753990521611624,0.05219467873329443,NA,NA,1,0.640008042592846,0.6161166262895769,0.6632253071016971
PGS018490,Colon cancer,East Asian,0.5245893149508097,0.061706267644088104,NA,NA,1,0.628220273927444,0.599563101944222,0.6560032648909279
PGS018491,Colon cancer,East Asian,0.5742673522669214,0.06244567583854552,NA,NA,1,0.639747260193412,0.6110846607802951,0.6674470302815623
PGS018492,Colon cancer,East Asian,0.5091741800802863,0.06148320561314368,NA,NA,1,0.624612863057291,0.5959617889172458,0.6524171860520104
PGS018493,Colon cancer,East Asian,0.5343151730029113,0.0618485474533113,NA,NA,1,0.630488993972003,0.6018290549822805,0.6582574242688065
PGS018494,Colon cancer,East Asian,0.5245162893216894,0.06170520387906691,NA,NA,1,0.628203217933845,0.5995460698827823,0.6559863150084669
PGS018495,Malignant neoplasm of rectum rectosigmoid junction and anus,East Asian,0.6122329788880012,0.07203836457904196,NA,NA,1,0.6484500063262859,0.6156293565890564,0.6799252217238917
PGS018496,Malignant neoplasm of rectum rectosigmoid junction and anus,East Asian,0.6189683719083766,0.07216024319492123,NA,NA,1,0.649983884525512,0.6171654657006713,0.6814411033515672
PGS018497,Malignant neoplasm of rectum rectosigmoid junction and anus,East Asian,0.6107079771389425,0.07201086439742312,NA,NA,1,0.648102284317057,0.6152811909232254,0.6795815125593601
PGS018498,Malignant neoplasm of rectum rectosigmoid junction and anus,East Asian,0.614611727773859,0.0720813303414074,NA,NA,1,0.64899208042096,0.6161721680463546,0.6804609908005007
PGS018499,Malignant neoplasm of rectum rectosigmoid junction and anus,East Asian,0.6107299485942814,0.07201126035717748,NA,NA,1,0.648107295236387,0.6152862080732335,0.6795864658261158
PGS018500,Cancer of liver and intrahepatic bile duct,East Asian,0.620513777470933,0.06504041875619904,NA,NA,1,0.6503353902180439,0.6208210353557357,0.6787412263643001
PGS018501,Cancer of liver and intrahepatic bile duct,East Asian,0.6247782897131566,0.06510993247660751,NA,NA,1,0.651304514409618,0.6217923525666204,0.6797000630547011
PGS018502,Cancer of liver and intrahepatic bile duct,East Asian,0.5882213230894533,0.06452205754759835,NA,NA,1,0.642956930630929,0.6134311610676724,0.6714354478979668
PGS018503,Cancer of liver and intrahepatic bile duct,East Asian,0.6212041848818516,0.06505165588844586,NA,NA,1,0.650492372059799,0.6209783614387517,0.678896553538635
PGS018504,Cancer of liver and intrahepatic bile duct,East Asian,0.5822206330152958,0.06442728452057256,NA,NA,1,0.641578213737586,0.6120513397038759,0.670069212279304
PGS018505,Malignant neoplasm of liver primary,East Asian,0.6289912721794408,0.06735914570120412,NA,NA,1,0.652260701053287,0.6217463821699796,0.681574103617911
PGS018506,Malignant neoplasm of liver primary,East Asian,0.6303985789015195,0.06738302987205907,NA,NA,1,0.65257983325468,0.6220662870845768,0.681889609085666
PGS018507,Malignant neoplasm of liver primary,East Asian,0.5824368201381777,0.06658474551875022,NA,NA,1,0.641627925657426,0.6110981814920121,0.6710511114440151
PGS018508,Malignant neoplasm of liver primary,East Asian,0.6080564035201482,0.06700715153504419,NA,NA,1,0.647497314068258,0.6169736159544484,0.6768625436124308
PGS018509,Malignant neoplasm of liver primary,East Asian,0.5822352297190405,0.0665814579572297,NA,NA,1,0.641581570324554,0.6110518024460638,0.6710051880604504
PGS018510,Neoplasm of unspecified nature of digestive system,East Asian,0.36095155432717524,0.07529890881565277,NA,NA,1,0.5892707589964151,0.5531399766322835,0.624463548007307
PGS018511,Neoplasm of unspecified nature of digestive system,East Asian,0.36286901685065076,0.07532980534604442,NA,NA,1,0.589734764286266,0.5535989139100238,0.6249272967666766
PGS018512,Neoplasm of unspecified nature of digestive system,East Asian,0.36567355972614857,0.07537509280438845,NA,NA,1,0.590413145736725,0.5542699586731396,0.6256052224910212
PGS018513,Neoplasm of unspecified nature of digestive system,East Asian,0.36006391687781875,0.07528462435685507,NA,NA,1,0.589055906444338,0.5529274844612118,0.6242487990633336
PGS018514,Neoplasm of unspecified nature of digestive system,East Asian,0.359456822210817,0.0752748612300123,NA,NA,1,0.588908939676454,0.5527821372680317,0.6241018976361697
PGS018515,Cancer within the respiratory system,East Asian,0.42226238052567944,0.0558436897042887,NA,NA,1,0.604024490708683,0.5775706963589996,0.6298832555952659
PGS018516,Cancer within the respiratory system,East Asian,0.4895214525004656,0.056698347789625014,NA,NA,1,0.619993692303758,0.5934853810898149,0.645805050887866
PGS018517,Cancer within the respiratory system,East Asian,0.35733824069393444,0.05506636709437553,NA,NA,1,0.588395944823201,0.5620308238264737,0.6142632215645089
PGS018518,Cancer within the respiratory system,East Asian,0.4190769562997672,0.05580447247062757,NA,NA,1,0.6032623525300231,0.5768120792883551,0.62912239510313706
PGS018519,Cancer within the respiratory system,East Asian,0.46137759049481625,0.056334498993330734,NA,NA,1,0.613340927973429,0.5868508352810992,0.6391768456118662
PGS018520,Cancer of bronchus lung,East Asian,0.43670712353171537,0.05618364880293724,NA,NA,1,0.60747412510329,0.5809287522239692,0.6333991353832121
PGS018521,Cancer of bronchus lung,East Asian,0.49563576903903817,0.05694159346430751,NA,NA,1,0.6214331739335331,0.5948447802957612,0.6473112470047381
PGS018522,Cancer of bronchus lung,East Asian,0.3815307178627528,0.05550930894998447,NA,NA,1,0.594242240355317,0.5677635995611291,0.6201839246520852
PGS018523,Cancer of bronchus lung,East Asian,0.49403549600969454,0.05692048550106972,NA,NA,1,0.621056630235501,0.5944690226075232,0.6469363699514217
PGS018524,Cancer of bronchus lung,East Asian,0.4684371100686041,0.05658684409765216,NA,NA,1,0.6150137746604349,0.5884416336768414,0.64091721188758
PGS018525,Breast cancer,East Asian,1.516702006403917,0.052619029145691706,NA,NA,1,0.8200523207783861,0.8043282126455689,0.8347724149008958
PGS018526,Breast cancer,East Asian,1.5509591435149692,0.05327711629547103,NA,NA,1,0.825052218788565,0.8094647477827424,0.8396171563073823
PGS018527,Breast cancer,East Asian,1.499438010098902,0.05229298180392182,NA,NA,1,0.817490642433885,0.8016984624070694,0.8322882711129816
PGS018528,Breast cancer,East Asian,1.540116969657467,0.053067228578643155,NA,NA,1,0.823481728523493,0.80785079491261,0.838095952815546
PGS018529,Breast cancer,East Asian,1.524092959736781,0.052759756837933665,NA,NA,1,0.821140399188161,0.8054455979877747,0.8358271618029118
PGS018530,Breast cancer female,East Asian,0.6894916976910213,0.04344068923261331,NA,NA,1,0.6658538428347569,0.6466504167886953,0.6845227802521983
PGS018531,Breast cancer female,East Asian,0.7370154452480638,0.04394865415470368,NA,NA,1,0.676342871831594,0.6572078588336858,0.694905607485361
PGS018532,Breast cancer female,East Asian,0.6601509045309456,0.043137562810924776,NA,NA,1,0.659294286246282,0.6400546344396697,0.6780228758687137
PGS018533,Breast cancer female,East Asian,0.6813882502207231,0.043356176901260285,NA,NA,1,0.664048470005671,0.6448345748430454,0.6827343401273753
PGS018534,Breast cancer female,East Asian,0.6914565099686174,0.04346127227933708,NA,NA,1,0.666290856285073,0.6470900216577206,0.6849556358789097
PGS018535,Malignant neoplasm of female breast,East Asian,0.6926051876497592,0.045622961390924026,NA,NA,1,0.666546212919839,0.6463844588591622,0.6861166403184716
PGS018536,Malignant neoplasm of female breast,East Asian,0.7337892669069475,0.0460892549104942,NA,NA,1,0.675636249702184,0.6555338980348248,0.6951110927053012
PGS018537,Malignant neoplasm of female breast,East Asian,0.6779483904514463,0.04546101945410852,NA,NA,1,0.6632806456982281,0.6431000435350462,0.682882834924264
PGS018538,Malignant neoplasm of female breast,East Asian,0.7274948596982768,0.04601690599898621,NA,NA,1,0.6742552962333179,0.6541432571850825,0.6937453454401133
PGS018539,Malignant neoplasm of female breast,East Asian,0.6974142952727286,0.04567655251101553,NA,NA,1,0.66761423904281,0.6474589335298251,0.6871739845983367
PGS018540,Cervical cancer and dysplasia,East Asian,0.9160365353507529,0.07205209443946799,NA,NA,1,0.714233834618562,0.6845614303061115,0.742166319491248
PGS018541,Cervical cancer and dysplasia,East Asian,0.9135542461948796,0.07200063758459414,NA,NA,1,0.7137269204982889,0.6840469645907868,0.7416717115070074
PGS018542,Cervical cancer and dysplasia,East Asian,0.9130151002354373,0.07198947437654343,NA,NA,1,0.7136167490702912,0.6839351589324824,0.7415642073080327
PGS018543,Cervical cancer and dysplasia,East Asian,0.9124407622496239,0.07197758763364447,NA,NA,1,0.7134993584319121,0.6838160297315341,0.741449655786196
PGS018544,Cervical cancer and dysplasia,East Asian,0.9153169380092955,0.07203716729518467,NA,NA,1,0.714086939381232,0.6844123412839008,0.7420229960905761
PGS018545,Cervical cancer,East Asian,0.7527472316188866,0.10912774865774817,NA,NA,1,0.679777012298674,0.6315464505259679,0.7244487968854862
PGS018546,Cervical cancer,East Asian,0.7534072738721073,0.1091472668412585,NA,NA,1,0.679920673393323,0.6316911256542016,0.7245881711724199
PGS018547,Cervical cancer,East Asian,0.7438537454701979,0.10886575976988816,NA,NA,1,0.677837988808881,0.6295943242647191,0.7225669895681455
PGS018548,Cervical cancer,East Asian,0.7537908341138665,0.10915861386947924,NA,NA,1,0.68000414129189,0.6317751854578618,0.7246691453849514
PGS018549,Cervical cancer,East Asian,0.7697372190689695,0.10963344506496793,NA,NA,1,0.683464046202692,0.6352614073316869,0.7280237195889064
PGS018550,Cervical intraepithelial neoplasia CIN Cervical dysplasia,East Asian,1.0843007385539845,0.0923291671564434,NA,NA,1,0.74730699504983,0.7116344808645939,0.7799312721313538
PGS018551,Cervical intraepithelial neoplasia CIN Cervical dysplasia,East Asian,1.0829134320050129,0.09228900237395718,NA,NA,1,0.747044927250355,0.7113658709705076,0.7796795417863219
PGS018552,Cervical intraepithelial neoplasia CIN Cervical dysplasia,East Asian,1.0825605416127877,0.09227879210574583,NA,NA,1,0.7469782361615989,0.7112975181087123,0.7796154781520644
PGS018553,Cervical intraepithelial neoplasia CIN Cervical dysplasia,East Asian,1.0826574560857054,0.09228159589521372,NA,NA,1,0.746996552728229,0.7113162909541393,0.779633073224105
PGS018554,Cervical intraepithelial neoplasia CIN Cervical dysplasia,East Asian,1.083400621254427,0.092303102665569,NA,NA,1,0.747136979739059,0.7114602192138174,0.7797679654994711
PGS018555,Malignant neoplasm of uterus,East Asian,0.6212546179868139,0.07973943261531737,NA,NA,1,0.650503838042369,0.6141914274096042,0.6851505281792754
PGS018556,Malignant neoplasm of uterus,East Asian,0.6271541647939889,0.07985662940082768,NA,NA,1,0.651843897986689,0.6155340818661295,0.6864712232239998
PGS018557,Malignant neoplasm of uterus,East Asian,0.6006163166765914,0.07933402073586888,NA,NA,1,0.645797297107258,0.6094787351423405,0.6805087943570344
PGS018558,Malignant neoplasm of uterus,East Asian,0.6218572716578084,0.07975137780107024,NA,NA,1,0.6506408380773001,0.6143286754844192,0.685285567080289
PGS018559,Malignant neoplasm of uterus,East Asian,0.6208575648882488,0.07973156595867273,NA,NA,1,0.650413563184915,0.6141009912485885,0.6850615432760481
PGS018560,Prostate cancer,East Asian,1.0573584501395124,0.089302410070551,NA,NA,1,0.74218541815962,0.7073039368162253,0.7742368115845116
PGS018561,Prostate cancer,East Asian,1.0840806977824686,0.09004632299305586,NA,NA,1,0.747265440454389,0.7125067296459557,0.779124471059141
PGS018562,Prostate cancer,East Asian,0.878476218587682,0.08468834978500762,NA,NA,1,0.706506356663216,0.6709504745280721,0.7397106855775494
PGS018563,Prostate cancer,East Asian,1.013917599130615,0.08812400399537143,NA,NA,1,0.733786129468907,0.6987167426518576,0.7661397083135522
PGS018564,Prostate cancer,East Asian,0.7366674409235023,0.08145972101962637,NA,NA,1,0.67626668789978,0.6403782856878751,0.7101944230759862
PGS018565,Cancer of bladder,East Asian,0.6019883368924522,0.08846726727216607,NA,NA,1,0.6461110745145049,0.6055375187290898,0.6846844476246811
PGS018566,Cancer of bladder,East Asian,0.6054949816906195,0.08854524998894785,NA,NA,1,0.646912462876351,0.6063383290261167,0.6854739666974096
PGS018567,Cancer of bladder,East Asian,0.6121029845968399,0.08869282104540506,NA,NA,1,0.648420371918424,0.6078455506080332,0.6869591022649494
PGS018568,Cancer of bladder,East Asian,0.603715327830319,0.08850564465095569,NA,NA,1,0.6465058539622219,0.6059319949859125,0.6850734002891018
PGS018569,Cancer of bladder,East Asian,0.5926763429813964,0.08826128315251204,NA,NA,1,0.643978987156447,0.603407685930561,0.682583150236181
PGS018570,Malignant neoplasm of bladder,East Asian,0.6099344192264716,0.08945154179145197,NA,NA,1,0.647925842074479,0.6069738111163285,0.6868125354165048
PGS018571,Malignant neoplasm of bladder,East Asian,0.6158857584146249,0.08958614110781375,NA,NA,1,0.649282251213965,0.6083297790033864,0.6881478669904915
PGS018572,Malignant neoplasm of bladder,East Asian,0.6121107960240966,0.08950068715973862,NA,NA,1,0.648422152698314,0.6074699106608954,0.6873011883258866
PGS018573,Malignant neoplasm of bladder,East Asian,0.6033826589294519,0.08930412928460857,NA,NA,1,0.646429823425861,0.605478774509716,0.6853392188437629
PGS018574,Malignant neoplasm of bladder,East Asian,0.5989433514111365,0.08920470143064477,NA,NA,1,0.645414524491429,0.6044644372333902,0.6843390022174188
PGS018575,Manlignant and unknown neoplasms of brain and nervous system,East Asian,0.8222895722091346,0.09934120172071106,NA,NA,1,0.694722136484407,0.6519407175910378,0.7343874978280414
PGS018576,Manlignant and unknown neoplasms of brain and nervous system,East Asian,0.821037339358996,0.09930604586728019,NA,NA,1,0.694456494083396,0.6516721557659203,0.7341297134952344
PGS018577,Manlignant and unknown neoplasms of brain and nervous system,East Asian,0.821479667910698,0.09931846013331773,NA,NA,1,0.6945503422329191,0.6517670331183635,0.7342207878711989
PGS018578,Manlignant and unknown neoplasms of brain and nervous system,East Asian,0.8265337667060261,0.09946060978365387,NA,NA,1,0.695621514584002,0.6528501225822789,0.7352601160149489
PGS018579,Manlignant and unknown neoplasms of brain and nervous system,East Asian,0.8291859638625355,0.09953542751450745,NA,NA,1,0.6961827786560109,0.6534177558290228,0.7358045588512668
PGS018580,Thyroid cancer,East Asian,1.0899463138517462,0.07234485349924864,NA,NA,1,0.748371612020489,0.7207430566394115,0.7741233592156386
PGS018581,Thyroid cancer,East Asian,1.106475550818297,0.07272545137534367,NA,NA,1,0.7514714614495731,0.7239086989564023,0.7771297282170427
PGS018582,Thyroid cancer,East Asian,1.025899492003626,0.0709125876814644,NA,NA,1,0.736120154900827,0.7082522631526221,0.7622197847516475
PGS018583,Thyroid cancer,East Asian,1.1003315031302208,0.07258344925981576,NA,NA,1,0.750322214143478,0.7227348083330798,0.7760153996217745
PGS018584,Thyroid cancer,East Asian,1.099434005855561,0.07256275882990965,NA,NA,1,0.750154040319585,0.7225630532270311,0.7758523096881685
PGS018585,Cancer suspected or other,East Asian,0.43975586629387126,0.0408655045839891,NA,NA,1,0.608200857034125,0.5889580006189905,0.627113218006966
PGS018586,Cancer suspected or other,East Asian,0.4391464811302138,0.040860133612157026,NA,NA,1,0.60805563550376,0.5888130174636316,0.6269682449207289
PGS018587,Cancer suspected or other,East Asian,0.43754616116260514,0.04084604327953266,NA,NA,1,0.607674174998279,0.5884321937117639,0.6265874259032913
PGS018588,Cancer suspected or other,East Asian,0.4399695462881517,0.040867388628464583,NA,NA,1,0.608251774212672,0.5890088347463254,0.627164047524182
PGS018589,Cancer suspected or other,East Asian,0.43843613462264114,0.04085387663529885,NA,NA,1,0.607886329908894,0.5886439925872275,0.6267992260272276
PGS018590,Malignant neoplasm other,East Asian,0.44030694122218034,0.04116985795705884,NA,NA,1,0.608332166264685,0.5889469958843142,0.6273815379420427
PGS018591,Malignant neoplasm other,East Asian,0.44007799573937656,0.041167821949072446,NA,NA,1,0.608277615412976,0.5888925358141234,0.6273270819454472
PGS018592,Malignant neoplasm other,East Asian,0.4382290207681091,0.04115139491774996,NA,NA,1,0.607836961035765,0.5884526263601304,0.6268871816294784
PGS018593,Malignant neoplasm other,East Asian,0.4418454237127958,0.04118355089171733,NA,NA,1,0.608698670318439,0.5893128982243693,0.6277473960977086
PGS018594,Malignant neoplasm other,East Asian,0.4407964489798597,0.041174212593830084,NA,NA,1,0.608448792223512,0.5890634288203267,0.627497959993879
PGS018595,Secondary malignant neoplasm,East Asian,0.7362194235768356,0.06536543391908986,NA,NA,1,0.6761685956927979,0.6475079888949202,0.7035657042539065
PGS018596,Secondary malignant neoplasm,East Asian,0.7451322289193818,0.06552172617063745,NA,NA,1,0.67811711240543,0.6494698394506727,0.7054848417254848
PGS018597,Secondary malignant neoplasm,East Asian,0.7423326451810981,0.06547251266571298,NA,NA,1,0.677505730772271,0.6488542009196356,0.7048827558419795
PGS018598,Secondary malignant neoplasm,East Asian,0.7386905960864526,0.06540865530892713,NA,NA,1,0.67670945932045,0.6480524855942513,0.7040984850037914
PGS018599,Secondary malignant neoplasm,East Asian,0.7385217011075629,0.06540569855461886,NA,NA,1,0.676672508426969,0.6480152848319621,0.7040620880810148
PGS018600,Secondary malignancy of bone,East Asian,0.8122659837558792,0.10790658125422714,NA,NA,1,0.692592161389214,0.6458322409211948,0.7357049151032985
PGS018601,Secondary malignancy of bone,East Asian,0.8074144478439051,0.10775954207094518,NA,NA,1,0.691558265311662,0.6447877616001957,0.7347043190841843
PGS018602,Secondary malignancy of bone,East Asian,0.8032421409847191,0.10763353250961827,NA,NA,1,0.690667579018945,0.6438882080736793,0.7338420460014723
PGS018603,Secondary malignancy of bone,East Asian,0.8047470179518162,0.10767893466969607,NA,NA,1,0.69098899748865,0.6442127997734112,0.7341532403494699
PGS018604,Secondary malignancy of bone,East Asian,0.8043974750068316,0.10766838420268347,NA,NA,1,0.690914356977352,0.6441374196859561,0.734080977048693
PGS018605,Neoplasm of uncertain behavior,East Asian,0.43766675031549773,0.03607142088676013,NA,NA,1,0.607702923835349,0.590725839187636,0.6244235211081862
PGS018606,Neoplasm of uncertain behavior,East Asian,0.4375428012153004,0.0360704758475608,NA,NA,1,0.6076733739654782,0.5906963196555068,0.6243940178600278
PGS018607,Neoplasm of uncertain behavior,East Asian,0.4376308394880569,0.036071147076300096,NA,NA,1,0.6076943626580961,0.5907172867914495,0.624414973446872
PGS018608,Neoplasm of uncertain behavior,East Asian,0.43857890129764615,0.03607837892955358,NA,NA,1,0.607920359326418,0.5909430539484566,0.6246406109402272
PGS018609,Neoplasm of uncertain behavior,East Asian,0.4378204363499344,0.03607259280732463,NA,NA,1,0.607739561991761,0.5907624398420245,0.624460101341884
PGS018610,Benign neoplasm of colon,East Asian,0.3805369374428435,0.035358642587027075,NA,NA,1,0.594002599186252,0.5771864374266731,0.6106011625763109
PGS018611,Benign neoplasm of colon,East Asian,0.3881415616768798,0.03541335222673328,NA,NA,1,0.59583523816705,0.579015051416381,0.6124332184730922
PGS018612,Benign neoplasm of colon,East Asian,0.39012699398484213,0.035427702708156594,NA,NA,1,0.596313270139431,0.5794920836310702,0.6129110460858603
PGS018613,Benign neoplasm of colon,East Asian,0.3823233773522271,0.03537145829900348,NA,NA,1,0.594433350856925,0.5776162156616119,0.611031805746768
PGS018614,Benign neoplasm of colon,East Asian,0.3844249425791817,0.03538656328123218,NA,NA,1,0.594939900409054,0.5781216420071702,0.6115382052670616
PGS018615,Benign neoplasm of other parts of digestive system,East Asian,0.3531211045934888,0.02981103201154487,NA,NA,1,0.587374233480707,0.5731442954456278,0.6014596558189258
PGS018616,Benign neoplasm of other parts of digestive system,East Asian,0.36271123477545925,0.02986525872779798,NA,NA,1,0.589696588740047,0.5754628917271223,0.6037816414148447
PGS018617,Benign neoplasm of other parts of digestive system,East Asian,0.3575940422854947,0.029836256442676172,NA,NA,1,0.5884578950264548,0.5742261519923333,0.6025431975613288
PGS018618,Benign neoplasm of other parts of digestive system,East Asian,0.36171884926748205,0.029859622183328393,NA,NA,1,0.589456455223416,0.5752231278943739,0.6035415657563402
PGS018619,Benign neoplasm of other parts of digestive system,East Asian,0.3535583152124575,0.02981349239765075,NA,NA,1,0.587480194307871,0.5732500758488074,0.6015656089945405
PGS018620,Benign neoplasm of uterus,East Asian,1.568880278326924,0.05544920967187441,NA,NA,1,0.827623924497459,0.811563235958769,0.8425812612317465
PGS018621,Benign neoplasm of uterus,East Asian,1.5707863276342673,0.05548717253966893,NA,NA,1,0.827895676596352,0.8118431861227596,0.8428437669947143
PGS018622,Benign neoplasm of uterus,East Asian,1.5656760660120055,0.05538549951180072,NA,NA,1,0.82716632336525,0.8110918656475654,0.842139194132084
PGS018623,Benign neoplasm of uterus,East Asian,1.5723656045699228,0.05551866350045439,NA,NA,1,0.828120582451309,0.8120748887088357,0.8430610084475666
PGS018624,Benign neoplasm of uterus,East Asian,1.5732136966285182,0.0555355881865115,NA,NA,1,0.828241263641774,0.8121992213736972,0.8431775725440465
PGS018625,Uterine leiomyoma,East Asian,1.5872172287408914,0.059605104242940916,NA,NA,1,0.830224226365351,0.8131168429341855,0.8460620669479539
PGS018626,Uterine leiomyoma,East Asian,1.5930122618717808,0.059730691981196904,NA,NA,1,0.831039485235189,0.8139585743207013,0.8468472333366625
PGS018627,Uterine leiomyoma,East Asian,1.5862577042168944,0.059584356013331737,NA,NA,1,0.830088936645434,0.8129771750817029,0.8459317559256033
PGS018628,Uterine leiomyoma,East Asian,1.5894945197218406,0.05965439966687638,NA,NA,1,0.830544973647423,0.8134479869012661,0.8463709935360684
PGS018629,Uterine leiomyoma,East Asian,1.5858851160021612,0.05957630290686135,NA,NA,1,0.830036379858328,0.8129229186373159,0.845881132088699
PGS018630,Benign neoplasm of brain and other parts of nervous system,East Asian,0.6640535919009027,0.09663633237307677,NA,NA,1,0.6601703829260002,0.6164829010824951,0.7012926206618096
PGS018631,Benign neoplasm of brain and other parts of nervous system,East Asian,0.6702692332899672,0.09679310848005984,NA,NA,1,0.6615634424191319,0.6178788601408418,0.7026572542098992
PGS018632,Benign neoplasm of brain and other parts of nervous system,East Asian,0.6673668136321963,0.09671980257776132,NA,NA,1,0.660913294213304,0.6172272975133065,0.7020204399628694
PGS018633,Benign neoplasm of brain and other parts of nervous system,East Asian,0.659165127075107,0.0965135874962765,NA,NA,1,0.659072820901109,0.6153834003156518,0.7002170737121672
PGS018634,Benign neoplasm of brain and other parts of nervous system,East Asian,0.6595432859144135,0.09652306527716716,NA,NA,1,0.659157786506171,0.6154685051422707,0.7003003470402633
PGS018635,Benign neoplasm of thyroid glands,East Asian,0.9333469624334074,0.11560427423901845,NA,NA,1,0.717753817993659,0.6696854151998182,0.7613202387286284
PGS018636,Benign neoplasm of thyroid glands,East Asian,0.9463143663756485,0.11605373866010871,NA,NA,1,0.720373363626711,0.6723535171877031,0.7638275335615518
PGS018637,Benign neoplasm of thyroid glands,East Asian,0.9177600750943706,0.11506977169539728,NA,NA,1,0.71458548580925,0.666461333289557,0.7582844261926154
PGS018638,Benign neoplasm of thyroid glands,East Asian,0.9329842456367382,0.11559176475697037,NA,NA,1,0.717680331833834,0.6696105991425818,0.761249866396177
PGS018639,Benign neoplasm of thyroid glands,East Asian,0.9389981089383361,0.11579961268387894,NA,NA,1,0.718897235673148,0.6708497520201491,0.7624149596284845
PGS018640,Hemangioma and lymphangioma any site,East Asian,0.8388065483388617,0.10297264539647384,NA,NA,1,0.698213801768952,0.6540705037605262,0.7389721125308784
PGS018641,Hemangioma and lymphangioma any site,East Asian,0.8388416257973448,0.10297367552554829,NA,NA,1,0.6982211929340462,0.654077983592625,0.7389792680999543
PGS018642,Hemangioma and lymphangioma any site,East Asian,0.8293494929048258,0.1026959330330092,NA,NA,1,0.696217365953009,0.6520506827629791,0.7370386987835983
PGS018643,Hemangioma and lymphangioma any site,East Asian,0.8438965865102173,0.1031224176501926,NA,NA,1,0.699285246960726,0.6551549637994922,0.7400092293067182
PGS018644,Hemangioma and lymphangioma any site,East Asian,0.8329632075584658,0.10280143125625116,NA,NA,1,0.6969811196793881,0.6528232499388044,0.7377784874663389
PGS018645,Simple and unspecified goiter,East Asian,1.0399654733010644,0.05090396074797433,NA,NA,1,0.738843344079459,0.7191387843204541,0.75763139201796
PGS018646,Simple and unspecified goiter,East Asian,1.0432835393218658,0.050955542213695686,NA,NA,1,0.739483070147372,0.7197880830800542,0.7582586867774528
PGS018647,Simple and unspecified goiter,East Asian,0.9921560605177006,0.05017477388297901,NA,NA,1,0.7295135742652261,0.709676518502424,0.7484756028722622
PGS018648,Simple and unspecified goiter,East Asian,1.0287293101625272,0.05073023189056774,NA,NA,1,0.736669471952075,0.7169328545065933,0.7554992780905144
PGS018649,Simple and unspecified goiter,East Asian,1.0383757685980215,0.05087929289382715,NA,NA,1,0.738536487979845,0.718827358950534,0.7573304757382887
PGS018650,Nontoxic nodular goiter,East Asian,1.0008149143606446,0.04297269050818504,NA,NA,1,0.731218770346041,0.7143464673667687,0.7474468330697243
PGS018651,Nontoxic nodular goiter,East Asian,1.015853619018837,0.043165304476597645,NA,NA,1,0.734164148211492,0.7173287379701138,0.7503458391911624
PGS018652,Nontoxic nodular goiter,East Asian,0.9661566046377142,0.04253711919020824,NA,NA,1,0.724352765118019,0.707398771093906,0.7406845128073155
PGS018653,Nontoxic nodular goiter,East Asian,1.0117848621365768,0.04311297504062743,NA,NA,1,0.733369304323321,0.7165238276929605,0.7495636222963725
PGS018654,Nontoxic nodular goiter,East Asian,1.015747567430565,0.043163938466793506,NA,NA,1,0.734143449911085,0.7173077764948798,0.7503254707697267
PGS018655,Nontoxic uninodular goiter,East Asian,0.9379597261373656,0.10491677159201032,NA,NA,1,0.71868734743442,0.6753147997423822,0.7583393666824523
PGS018656,Nontoxic uninodular goiter,East Asian,0.9421250317938372,0.10504739428472602,NA,NA,1,0.719528704013481,0.6761713799135121,0.7591486965842786
PGS018657,Nontoxic uninodular goiter,East Asian,0.9222226879743057,0.10442693656334373,NA,NA,1,0.715494777145831,0.6720663770814788,0.7552662560027256
PGS018658,Nontoxic uninodular goiter,East Asian,0.9206390489206794,0.10437796446596523,NA,NA,1,0.715172298427568,0.6717384244820853,0.7549556625877624
PGS018659,Nontoxic uninodular goiter,East Asian,0.9404754834406656,0.10499561614787786,NA,NA,1,0.719195692849089,0.6758323179488539,0.7588283889322728
PGS018660,Nontoxic multinodular goiter,East Asian,0.8806584286959827,0.09050490225071794,NA,NA,1,0.706958645113383,0.6689121128359358,0.7423173459832949
PGS018661,Nontoxic multinodular goiter,East Asian,0.8828065391218028,0.09056132617529902,NA,NA,1,0.707403467184555,0.6693632042300282,0.7427491590504841
PGS018662,Nontoxic multinodular goiter,East Asian,0.8445714124414381,0.08957078545712104,NA,NA,1,0.699427133908341,0.6612820449177567,0.7349979507108255
PGS018663,Nontoxic multinodular goiter,East Asian,0.8765686220163603,0.09039773216663953,NA,NA,1,0.706110650977704,0.6680523065355602,0.7414940022492889
PGS018664,Nontoxic multinodular goiter,East Asian,0.8833930332658945,0.09057674758925216,NA,NA,1,0.707524847203976,0.6694863037348385,0.7428669798755025
PGS018665,Thyrotoxicosis with or without goiter,East Asian,1.2569487472989334,0.059976920520168675,NA,NA,1,0.778500404454215,0.7575683561933353,0.7981067892281777
PGS018666,Thyrotoxicosis with or without goiter,East Asian,1.2715712917350226,0.060271565648705436,NA,NA,1,0.78101160848832,0.7601385078357586,0.8005449140419081
PGS018667,Thyrotoxicosis with or without goiter,East Asian,1.223596425241691,0.059316042130016386,NA,NA,1,0.7726958341215842,0.751632309420406,0.7924662379562897
PGS018668,Thyrotoxicosis with or without goiter,East Asian,1.2611017017735069,0.06006029751451834,NA,NA,1,0.779215701304039,0.7583003153620617,0.7988014017170717
PGS018669,Thyrotoxicosis with or without goiter,East Asian,1.2828540798804033,0.060500973262750106,NA,NA,1,0.782935212305846,0.7621081239230565,0.8024116592077429
PGS018670,Thyrotoxicosis with or without goiter,East Asian,1.2264464799096135,0.059371913132987036,NA,NA,1,0.773196020040054,0.7521435651770687,0.7929525565542223
PGS018671,Graves disease,East Asian,1.087545989673498,0.10074674057845029,NA,NA,1,0.74791933385376,0.7089071722298035,0.7833013147058995
PGS018672,Graves disease,East Asian,1.1193539031889967,0.10177670005727266,NA,NA,1,0.7538688524590161,0.7150159366999546,0.7889880212424959
PGS018673,Graves disease,East Asian,1.101944408586368,0.10121005674524271,NA,NA,1,0.750624251886547,0.7116831393396233,0.7858881806811476
PGS018674,Graves disease,East Asian,1.0753695065768574,0.10035865834814314,NA,NA,1,0.745616705698673,0.7065458184474106,0.7810973153620229
PGS018675,Graves disease,East Asian,1.1520148252816669,0.10285893841015242,NA,NA,1,0.7598787405672651,0.7211978874583056,0.794720553709067
PGS018676,Graves disease,East Asian,1.0510681657736334,0.09959429499090337,NA,NA,1,0.7409799635701279,0.7017956651848423,0.7766540301367831
PGS018677,Hypothyroidism,East Asian,1.0410847591176762,0.061221364969699495,NA,NA,1,0.739059256851488,0.7152643286373689,0.7615286530954329
PGS018678,Hypothyroidism,East Asian,1.055061243417139,0.06148619630567401,NA,NA,1,0.741745611836489,0.7179971249428384,0.7641510980956702
PGS018679,Hypothyroidism,East Asian,1.0355289794729303,0.06111684843668979,NA,NA,1,0.737986398847055,0.7141732978907758,0.7604809308251917
PGS018680,Hypothyroidism,East Asian,1.0380094649304248,0.061163458837427284,NA,NA,1,0.738465748435456,0.7146607406764609,0.760949077129294
PGS018681,Hypothyroidism,East Asian,1.0901127431861706,0.062162440594871006,NA,NA,1,0.748402951289623,0.7247754074731414,0.7706439963616804
PGS018682,Hypothyroidism,East Asian,1.036079438756253,0.061127184647891866,NA,NA,1,0.73809282307144,0.7142815152819421,0.7605848715210218
PGS018683,Hypothyroidism NOS,East Asian,1.0673771823825984,0.06681875245495365,NA,NA,1,0.744097808533056,0.7183744152148238,0.7682296920273884
PGS018684,Hypothyroidism NOS,East Asian,1.0743892047875665,0.06696543906174261,NA,NA,1,0.7454307247070299,0.719732869804077,0.7695268481630142
PGS018685,Hypothyroidism NOS,East Asian,1.059906918402175,0.06666330488104563,NA,NA,1,0.74267275688658,0.7169224608482089,0.7668424556693748
PGS018686,Hypothyroidism NOS,East Asian,1.0536322206592315,0.0665333913946185,NA,NA,1,0.741471775028411,0.7156991265765712,0.7656730103878473
PGS018687,Hypothyroidism NOS,East Asian,1.0979982997929325,0.0674648702476696,NA,NA,1,0.749884859415762,0.7242749983581844,0.7738587300715047
PGS018688,Hypothyroidism NOS,East Asian,1.038545283699932,0.0662234660227435,NA,NA,1,0.7385692200807021,0.7127437512154795,0.7628454247350649
PGS018689,Thyroiditis,East Asian,1.4014693267939033,0.08793983502022748,NA,NA,1,0.8024169450096619,0.7736622839714559,0.828329119358214
PGS018690,Thyroiditis,East Asian,1.4249258228942028,0.0886761321891662,NA,NA,1,0.8061094687807941,0.7774937827772603,0.8318409560197771
PGS018691,Thyroiditis,East Asian,1.3944215122334873,0.08772085115631717,NA,NA,1,0.801297174338695,0.772501207987554,0.8272632751751703
PGS018692,Thyroiditis,East Asian,1.41799212013431,0.0884572827209615,NA,NA,1,0.805023451197195,0.776366446987639,0.8308085394594462
PGS018693,Thyroiditis,East Asian,1.4551533326509356,0.08964207842059958,NA,NA,1,0.810790270152673,0.782356967067207,0.8362862942955495
PGS018694,Thyroiditis,East Asian,1.37232677896409,0.08704101796611528,NA,NA,1,0.797755819608144,0.7688317551894528,0.8238898473788931
PGS018695,Chronic thyroiditis,East Asian,1.4326029809728087,0.10538221529038876,NA,NA,1,0.807306566384435,0.7731271576000385,0.8374195336269703
PGS018696,Chronic thyroiditis,East Asian,1.4663947171027252,0.1066731305404327,NA,NA,1,0.812508782201405,0.778563619448644,0.8423042905983028
PGS018697,Chronic thyroiditis,East Asian,1.4198479774220505,0.10490240877994926,NA,NA,1,0.805314582958026,0.7710481769522493,0.8355463010764526
PGS018698,Chronic thyroiditis,East Asian,1.4512382578513383,0.10609055593922262,NA,NA,1,0.810188929922537,0.776138038113831,0.8401273259324628
PGS018699,Chronic thyroiditis,East Asian,1.4911655618421016,0.1076378520765554,NA,NA,1,0.81625315258512,0.7824830311858878,0.845813470583969
PGS018700,Chronic thyroiditis,East Asian,1.4144392539939583,0.1047001734345903,NA,NA,1,0.804465186452891,0.7701621318141807,0.834747074748977
PGS018701,Chronic lymphocytic thyroiditis,East Asian,1.4389907363310526,0.10706741398660523,NA,NA,1,0.808298312521406,0.7736677744241147,0.8387345993608816
PGS018702,Chronic lymphocytic thyroiditis,East Asian,1.4780973195546248,0.10859109989251439,NA,NA,1,0.814285020040544,0.7799300462155736,0.8443471969424684
PGS018703,Chronic lymphocytic thyroiditis,East Asian,1.4248066663677468,0.10652443103958137,NA,NA,1,0.8060908442946931,0.7713621701582987,0.836661461414974
PGS018704,Chronic lymphocytic thyroiditis,East Asian,1.4373323486578171,0.10700366500672895,NA,NA,1,0.808041210393313,0.7733991473370948,0.8384932416558888
PGS018705,Chronic lymphocytic thyroiditis,East Asian,1.4968711669034138,0.10933661215705545,NA,NA,1,0.817107358073146,0.7828871688804264,0.8469880971371965
PGS018706,Chronic lymphocytic thyroiditis,East Asian,1.419771833523743,0.10633291803622456,NA,NA,1,0.8053026446112691,0.7705393756527963,0.8359207614864969
PGS018707,Other disorders of thyroid,East Asian,0.8932245001432906,0.07003901859963929,NA,NA,1,0.709555147721131,0.6804733601460321,0.7370130090682417
PGS018708,Other disorders of thyroid,East Asian,0.9058963212979451,0.07029748435363467,NA,NA,1,0.71215968969555,0.6831126109975398,0.7395593228248915
PGS018709,Other disorders of thyroid,East Asian,0.8831562622006718,0.0698354401688298,NA,NA,1,0.707475848946136,0.678367328155712,0.7349791686223023
PGS018710,Other disorders of thyroid,East Asian,0.8925164185703952,0.07002464979659294,NA,NA,1,0.709409199918933,0.6803255077129915,0.7368702817153597
PGS018711,Other disorders of thyroid,East Asian,0.8850625367555617,0.06987386405619785,NA,NA,1,0.707870203566925,0.6787666866189019,0.7353649715457367
PGS018712,Thyroid cyst,East Asian,0.9269793694195885,0.10540948065655806,NA,NA,1,0.716462063408124,0.6726899828104832,0.756499329630655
PGS018713,Thyroid cyst,East Asian,0.9099954513204246,0.10488119225201559,NA,NA,1,0.712999231950845,0.6691688541995249,0.7531646947479599
PGS018714,Thyroid cyst,East Asian,0.9187907497107655,0.10515392654304734,NA,NA,1,0.714795648560852,0.6709950698764083,0.7548950868094805
PGS018715,Thyroid cyst,East Asian,0.9434163489986346,0.10592722905898688,NA,NA,1,0.719789227166276,0.6760765266136041,0.7596996791007923
PGS018716,Thyroid cyst,East Asian,0.9109693659616984,0.10491130328378195,NA,NA,1,0.7131984840472411,0.6693713644817082,0.7533566745244378
PGS018717,Diabetes mellitus,East Asian,0.6364504227111517,0.0199153570764367,NA,NA,1,0.653950633652492,0.6450649794050548,0.6627301456618758
PGS018718,Diabetes mellitus,East Asian,0.6623499257746109,0.02001346695844843,NA,NA,1,0.6597880689527529,0.6509286130803905,0.6685371701252205
PGS018719,Diabetes mellitus,East Asian,0.6361968569876035,0.01991441041238111,NA,NA,1,0.65389324969173,0.6450073466879949,0.6626730518268454
PGS018720,Diabetes mellitus,East Asian,0.6669632045220418,0.020031237909539888,NA,NA,1,0.660822836748446,0.6519682103011204,0.6695663609523979
PGS018721,Diabetes mellitus,East Asian,0.7426081895629408,0.020335527930039746,NA,NA,1,0.677565931992103,0.6687973232119555,0.6862113120512953
PGS018722,Diabetes mellitus,East Asian,0.47251631046262976,0.0193582719450756,NA,NA,1,0.615979160146348,0.6069653900686368,0.6249139569219553
PGS018723,Type 2 diabetes,East Asian,0.7107998659378657,0.02124094328932421,NA,NA,1,0.670577876846211,0.661316749695447,0.6797084137094973
PGS018724,Type 2 diabetes,East Asian,0.7343489265795454,0.021345689892195832,NA,NA,1,0.675758888129015,0.6665253614378366,0.6848576314021032
PGS018725,Type 2 diabetes,East Asian,0.7010022284165213,0.02119810133347355,NA,NA,1,0.668409941642036,0.6591377151839218,0.677553329940487
PGS018726,Type 2 diabetes,East Asian,0.7279231542673849,0.02131685857947548,NA,NA,1,0.674349357728802,0.6651081714545523,0.6834569021518362
PGS018727,Type 2 diabetes,East Asian,0.809835183744267,0.021698565894360776,NA,NA,1,0.692074381844754,0.6829378383529726,0.7010628883260477
PGS018728,Type 2 diabetes,East Asian,0.558726512021659,0.02062385054251717,NA,NA,1,0.63615782856386,0.6267510443620938,0.6454616460019974
PGS018729,Abnormal glucose,East Asian,0.3410058000204406,0.04408045487697876,NA,NA,1,0.584434823077919,0.563310386552214,0.6052534760525881
PGS018730,Abnormal glucose,East Asian,0.35528498595839003,0.044207582020917326,NA,NA,1,0.5878985848537839,0.5667585361865767,0.6087192547542304
PGS018731,Abnormal glucose,East Asian,0.32183697684749,0.04391254815051196,NA,NA,1,0.579771872131643,0.5586705716342646,0.6005855679511104
PGS018732,Abnormal glucose,East Asian,0.3617345830366057,0.04426558046125144,NA,NA,1,0.589460262751521,0.5683136159466242,0.61028137590637
PGS018733,Abnormal glucose,East Asian,0.3333070390835585,0.04401264090848522,NA,NA,1,0.58256381215595,0.5614483676042732,0.6033807844795241
PGS018734,Polyneuropathy in diabetes,East Asian,0.6046648906037816,0.06453572252894357,NA,NA,1,0.646722833071541,0.6173168054282744,0.6750586577387919
PGS018735,Polyneuropathy in diabetes,East Asian,0.6696890501219847,0.06560193101766511,NA,NA,1,0.661433528826974,0.632070423371835,0.6896040463949782
PGS018736,Polyneuropathy in diabetes,East Asian,0.56011291215772,0.06383825729878478,NA,NA,1,0.636478665573594,0.6070645854925933,0.6649062915777609
PGS018737,Polyneuropathy in diabetes,East Asian,0.665081212165267,0.06552445793667981,NA,NA,1,0.660400886895097,0.6310335412472643,0.6885843159881204
PGS018738,Polyneuropathy in diabetes,East Asian,0.9787452268128253,0.07150757846171803,NA,NA,1,0.726859170976266,0.6981682492388664,0.7537846357010277
PGS018739,Polyneuropathy in diabetes,East Asian,0.6296888161720554,0.06493918670025076,NA,NA,1,0.652418898856717,0.6230250554511615,0.680695444677004
PGS018740,Diabetic retinopathy,East Asian,0.4974935875784892,0.057920992089784955,NA,NA,1,0.621870134442665,0.5948298854656212,0.64817315360089
PGS018741,Diabetic retinopathy,East Asian,0.5649205626136075,0.05885250525138417,NA,NA,1,0.6375902973122611,0.6105369100622351,0.6637992846507923
PGS018742,Diabetic retinopathy,East Asian,0.5593385213695827,0.058773310990359165,NA,NA,1,0.636299473079882,0.6092457406914895,0.6625177002054665
PGS018743,Diabetic retinopathy,East Asian,0.580963379783897,0.059082227195745324,NA,NA,1,0.641289049871614,0.6142380801552048,0.667470040225378
PGS018744,Diabetic retinopathy,East Asian,0.8369767530277866,0.06319321094523073,NA,NA,1,0.697828103459167,0.6710897705622433,0.7232890442442199
PGS018745,Diabetic retinopathy,East Asian,0.5350739963518434,0.05843344810156862,NA,NA,1,0.630665761525913,0.603613521770973,0.656921119055489
PGS018746,Type 2 diabetes with ketoacidosis,East Asian,0.5992908161182011,0.037991599731783544,NA,NA,1,0.6454940393751589,0.6282758513942972,0.6623433109290542
PGS018747,Type 2 diabetes with ketoacidosis,East Asian,0.6659155958652755,0.03860081424477263,NA,NA,1,0.6605879903733529,0.6434243406722877,0.6773397741326942
PGS018748,Type 2 diabetes with ketoacidosis,East Asian,0.5839574442163259,0.03785643069300516,NA,NA,1,0.6419775049317911,0.6247499392470706,0.6588460487357025
PGS018749,Type 2 diabetes with ketoacidosis,East Asian,0.6571940611030839,0.038519017278863865,NA,NA,1,0.6586297918162161,0.6414577435303604,0.6753955894395598
PGS018750,Type 2 diabetes with ketoacidosis,East Asian,0.814536016423179,0.04009264952259981,NA,NA,1,0.693075258680128,0.6761105673105139,0.7095331184915973
PGS018751,Type 2 diabetes with ketoacidosis,East Asian,0.5971760356511069,0.03797284629462183,NA,NA,1,0.645009962257183,0.6277904094816064,0.6618619632022742
PGS018752,Type 2 diabetes with renal manifestations,East Asian,0.6751261032951078,0.032652432864193975,NA,NA,1,0.662650027505388,0.6481979194986303,0.6768044601423754
PGS018753,Type 2 diabetes with renal manifestations,East Asian,0.7393358444194007,0.03316528143790685,NA,NA,1,0.6768506066301679,0.6624724628173003,0.690902039399326
PGS018754,Type 2 diabetes with renal manifestations,East Asian,0.6747288780191459,0.032649350226313524,NA,NA,1,0.662561224057257,0.6481087099132333,0.6767162431025622
PGS018755,Type 2 diabetes with renal manifestations,East Asian,0.7244021087924225,0.03304340414968914,NA,NA,1,0.673575653867682,0.659178849059076,0.6876524802110688
PGS018756,Type 2 diabetes with renal manifestations,East Asian,0.8633025379518349,0.034239527910392066,NA,NA,1,0.703350187043743,0.6891595520527352,0.7171588664521816
PGS018757,Type 2 diabetes with renal manifestations,East Asian,0.6410395797782098,0.03239187832686128,NA,NA,1,0.65498842121441,0.6405038117298882,0.669190847411415
PGS018758,Type 2 diabetes with ophthalmic manifestations,East Asian,0.6476598912845489,0.036040111667945636,NA,NA,1,0.6564829309367359,0.6403817135346508,0.6722322274222239
PGS018759,Type 2 diabetes with ophthalmic manifestations,East Asian,0.7284235595379721,0.03675945123710336,NA,NA,1,0.674459238289026,0.6584456208886921,0.6900754554071615
PGS018760,Type 2 diabetes with ophthalmic manifestations,East Asian,0.6396011610793234,0.03597109540941784,NA,NA,1,0.654663296959456,0.6385549744048185,0.6704242518633707
PGS018761,Type 2 diabetes with ophthalmic manifestations,East Asian,0.7127135114133113,0.03661554143107386,NA,NA,1,0.671000469158402,0.6549675112129026,0.686644846489328
PGS018762,Type 2 diabetes with ophthalmic manifestations,East Asian,0.8816960528831187,0.03826804719120874,NA,NA,1,0.707173561593096,0.6914038603820967,0.7224608897066724
PGS018763,Type 2 diabetes with ophthalmic manifestations,East Asian,0.6510170275756922,0.036069008820694824,NA,NA,1,0.657239610902327,0.6411414423124329,0.6729839623694636
PGS018764,Type 2 diabetes with neurological manifestations,East Asian,0.6053594091883693,0.035010366721675054,NA,NA,1,0.6468814952322018,0.6310535215344562,0.6623937133040317
PGS018765,Type 2 diabetes with neurological manifestations,East Asian,0.6890181277164531,0.03571310816274591,NA,NA,1,0.66574846879139,0.6499957292012828,0.6811400194697258
PGS018766,Type 2 diabetes with neurological manifestations,East Asian,0.6084812959347691,0.03503565541544288,NA,NA,1,0.647594287364155,0.6317685461123338,0.6631025741224847
PGS018767,Type 2 diabetes with neurological manifestations,East Asian,0.6651737848964,0.03550746178313686,NA,NA,1,0.6604216480172121,0.6446442376125833,0.6758507938641825
PGS018768,Type 2 diabetes with neurological manifestations,East Asian,0.8489036374008977,0.0372063415119045,NA,NA,1,0.7003371048374,0.6848128949321755,0.715414440431966
PGS018769,Type 2 diabetes with neurological manifestations,East Asian,0.6348152672189501,0.035251835130510445,NA,NA,1,0.653580506177896,0.6377753879953535,0.6690538471729963
PGS018770,Diabetes type 2 with peripheral circulatory disorders,East Asian,0.563821648268576,0.039376837992182515,NA,NA,1,0.637336333998594,0.6193153014872352,0.6549795336381393
PGS018771,Diabetes type 2 with peripheral circulatory disorders,East Asian,0.637413642329705,0.04006518101422267,NA,NA,1,0.6541685771485899,0.6361947169878556,0.6717126597344841
PGS018772,Diabetes type 2 with peripheral circulatory disorders,East Asian,0.5515853334593425,0.03926672024969835,NA,NA,1,0.634503322215501,0.6164772695751246,0.6521601765977458
PGS018773,Diabetes type 2 with peripheral circulatory disorders,East Asian,0.628777711076111,0.03998206167692751,NA,NA,1,0.652212260258121,0.6342313747444654,0.6697694610952795
PGS018774,Diabetes type 2 with peripheral circulatory disorders,East Asian,0.8081759478641218,0.041841601914347167,NA,NA,1,0.69172067370305,0.6739634541317735,0.7089284492155215
PGS018775,Diabetes type 2 with peripheral circulatory disorders,East Asian,0.6211983807212079,0.03990962985276373,NA,NA,1,0.650491052470849,0.6325043244335343,0.6680594445153395
PGS018776,Impaired fasting glucose,East Asian,0.3924633410571336,0.053800722250399606,NA,NA,1,0.59687555759492406,0.5712649357871183,0.6219686960411358
PGS018777,Impaired fasting glucose,East Asian,0.43400588226282294,0.05428626079083185,NA,NA,1,0.606829829323986,0.58117647661919,0.6319070803926073
PGS018778,Impaired fasting glucose,East Asian,0.4003496768528214,0.053891473969123076,NA,NA,1,0.598771670833915,0.5731518565842157,0.6238629088537422
PGS018779,Impaired fasting glucose,East Asian,0.4084781602644155,0.05398570641841634,NA,NA,1,0.600722914152782,0.5750941558968456,0.6258116448208634
PGS018780,Impaired fasting glucose,East Asian,0.40563951758968286,0.053952718141816805,NA,NA,1,0.600041857545423,0.5744161615573379,0.6251315270308999
PGS018781,Other disorders of pancreatic internal secretion,East Asian,0.5529458439919875,0.03960857985264418,NA,NA,1,0.634818778882049,0.6166405053515907,0.652620660124461
PGS018782,Other disorders of pancreatic internal secretion,East Asian,0.5798257523345701,0.03985909765268449,NA,NA,1,0.64102731096382,0.6228592055027627,0.6587996405833557
PGS018783,Other disorders of pancreatic internal secretion,East Asian,0.541743674747072,0.039505928967499195,NA,NA,1,0.6322179476135729,0.6140366153563872,0.6500309591871312
PGS018784,Other disorders of pancreatic internal secretion,East Asian,0.5682947241969573,0.03975089972883073,NA,NA,1,0.638369598620309,0.6201966439536368,0.6561550948892199
PGS018785,Other disorders of pancreatic internal secretion,East Asian,0.5502555367488661,0.03958383366262041,NA,NA,1,0.634194875457272,0.6160158038136878,0.6519994936985175
PGS018786,Disorders of lipoid metabolism,East Asian,0.437046077452193,0.01760173105245958,NA,NA,1,0.607554945487613,0.5992993743805417,0.6157494831980821
PGS018787,Disorders of lipoid metabolism,East Asian,0.44935043927895196,0.0176280587778816,NA,NA,1,0.610484783973376,0.6022381352305843,0.6186687175198691
PGS018788,Disorders of lipoid metabolism,East Asian,0.4080179371586085,0.017541741896392408,NA,NA,1,0.600612522272994,0.5923373008929167,0.6088306946482618
PGS018789,Disorders of lipoid metabolism,East Asian,0.44207069518984626,0.017612417382975885,NA,NA,1,0.608752325200824,0.6005003552448175,0.6169425744485855
PGS018790,Disorders of lipoid metabolism,East Asian,0.41932499884452373,0.01756475524672848,NA,NA,1,0.60332171673959,0.5950539146296645,0.6115309151474848
PGS018791,Hyperlipidemia,East Asian,0.438763930504297,0.017681501252167626,NA,NA,1,0.607964460748423,0.5996742950404678,0.6161928270911304
PGS018792,Hyperlipidemia,East Asian,0.44947893807466394,0.017704740479725204,NA,NA,1,0.610515339668116,0.6022329137236392,0.6187344880123387
PGS018793,Hyperlipidemia,East Asian,0.4093839238509515,0.017619874774027263,NA,NA,1,0.600940146149155,0.5926301386828973,0.6091924238337825
PGS018794,Hyperlipidemia,East Asian,0.44619128292300225,0.0176975665174672,NA,NA,1,0.609733296677437,0.6014484675422506,0.6179553014212787
PGS018795,Hyperlipidemia,East Asian,0.4202718464130959,0.01764235574893146,NA,NA,1,0.60354829849343306,0.5952454070319343,0.6117919493347672
PGS018796,Unspecified disorder of lipoid metabolism,East Asian,0.43841264735501573,0.023187801133612025,NA,NA,1,0.607880731456918,0.5969961519063233,0.6186591163514311
PGS018797,Unspecified disorder of lipoid metabolism,East Asian,0.4321767665255367,0.023163767095847963,NA,NA,1,0.606393340208593,0.5955062943458018,0.617175732808868
PGS018798,Unspecified disorder of lipoid metabolism,East Asian,0.37302710499876446,0.02294483284386704,NA,NA,1,0.592190230711943,0.5812861098799802,0.6030043237124645
PGS018799,Unspecified disorder of lipoid metabolism,East Asian,0.42617055442535057,0.023140791116735126,NA,NA,1,0.604958862409681,0.5940695604405308,0.6157449959590334
PGS018800,Unspecified disorder of lipoid metabolism,East Asian,0.4119734543441609,0.023087154287209578,NA,NA,1,0.601560981645662,0.590666814027258,0.6123554912258032
PGS018801,Hypercholesterolemia,East Asian,0.41040646487532795,0.03796001231733718,NA,NA,1,0.601185337494709,0.5832197257432352,0.6188825903787674
PGS018802,Hypercholesterolemia,East Asian,0.42732728388639984,0.038090934803215216,NA,NA,1,0.605235268234564,0.5872646670126264,0.6229258212781855
PGS018803,Hypercholesterolemia,East Asian,0.3679104272802261,0.03764075160386726,NA,NA,1,0.590953967666296,0.5730080375822405,0.6086607689461674
PGS018804,Hypercholesterolemia,East Asian,0.4200046957011244,0.03803400939413227,NA,NA,1,0.603484373504217,0.5855157332044114,0.6211780274280339
PGS018805,Hypercholesterolemia,East Asian,0.41975797994830216,0.03803209856765879,NA,NA,1,0.603425335141825,0.5854567661753437,0.6211190881938958
PGS018806,Hyperglyceridemia,East Asian,1.1518969405639148,0.12680068403277617,NA,NA,1,0.759857230304313,0.7116410535043549,0.8022515242443858
PGS018807,Hyperglyceridemia,East Asian,1.2262587507311618,0.12995653771684512,NA,NA,1,0.7731630974242739,0.725427130159857,0.8147195868627566
PGS018808,Hyperglyceridemia,East Asian,1.0271912609954885,0.12186924450282269,NA,NA,1,0.736371000958018,0.687472108607513,0.7800666776862468
PGS018809,Hyperglyceridemia,East Asian,1.232914042147179,0.1302470678385576,NA,NA,1,0.774328192805081,0.7266376616302737,0.8158076925231947
PGS018810,Hyperglyceridemia,East Asian,1.1971343308458398,0.1287008712453124,NA,NA,1,0.768014604652645,0.7200844655082846,0.8099042346462683
PGS018811,Mixed hyperlipidemia,East Asian,0.37872103781163385,0.026148642735657358,NA,NA,1,0.593564595808433,0.5811435883365502,0.6058670724320845
PGS018812,Mixed hyperlipidemia,East Asian,0.4069940562125085,0.026277273404293314,NA,NA,1,0.600366891377782,0.5879483989388717,0.6126576837765313
PGS018813,Mixed hyperlipidemia,East Asian,0.34131406802990566,0.025984886015810196,NA,NA,1,0.584509690414581,0.5720900643525424,0.5968228866845486
PGS018814,Mixed hyperlipidemia,East Asian,0.39000152601081584,0.026199459543146685,NA,NA,1,0.596283066652771,0.5838626967789932,0.6085812492641662
PGS018815,Mixed hyperlipidemia,East Asian,0.38225891851147314,0.026164508419072325,NA,NA,1,0.59441781087403,0.5819969509709328,0.6067189934826864
PGS018816,Gout and other crystal arthropathies,East Asian,0.9740448205459479,0.03458440237236684,NA,NA,1,0.725924981776111,0.7122341091746566,0.7392029994898686
PGS018817,Gout and other crystal arthropathies,East Asian,0.9845688487975561,0.03468923464205833,NA,NA,1,0.728013834543065,0.7143443263973217,0.7412661381613457
PGS018818,Gout and other crystal arthropathies,East Asian,0.9402834086871708,0.03425387944154903,NA,NA,1,0.7191569010956269,0.7053998527053826,0.7325151339997301
PGS018819,Gout and other crystal arthropathies,East Asian,0.9826737076057637,0.034670293071394444,NA,NA,1,0.7276384161079339,0.7139650352502956,0.7408953747485336
PGS018820,Gout and other crystal arthropathies,East Asian,1.0058400602052784,0.03490376264947491,NA,NA,1,0.732205253579541,0.7185799713603319,0.7454045801098972
PGS018821,Gout and other crystal arthropathies,East Asian,0.9657826636094685,0.03450270361784418,NA,NA,1,0.7242780956062,0.7105706933300919,0.7375760668258543
PGS018822,Gout,East Asian,0.971174141957091,0.03464439446844575,NA,NA,1,0.7253534673172048,0.7116212564605181,0.7386719032961454
PGS018823,Gout,East Asian,0.9824593320272175,0.03475691445605531,NA,NA,1,0.727595928921455,0.7138865773742503,0.7408868132688174
PGS018824,Gout,East Asian,0.9390827915076934,0.03432981734618598,NA,NA,1,0.718914348348288,0.7051193434400159,0.7323090015108682
PGS018825,Gout,East Asian,0.9784470991910966,0.03471679644232,NA,NA,1,0.726799978230823,0.7130824537938155,0.7401007020191464
PGS018826,Gout,East Asian,1.0059203690323546,0.03499402350996397,NA,NA,1,0.7322210002985381,0.7185604357283766,0.7454533913850895
PGS018827,Gout,East Asian,0.9644047036995906,0.03457737439333842,NA,NA,1,0.724002832902051,0.7102571022145643,0.7373376105236356
PGS018828,Gouty arthropathy,East Asian,0.9080075401471812,0.040816969358390194,NA,NA,1,0.712592270866242,0.6959332033006157,0.7286944437249692
PGS018829,Gouty arthropathy,East Asian,0.9241051043785743,0.041004265061635355,NA,NA,1,0.71587781010507,0.6992516335257941,0.731937205373398
PGS018830,Gouty arthropathy,East Asian,0.8925526373806036,0.040639365037886906,NA,NA,1,0.709416666289875,0.6927270219193357,0.7255589407034292
PGS018831,Gouty arthropathy,East Asian,0.9257003280777066,0.04102295432122457,NA,NA,1,0.716202161687823,0.6995793018654568,0.7322572624225302
PGS018832,Gouty arthropathy,East Asian,0.9555517338504255,0.041376999850822486,NA,NA,1,0.7222303047840991,0.7056713905205613,0.7382032306186367
PGS018833,Gouty arthropathy,East Asian,0.915338648100402,0.040901974263595584,NA,NA,1,0.714091371840077,0.697447152380845,0.7301741896440325
PGS018834,Other disorders of metabolism,East Asian,0.5447007026588032,0.05879990299515777,NA,NA,1,0.632905241841016,0.6057430167167678,0.6592488224104571
PGS018835,Other disorders of metabolism,East Asian,0.5455043162200766,0.058811218104776485,NA,NA,1,0.633091930410234,0.6059296225814608,0.6594343035829985
PGS018836,Other disorders of metabolism,East Asian,0.5372894753477143,0.05869591888204754,NA,NA,1,0.631181655647103,0.6040204470983248,0.6575361134109987
PGS018837,Other disorders of metabolism,East Asian,0.5377462163049527,0.0587023080613475,NA,NA,1,0.631287974629685,0.604126690175649,0.6576417755223579
PGS018838,Other disorders of metabolism,East Asian,0.533674484281536,0.05864543882813916,NA,NA,1,0.630339718565669,0.6031791722898641,0.6566993127643881
PGS018839,Other disorders of purine and pyrimidine metabolism,East Asian,0.7713005617725974,0.08718237901117658,NA,NA,1,0.683802164191689,0.6457530986222447,0.7195393982231133
PGS018840,Other disorders of purine and pyrimidine metabolism,East Asian,0.7812507524376902,0.08742189937556596,NA,NA,1,0.685949617100404,0.6479188640142151,0.7216372913046497
PGS018841,Other disorders of purine and pyrimidine metabolism,East Asian,0.720478185201709,0.08598802475981666,NA,NA,1,0.672712308016757,0.6345859527632548,0.7086868022273259
PGS018842,Other disorders of purine and pyrimidine metabolism,East Asian,0.7455293519339884,0.08657070629678949,NA,NA,1,0.678203788019094,0.6401121102275154,0.71406468432869
PGS018843,Other disorders of purine and pyrimidine metabolism,East Asian,0.7687521786531447,0.08712133629012322,NA,NA,1,0.683250903127624,0.6451973133593354,0.7190006686262678
PGS018844,Overweight obesity and other hyperalimentation,East Asian,1.2300961557205379,0.08631797817581142,NA,NA,1,0.773835403326366,0.7428649665570347,0.8020695142012096
PGS018845,Overweight obesity and other hyperalimentation,East Asian,1.2455882733122163,0.08676816853951358,NA,NA,1,0.7765352359858791,0.7456457541526347,0.8046561781973157
PGS018846,Overweight obesity and other hyperalimentation,East Asian,1.2405280600207083,0.08662058898608634,NA,NA,1,0.775655917383483,0.7447398431624805,0.8038139533418419
PGS018847,Overweight obesity and other hyperalimentation,East Asian,1.226664366649083,0.0862189073655618,NA,NA,1,0.773234227241527,0.7422460431024335,0.8014932467173483
PGS018848,Overweight obesity and other hyperalimentation,East Asian,1.3039386546446516,0.08850772618507055,NA,NA,1,0.786497105892223,0.7559244283234159,0.8141816323331896
PGS018849,Overweight obesity and other hyperalimentation,East Asian,1.2211225199040832,0.08605942170005068,NA,NA,1,0.772261031747982,0.7412443318630455,0.8005601505419431
PGS018850,Obesity,East Asian,1.1622938712472826,0.09303454509395541,NA,NA,1,0.761749273310255,0.7270975337457866,0.7932522112748845
PGS018851,Obesity,East Asian,1.1754294657882427,0.09343604317381529,NA,NA,1,0.7641250146223592,0.7295409541329645,0.7955262289263089
PGS018852,Obesity,East Asian,1.1697105111907626,0.09326078172413055,NA,NA,1,0.763092685277747,0.7284790127769767,0.794538315346305
PGS018853,Obesity,East Asian,1.1613435389281692,0.09300564187654468,NA,NA,1,0.761576757146321,0.7269201673787862,0.7930870141931142
PGS018854,Obesity,East Asian,1.242370783352124,0.09554064493534761,NA,NA,1,0.775976413811478,0.7417551658944338,0.8068437286647099
PGS018855,Obesity,East Asian,1.171071479816147,0.09330242547404022,NA,NA,1,0.7633386361296449,0.7287319902060252,0.7947737140967823
PGS018856,Disorders involving the immune mechanism,East Asian,0.8576881744615213,0.05343933143309055,NA,NA,1,0.7021774215476049,0.6798205148325912,0.7236079205388039
PGS018857,Disorders involving the immune mechanism,East Asian,0.8586544282332707,0.05345392074060127,NA,NA,1,0.702379449199022,0.6800245755066441,0.7238068455336766
PGS018858,Disorders involving the immune mechanism,East Asian,0.8585375455996188,0.05345215536313747,NA,NA,1,0.702355015176284,0.679999895271611,0.7237827871022033
PGS018859,Disorders involving the immune mechanism,East Asian,0.8591836764408757,0.053461916442757336,NA,NA,1,0.702490072747088,0.6801363149041357,0.7239157674314247
PGS018860,Disorders involving the immune mechanism,East Asian,0.8584434733493592,0.05345073462731902,NA,NA,1,0.702335348767739,0.6799800307582612,0.7237634229301143
PGS018861,Other specified disorders involving the immune mechanism,East Asian,0.9312807903617192,0.07665918292007105,NA,NA,1,0.717335057830901,0.6859017997665589,0.7467839397949636
PGS018862,Other specified disorders involving the immune mechanism,East Asian,0.9062941481172345,0.07609731643920735,NA,NA,1,0.712241232641902,0.6807332156860413,0.7418190956804734
PGS018863,Other specified disorders involving the immune mechanism,East Asian,0.9074511518653599,0.07612309898952926,NA,NA,1,0.712478306550509,0.6809736427868547,0.7420502999868999
PGS018864,Other specified disorders involving the immune mechanism,East Asian,0.9147901714519876,0.07628717016551577,NA,NA,1,0.71397937902065,0.6824962315106339,0.7435139068653228
PGS018865,Other specified disorders involving the immune mechanism,East Asian,0.934262800292201,0.0767269510798796,NA,NA,1,0.717939314420236,0.6865153041551818,0.7473724950948228
PGS018866,Iron deficiency anemias,East Asian,1.6501440431444239,0.07091349903720079,NA,NA,1,0.838910517315454,0.819232105167052,0.8568211310635991
PGS018867,Iron deficiency anemias,East Asian,1.6549598829818162,0.07104283409732501,NA,NA,1,0.8395602665430572,0.8199067627242504,0.8574419063662609
PGS018868,Iron deficiency anemias,East Asian,1.6556394623379418,0.07106111698263846,NA,NA,1,0.839651783962171,0.8200017983047297,0.8575293328160399
PGS018869,Iron deficiency anemias,East Asian,1.6547638738502128,0.07103756228760365,NA,NA,1,0.839533862585984,0.8198793441832918,0.857416682247889
PGS018870,Iron deficiency anemias,East Asian,1.6521704198111908,0.0709678713939757,NA,NA,1,0.8391841731421561,0.819516236798638,0.8570825990266633
PGS018871,Iron deficiency anemias unspecified or not due to blood loss,East Asian,1.627937911906175,0.07110307846403693,NA,NA,1,0.8358869575246539,0.8158644234574007,0.8541215714977497
PGS018872,Iron deficiency anemias unspecified or not due to blood loss,East Asian,1.6313157108690568,0.0711934912247342,NA,NA,1,0.836349798263439,0.8163447610083735,0.8545639606786986
PGS018873,Iron deficiency anemias unspecified or not due to blood loss,East Asian,1.629829604813663,0.07115368888043257,NA,NA,1,0.836146295007387,0.8161335571548336,0.8543694573061399
PGS018874,Iron deficiency anemias unspecified or not due to blood loss,East Asian,1.6236873402794374,0.07098958198710731,NA,NA,1,0.835303031515171,0.8152585104480862,0.8535633586791055
PGS018875,Iron deficiency anemias unspecified or not due to blood loss,East Asian,1.6299068554678064,0.07115575695009474,NA,NA,1,0.8361568785100562,0.816144540846961,0.8543795730531585
PGS018876,Iron deficiency anemia secondary to blood loss chronic,East Asian,1.8178245196822211,0.18388166028932235,NA,NA,1,0.8603048818371741,0.811137211852668,0.8982776873883155
PGS018877,Iron deficiency anemia secondary to blood loss chronic,East Asian,1.828048052328904,0.18463063476098251,NA,NA,1,0.861529030078516,0.8124748527527467,0.8993410353443676
PGS018878,Iron deficiency anemia secondary to blood loss chronic,East Asian,1.831877971285362,0.1849124241829884,NA,NA,1,0.861985294688692,0.8129737165522415,0.8997370503262697
PGS018879,Iron deficiency anemia secondary to blood loss chronic,East Asian,1.8274541433524256,0.1845869965773501,NA,NA,1,0.8614581634475741,0.8123973842265086,0.8992795111835953
PGS018880,Iron deficiency anemia secondary to blood loss chronic,East Asian,1.8125115225473791,0.18349428152170882,NA,NA,1,0.859665140607162,0.8104386200886181,0.8977214919614659
PGS018881,Hereditary hemolytic anemias,East Asian,1.5576091850651272,0.17937805186565503,NA,NA,1,0.82601001888139,0.7695954310494999,0.8709281399630421
PGS018882,Hereditary hemolytic anemias,East Asian,1.7265567526849175,0.19131071258034918,NA,NA,1,0.848971461094398,0.7943890856555674,0.8910513851393087
PGS018883,Hereditary hemolytic anemias,East Asian,1.2921977784249534,0.16308222078272916,NA,NA,1,0.7845189536638031,0.7256287941193909,0.833666541316639
PGS018884,Hereditary hemolytic anemias,East Asian,1.497068067733107,0.17540621093707637,NA,NA,1,0.8171367816715,0.7601080342643192,0.8630508876452145
PGS018885,Hereditary hemolytic anemias,East Asian,1.492095536917245,0.17508687288725147,NA,NA,1,0.8163925928937311,0.7593145576587259,0.8623878401891854
PGS018886,Other anemias,East Asian,1.0069430303055535,0.0481026177308825,NA,NA,1,0.732421469353053,0.7135445607481882,0.7504894062282439
PGS018887,Other anemias,East Asian,1.006964567768717,0.04810292876093124,NA,NA,1,0.732425690249567,0.713548838353664,0.7504935533583584
PGS018888,Other anemias,East Asian,1.0045466374095855,0.048068042077873054,NA,NA,1,0.731951562148018,0.7130683562712723,0.7500276948298854
PGS018889,Other anemias,East Asian,1.0031931914568002,0.04804854185108039,NA,NA,1,0.73168593477015,0.7127991832731627,0.7497666858751592
PGS018890,Other anemias,East Asian,1.002416095030037,0.048037354561896575,NA,NA,1,0.731533346470151,0.7126445628031687,0.74961674588266
PGS018891,Delirium dementia and amnestic and other cognitive disorders,East Asian,0.5002221902646307,0.05626262212697102,NA,NA,1,0.6225115453179351,0.5962700491057465,0.648054150112836
PGS018892,Delirium dementia and amnestic and other cognitive disorders,East Asian,0.5081529939700703,0.056366594409211365,NA,NA,1,0.624373393428642,0.5981287982752433,0.6499072449918423
PGS018893,Delirium dementia and amnestic and other cognitive disorders,East Asian,0.502204501885058,0.056288542496107874,NA,NA,1,0.622977257298371,0.5967349383776236,0.6485177233419118
PGS018894,Delirium dementia and amnestic and other cognitive disorders,East Asian,0.5121754632808715,0.05641960480286819,NA,NA,1,0.6253163152164241,0.5990703443344982,0.650845527154437
PGS018895,Delirium dementia and amnestic and other cognitive disorders,East Asian,0.49281935216615486,0.05616622112034713,NA,NA,1,0.620770374399239,0.5945322345223076,0.6463206761493808
PGS018896,Dementias,East Asian,0.6106723094312528,0.0669424597835209,NA,NA,1,0.648094149692888,0.6176215551969981,0.6774067210299262
PGS018897,Dementias,East Asian,0.6257963933771664,0.06719739296992404,NA,NA,1,0.651535697189129,0.6210693404800586,0.6808114243656915
PGS018898,Dementias,East Asian,0.6214059353205834,0.06712305530701661,NA,NA,1,0.650538239042052,0.6200698580027488,0.6798248765690739
PGS018899,Dementias,East Asian,0.6201896015697198,0.06710250884707919,NA,NA,1,0.650261669262458,0.6197927582594149,0.679551298394372
PGS018900,Dementias,East Asian,0.6224725953751161,0.06714109061473973,NA,NA,1,0.650780692705489,0.6203127874401033,0.6800646956763916
PGS018901,Other persistent mental disorders due to conditions classified elsewhere,East Asian,0.4764931126992912,0.07661097194137496,NA,NA,1,0.616919433162384,0.5808675075417826,0.6517296125467704
PGS018902,Other persistent mental disorders due to conditions classified elsewhere,East Asian,0.4743388129942076,0.07657275245530941,NA,NA,1,0.616410179770987,0.5803611734830372,0.6512234596745624
PGS018903,Other persistent mental disorders due to conditions classified elsewhere,East Asian,0.4673471638474289,0.07644920661808313,NA,NA,1,0.614755673767586,0.5787165005479098,0.6495786441869221
PGS018904,Other persistent mental disorders due to conditions classified elsewhere,East Asian,0.48023290552638226,0.07667749009408922,NA,NA,1,0.617802870509272,0.5817460005032451,0.6526075394825144
PGS018905,Other persistent mental disorders due to conditions classified elsewhere,East Asian,0.4671155275934788,0.0764451263763445,NA,NA,1,0.614700813632554,0.5786619755746475,0.6495240953556175
PGS018906,Alzheimers disease,East Asian,1.1606035738554574,0.17829110106616664,NA,NA,1,0.761442370058726,0.6923551505331504,0.8190692290606637
PGS018907,Alzheimers disease,East Asian,1.1300845428058448,0.1765227611896115,NA,NA,1,0.755854500832676,0.6865630695013571,0.8139781154433109
PGS018908,Alzheimers disease,East Asian,1.1758310519773811,0.1791877518135203,NA,NA,1,0.7641973880269959,0.6952168049241573,0.8215726781083934
PGS018909,Alzheimers disease,East Asian,1.1521067941189946,0.17779494155143685,NA,NA,1,0.759895521079849,0.6907501615239461,0.8176616927025513
PGS018910,Alzheimers disease,East Asian,1.1622216906326353,0.17838592638695555,NA,NA,1,0.761736173196599,0.6926601369333694,0.8193364148731139
PGS018911,Senile dementia,East Asian,0.6558046706434376,0.08610139214367633,NA,NA,1,0.658317337189938,0.6194102852916825,0.6952041635699332
PGS018912,Senile dementia,East Asian,0.6306524632612218,0.0855472290690638,NA,NA,1,0.652637391533,0.6137208513828989,0.6896160753203188
PGS018913,Senile dementia,East Asian,0.626581824014625,0.08545861693705156,NA,NA,1,0.651713997721097,0.6127966002528165,0.6887068665385926
PGS018914,Senile dementia,East Asian,0.639881844079868,0.08574924486640445,NA,NA,1,0.654726750810763,0.6158128559993068,0.6916725674052626
PGS018915,Senile dementia,East Asian,0.624743283071252,0.0854186920262431,NA,NA,1,0.651296564116049,0.6123788416575658,0.6882957770919077
PGS018916,Other specified nonpsychotic and or transient mental disorders,East Asian,0.34140993589396645,0.06229258957713542,NA,NA,1,0.584532972514426,0.5546103950141379,0.6138449529361821
PGS018917,Other specified nonpsychotic and or transient mental disorders,East Asian,0.34753201804896167,0.062372939421944745,NA,NA,1,0.586018972062521,0.5560832718160016,0.615332389219723
PGS018918,Other specified nonpsychotic and or transient mental disorders,East Asian,0.34467758969132595,0.062335419882938274,NA,NA,1,0.585326316039836,0.5553966894891497,0.6146391104627462
PGS018919,Other specified nonpsychotic and or transient mental disorders,East Asian,0.3472553354400927,0.06236929830384012,NA,NA,1,0.585951847060704,0.5560167321182616,0.6152652074591117
PGS018920,Other specified nonpsychotic and or transient mental disorders,East Asian,0.3436455029546256,0.06232187803007214,NA,NA,1,0.5850757865054961,0.5551483753105064,0.6143883354922587
PGS018921,Specific nonpsychotic mental disorders due to brain damage,East Asian,0.5419815927459313,0.0773951574776118,NA,NA,1,0.632273266188989,0.5963518070362018,0.6667841942683727
PGS018922,Specific nonpsychotic mental disorders due to brain damage,East Asian,0.5405265282817081,0.07736798649551786,NA,NA,1,0.6319348931308209,0.5960143231100591,0.6664489869855276
PGS018923,Specific nonpsychotic mental disorders due to brain damage,East Asian,0.5398989628353655,0.07735627811181309,NA,NA,1,0.631788913603514,0.5958687342224602,0.6663043655213559
PGS018924,Specific nonpsychotic mental disorders due to brain damage,East Asian,0.5407928727146932,0.0773729575312185,NA,NA,1,0.631996840853306,0.5960761063458928,0.6665103569987086
PGS018925,Specific nonpsychotic mental disorders due to brain damage,East Asian,0.5401089443268676,0.07736019500466784,NA,NA,1,0.63183776059919,0.5959174500308614,0.6663527586049796
PGS018926,Neurological disorders,East Asian,0.45307656562276155,0.08298486005399423,NA,NA,1,0.611370465511933,0.5721004803166179,0.6492460739678324
PGS018927,Neurological disorders,East Asian,0.4536772555466351,0.08299627289197546,NA,NA,1,0.611513177855539,0.5722420482115592,0.6493879472806948
PGS018928,Neurological disorders,East Asian,0.464518731773314,0.0832032891056669,NA,NA,1,0.614085595942025,0.5747945686746512,0.6519444302545526
PGS018929,Neurological disorders,East Asian,0.4531654815804002,0.08298654903895039,NA,NA,1,0.611391591433664,0.5721214365553786,0.6492670759846276
PGS018930,Neurological disorders,East Asian,0.4526017463761584,0.08297584294592436,NA,NA,1,0.611257644100137,0.5719885666636667,0.6491339125078457
PGS018931,Mild cognitive impairment,East Asian,0.7654740115789695,0.11467879134985762,NA,NA,1,0.682541019327767,0.6319760733156858,0.7291362016407605
PGS018932,Mild cognitive impairment,East Asian,0.764292965317122,0.11464152077676561,NA,NA,1,0.682285056515927,0.6317183353917117,0.7288884506667703
PGS018933,Mild cognitive impairment,East Asian,0.7730611602099535,0.11491904886864236,NA,NA,1,0.6841827118450838,0.6336296258507857,0.7307246982100429
PGS018934,Mild cognitive impairment,East Asian,0.7629648958035818,0.11459965195927486,NA,NA,1,0.681997098352607,0.6314284040533389,0.7286097043724327
PGS018935,Mild cognitive impairment,East Asian,0.7564322583087424,0.1143943406764284,NA,NA,1,0.680578637770329,0.6300005913361914,0.7272362126256909
PGS018936,Depression,East Asian,0.7134945976834319,0.060626613983272716,NA,NA,1,0.6711728778202591,0.6444351246413947,0.6968458413239146
PGS018937,Depression,East Asian,0.7041628949642481,0.06047894855039776,NA,NA,1,0.669110092479198,0.6423604951859319,0.6948095209178574
PGS018938,Depression,East Asian,0.689489214127749,0.06024902983941813,NA,NA,1,0.665853290260321,0.6390864123735227,0.691593004167566
PGS018939,Depression,East Asian,0.7197084900358379,0.06072557086259809,NA,NA,1,0.672542821356577,0.6458133214232625,0.6981978002366586
PGS018940,Depression,East Asian,0.7006468331362734,0.06042360289915901,NA,NA,1,0.668331167796423,0.641577279758228,0.6940403978429729
PGS018941,Generalized anxiety disorder,East Asian,0.36997399637086914,0.05892830388932811,NA,NA,1,0.591452695024274,0.5632775247928391,0.6190395197992543
PGS018942,Generalized anxiety disorder,East Asian,0.3784723246731339,0.05903466946864217,NA,NA,1,0.5935045934456,0.5653157139663714,0.6210907031231213
PGS018943,Generalized anxiety disorder,East Asian,0.3893127367094804,0.05917156408479217,NA,NA,1,0.596117243709085,0.567911819680442,0.6237014589734596
PGS018944,Generalized anxiety disorder,East Asian,0.38142162086502535,0.059071778498462416,NA,NA,1,0.59421593479133,0.5660224494921055,0.6218016379968199
PGS018945,Generalized anxiety disorder,East Asian,0.37374473945546843,0.05897539566733822,NA,NA,1,0.592363528650507,0.5641821953464123,0.6199501197732691
PGS018946,Other mental disorder,East Asian,0.555574204694657,0.02733884241161186,NA,NA,1,0.6354278795155849,0.622926891777603,0.6477487832048123
PGS018947,Other mental disorder,East Asian,0.5556922571113172,0.02733951840628296,NA,NA,1,0.635455227017294,0.6229543093797602,0.6477760210934738
PGS018948,Other mental disorder,East Asian,0.555153620772609,0.02733643469697612,NA,NA,1,0.635330441794551,0.6228292047264448,0.6476517355863944
PGS018949,Other mental disorder,East Asian,0.5569766988857043,0.027346878526323178,NA,NA,1,0.635752718571199,0.6232525669514037,0.6480723167335353
PGS018950,Other mental disorder,East Asian,0.5586027136790617,0.02735620938150517,NA,NA,1,0.636129173587049,0.6236300003741493,0.6484472491545037
PGS018951,Develomental delays and disorders,East Asian,0.6876122599815889,0.13221892285980344,NA,NA,1,0.6654355517716939,0.6055066282504858,0.720463392918566
PGS018952,Develomental delays and disorders,East Asian,0.6865063470512905,0.1321802288976842,NA,NA,1,0.665189296154447,0.6052605497454704,0.7202253307037819
PGS018953,Develomental delays and disorders,East Asian,0.6790568888780847,0.13192048181817573,NA,NA,1,0.663528172279059,0.6036011532848846,0.7186188668408037
PGS018954,Develomental delays and disorders,East Asian,0.6713542909908282,0.13165354547429958,NA,NA,1,0.661806341253495,0.6018820893324641,0.7169525767190738
PGS018955,Develomental delays and disorders,East Asian,0.6739189510684592,0.13174224024773623,NA,NA,1,0.6623801217374189,0.6024548375303159,0.7175079748984445
PGS018956,Alcohol related disorders,East Asian,1.3561465936386343,0.1214604629924088,NA,NA,1,0.795132704420966,0.7536331611951868,0.8312074702778702
PGS018957,Alcohol related disorders,East Asian,1.3621241489527085,0.12171565539828413,NA,NA,1,0.79610471069612,0.7546487337898637,0.8321143577034834
PGS018958,Alcohol related disorders,East Asian,1.290135857132221,0.11870992916766249,NA,NA,1,0.7841701835189201,0.7422056899727628,0.8209515005518274
PGS018959,Alcohol related disorders,East Asian,1.4721632773012112,0.1265999382323627,NA,NA,1,0.8133859708677511,0.7727715200443175,0.8481673655423777
PGS018960,Alcohol related disorders,East Asian,1.3694621759643486,0.12203033471967636,NA,NA,1,0.7972932461070159,0.7558910702794813,0.8332227094739761
PGS018961,Alcoholism,East Asian,1.3662624287128238,0.13270232195073559,NA,NA,1,0.796775621477126,0.7514136217406964,0.8356702447987514
PGS018962,Alcoholism,East Asian,1.3629569520263847,0.1325480280440374,NA,NA,1,0.796239859621779,0.7508522530524098,0.8351741889551654
PGS018963,Alcoholism,East Asian,1.279786469308137,0.12877715061444636,NA,NA,1,0.782413426583065,0.7364082706486567,0.8223264653247753
PGS018964,Alcoholism,East Asian,1.4884887103172868,0.13865268865475908,NA,NA,1,0.8158513279074608,0.7714874796412777,0.8532407152317318
PGS018965,Alcoholism,East Asian,1.3707967899622326,0.13291453599211953,NA,NA,1,0.7975088564714858,0.7521821098397607,0.8363489181454831
PGS018966,Parasomnia,East Asian,0.3347583019562127,0.09768600508468875,NA,NA,1,0.58291669258522,0.5357622614399677,0.6286017267950463
PGS018967,Parasomnia,East Asian,0.3349997692770939,0.09769100613648206,NA,NA,1,0.582975398108982,0.5358198809913662,0.6286603866502284
PGS018968,Parasomnia,East Asian,0.33971432654060985,0.09778886982448312,NA,NA,1,0.584121127768102,0.5369445800070372,0.6298050367371417
PGS018969,Parasomnia,East Asian,0.33724539989714836,0.09773756817536985,NA,NA,1,0.583521242846479,0.5363556675007907,0.6292057617468159
PGS018970,Parasomnia,East Asian,0.33649676302829057,0.09772203500701762,NA,NA,1,0.583339294600647,0.5361770641393506,0.6290239790810052
PGS018971,Sleep related movement disorders,East Asian,0.40289051842682005,0.11075961262488708,NA,NA,1,0.59938193969271,0.5463172480048556,0.6502138541251031
PGS018972,Sleep related movement disorders,East Asian,0.37912094039681754,0.11017978823538789,NA,NA,1,0.593661066963175,0.5407018750920743,0.644528353566577
PGS018973,Sleep related movement disorders,East Asian,0.37581401770289374,0.11010008853508875,NA,NA,1,0.592863099496143,0.5399193171666358,0.6437345129856675
PGS018974,Sleep related movement disorders,East Asian,0.37896179076173236,0.11017594719991063,NA,NA,1,0.593622675105748,0.5406642207405377,0.6444901647761365
PGS018975,Sleep related movement disorders,East Asian,0.3817566661671359,0.11024348016451221,NA,NA,1,0.594296719488679,0.5413253737947941,0.6451605775620827
PGS018976,Organic or persistent insomnia,East Asian,0.5620684771087039,0.038467635044828016,NA,NA,1,0.636931010753315,0.6193221071687962,0.6541802052631919
PGS018977,Organic or persistent insomnia,East Asian,0.5652649259893778,0.03849609739064607,NA,NA,1,0.637669865211376,0.6200622788333772,0.6549155840212071
PGS018978,Organic or persistent insomnia,East Asian,0.570449094311091,0.038542432806306495,NA,NA,1,0.638866794858314,0.6212614602423593,0.6561067607613453
PGS018979,Organic or persistent insomnia,East Asian,0.5639706048723547,0.03848456245122122,NA,NA,1,0.637370762934638,0.6197626366391134,0.6546178957127105
PGS018980,Organic or persistent insomnia,East Asian,0.5608569728989654,0.03845686868698702,NA,NA,1,0.636650804078118,0.6190414154613897,0.6539013016708872
PGS018981,Other cerebral degenerations,East Asian,0.5897668255866222,0.07818270138188903,NA,NA,1,0.6433116428682109,0.607431586682238,0.6776525997834466
PGS018982,Other cerebral degenerations,East Asian,0.57240386023974,0.07784807529320394,NA,NA,1,0.639317668126223,0.6034405673403538,0.6737040411891992
PGS018983,Other cerebral degenerations,East Asian,0.5688930165300914,0.07778100539947484,NA,NA,1,0.638507705273994,0.6026315979150046,0.6729028594872336
PGS018984,Other cerebral degenerations,East Asian,0.5691424816963537,0.07778576453718915,NA,NA,1,0.638565283740112,0.6026891013870739,0.6729598184850464
PGS018985,Other cerebral degenerations,East Asian,0.5728228444071005,0.07785609268984423,NA,NA,1,0.6394142762908489,0.6035370658611695,0.6737995923473585
PGS018986,Migraine,East Asian,1.1733443330735218,0.061061651516067864,NA,NA,1,0.763748987565522,0.7414777702159823,0.7846587904340736
PGS018987,Migraine,East Asian,1.1731650709008477,0.06105809651831352,NA,NA,1,0.763716640602316,0.7414447419935435,0.7846273216049608
PGS018988,Migraine,East Asian,1.1534172216327276,0.060669242932588206,NA,NA,1,0.760134532802877,0.7377884491867918,0.7811411629780487
PGS018989,Migraine,East Asian,1.168397551607103,0.06096371699016864,NA,NA,1,0.762855243519146,0.7405652780976949,0.7837892318534929
PGS018990,Migraine,East Asian,1.171124276602385,0.06101765695445048,NA,NA,1,0.763348173882332,0.741068529407953,0.7842688429369554
PGS018991,Epilepsy,East Asian,0.8512830417437892,0.12664372887767425,NA,NA,1,0.700836220480115,0.646356378293215,0.7501672992260939
PGS018992,Epilepsy,East Asian,0.8504612907862019,0.12661382380855463,NA,NA,1,0.700663899789981,0.6461819211006378,0.7500022681399268
PGS018993,Epilepsy,East Asian,0.8545621849234132,0.12676325098826463,NA,NA,1,0.701523288321751,0.6470520657888033,0.7508251900315689
PGS018994,Epilepsy,East Asian,0.8485948737357056,0.12654597140610438,NA,NA,1,0.700272302129113,0.6457855060191826,0.7496271940942972
PGS018995,Epilepsy,East Asian,0.8501592756523288,0.12660283764648958,NA,NA,1,0.700600553109547,0.6461177915761428,0.7499415983477815
PGS018996,Facial nerve disorders CN7,East Asian,0.7220845871554351,0.10165209646422738,NA,NA,1,0.673065892095392,0.6278131268327926,0.7153115374987296
PGS018997,Facial nerve disorders CN7,East Asian,0.716152907332101,0.10149048186082066,NA,NA,1,0.671759299165132,0.6265001855886609,0.714037388340298
PGS018998,Facial nerve disorders CN7,East Asian,0.7309442562738083,0.10189491856898882,NA,NA,1,0.67501244890986,0.6297699945554841,0.7172088205285575
PGS018999,Facial nerve disorders CN7,East Asian,0.7219380491472259,0.10164809464165876,NA,NA,1,0.673033645853164,0.627780718388753,0.7152800980432991
PGS019000,Facial nerve disorders CN7,East Asian,0.7159377703666009,0.10148463464688721,NA,NA,1,0.671711859981855,0.6264525245449407,0.7139911176058551
PGS019001,Inflammatory and toxic neuropathy,East Asian,0.42810277743867103,0.04923656558558365,NA,NA,1,0.605420538319962,0.5821484137217307,0.6282242750358168
PGS019002,Inflammatory and toxic neuropathy,East Asian,0.4313027946810399,0.04927116324269361,NA,NA,1,0.606184720824055,0.5829101313048386,0.6289871839598071
PGS019003,Inflammatory and toxic neuropathy,East Asian,0.41360690898858904,0.04908109766738033,NA,NA,1,0.60195243179484,0.578692421985374,0.6247609625155061
PGS019004,Inflammatory and toxic neuropathy,East Asian,0.4255062674041605,0.049208566788623335,NA,NA,1,0.604800097617522,0.5815300286983777,0.6276048105757523
PGS019005,Inflammatory and toxic neuropathy,East Asian,0.43371258760860987,0.049297283708155656,NA,NA,1,0.606759850726539,0.5834834549220558,0.6295613035021151
PGS019006,Retinal detachments and defects,East Asian,0.59792986419999306,0.0894262448843132,NA,NA,1,0.64518254909714,0.6041182554668161,0.6842138571742022
PGS019007,Retinal detachments and defects,East Asian,0.5929651737971336,0.08931540356836519,NA,NA,1,0.6440452046582229,0.6029823009137228,0.6830931528213143
PGS019008,Retinal detachments and defects,East Asian,0.5928643298154662,0.0893131568885482,NA,NA,1,0.64402208574089,0.6029592133476935,0.6830703687356308
PGS019009,Retinal detachments and defects,East Asian,0.5935702992358445,0.08932888899258745,NA,NA,1,0.644183918162221,0.6031208289010782,0.6832298544812299
PGS019010,Retinal detachments and defects,East Asian,0.5952158008305165,0.08936559401509402,NA,NA,1,0.644560995675965,0.6034974245665875,0.6836014382800553
PGS019011,Other retinal disorders,East Asian,0.2413616317015871,0.03476880477425221,NA,NA,1,0.560049174662585,0.5431957461011863,0.5767652843552723
PGS019012,Other retinal disorders,East Asian,0.26641030875163696,0.03492871470437438,NA,NA,1,0.566211429646933,0.5493265435889183,0.58294399223768
PGS019013,Other retinal disorders,East Asian,0.25428683995498336,0.0348507993903908,NA,NA,1,0.563231355528836,0.5463612655162772,0.5799563985072868
PGS019014,Other retinal disorders,East Asian,0.2548364584935573,0.03485431055148946,NA,NA,1,0.563366557974152,0.5464957797537984,0.5800919598540338
PGS019015,Other retinal disorders,East Asian,0.2505605999184961,0.03482704762712585,NA,NA,1,0.562314478819528,0.5454490982859757,0.5790370434585805
PGS019016,Degeneration of macula and posterior pole of retina,East Asian,0.34038493693627386,0.052598994027807454,NA,NA,1,0.58428402568808,0.5590459286800232,0.6090876855884332
PGS019017,Degeneration of macula and posterior pole of retina,East Asian,0.34738410397023933,0.05267544503673149,NA,NA,1,0.585983087541584,0.560733690644933,0.6107885305495677
PGS019018,Degeneration of macula and posterior pole of retina,East Asian,0.3402729032402971,0.05259777436684343,NA,NA,1,0.584256812871785,0.5590188999772384,0.6090604408529655
PGS019019,Degeneration of macula and posterior pole of retina,East Asian,0.35001179983761577,0.0527042764396759,NA,NA,1,0.586620440344289,0.5613669039649327,0.6114264456164985
PGS019020,Degeneration of macula and posterior pole of retina,East Asian,0.34525582419503686,0.0526521451176988,NA,NA,1,0.585466657854898,0.5602206548388883,0.6102716025949055
PGS019021,Peripheral retinal degenerations,East Asian,0.6902003773617877,0.10374411350065214,NA,NA,1,0.666011500211189,0.6193669015623186,0.7096199246620871
PGS019022,Peripheral retinal degenerations,East Asian,0.689590097664211,0.10372739425424796,NA,NA,1,0.6658757357337591,0.6192307433124487,0.7094874003690844
PGS019023,Peripheral retinal degenerations,East Asian,0.69008324338919,0.10374090385481433,NA,NA,1,0.665985444402389,0.6193407697925984,0.7095944911369381
PGS019024,Peripheral retinal degenerations,East Asian,0.6897827231078411,0.10373267053855792,NA,NA,1,0.6659185906824429,0.6192737220169763,0.7095292331312977
PGS019025,Peripheral retinal degenerations,East Asian,0.695435994337187,0.10388788752302351,NA,NA,1,0.667175097777851,0.6205340796793992,0.7107555239043417
PGS019026,Macular puckering of retina,East Asian,0.6563948954088702,0.09623131523100174,NA,NA,1,0.658450087355527,0.6148585371207556,0.6995189666402126
PGS019027,Macular puckering of retina,East Asian,0.6841713779874303,0.09693141870269123,NA,NA,1,0.66466906894367,0.621092002300034,0.7056099378079915
PGS019028,Macular puckering of retina,East Asian,0.6465699839480336,0.09598745170274434,NA,NA,1,0.656237100660446,0.6126427490382383,0.6973489394194101
PGS019029,Macular puckering of retina,East Asian,0.6705996781426901,0.09658736892930266,NA,NA,1,0.661637424163883,0.6180520737497761,0.7026420429037292
PGS019030,Macular puckering of retina,East Asian,0.6541174221571411,0.09617461155782918,NA,NA,1,0.657937713589064,0.6143454054562764,0.6990166598299872
PGS019031,Macular degeneration senile of retina NOS,East Asian,0.36472142915162814,0.05400263511606503,NA,NA,1,0.590182876514273,0.5643600326466368,0.6155178528170709
PGS019032,Macular degeneration senile of retina NOS,East Asian,0.3772840761025059,0.0541466221375503,NA,NA,1,0.5932178884686,0.5673768502545715,0.6185531160664073
PGS019033,Macular degeneration senile of retina NOS,East Asian,0.3580324736760245,0.05392664976777636,NA,NA,1,0.588564068117115,0.5627514454300312,0.6138983555204857
PGS019034,Macular degeneration senile of retina NOS,East Asian,0.36851433738593453,0.054045931570205895,NA,NA,1,0.591099941248871,0.5652714663604468,0.6164351366851213
PGS019035,Macular degeneration senile of retina NOS,East Asian,0.374608730274253,0.05411581846668411,NA,NA,1,0.592572138970678,0.5667348658769616,0.6179074269229932
PGS019036,Glaucoma,East Asian,0.3680045322437039,0.04413197563726986,NA,NA,1,0.590976715217446,0.5699153668501533,0.6117093761791134
PGS019037,Glaucoma,East Asian,0.4103836146177792,0.044527973961817,NA,NA,1,0.601179858869389,0.5800816996368112,0.621908899169141
PGS019038,Glaucoma,East Asian,0.40467968013278693,0.04447375729910686,NA,NA,1,0.599811482488908,0.5787175725404071,0.6205417347458985
PGS019039,Glaucoma,East Asian,0.388162027628471,0.04431837105146531,NA,NA,1,0.595840166677941,0.5747597979765011,0.6165726594694086
PGS019040,Glaucoma,East Asian,0.35441936178113,0.04400834096708691,NA,NA,1,0.587688850816451,0.566641871991895,0.6084200271482966
PGS019041,Open angle glaucoma,East Asian,0.7200453241012932,0.09785807616187747,NA,NA,1,0.672616997665787,0.62907334193005,0.7133779987025177
PGS019042,Open angle glaucoma,East Asian,0.7392763570504919,0.09836655773433568,NA,NA,1,0.676837595186163,0.6333180524018612,0.7174960298535451
PGS019043,Open angle glaucoma,East Asian,0.7015940225059886,0.09737751705234374,NA,NA,1,0.668541092679754,0.6249785463133121,0.7093963232151275
PGS019044,Open angle glaucoma,East Asian,0.7476534299480933,0.09859050169845647,NA,NA,1,0.678667178471664,0.6351595393804131,0.7192795624220732
PGS019045,Open angle glaucoma,East Asian,0.6709721817300441,0.09659559380242412,NA,NA,1,0.661720812765469,0.6181361992632802,0.7027232342022611
PGS019046,Cataract,East Asian,0.35314479437234875,0.03068663964066867,NA,NA,1,0.587379975059685,0.5727301740141661,0.601876641847428
PGS019047,Cataract,East Asian,0.3532691766736507,0.030687375185351726,NA,NA,1,0.587410120616119,0.5727602585871664,0.6019067915450149
PGS019048,Cataract,East Asian,0.35243916085716054,0.030682468589883875,NA,NA,1,0.587208943837883,0.5725594901287563,0.6017055857360452
PGS019049,Cataract,East Asian,0.3527623861518112,0.03068437882460585,NA,NA,1,0.587287289694821,0.5726376765940318,0.6017839432887119
PGS019050,Cataract,East Asian,0.35308912576419427,0.030686310470187734,NA,NA,1,0.587366482886319,0.5727167091580421,0.6018631477967491
PGS019051,Visual disturbances,East Asian,0.37150245549805117,0.05626458123395857,NA,NA,1,0.591821974701867,0.5649371238657013,0.6181683518914363
PGS019052,Visual disturbances,East Asian,0.379378192541129,0.056359458157513476,NA,NA,1,0.593723121786186,0.5668261893282238,0.6200693829752076
PGS019053,Visual disturbances,East Asian,0.3734115020434652,0.05628751620186247,NA,NA,1,0.592283059676999,0.5653952312140939,0.6186294598720901
PGS019054,Visual disturbances,East Asian,0.3749909045690278,0.05630652123940289,NA,NA,1,0.59266440419784,0.5657741360179196,0.6190107986883121
PGS019055,Visual disturbances,East Asian,0.41696612166957464,0.05682176658136317,NA,NA,1,0.602757041986821,0.5758098002178271,0.629095109810448
PGS019056,Keratitis,East Asian,0.5862386398375519,0.07125215905812789,NA,NA,1,0.642501650394357,0.6098268401551287,0.6739033452549495
PGS019057,Keratitis,East Asian,0.5978480655225481,0.07145724424067731,NA,NA,1,0.645163823355686,0.6124902150278266,0.6765374066408014
PGS019058,Keratitis,East Asian,0.5857704979306593,0.07124393112785365,NA,NA,1,0.6423941141725439,0.6097192832040186,0.6737969145647018
PGS019059,Keratitis,East Asian,0.5837541922757813,0.07120853021823258,NA,NA,1,0.641930787672423,0.6092558920418333,0.6733383247151667
PGS019060,Keratitis,East Asian,0.5885636371582056,0.0712930707039114,NA,NA,1,0.643035509537542,0.6103608341456328,0.6744316815725755
PGS019061,Uveitis noninfectious or NOS,East Asian,0.8225427246626363,0.12316150985538382,NA,NA,1,0.694775823242764,0.6413310963019075,0.7434426276055726
PGS019062,Uveitis noninfectious or NOS,East Asian,0.7728853956504818,0.12146196717183352,NA,NA,1,0.6841447319846429,0.6306065831138853,0.7332061911357508
PGS019063,Uveitis noninfectious or NOS,East Asian,0.8294043000554645,0.12340155308575551,NA,NA,1,0.696228957471943,0.6427998785708819,0.7448386151287143
PGS019064,Uveitis noninfectious or NOS,East Asian,0.8155518661012009,0.122918251952619,NA,NA,1,0.69329130980508,0.6398313177939022,0.742015693934015
PGS019065,Uveitis noninfectious or NOS,East Asian,0.8271448540721759,0.12332236860568124,NA,NA,1,0.695750886001181,0.6423165817669758,0.7443794303271989
PGS019066,Other disorders of eye,East Asian,0.44068495300241134,0.0439283905487176,NA,NA,1,0.608422229227848,0.5877290606553324,0.6287328588968781
PGS019067,Other disorders of eye,East Asian,0.45272445716834026,0.04404418108387962,NA,NA,1,0.611286802453557,0.5905882890513233,0.6315916406685677
PGS019068,Other disorders of eye,East Asian,0.4420866328716191,0.04394180543550026,NA,NA,1,0.608756121118638,0.5880622815589471,0.6290661262564661
PGS019069,Other disorders of eye,East Asian,0.4383997476229458,0.04390655692526482,NA,NA,1,0.607877656649957,0.5871856095724306,0.628189276366639
PGS019070,Other disorders of eye,East Asian,0.43885078193281585,0.043910862617126734,NA,NA,1,0.607985161042977,0.5872928899073594,0.6282965881172164
PGS019071,Disorders of iris and ciliary body,East Asian,0.8563508251168884,0.1317436097809503,NA,NA,1,0.701897673718098,0.6452291300904389,0.7529798025179505
PGS019072,Disorders of iris and ciliary body,East Asian,0.7672303544593906,0.128474585292211,NA,NA,1,0.682921459485126,0.6260762261484263,0.7347856664784568
PGS019073,Disorders of iris and ciliary body,East Asian,0.8272464130673787,0.13065110153063597,NA,NA,1,0.695772383743429,0.6390331612942153,0.7471222341436365
PGS019074,Disorders of iris and ciliary body,East Asian,0.8760969053047803,0.13249883740197352,NA,NA,1,0.706012751564137,0.6493991568597745,0.7569066909304101
PGS019075,Disorders of iris and ciliary body,East Asian,0.8505118245742718,0.13152246323534386,NA,NA,1,0.7006744983359788,0.6439907838503917,0.7518112691824512
PGS019076,Suppurative and unspecified otitis media,East Asian,0.5501887442562283,0.09807501804706414,NA,NA,1,0.63417938001211,0.5885469318620248,0.6775238946922465
PGS019077,Suppurative and unspecified otitis media,East Asian,0.5750269946069478,0.09867558682296101,NA,NA,1,0.639922316905673,0.5942644535738968,0.6831814211766215
PGS019078,Suppurative and unspecified otitis media,East Asian,0.5586370102525885,0.09827788430241993,NA,NA,1,0.636137112138353,0.5904950730388042,0.6794535471631786
PGS019079,Suppurative and unspecified otitis media,East Asian,0.5432804751605452,0.09791020270466129,NA,NA,1,0.6325752093456011,0.5869513313674831,0.675941936703483
PGS019080,Suppurative and unspecified otitis media,East Asian,0.5402659798508292,0.0978385849226065,NA,NA,1,0.631874289258762,0.5862543564685354,0.6752504976018384
PGS019081,Vertiginous syndromes and other disorders of vestibular system,East Asian,0.37716306787876125,0.028671536454533075,NA,NA,1,0.593188687593313,0.5795598643805911,0.6066755473674872
PGS019082,Vertiginous syndromes and other disorders of vestibular system,East Asian,0.38156386826995214,0.028695835040767455,NA,NA,1,0.594250233503492,0.5806202346437372,0.6077365269212925
PGS019083,Vertiginous syndromes and other disorders of vestibular system,East Asian,0.37295623107333103,0.028648411961747094,NA,NA,1,0.592173114478987,0.5785454932243702,0.6056604364352977
PGS019084,Vertiginous syndromes and other disorders of vestibular system,East Asian,0.3780588868564538,0.028676473680483313,NA,NA,1,0.593404844868631,0.5797757755712106,0.6068915962216129
PGS019085,Vertiginous syndromes and other disorders of vestibular system,East Asian,0.37239246485344113,0.028645320654459266,NA,NA,1,0.592036955544108,0.5784095011723995,0.6055243335501306
PGS019086,Menieres disease,East Asian,0.4771153441818417,0.06423381781598254,NA,NA,1,0.617066474330795,0.5869126819572087,0.646345473578951
PGS019087,Menieres disease,East Asian,0.47813477700170703,0.06424887373633278,NA,NA,1,0.617307332892856,0.5871526643981351,0.6465852071644794
PGS019088,Menieres disease,East Asian,0.4789160738863483,0.0642604217784009,NA,NA,1,0.617491888755225,0.5873365554224403,0.6467688940242394
PGS019089,Menieres disease,East Asian,0.4760590302639639,0.06421823142670037,NA,NA,1,0.616816841322028,0.5866639670921296,0.6460969956183676
PGS019090,Menieres disease,East Asian,0.47880586643394357,0.06425879236518202,NA,NA,1,0.617465857896666,0.587310617995814,0.6467429861029046
PGS019091,Peripheral or central vertigo,East Asian,0.3804474660530378,0.04315442573359599,NA,NA,1,0.593981021770258,0.5734313209105547,0.6142067847960606
PGS019092,Peripheral or central vertigo,East Asian,0.39143408385086237,0.043253872720014776,NA,NA,1,0.596627878067973,0.5760689399897826,0.6168529186999199
PGS019093,Peripheral or central vertigo,East Asian,0.39294739725517125,0.043267651447786735,NA,NA,1,0.596992023374442,0.5764318751716383,0.617216900585609
PGS019094,Peripheral or central vertigo,East Asian,0.3866576819668847,0.04321051192980306,NA,NA,1,0.595477846015354,0.5749228261879503,0.6157033009904436
PGS019095,Peripheral or central vertigo,East Asian,0.37875078376903687,0.04313915960421865,NA,NA,1,0.593571771871777,0.5730235683698874,0.6137975736531914
PGS019096,Labyrinthitis,East Asian,0.31526040592580135,0.043775233966982435,NA,NA,1,0.578168744486188,0.5571148539813927,0.5989422772922103
PGS019097,Labyrinthitis,East Asian,0.33288938516602656,0.043930398625811405,NA,NA,1,0.582462242231755,0.5613852202127921,0.6032422504919581
PGS019098,Labyrinthitis,East Asian,0.3282919061554174,0.04388967868624576,NA,NA,1,0.581343713349999,0.5602725197800735,0.6021222442252265
PGS019099,Labyrinthitis,East Asian,0.3387121444599763,0.043982229575067464,NA,NA,1,0.583877653547638,0.5627934562620558,0.6046593191943114
PGS019100,Labyrinthitis,East Asian,0.3191708630496406,0.0438094251399558,NA,NA,1,0.579122171840873,0.5580629675741031,0.5998973303814386
PGS019101,Dizziness and giddiness Light headedness and vertigo,East Asian,0.3841520468287241,0.03464414982241341,NA,NA,1,0.594874134536898,0.5784099588351579,0.6111276176775281
PGS019102,Dizziness and giddiness Light headedness and vertigo,East Asian,0.3909757713704085,0.034692117161519744,NA,NA,1,0.5965175743041609,0.5800501392332942,0.6127703538202115
PGS019103,Dizziness and giddiness Light headedness and vertigo,East Asian,0.3765949174714688,0.03459139992506574,NA,NA,1,0.593051576628658,0.5765912959503738,0.6093055480921973
PGS019104,Dizziness and giddiness Light headedness and vertigo,East Asian,0.3891462330668826,0.03467922501495051,NA,NA,1,0.596077155404948,0.5796105702455768,0.612330148004798
PGS019105,Dizziness and giddiness Light headedness and vertigo,East Asian,0.37722667744737276,0.034595794725398255,NA,NA,1,0.593204037500613,0.5767434197101349,0.6094579798677635
PGS019106,Central origin vertigo,East Asian,0.32703799164558134,0.04470753119523135,NA,NA,1,0.581038500532569,0.559568551182937,0.602205869843828
PGS019107,Central origin vertigo,East Asian,0.33222303993623203,0.04475438490304166,NA,NA,1,0.582300178186974,0.5608233986843298,0.6034692833920444
PGS019108,Central origin vertigo,East Asian,0.3342214981499408,0.044772505863571725,NA,NA,1,0.5827861764491838,0.5613068142226695,0.6039558991170737
PGS019109,Central origin vertigo,East Asian,0.3305597897959522,0.0447393298657294,NA,NA,1,0.581895576085228,0.5604209672239008,0.6030641455116563
PGS019110,Central origin vertigo,East Asian,0.32397630332887295,0.04467997415352007,NA,NA,1,0.580293000903981,0.5588271722617704,0.6014592543913903
PGS019111,Hearing loss,East Asian,0.3776198742514892,0.035307761573438734,NA,NA,1,0.593298917525571,0.5764987392084465,0.6098836294504207
PGS019112,Hearing loss,East Asian,0.3737143752888376,0.03527984992715608,NA,NA,1,0.592356196625643,0.5755583003568634,0.6089409861891181
PGS019113,Hearing loss,East Asian,0.3592269468539576,0.03517723775661878,NA,NA,1,0.588853286818671,0.5720645726785317,0.6054376318151582
PGS019114,Hearing loss,East Asian,0.3645881957476176,0.03521504098284914,NA,NA,1,0.590150651356896,0.5733584075408676,0.6067352955243961
PGS019115,Hearing loss,East Asian,0.34684554460707145,0.03509069240215083,NA,NA,1,0.585852423271846,0.5690724527851572,0.6024354715238174
PGS019116,Sensorineural hearing loss,East Asian,0.4107968322973999,0.07702385883553244,NA,NA,1,0.601278928886104,0.5645945185355933,0.6368605039959634
PGS019117,Sensorineural hearing loss,East Asian,0.42147888046186494,0.07720737339459059,NA,NA,1,0.603837078756006,0.5671303255838394,0.6394102386290106
PGS019118,Sensorineural hearing loss,East Asian,0.4115157291878328,0.07703615462114398,NA,NA,1,0.601451266525166,0.5647653111435549,0.6370323187548439
PGS019119,Sensorineural hearing loss,East Asian,0.40456524994547,0.07691760534723999,NA,NA,1,0.599784014619907,0.5631132473470123,0.635369858880016
PGS019120,Sensorineural hearing loss,East Asian,0.3972971769984726,0.07679442344701821,NA,NA,1,0.598038104978659,0.5613838174744562,0.6336283310778692
PGS019121,Tinnitus,East Asian,0.42189575746121577,0.04556963078830662,NA,NA,1,0.603936798862065,0.582386823005449,0.6250906073483543
PGS019122,Tinnitus,East Asian,0.42290595642966267,0.04557960594083992,NA,NA,1,0.604178410179036,0.5826277411314343,0.6253319006302768
PGS019123,Tinnitus,East Asian,0.3876070145694396,0.0452365138145051,NA,NA,1,0.595706504289063,0.5741842134774319,0.6168668410646305
PGS019124,Tinnitus,East Asian,0.4383384852591607,0.04573314932261779,NA,NA,1,0.607863053908707,0.5863026637273245,0.6290107960186524
PGS019125,Tinnitus,East Asian,0.40606638602413375,0.04541453198285183,NA,NA,1,0.600144298019164,0.5786060985053,0.6213021520552874
PGS019126,Hypertension,East Asian,0.6060137934257501,0.018640193724742182,NA,NA,1,0.647030959121037,0.6386429515961687,0.6553293416044883
PGS019127,Hypertension,East Asian,0.6383496095654743,0.018741516177695382,NA,NA,1,0.654380292369631,0.6460259888669494,0.6626403877268713
PGS019128,Hypertension,East Asian,0.5961210453435197,0.018610002341269298,NA,NA,1,0.644768361960936,0.6363704981452936,0.6530780113076475
PGS019129,Hypertension,East Asian,0.6319236314486301,0.018721057972052584,NA,NA,1,0.6529255117410099,0.6445643307068575,0.6611933919657803
PGS019130,Hypertension,East Asian,0.694679719006411,0.018927767240231794,NA,NA,1,0.667007143733543,0.6587168508644138,0.6751953524288379
PGS019131,Hypertension,East Asian,0.5728015911008342,0.018540320861131086,NA,NA,1,0.639409376036259,0.6309891365302402,0.6477447409674072
PGS019132,Essential hypertension,East Asian,0.5978966553063599,0.020161532845009843,NA,NA,1,0.645174946813228,0.6360776325349993,0.6541684905815413
PGS019133,Essential hypertension,East Asian,0.637127374524662,0.020304391165931152,NA,NA,1,0.6541038113383579,0.6450453908179543,0.6630518164659877
PGS019134,Essential hypertension,East Asian,0.6042773926586802,0.020184326866458945,NA,NA,1,0.646634295449374,0.6375430538030904,0.6556206817190382
PGS019135,Essential hypertension,East Asian,0.6251560106157906,0.020260108820600073,NA,NA,1,0.651390292546154,0.6423196111281391,0.6603525797659966
PGS019136,Essential hypertension,East Asian,0.7101975029496798,0.020587956768869632,NA,NA,1,0.6704447992721589,0.6614684753542586,0.6792985074361501
PGS019137,Essential hypertension,East Asian,0.5632985185538173,0.020040899126731907,NA,NA,1,0.637215409774977,0.6280869113076821,0.6462460459299697
PGS019138,Hypertensive heart and or renal disease,East Asian,0.5688077934848327,0.028531673239189603,NA,NA,1,0.638488034232155,0.6254827091598345,0.6512935185649495
PGS019139,Hypertensive heart and or renal disease,East Asian,0.5887528461883462,0.028652662240607717,NA,NA,1,0.643078939562323,0.6300878311446411,0.6558629937737067
PGS019140,Hypertensive heart and or renal disease,East Asian,0.5493519238706033,0.028415930456672497,NA,NA,1,0.633985219328831,0.6209674783321343,0.6468101633419095
PGS019141,Hypertensive heart and or renal disease,East Asian,0.571941633573157,0.028550526378366182,NA,NA,1,0.6392110761454519,0.6262078854367318,0.6520132921578143
PGS019142,Hypertensive heart and or renal disease,East Asian,0.6917505347920052,0.029315848504630017,NA,NA,1,0.666356228728948,0.6534619025151919,0.6790064501207642
PGS019143,Hypertensive heart and or renal disease,East Asian,0.553404441912458,0.028439854189691686,NA,NA,1,0.63492508626447,0.6219098124732371,0.64774609542313355
PGS019144,Other hypertensive complications,East Asian,0.5758492028958264,0.020327784969071717,NA,NA,1,0.64011174977051,0.6308829967235542,0.6492380511767101
PGS019145,Other hypertensive complications,East Asian,0.617395805244851,0.020478777203568842,NA,NA,1,0.649626033678339,0.6404360906992265,0.6587062652840451
PGS019146,Other hypertensive complications,East Asian,0.5790325422662786,0.02033909554222164,NA,NA,1,0.6408447639548469,0.631618832337852,0.6499676854670055
PGS019147,Other hypertensive complications,East Asian,0.6018840118249917,0.02042154564677728,NA,NA,1,0.6460872200621262,0.6368822862079294,0.6551851455163104
PGS019148,Other hypertensive complications,East Asian,0.522260549857221,0.02014375786628219,NA,NA,1,0.6276762063637701,0.6184038292021684,0.6368555824943913
PGS019149,Hypertensive heart disease,East Asian,0.5762261168896823,0.029813358889288377,NA,NA,1,0.640198574370131,0.6266313017197952,0.6535454188163851
PGS019150,Hypertensive heart disease,East Asian,0.5908357412018284,0.029907600815971203,NA,NA,1,0.64355688054965,0.630000006959251,0.6568875562525835
PGS019151,Hypertensive heart disease,East Asian,0.5468961479447557,0.029628161122041967,NA,NA,1,0.6334151742527421,0.6198295820567873,0.6467919322025426
PGS019152,Hypertensive heart disease,East Asian,0.5649687909715067,0.02974164771035176,NA,NA,1,0.637601441312405,0.6240267318549095,0.6509601710696435
PGS019153,Hypertensive heart disease,East Asian,0.692140757099679,0.03059828878848946,NA,NA,1,0.666442979507043,0.6529809121234841,0.6796390246502326
PGS019154,Hypertensive heart disease,East Asian,0.5460791067810566,0.029623078068759898,NA,NA,1,0.633225436302879,0.6196393830201393,0.6466029784624543
PGS019155,Ischemic Heart Disease,East Asian,0.5374396766396851,0.025531953279296297,NA,NA,1,0.6312166205231191,0.6194930520050264,0.6427872612856843
PGS019156,Ischemic Heart Disease,East Asian,0.5498914465491356,0.02559835305820341,NA,NA,1,0.634110405413802,0.6223932164006761,0.6456709982789959
PGS019157,Ischemic Heart Disease,East Asian,0.5422407645212002,0.025557458063557085,NA,NA,1,0.632333522541184,0.6206123500889622,0.643900352667221
PGS019158,Ischemic Heart Disease,East Asian,0.5448292098227456,0.025571259270633803,NA,NA,1,0.632935098196768,0.6212152507551939,0.644499840729049
PGS019159,Ischemic Heart Disease,East Asian,0.5455636002950631,0.02557518139829313,NA,NA,1,0.633105701194116,0.6213862339134678,0.6446698472153479
PGS019160,Myocardial infarction,East Asian,1.127577042003729,0.07798815340241289,NA,NA,1,0.75539147364512,0.7260593455499588,0.7825236135911139
PGS019161,Myocardial infarction,East Asian,1.1887964237232715,0.07955536268839557,NA,NA,1,0.766525736465185,0.7374715226561832,0.7932658814161255
PGS019162,Myocardial infarction,East Asian,1.1519405718231743,0.07860369205097338,NA,NA,1,0.75986519179404,0.7306410328073284,0.7868436800851073
PGS019163,Myocardial infarction,East Asian,1.1503743753692472,0.07856379967450476,NA,NA,1,0.759579291495554,0.7303480854531613,0.7865677525029579
PGS019164,Myocardial infarction,East Asian,1.135910616808223,0.07819749401414836,NA,NA,1,0.756928032368886,0.7276324351570104,0.7840079747103729
PGS019165,Coronary atherosclerosis,East Asian,0.6447792731567481,0.03597936123069826,NA,NA,1,0.6558330213261631,0.6397455023632883,0.6715709466202587
PGS019166,Coronary atherosclerosis,East Asian,0.6587362916784866,0.036101339442544546,NA,NA,1,0.658976456800349,0.6429009940385718,0.6746944258070775
PGS019167,Coronary atherosclerosis,East Asian,0.6508470345948639,0.036032208085931265,NA,NA,1,0.657201314590212,0.6411189256467313,0.6729306746710754
PGS019168,Coronary atherosclerosis,East Asian,0.6604153318729061,0.036116113869773966,NA,NA,1,0.659353680823178,0.6432797294004747,0.6750691884846889
PGS019169,Coronary atherosclerosis,East Asian,0.6356383554351488,0.03590027763762246,NA,NA,1,0.653766840508238,0.637671918125309,0.6695173459383749
PGS019170,Other chronic ischemic heart disease unspecified,East Asian,0.5927153830031927,0.029792338266638622,NA,NA,1,0.643987937813933,0.6304906776630147,0.6572601869360147
PGS019171,Other chronic ischemic heart disease unspecified,East Asian,0.6023744207033188,0.029857503338930228,NA,NA,1,0.6461993481970831,0.6327084336115527,0.6594614376962931
PGS019172,Other chronic ischemic heart disease unspecified,East Asian,0.5954543819880972,0.029810757831689422,NA,NA,1,0.6446156532392351,0.6311201549915173,0.6578850587831512
PGS019173,Other chronic ischemic heart disease unspecified,East Asian,0.602978264598523,0.029861596571871908,NA,NA,1,0.6463373902700941,0.6328468846284985,0.6595988324302761
PGS019174,Other chronic ischemic heart disease unspecified,East Asian,0.5994333546733431,0.02983759957789268,NA,NA,1,0.645526656007856,0.6320337702071781,0.6587918779211337
PGS019175,Other forms of chronic heart disease,East Asian,0.6987972115303942,0.04405164419853462,NA,NA,1,0.667921044555283,0.648500842584572,0.6867865060968403
PGS019176,Other forms of chronic heart disease,East Asian,0.6984366943440713,0.04404759078254245,NA,NA,1,0.667841076093547,0.6484204703595311,0.6867072405118305
PGS019177,Other forms of chronic heart disease,East Asian,0.7034358093661738,0.04410390684488024,NA,NA,1,0.668949094647228,0.6495341517762903,0.6878054491777542
PGS019178,Other forms of chronic heart disease,East Asian,0.7019596554676877,0.04408725313556865,NA,NA,1,0.668622109720223,0.6492054803411763,0.6874813751609616
PGS019179,Other forms of chronic heart disease,East Asian,0.6985047449491832,0.04404835580462178,NA,NA,1,0.667856171544202,0.6484356419688053,0.6867222033431958
PGS019180,ASCVD,East Asian,0.7600186009861021,0.04654706223615182,NA,NA,1,0.681357772250808,0.6612313514372673,0.7008294694863703
PGS019181,ASCVD,East Asian,0.7619524459554774,0.046570953570062,NA,NA,1,0.6817774807613871,0.661653923167533,0.7012445868174825
PGS019182,ASCVD,East Asian,0.7678787034427015,0.04664440364191767,NA,NA,1,0.68306183615202,0.6629471816631112,0.7025147460452682
PGS019183,ASCVD,East Asian,0.7632032344530837,0.046586426306619105,NA,NA,1,0.682048786294978,0.6619270916229155,0.701512911996719
PGS019184,ASCVD,East Asian,0.7636605333922667,0.046592087214545455,NA,NA,1,0.682147947080878,0.6620269356689638,0.7016109810175044
PGS019185,Cardiac dysrhythmias,East Asian,0.3959282401321485,0.029442010185310195,NA,NA,1,0.597708984138494,0.5837585366735891,0.6115030396217697
PGS019186,Cardiac dysrhythmias,East Asian,0.40664802408087963,0.02950451225809678,NA,NA,1,0.600283866221362,0.5863312038995852,0.6140756748555254
PGS019187,Cardiac dysrhythmias,East Asian,0.39046435924499,0.029410412734036228,NA,NA,1,0.596394479331841,0.5824453555738038,0.6101894826704842
PGS019188,Cardiac dysrhythmias,East Asian,0.4026894599424425,0.02948135289914009,NA,NA,1,0.5993336599154662,0.5853817565815415,0.6131263579240486
PGS019189,Cardiac dysrhythmias,East Asian,0.39050465787532634,0.02941064513894944,NA,NA,1,0.596404179501075,0.5824550454980556,0.6101991763374531
PGS019190,Paroxysmal tachycardia unspecified,East Asian,0.4387608079226869,0.08222672945967216,NA,NA,1,0.607963716500595,0.5689568555991014,0.6456391924436339
PGS019191,Paroxysmal tachycardia unspecified,East Asian,0.43983825454128245,0.08224680303172172,NA,NA,1,0.608220489366689,0.5692114267305383,0.6458946605724197
PGS019192,Paroxysmal tachycardia unspecified,East Asian,0.4448052454888147,0.08233958797753123,NA,NA,1,0.609403427026524,0.5703843972897656,0.6470713918269783
PGS019193,Paroxysmal tachycardia unspecified,East Asian,0.43424855882261737,0.08214286983809256,NA,NA,1,0.606887727389114,0.5678902408282932,0.6445685062664303
PGS019194,Paroxysmal tachycardia unspecified,East Asian,0.44206975272860455,0.08228843797109393,NA,NA,1,0.608752100732044,0.5697385230563441,0.6464235225558776
PGS019195,Atrial fibrillation and flutter,East Asian,1.0094904524546415,0.06988954721927522,NA,NA,1,0.732920418124434,0.7052670721591364,0.7588662830560406
PGS019196,Atrial fibrillation and flutter,East Asian,1.060056541564823,0.07098913100356473,NA,NA,1,0.742701350320913,0.7152290859866347,0.7683815899360217
PGS019197,Atrial fibrillation and flutter,East Asian,0.8758280386494444,0.06717541484260028,NA,NA,1,0.705956942847356,0.677905785734851,0.7325290138001326
PGS019198,Atrial fibrillation and flutter,East Asian,1.0542779516097318,0.07086139503226471,NA,NA,1,0.741595536784674,0.714101777856765,0.767306873595522
PGS019199,Atrial fibrillation and flutter,East Asian,0.927595340002536,0.06819413391286398,NA,NA,1,0.716587177558127,0.6886755914321859,0.7429304652760492
PGS019200,Arrhythmia cardiac NOS,East Asian,0.5698908596351605,0.05035174569270414,NA,NA,1,0.638737991197857,0.6156680812222044,0.6611851875567372
PGS019201,Arrhythmia cardiac NOS,East Asian,0.5692586771232034,0.05034410724157473,NA,NA,1,0.638592101173563,0.6155220257455281,0.6610401974564608
PGS019202,Arrhythmia cardiac NOS,East Asian,0.5771736812681577,0.05044004298931897,NA,NA,1,0.640416811471696,0.6173490093145381,0.6628534372153678
PGS019203,Arrhythmia cardiac NOS,East Asian,0.5640907165727937,0.05028182087633426,NA,NA,1,0.637398523806615,0.6143272009530559,0.6598538707784433
PGS019204,Arrhythmia cardiac NOS,East Asian,0.5627743352348965,0.05026599979322154,NA,NA,1,0.637094224591182,0.6140226139546819,0.6595513882324981
PGS019205,Premature beats,East Asian,0.6179035266815592,0.08619556523138806,NA,NA,1,0.649741588414416,0.6103919882382239,0.6871538841483503
PGS019206,Premature beats,East Asian,0.612023898257808,0.08606772941735044,NA,NA,1,0.648402342283909,0.6090524898993357,0.6858345474153221
PGS019207,Premature beats,East Asian,0.6120995545554299,0.08606937038916658,NA,NA,1,0.6484195899667071,0.6090697382726146,0.6858515414925904
PGS019208,Premature beats,East Asian,0.6254492673465493,0.08636054142845774,NA,NA,1,0.651456882614943,0.6121081944510266,0.6888430338485955
PGS019209,Premature beats,East Asian,0.6079931240650778,0.08598045163383201,NA,NA,1,0.647482870743193,0.6081330780038356,0.684928489902812
PGS019210,Atrial fibrillation,East Asian,1.0185238228409548,0.07201503623850077,NA,NA,1,0.7346849583315831,0.7062778269638021,0.761273345567598
PGS019211,Atrial fibrillation,East Asian,1.0678685251713078,0.07312535379679047,NA,NA,1,0.744191356967517,0.7159668340211006,0.7705101840596313
PGS019212,Atrial fibrillation,East Asian,0.8719789436764487,0.06894856786685614,NA,NA,1,0.705157308102856,0.6763044105334335,0.7324557853522851
PGS019213,Atrial fibrillation,East Asian,1.0358587179816396,0.07240051631635369,NA,NA,1,0.7380501528972931,0.709705404339184,0.7645454782514124
PGS019214,Atrial fibrillation,East Asian,0.9345868733130668,0.0702172199906962,NA,NA,1,0.718004935367368,0.6893240606917661,0.7450174680496872
PGS019215,Intracranial hemorrhage,East Asian,0.666133852960219,0.08708875118964414,NA,NA,1,0.660636924408111,0.6213870940137055,0.6977966948121823
PGS019216,Intracranial hemorrhage,East Asian,0.6824397587353584,0.08746016237647075,NA,NA,1,0.66428300856267,0.6250450497092023,0.7013765894088081
PGS019217,Intracranial hemorrhage,East Asian,0.660898086488244,0.08697053604352364,NA,NA,1,0.659462102258712,0.6202090987539902,0.6966424891034486
PGS019218,Intracranial hemorrhage,East Asian,0.6679735289506993,0.08713040825508063,NA,NA,1,0.661049250032301,0.621800608458158,0.6982017027558911
PGS019219,Intracranial hemorrhage,East Asian,0.6618789206682241,0.08699264320898971,NA,NA,1,0.659682335529793,0.6204299027399215,0.6968588839027148
PGS019220,Intracerebral hemorrhage,East Asian,0.6724054329222083,0.10265534080716461,NA,NA,1,0.662041566453331,0.6156679692680281,0.7054962877025436
PGS019221,Intracerebral hemorrhage,East Asian,0.683445012253928,0.10295307864877501,NA,NA,1,0.6645071542130371,0.6181390696053504,0.707905462003989
PGS019222,Intracerebral hemorrhage,East Asian,0.705575193843892,0.10355799137693866,NA,NA,1,0.6694227032462331,0.6230705055306915,0.712703122236705
PGS019223,Intracerebral hemorrhage,East Asian,0.6752094730381616,0.10273071354587554,NA,NA,1,0.662668664139252,0.6162963142510329,0.7061092086338843
PGS019224,Intracerebral hemorrhage,East Asian,0.6676719902354938,0.10252849444883214,NA,NA,1,0.660981683040507,0.6146062171199156,0.704460099717706
PGS019225,Cerebrovascular disease,East Asian,0.33932680565072093,0.02749489871625989,NA,NA,1,0.58402698671686,0.570878621839924,0.5970568396895448
PGS019226,Cerebrovascular disease,East Asian,0.34675379430591663,0.02753265138762306,NA,NA,1,0.585830161779529,0.5726789839741718,0.5988601048966679
PGS019227,Cerebrovascular disease,East Asian,0.33540742651330996,0.027475096267374235,NA,NA,1,0.5830745023783,0.5699277150104671,0.5961042132661922
PGS019228,Cerebrovascular disease,East Asian,0.3419525545906685,0.02750821167818742,NA,NA,1,0.584664743683731,0.5715153579450011,0.597694655306683
PGS019229,Cerebrovascular disease,East Asian,0.345748670555029,0.02752752466137055,NA,NA,1,0.585586264383733,0.57243545376169,0.5986162090091005
PGS019230,Occlusion of cerebral arteries,East Asian,0.6148393014034451,0.04583848695768551,NA,NA,1,0.6490439202453341,0.6283152230870308,0.669225176053135
PGS019231,Occlusion of cerebral arteries,East Asian,0.617384504379751,0.04586705381928761,NA,NA,1,0.649623461460917,0.6288963557851003,0.6698007300731419
PGS019232,Occlusion of cerebral arteries,East Asian,0.5893428963808526,0.04555574649525233,NA,NA,1,0.643214361412241,0.6224719351319549,0.6634333412370347
PGS019233,Occlusion of cerebral arteries,East Asian,0.6258331488982423,0.04596232748515418,NA,NA,1,0.651544042003406,0.6308225050712903,0.6717077893501336
PGS019234,Occlusion of cerebral arteries,East Asian,0.6031504058473033,0.04570809217149867,NA,NA,1,0.64637673824953,0.6256412461786909,0.6665757906841875
PGS019235,Cerebral ischemia,East Asian,0.31640658824418416,0.04062769537531117,NA,NA,1,0.578448261413561,0.5589190681190604,0.5977351045175686
PGS019236,Cerebral ischemia,East Asian,0.31525516459804087,0.040618455114785054,NA,NA,1,0.578167466180085,0.5586396555536315,0.597453860333216
PGS019237,Cerebral ischemia,East Asian,0.3057416236822243,0.04054250589634342,NA,NA,1,0.575845500924365,0.5563294351631889,0.5951278541161689
PGS019238,Cerebral ischemia,East Asian,0.3215148134861387,0.0406688149256504,NA,NA,1,0.579693379377922,0.5601581529915111,0.598982109830129
PGS019239,Cerebral ischemia,East Asian,0.299013060365185,0.0404892169614686,NA,NA,1,0.574201233507227,0.5546938199492694,0.5934803712523152
PGS019240,Acute but ill defined cerebrovascular disease,East Asian,0.7135493531486916,0.08279730890946715,NA,NA,1,0.6711849622297381,0.6344294083562977,0.7059577814689495
PGS019241,Acute but ill defined cerebrovascular disease,East Asian,0.7182583827304744,0.08290131410233546,NA,NA,1,0.672223385842789,0.6354736547209263,0.7069765709823943
PGS019242,Acute but ill defined cerebrovascular disease,East Asian,0.715426580141902,0.08283872272621495,NA,NA,1,0.671599124957334,0.6348458646682523,0.7063641444324512
PGS019243,Acute but ill defined cerebrovascular disease,East Asian,0.71990379673318,0.08293774825044213,NA,NA,1,0.672585832100758,0.6358381898284835,0.7073321032126326
PGS019244,Acute but ill defined cerebrovascular disease,East Asian,0.7172444036553483,0.08287888571658304,NA,NA,1,0.671999927596942,0.6352489232209084,0.7067573596794845
PGS019245,Late effects of cerebrovascular disease,East Asian,0.5649378026659021,0.08829616127771477,NA,NA,1,0.637594280942905,0.5967345456417583,0.6765579799274385
PGS019246,Late effects of cerebrovascular disease,East Asian,0.5630500835055811,0.08825530686253459,NA,NA,1,0.637157976607518,0.5962994737203828,0.6761272234414484
PGS019247,Late effects of cerebrovascular disease,East Asian,0.565886043548599,0.08831670785032156,NA,NA,1,0.637813360290424,0.5969530224463846,0.6767742555913404
PGS019248,Late effects of cerebrovascular disease,East Asian,0.5720941573964033,0.0884516319584715,NA,NA,1,0.639246250484783,0.5983822405262134,0.6781885116848752
PGS019249,Late effects of cerebrovascular disease,East Asian,0.5573859071308327,0.08813311140712497,NA,NA,1,0.635847474150226,0.5949929322639895,0.6748330985571518
PGS019250,Cerebral artery occlusion with cerebral infarction,East Asian,0.681079862657565,0.054923153951224844,NA,NA,1,0.663979668930164,0.6395543633158423,0.6875584096082439
PGS019251,Cerebral artery occlusion with cerebral infarction,East Asian,0.6859196690832737,0.05499171379172174,NA,NA,1,0.665058622979415,0.64063836656508,0.6886259747347798
PGS019252,Cerebral artery occlusion with cerebral infarction,East Asian,0.6761385554962377,0.05485343896348529,NA,NA,1,0.662876318816913,0.6384460287355939,0.6864665177602843
PGS019253,Cerebral artery occlusion with cerebral infarction,East Asian,0.7111690498364843,0.0553538608413934,NA,NA,1,0.6706594256099211,0.646268175666329,0.6941647183868087
PGS019254,Cerebral artery occlusion with cerebral infarction,East Asian,0.6782736312163271,0.054883526917633665,NA,NA,1,0.6633532809275381,0.6389251233893369,0.686938549951171
PGS019255,Other venous embolism and thrombosis,East Asian,0.33723303331344523,0.09894487521761267,NA,NA,1,0.583518237464239,0.5357640885187068,0.6297547860835191
PGS019256,Other venous embolism and thrombosis,East Asian,0.3478426179604453,0.09916914365334248,NA,NA,1,0.586094321816025,0.5382926434975787,0.6323273325306189
PGS019257,Other venous embolism and thrombosis,East Asian,0.35253672082427834,0.09926905732264896,NA,NA,1,0.587232591645883,0.539410421157009,0.6334634532334981
PGS019258,Other venous embolism and thrombosis,East Asian,0.39177855753410745,0.10012100650238456,NA,NA,1,0.596710777396136,0.5487301727256497,0.6429097326765435
PGS019259,Other venous embolism and thrombosis,East Asian,0.3636667256896381,0.0995076547341204,NA,NA,1,0.589927754257972,0.5420583113231863,0.6361520922331065
PGS019260,Acute upper respiratory infections of multiple or unspecified sites,East Asian,0.9254262914117579,0.037440495618000676,NA,NA,1,0.71614645861999,0.7009955158944493,0.7308244797780845
PGS019261,Acute upper respiratory infections of multiple or unspecified sites,East Asian,0.9249548431798753,0.03743551069263226,NA,NA,1,0.716050612524306,0.7008987388828891,0.7307298038951119
PGS019262,Acute upper respiratory infections of multiple or unspecified sites,East Asian,0.9250583738177427,0.03743660522972868,NA,NA,1,0.716071662123557,0.7009199928429767,0.7307505965813006
PGS019263,Acute upper respiratory infections of multiple or unspecified sites,East Asian,0.9255839615425855,0.0374421631795894,NA,NA,1,0.71617850882355,0.7010278776124309,0.7308561384433832
PGS019264,Acute upper respiratory infections of multiple or unspecified sites,East Asian,0.9245220491416608,0.03743093611559437,NA,NA,1,0.715962607689826,0.700809880172669,0.7306428726371422
PGS019265,Chronic pharyngitis and nasopharyngitis,East Asian,0.6391803717214694,0.05606565588860274,NA,NA,1,0.654568159020655,0.6293178938682099,0.6789758175865171
PGS019266,Chronic pharyngitis and nasopharyngitis,East Asian,0.6317597780982396,0.05596163313420734,NA,NA,1,0.652888379382269,0.6276328372211002,0.6773116650987248
PGS019267,Chronic pharyngitis and nasopharyngitis,East Asian,0.6314210548456913,0.05595690037712802,NA,NA,1,0.6528116122017741,0.6275558389609056,0.6772356014452874
PGS019268,Chronic pharyngitis and nasopharyngitis,East Asian,0.625864966645243,0.05587946161596961,NA,NA,1,0.65155126569178,0.6262918243845024,0.6759866725013606
PGS019269,Chronic pharyngitis and nasopharyngitis,East Asian,0.6316192664178801,0.05595966969286985,NA,NA,1,0.652856535218508,0.6276008970952134,0.6772801128812203
PGS019270,Chronic sinusitis,East Asian,0.5865088085903191,0.05254515605956346,NA,NA,1,0.642563703951827,0.6185787977099221,0.6658550925241521
PGS019271,Chronic sinusitis,East Asian,0.5910080900480363,0.05260249493213328,NA,NA,1,0.643596414918318,0.6196132983667693,0.6668803656287258
PGS019272,Chronic sinusitis,East Asian,0.5743561086968777,0.052391388277570144,NA,NA,1,0.639767715696511,0.6157787072411809,0.6630784577473329
PGS019273,Chronic sinusitis,East Asian,0.5829517838313034,0.0524999821930834,NA,NA,1,0.641746328559141,0.6177601109337666,0.6650434932117905
PGS019274,Chronic sinusitis,East Asian,0.5784490202472216,0.052442995806296515,NA,NA,1,0.640710447885724,0.6167227015169209,0.6640147921953078
PGS019275,Allergic rhinitis,East Asian,0.6703723341436838,0.02996222727308022,NA,NA,1,0.66158652603264,0.6483162695003036,0.6746073694555169
PGS019276,Allergic rhinitis,East Asian,0.6734839657713441,0.02998416370902456,NA,NA,1,0.6622828379327671,0.6490156067290948,0.6752994669916862
PGS019277,Allergic rhinitis,East Asian,0.6737078330768572,0.02998574431403,NA,NA,1,0.662332907233367,0.6490658950779508,0.6753492317129042
PGS019278,Allergic rhinitis,East Asian,0.6713577679870499,0.02996916772256533,NA,NA,1,0.661807119469859,0.6485378171374491,0.6748266320927885
PGS019279,Allergic rhinitis,East Asian,0.6742599115612002,0.029989643606149974,NA,NA,1,0.6624563674295649,0.6491898962651971,0.6754719399983334
PGS019280,Pneumonia,East Asian,0.45539848091591206,0.04729710403795042,NA,NA,1,0.611922001865032,0.5896929405995297,0.6336948510695786
PGS019281,Pneumonia,East Asian,0.4550663159138399,0.04729361045244093,NA,NA,1,0.611843118558987,0.5896142260323161,0.6336161540103796
PGS019282,Pneumonia,East Asian,0.45613103464469684,0.04730481247109461,NA,NA,1,0.612095949668106,0.5898665190022391,0.6338683853303262
PGS019283,Pneumonia,East Asian,0.45526725228582776,0.047295723699554426,NA,NA,1,0.6118908380898042,0.5896618433955935,0.6336637609695142
PGS019284,Pneumonia,East Asian,0.45518902166682657,0.047294900902748245,NA,NA,1,0.611872259685342,0.5896433047343901,0.6336452264270257
PGS019285,Chronic obstructive asthma,East Asian,0.785120606548491,0.060189696552365564,NA,NA,1,0.686782671172379,0.6608644344302647,0.711584579404686
PGS019286,Chronic obstructive asthma,East Asian,0.78468347559646,0.06018250738512443,NA,NA,1,0.686688631280129,0.6607696150987548,0.7114919654437061
PGS019287,Chronic obstructive asthma,East Asian,0.7839441921447087,0.060170354638135054,NA,NA,1,0.6865295544530529,0.6606092231457483,0.7113352971710187
PGS019288,Chronic obstructive asthma,East Asian,0.7860252245257517,0.06020458208456084,NA,NA,1,0.686977232678423,0.6610606132319732,0.7117761858341874
PGS019289,Chronic obstructive asthma,East Asian,0.7882024661120463,0.06024045269478612,NA,NA,1,0.687445234945927,0.6615325317152918,0.7122370526506185
PGS019290,Bronchitis,East Asian,0.27981856056045035,0.050589522649211516,NA,NA,1,0.569501741082172,0.5450433259642455,0.5936256264149634
PGS019291,Bronchitis,East Asian,0.26825851963709674,0.05047482832810957,NA,NA,1,0.566665324224371,0.542231108290845,0.5907796117876837
PGS019292,Bronchitis,East Asian,0.27183356417763727,0.050510161747265817,NA,NA,1,0.567542986803137,0.5431011738823552,0.591660361512893
PGS019293,Bronchitis,East Asian,0.2813315792915081,0.050604629202800386,NA,NA,1,0.569872648065655,0.5454111440994168,0.5939977071958734
PGS019294,Bronchitis,East Asian,0.26876176312538114,0.05047979466630378,NA,NA,1,0.566788894400542,0.5423536029441457,0.5909036229719884
PGS019295,Cough,East Asian,0.46208567907754183,0.044267081659794295,NA,NA,1,0.613508840412768,0.5927443806323403,0.6338685459390649
PGS019296,Cough,East Asian,0.4611378101747838,0.04425778136611478,NA,NA,1,0.613284061606024,0.5925199475363347,0.6336443058136266
PGS019297,Cough,East Asian,0.4578399464335443,0.044225485870522635,NA,NA,1,0.61250162646991,0.5917387609765865,0.6328636982313833
PGS019298,Cough,East Asian,0.4661785325364679,0.0443073320536785,NA,NA,1,0.614478868397364,0.5937129832385811,0.6348361792615367
PGS019299,Cough,East Asian,0.4582741192978017,0.044229732118734634,NA,NA,1,0.612604669492001,0.5918416355549283,0.6329665047951591
PGS019300,Gingival and periodontal diseases,East Asian,0.6499369195448521,0.032015344732497175,NA,NA,1,0.656996247496308,0.6427194170470543,0.6709946154479159
PGS019301,Gingival and periodontal diseases,East Asian,0.6490504971124377,0.03200861190371118,NA,NA,1,0.656796462480295,0.642518872140112,0.6707959843076982
PGS019302,Gingival and periodontal diseases,East Asian,0.645504366884676,0.03198173049536964,NA,NA,1,0.6559966681342211,0.6417160701005273,0.6700007740111888
PGS019303,Gingival and periodontal diseases,East Asian,0.6485813314757948,0.032005050507990365,NA,NA,1,0.656690697791124,0.6424127065599291,0.6706908290468789
PGS019304,Gingival and periodontal diseases,East Asian,0.6524468615742612,0.03203443792827704,NA,NA,1,0.6575616453073029,0.6432869839866999,0.6715567286687331
PGS019305,Gingivitis,East Asian,0.8905124558114615,0.06577256873088316,NA,NA,1,0.708995914134627,0.6817006242697926,0.7348609106877753
PGS019306,Gingivitis,East Asian,0.890301803046294,0.06576856949986026,NA,NA,1,0.708952450193638,0.6816566150169495,0.7348183375895534
PGS019307,Gingivitis,East Asian,0.8907354837913739,0.06577680361107337,NA,NA,1,0.709041927280366,0.6817472150982103,0.7349059803352708
PGS019308,Gingivitis,East Asian,0.8904580920319861,0.06577153657550536,NA,NA,1,0.708984697633726,0.6816892670091906,0.7348499241175042
PGS019309,Gingivitis,East Asian,0.892495107049905,0.06581024102208143,NA,NA,1,0.70940480657654,0.6821146642260998,0.7352614041408977
PGS019310,Periodontitis acute or chronic,East Asian,0.6455367642671034,0.034558603916632305,NA,NA,1,0.656003979053858,0.6405614670115052,0.6711236665550492
PGS019311,Periodontitis acute or chronic,East Asian,0.6437777684685416,0.03454402677612294,NA,NA,1,0.655606930357836,0.6401629529382736,0.6707290000622367
PGS019312,Periodontitis acute or chronic,East Asian,0.6426890721956494,0.034535015864823534,NA,NA,1,0.655361075829471,0.6399161983776647,0.6704846130569373
PGS019313,Periodontitis acute or chronic,East Asian,0.6439037331139843,0.0345450699179922,NA,NA,1,0.655635370914641,0.6401914979732,0.6707572704828534
PGS019314,Periodontitis acute or chronic,East Asian,0.6448495658094473,0.034552906277513375,NA,NA,1,0.6558488873336409,0.640405801155952,0.6709695071431985
PGS019315,Diseases of the jaws,East Asian,0.5921093271452329,0.0910009797856958,NA,NA,1,0.6438489767962761,0.6019860953809463,0.6836228252220969
PGS019316,Diseases of the jaws,East Asian,0.615398210174155,0.09153447999823928,NA,NA,1,0.649171221180456,0.6073032644151337,0.6888622944817764
PGS019317,Diseases of the jaws,East Asian,0.5805819590586783,0.0907407220267452,NA,NA,1,0.6412013041103999,0.5993434294263035,0.6810135926785067
PGS019318,Diseases of the jaws,East Asian,0.5968085115490476,0.09110779673249217,NA,NA,1,0.6449258050035631,0.6030613576238374,0.6846835003774372
PGS019319,Diseases of the jaws,East Asian,0.6056702081916973,0.09131037375887972,NA,NA,1,0.6469524865100009,0.6050858323986209,0.6866789635876273
PGS019320,Temporomandibular joint disorders,East Asian,0.6483604942257588,0.1045023057370082,NA,NA,1,0.656640908746552,0.6091012595185731,0.7012348446370729
PGS019321,Temporomandibular joint disorders,East Asian,0.6730151396264544,0.10517401693363246,NA,NA,1,0.6621779702937202,0.6146436234894501,0.7066473371489195
PGS019322,Temporomandibular joint disorders,East Asian,0.6380397895979941,0.10422511250650417,NA,NA,1,0.654310218051044,0.6067708219603382,0.6989538222673561
PGS019323,Temporomandibular joint disorders,East Asian,0.664053524016923,0.10492829718209769,NA,NA,1,0.6601703676965379,0.6126331338230454,0.7046859729482631
PGS019324,Temporomandibular joint disorders,East Asian,0.646173867303177,0.10444338152471955,NA,NA,1,0.656147735189567,0.6086080172746781,0.7007523170656101
PGS019325,Stomatitis and mucositis,East Asian,0.48281893716349517,0.05197937523791077,NA,NA,1,0.618413304418384,0.5940996455600114,0.64214781593861
PGS019326,Stomatitis and mucositis,East Asian,0.4943924654362194,0.05211732941935252,NA,NA,1,0.621140637678371,0.5968224187051071,0.6448648711592837
PGS019327,Stomatitis and mucositis,East Asian,0.48194551746291425,0.051969021589648445,NA,NA,1,0.6182071750258401,0.593893901634694,0.6419424200094057
PGS019328,Stomatitis and mucositis,East Asian,0.4910948186190276,0.05207787794411934,NA,NA,1,0.620364309696266,0.5960472863757634,0.6440915774769321
PGS019329,Stomatitis and mucositis,East Asian,0.4880293764591969,0.05204130759110765,NA,NA,1,0.619642094044898,0.5953262562387127,0.6433721069170137
PGS019330,Peptic ulcer excl esophageal,East Asian,0.40433634060608803,0.023498778284563936,NA,NA,1,0.599729065246034,0.58862370061411,0.6107328940673942
PGS019331,Peptic ulcer excl esophageal,East Asian,0.4124072548186373,0.023532900207885066,NA,NA,1,0.601664952689291,0.5905604602740081,0.6126658061280572
PGS019332,Peptic ulcer excl esophageal,East Asian,0.40568347911486774,0.02350445221601639,NA,NA,1,0.600052407896964,0.5889471733702576,0.6110557556419532
PGS019333,Peptic ulcer excl esophageal,East Asian,0.41242775936578097,0.023532987289576215,NA,NA,1,0.601669866885701,0.5905653769696628,0.6126707124807116
PGS019334,Peptic ulcer excl esophageal,East Asian,0.4079338754324649,0.02351394968748008,NA,NA,1,0.60059235761766006,0.5894873542728282,0.6115948878155859
PGS019335,Duodenal ulcer,East Asian,0.5748523968109666,0.052014013854397405,NA,NA,1,0.639882084794036,0.6160710834193543,0.6630240863617652
PGS019336,Duodenal ulcer,East Asian,0.5759650412937529,0.05202794015953411,NA,NA,1,0.640138434878232,0.6163277659295958,0.6632787280037995
PGS019337,Duodenal ulcer,East Asian,0.5678014434608005,0.05192607195012629,NA,NA,1,0.6382557150903578,0.6144428147586389,0.6614083339448533
PGS019338,Duodenal ulcer,East Asian,0.5684305371478537,0.051933896445195936,NA,NA,1,0.638400950974237,0.6145882054798136,0.6615526372527796
PGS019339,Duodenal ulcer,East Asian,0.5715991479234143,0.05197337158856502,NA,NA,1,0.63913208824509,0.6153201661090414,0.662279033497005
PGS019340,Abdominal hernia,East Asian,1.0324125998724951,0.08816066322482163,NA,NA,1,0.737383361219304,0.7025807747203908,0.7694498730790246
PGS019341,Abdominal hernia,East Asian,1.066783441937266,0.08911304791153561,NA,NA,1,0.743984734313514,0.7093278574786488,0.7758154400318451
PGS019342,Abdominal hernia,East Asian,1.0129471902512108,0.08763181905561614,NA,NA,1,0.733596522871636,0.6987155371770676,0.7657928201198883
PGS019343,Abdominal hernia,East Asian,1.080185443312335,0.08949090135417177,NA,NA,1,0.746529075158728,0.7119314747369324,0.7782656043306646
PGS019344,Abdominal hernia,East Asian,1.04221532665036,0.08842985833241138,NA,NA,1,0.739277228624561,0.7045152613924982,0.7712773405876242
PGS019345,Inguinal hernia,East Asian,1.275011264558299,0.10736512928939107,NA,NA,1,0.781599386788678,0.7435639791033503,0.8153938961679555
PGS019346,Inguinal hernia,East Asian,1.326813991632253,0.10929640272040855,NA,NA,1,0.790313143308141,0.7526122185611241,0.8236151248181341
PGS019347,Inguinal hernia,East Asian,1.2685922625434174,0.10713055406189807,NA,NA,1,0.780501671237261,0.7424260442946817,0.8143562105780691
PGS019348,Inguinal hernia,East Asian,1.3418283244484384,0.10986900208473598,NA,NA,1,0.792790447942505,0.7551896499556253,0.8259471167687609
PGS019349,Inguinal hernia,East Asian,1.3352445768165249,0.10961720163265241,NA,NA,1,0.791706826067664,0.7540619518785799,0.8249273501152733
PGS019350,Anal and rectal conditions,East Asian,0.9757718688791469,0.08393935910544274,NA,NA,1,0.726268457586269,0.6923759621665513,0.7577334324308749
PGS019351,Anal and rectal conditions,East Asian,0.9771819564662642,0.08397516934667937,NA,NA,1,0.726548697184591,0.6926612757730597,0.7580050680987863
PGS019352,Anal and rectal conditions,East Asian,0.973783680808896,0.08388893145627327,NA,NA,1,0.7258730228965649,0.6919734005249604,0.7573501037095525
PGS019353,Anal and rectal conditions,East Asian,0.9742078278314443,0.08389968309035772,NA,NA,1,0.725957412169344,0.6920593075347955,0.7574319128669652
PGS019354,Anal and rectal conditions,East Asian,0.9755718427500176,0.08393428233694851,NA,NA,1,0.7262286900749811,0.6923354761877695,0.7576948842109926
PGS019355,Chronic liver disease and cirrhosis,East Asian,0.5875620917872929,0.025204911865395932,NA,NA,1,0.6428055810492459,0.6313843912382286,0.6540667830221492
PGS019356,Chronic liver disease and cirrhosis,East Asian,0.5938047193091588,0.025238341241262532,NA,NA,1,0.644237648004823,0.6328208690197451,0.6554926959119699
PGS019357,Chronic liver disease and cirrhosis,East Asian,0.5736716066296516,0.02513126440523663,NA,NA,1,0.639609946849622,0.6281794032274123,0.6508843842837855
PGS019358,Chronic liver disease and cirrhosis,East Asian,0.5935010455298544,0.025236710301691383,NA,NA,1,0.644168044292675,0.632751047781638,0.6554233945069368
PGS019359,Chronic liver disease and cirrhosis,East Asian,0.5794702862746398,0.025161885749040148,NA,NA,1,0.64094551010768,0.6295187937972357,0.6522144993682647
PGS019360,Other chronic nonalcoholic liver disease,East Asian,0.5641310007559361,0.0340699550061261,NA,NA,1,0.637407834301782,0.6218372840749727,0.6526953454360578
PGS019361,Other chronic nonalcoholic liver disease,East Asian,0.5795867356235723,0.03418999435594152,NA,NA,1,0.640972308664564,0.625409767258762,0.6562436744605228
PGS019362,Other chronic nonalcoholic liver disease,East Asian,0.5595990027632588,0.03403507773722865,NA,NA,1,0.636359752182675,0.6207870647293734,0.6516517861942606
PGS019363,Other chronic nonalcoholic liver disease,East Asian,0.5749508690431769,0.034153810911525515,NA,NA,1,0.639904775733578,0.6243397154721072,0.6551811009337783
PGS019364,Other chronic nonalcoholic liver disease,East Asian,0.564452884139696,0.034072437677601146,NA,NA,1,0.637482224404716,0.6219118296238225,0.6527694106485058
PGS019365,Cirrhosis of liver without mention of alcohol,East Asian,0.7199878277812497,0.06238535877091842,NA,NA,1,0.672604336656574,0.6451327937032533,0.6989416433506341
PGS019366,Cirrhosis of liver without mention of alcohol,East Asian,0.7339930722689068,0.06261736841585942,NA,NA,1,0.675680912437191,0.6482288624748612,0.7019755646703854
PGS019367,Cirrhosis of liver without mention of alcohol,East Asian,0.6558060847967634,0.061355484815259834,NA,NA,1,0.6583176552833231,0.6307764734927354,0.6848309450549702
PGS019368,Cirrhosis of liver without mention of alcohol,East Asian,0.7177018436268139,0.06234773936163304,NA,NA,1,0.672100746762912,0.6446261665107608,0.6984448732267855
PGS019369,Cirrhosis of liver without mention of alcohol,East Asian,0.6896016230317041,0.06189099809225846,NA,NA,1,0.6658782999530131,0.6383697238755802,0.6923029554279287
PGS019370,Other disorders of liver,East Asian,0.6244833612404089,0.0307362100342984,NA,NA,1,0.65123753111692,0.6374331157653325,0.664792748264868
PGS019371,Other disorders of liver,East Asian,0.623826596426442,0.03073156445295229,NA,NA,1,0.651088347144928,0.6372834204799069,0.6646443472504936
PGS019372,Other disorders of liver,East Asian,0.6131408239454089,0.030656371155681213,NA,NA,1,0.648656933140338,0.6348439296655628,0.6622254311291057
PGS019373,Other disorders of liver,East Asian,0.629620579694479,0.030772644247747016,NA,NA,1,0.652403424813534,0.638603068312465,0.6659524586621619
PGS019374,Other disorders of liver,East Asian,0.6253139759893709,0.03074208933202861,NA,NA,1,0.651426162619999,0.6376223963953768,0.6649803871052123
PGS019375,Abnormal results of function study of liver,East Asian,0.9879883441453334,0.06836730092109763,NA,NA,1,0.728690399589359,0.7014031377365832,0.7543573308717131
PGS019376,Abnormal results of function study of liver,East Asian,0.98878597631878,0.06838376316693516,NA,NA,1,0.728848063261379,0.7015634088469493,0.7545110804884511
PGS019377,Abnormal results of function study of liver,East Asian,0.9908551917890721,0.06842651527179083,NA,NA,1,0.729256805643204,0.7019789344413979,0.7549096512177672
PGS019378,Abnormal results of function study of liver,East Asian,0.9901793991757726,0.06841254543571126,NA,NA,1,0.729123355589225,0.7018432660190279,0.754779525987051
PGS019379,Abnormal results of function study of liver,East Asian,0.9937690719183366,0.06848683118117692,NA,NA,1,0.729831741494313,0.7025634688734052,0.7554702197766073
PGS019380,Cholelithiasis and cholecystitis,East Asian,0.3721181903333411,0.04270777472402922,NA,NA,1,0.59197070856713,0.5716070632109366,0.6120233858107001
PGS019381,Cholelithiasis and cholecystitis,East Asian,0.37934627090774337,0.042772252132431125,NA,NA,1,0.593715421755183,0.5733451837296417,0.6137682616373982
PGS019382,Cholelithiasis and cholecystitis,East Asian,0.3623377042366076,0.042621226340797944,NA,NA,1,0.589606208309986,0.5692520281026,0.609658105087269
PGS019383,Cholelithiasis and cholecystitis,East Asian,0.3649563266593426,0.04264432031897932,NA,NA,1,0.590239689277463,0.5698829134575168,0.6102918582673154
PGS019384,Cholelithiasis and cholecystitis,East Asian,0.3579852718339483,0.04258296826017009,NA,NA,1,0.588552637840908,0.568202871241779,0.6086039797303856
PGS019385,Cholelithiasis,East Asian,0.35394648739296247,0.04372199565156026,NA,NA,1,0.587574263559465,0.5666635700418309,0.6081736276188796
PGS019386,Cholelithiasis,East Asian,0.36873026324175057,0.04385609578872733,NA,NA,1,0.5911521296743218,0.5702257625648174,0.6117533182013416
PGS019387,Cholelithiasis,East Asian,0.3467604856737467,0.04365748788355965,NA,NA,1,0.585831785326474,0.564929242355398,0.6064297134225105
PGS019388,Cholelithiasis,East Asian,0.3694644635564404,0.04386280443297195,NA,NA,1,0.591329567612138,0.5704024604742406,0.6119308071852814
PGS019389,Cholelithiasis,East Asian,0.35395801622074685,0.04372209949803534,NA,NA,1,0.587577057346109,0.566666351031964,0.6081764234203636
PGS019390,Other biliary tract disease,East Asian,0.5391627654908897,0.0597069864144169,NA,NA,1,0.6316176341665511,0.6039945191904128,0.6584036595853363
PGS019391,Other biliary tract disease,East Asian,0.5354463907610131,0.05965414725599741,NA,NA,1,0.630752497815384,0.6031300648838134,0.65754400443924
PGS019392,Other biliary tract disease,East Asian,0.5164047086604354,0.05938606159891673,NA,NA,1,0.626306683370616,0.5986895889065456,0.6531243970844401
PGS019393,Other biliary tract disease,East Asian,0.5270424448610809,0.05953528398490631,NA,NA,1,0.6287930454258801,0.601172587717354,0.6555965063990494
PGS019394,Other biliary tract disease,East Asian,0.5139424773010828,0.05935171823983731,NA,NA,1,0.6257302274546181,0.5981140491876474,0.6525510996772832
PGS019395,Cholesterolosis of gallbladder,East Asian,0.9534171099837229,0.11668415722493365,NA,NA,1,0.721801866931092,0.6736447014116862,0.7653284225189423
PGS019396,Cholesterolosis of gallbladder,East Asian,0.9003088510444658,0.1148553266619954,NA,NA,1,0.7110129674742001,0.6626648500517025,0.7549936650314325
PGS019397,Cholesterolosis of gallbladder,East Asian,0.9009915705707484,0.1148783753924724,NA,NA,1,0.711153228051836,0.6628073519510224,0.7551282847752394
PGS019398,Cholesterolosis of gallbladder,East Asian,0.9074548997153674,0.1150971695561177,NA,NA,1,0.7124790743081,0.6641546956258249,0.7564004700623395
PGS019399,Cholesterolosis of gallbladder,East Asian,0.9089047775368226,0.11514639728587205,NA,NA,1,0.712775994088121,0.6644565068747719,0.7566852882834674
PGS019400,Diseases of pancreas,East Asian,0.4435662431150372,0.07965112421872692,NA,NA,1,0.609108466244063,0.5713717461264988,0.6455836516487231
PGS019401,Diseases of pancreas,East Asian,0.4431469398051948,0.07964353264510064,NA,NA,1,0.609008627512742,0.5712726974175787,0.6454843020023505
PGS019402,Diseases of pancreas,East Asian,0.4435864921330158,0.07965149090219485,NA,NA,1,0.609113287430284,0.5713765292134274,0.645588449161093
PGS019403,Diseases of pancreas,East Asian,0.44342197145150475,0.07964851183469195,NA,NA,1,0.6090741152922401,0.5713376667672972,0.6455494692235682
PGS019404,Diseases of pancreas,East Asian,0.44207649808003574,0.07962416475428609,NA,NA,1,0.608753707291321,0.5710198034579387,0.645230620524223
PGS019405,Nephritis nephrosis renal sclerosis,East Asian,0.5824479381015184,0.03834799026099279,NA,NA,1,0.641630482134909,0.6241700055166184,0.6587233037059174
PGS019406,Nephritis nephrosis renal sclerosis,East Asian,0.5961996153878499,0.03847242759057496,NA,NA,1,0.644786357605866,0.6273333312012129,0.6618625806853334
PGS019407,Nephritis nephrosis renal sclerosis,East Asian,0.582250983418425,0.03834621904594067,NA,NA,1,0.641585192953043,0.624124616810182,0.6586782450628483
PGS019408,Nephritis nephrosis renal sclerosis,East Asian,0.5943265006423905,0.03845538869487158,NA,NA,1,0.6443572289364171,0.6269031297032522,0.6614357709839236
PGS019409,Nephritis nephrosis renal sclerosis,East Asian,0.5836692593309925,0.0383589805377816,NA,NA,1,0.641911265119739,0.6244514101911107,0.6590026525704692
PGS019410,Nephritis and nephropathy without mention of glomerulonephritis,East Asian,0.6010212946528513,0.04510469665376427,NA,NA,1,0.645889927573878,0.6254195463288038,0.6658393367014155
PGS019411,Nephritis and nephropathy without mention of glomerulonephritis,East Asian,0.6239341440422443,0.04535700827769144,NA,NA,1,0.651112778588376,0.6306565402612109,0.6710270410997881
PGS019412,Nephritis and nephropathy without mention of glomerulonephritis,East Asian,0.5884021306575705,0.04496785601066211,NA,NA,1,0.642998436342881,0.6225216363888099,0.6629658295337479
PGS019413,Nephritis and nephropathy without mention of glomerulonephritis,East Asian,0.6197946132406476,0.045311055496983915,NA,NA,1,0.650171835120898,0.6297128053147553,0.6700926838395962
PGS019414,Nephritis and nephropathy without mention of glomerulonephritis,East Asian,0.6074935244290209,0.04517546311838479,NA,NA,1,0.6473688293238931,0.6269021187864133,0.6673086351071924
PGS019415,Nephritis and nephropathy in diseases classified elsewhere,East Asian,0.6566304121259856,0.04990355890999075,NA,NA,1,0.658503051574046,0.6361793367262343,0.6801456841783117
PGS019416,Nephritis and nephropathy in diseases classified elsewhere,East Asian,0.6742256327030062,0.05012638858972378,NA,NA,1,0.6624487023624022,0.6401413995695733,0.6840556869268458
PGS019417,Nephritis and nephropathy in diseases classified elsewhere,East Asian,0.6377611999621339,0.04966823187605837,NA,NA,1,0.654247201610521,0.6319081299023338,0.6759258284004974
PGS019418,Nephritis and nephropathy in diseases classified elsewhere,East Asian,0.6746188914120556,0.0501314065145255,NA,NA,1,0.66253663348859,0.6402297204265862,0.684142798516253
PGS019419,Nephritis and nephropathy in diseases classified elsewhere,East Asian,0.826060555365934,0.05218937341954936,NA,NA,1,0.6955213112210131,0.67343652032957,0.7167407670748357
PGS019420,Nephritis and nephropathy in diseases classified elsewhere,East Asian,0.6506321377290266,0.04982834501811966,NA,NA,1,0.657152899324155,0.6348240499620988,0.6788072260736212
PGS019421,Nephritis and nephropathy with pathological lesion,East Asian,0.5603109591663071,0.04667892975542896,NA,NA,1,0.636524487179089,0.6151044890259925,0.65741634804556
PGS019422,Nephritis and nephropathy with pathological lesion,East Asian,0.5876072291877644,0.04698399788053759,NA,NA,1,0.642815944825962,0.6214056074917126,0.66367081425104
PGS019423,Nephritis and nephropathy with pathological lesion,East Asian,0.53974819012221,0.046453877844566255,NA,NA,1,0.631753838396731,0.6103297674379721,0.6526703367974253
PGS019424,Nephritis and nephropathy with pathological lesion,East Asian,0.5886157477240862,0.04699540848134053,NA,NA,1,0.643047470951605,0.6216375829021089,0.6639008807992102
PGS019425,Nephritis and nephropathy with pathological lesion,East Asian,0.708795904020156,0.04842790547894368,NA,NA,1,0.670135044044062,0.6488247378034357,0.6907685085793295
PGS019426,Nephritis and nephropathy with pathological lesion,East Asian,0.562130355312507,0.046699038579193386,NA,NA,1,0.636945319960404,0.6155258152346084,0.6578348666993756
PGS019427,Renal failure,East Asian,0.6383935300515112,0.031235551484239264,NA,NA,1,0.6543902256547789,0.640416389563954,0.6681024539641641
PGS019428,Renal failure,East Asian,0.6605046356637935,0.031399087664985795,NA,NA,1,0.659373738741094,0.645418889292805,0.6730575874951942
PGS019429,Renal failure,East Asian,0.6480740555709482,0.031306750727279314,NA,NA,1,0.656576324351564,0.6426105599819122,0.6702763668730823
PGS019430,Renal failure,East Asian,0.6518574537664941,0.031334745905402535,NA,NA,1,0.657428913477608,0.6434664058808075,0.671124092051967
PGS019431,Renal failure,East Asian,0.6412615221940904,0.03125658066463013,NA,NA,1,0.65503857372307706,0.6410670897382084,0.6687472308153917
PGS019432,Chronic renal failure CKD,East Asian,0.6461112390893283,0.03205398082336997,NA,NA,1,0.656133605006252,0.6418230343815812,0.6701662423094523
PGS019433,Chronic renal failure CKD,East Asian,0.6612778347736183,0.03216987735161829,NA,NA,1,0.659547377864186,0.6452500807123402,0.6735599736679179
PGS019434,Chronic renal failure CKD,East Asian,0.6502983850234276,0.03208582078452961,NA,NA,1,0.657077699906068,0.6427706994959446,0.6711048978185667
PGS019435,Chronic renal failure CKD,East Asian,0.651224313304432,0.03209287782392778,NA,NA,1,0.657286305818837,0.6429801046397813,0.6713122912257758
PGS019436,Chronic renal failure CKD,East Asian,0.6491297375779768,0.03207692215898958,NA,NA,1,0.656814324237547,0.6425063201161337,0.6708430475052517
PGS019437,End stage renal disease,East Asian,0.6455220668549596,0.05913661636948246,NA,NA,1,0.656000662387686,0.629393148787373,0.6816640859007522
PGS019438,End stage renal disease,East Asian,0.6345974830281699,0.0589738737729097,NA,NA,1,0.65353119535066,0.6269159357800439,0.6792192863463403
PGS019439,End stage renal disease,East Asian,0.6182811618254289,0.058733569726965085,NA,NA,1,0.649827524799493,0.6232024452677632,0.6755507070049815
PGS019440,End stage renal disease,East Asian,0.6259913349162984,0.05884671331888595,NA,NA,1,0.651579954810649,0.624959253734641,0.6772868173161588
PGS019441,End stage renal disease,East Asian,0.6152944431135335,0.058689937914407006,NA,NA,1,0.64914758807966,0.622520938925128,0.6748769652550753
PGS019442,Chronic Kidney Disease Stage III,East Asian,0.6552919358029948,0.052322892959933434,NA,NA,1,0.658201995500012,0.6347708413735731,0.6808856350700547
PGS019443,Chronic Kidney Disease Stage III,East Asian,0.6696287536837499,0.0525135020529128,NA,NA,1,0.661420025958451,0.6380018980268253,0.684073379258337
PGS019444,Chronic Kidney Disease Stage III,East Asian,0.6541412941327865,0.05230769403457685,NA,NA,1,0.657943086092487,0.6345109474297761,0.6806290956956951
PGS019445,Chronic Kidney Disease Stage III,East Asian,0.6786666105365702,0.05263483862970872,NA,NA,1,0.663441033747354,0.6400318364981441,0.6860745793552382
PGS019446,Chronic Kidney Disease Stage III,East Asian,0.720221375974894,0.053204568026536815,NA,NA,1,0.672655763703839,0.6492946989667058,0.6951912229807001
PGS019447,Chronic Kidney Disease Stage III,East Asian,0.6581748402926361,0.0523610379392618,NA,NA,1,0.6588502725436609,0.6354216249784698,0.6815279343606295
PGS019448,Other disorders of the kidney and ureters,East Asian,0.5843651163515576,0.03315317769540099,NA,NA,1,0.642071199844527,0.6270039213252917,0.6568629224229755
PGS019449,Other disorders of the kidney and ureters,East Asian,0.5925749168362668,0.033215828049492004,NA,NA,1,0.643955732839386,0.6288932785809327,0.6587385771027582
PGS019450,Other disorders of the kidney and ureters,East Asian,0.577458724546896,0.03310083523503544,NA,NA,1,0.640482449499392,0.6254113464408255,0.6552814072156321
PGS019451,Other disorders of the kidney and ureters,East Asian,0.5865899909837425,0.03317010992904645,NA,NA,1,0.642582349350154,0.6275163484382179,0.657371695633036
PGS019452,Other disorders of the kidney and ureters,East Asian,0.5764668092240723,0.03309334471627936,NA,NA,1,0.640254014620708,0.6251823798618116,0.6550539938820167
PGS019453,Cyst of kidney acquired,East Asian,0.48707561167670915,0.1151629756685156,NA,NA,1,0.6194172796217499,0.5649696414583809,0.6710184679438037
PGS019454,Cyst of kidney acquired,East Asian,0.4916513653396943,0.1152871084474632,NA,NA,1,0.620495374585296,0.5660341659859888,0.6720814089499425
PGS019455,Cyst of kidney acquired,East Asian,0.47564447765725665,0.11485499522404291,NA,NA,1,0.616718855483797,0.562306624499619,0.6683563118777052
PGS019456,Cyst of kidney acquired,East Asian,0.4873834176810028,0.11517131063875578,NA,NA,1,0.619489838991738,0.5650412771585563,0.6710900193136705
PGS019457,Cyst of kidney acquired,East Asian,0.4861336162755273,0.11513748141225416,NA,NA,1,0.619195189117663,0.5647503873943734,0.6707994520602667
PGS019458,Urinary tract infection,East Asian,0.6790687749187713,0.03460710545832817,NA,NA,1,0.663530825933954,0.648223348287691,0.6785025666077049
PGS019459,Urinary tract infection,East Asian,0.6876955233645025,0.03468051003872919,NA,NA,1,0.665454088533058,0.65015525632599,0.6804127593931394
PGS019460,Urinary tract infection,East Asian,0.6797963154974507,0.03461327484580089,NA,NA,1,0.663693235617724,0.6483864746061604,0.6786638864105962
PGS019461,Urinary tract infection,East Asian,0.6858151136021515,0.03466446284132947,NA,NA,1,0.665035332253229,0.6497345880430708,0.6799968792586474
PGS019462,Urinary tract infection,East Asian,0.6835267096002532,0.034644969148753486,NA,NA,1,0.6645253673619131,0.6492223169754853,0.6794903940732476
PGS019463,Hematuria,East Asian,0.3889871055079516,0.041901576667552766,NA,NA,1,0.596038841807358,0.5761186420238598,0.615647437662532
PGS019464,Hematuria,East Asian,0.39601814807289226,0.041963287732416796,NA,NA,1,0.597730602578543,0.5778052330236325,0.6173383777673628
PGS019465,Hematuria,East Asian,0.3769106004485272,0.04179653684203178,NA,NA,1,0.593127761763032,0.5732171766284431,0.6127370130710751
PGS019466,Hematuria,East Asian,0.39561859631140184,0.04195976988888266,NA,NA,1,0.597634527114877,0.5777094429098109,0.61724235758411
PGS019467,Hematuria,East Asian,0.37502360178330785,0.04178023264124934,NA,NA,1,0.592672297716591,0.5727632989324738,0.6122815651704534
PGS019468,Microscopic hematuria,East Asian,0.7968548885291852,0.12324034080551921,NA,NA,1,0.689301309628412,0.6353652402235245,0.7385423172336677
PGS019469,Microscopic hematuria,East Asian,0.7924051118361567,0.12308721542224327,NA,NA,1,0.688347521291446,0.6344033257024368,0.7376240839674075
PGS019470,Microscopic hematuria,East Asian,0.7926577903200588,0.12309589633328803,NA,NA,1,0.688401724616678,0.634457982853029,0.7376762756152121
PGS019471,Microscopic hematuria,East Asian,0.7932918089290864,0.12311768594366296,NA,NA,1,0.688537708397521,0.634595109408748,0.7378072078384702
PGS019472,Microscopic hematuria,East Asian,0.7928284727336109,0.12310176119312506,NA,NA,1,0.6884383356345971,0.6344949009459334,0.7377115272620989
PGS019473,Urinary calculus,East Asian,0.7447563387495697,0.036912115726501396,NA,NA,1,0.67803505975123,0.6620422732563888,0.6936212723130057
PGS019474,Urinary calculus,East Asian,0.7711086329064354,0.03716586285022948,NA,NA,1,0.68376066448939,0.66780266463926,0.6992972620227856
PGS019475,Urinary calculus,East Asian,0.758953056753841,0.03704812439404893,NA,NA,1,0.681126387934241,0.6651519653640892,0.6966862421690587
PGS019476,Urinary calculus,East Asian,0.7703540082918867,0.03715851895067405,NA,NA,1,0.683597467863229,0.6676384298195812,0.6991355275370074
PGS019477,Urinary calculus,East Asian,0.7649804260543247,0.03710635669617525,NA,NA,1,0.682434060185501,0.6664677006315202,0.6979824614398984
PGS019478,Urinary calculus,East Asian,0.7432866968774471,0.03689812807001551,NA,NA,1,0.677714147852956,0.6617195109028446,0.6933030391993575
PGS019479,Calculus of kidney,East Asian,0.7098486656752779,0.04814864550933231,NA,NA,1,0.670367719592894,0.6491892381768668,0.6908764579245944
PGS019480,Calculus of kidney,East Asian,0.7351807317071759,0.04846866300294734,NA,NA,1,0.675941117311487,0.6547946352040931,0.696392842897713
PGS019481,Calculus of kidney,East Asian,0.7104965122244064,0.04815674681662574,NA,NA,1,0.670510861576617,0.6493331506178512,0.6910181891986906
PGS019482,Calculus of kidney,East Asian,0.7157707691671853,0.04822286266164555,NA,NA,1,0.6716750326501851,0.6505036880749333,0.6921707824673258
PGS019483,Calculus of kidney,East Asian,0.7629362059946747,0.048826994575456605,NA,NA,1,0.68199087615882,0.6608838197196568,0.7023758300595544
PGS019484,Calculus of kidney,East Asian,0.7127126515834605,0.04818449236804388,NA,NA,1,0.671000279343334,0.6498252230459562,0.6915027623454829
PGS019485,Calculus of ureter,East Asian,0.7483847001795022,0.060814176559313364,NA,NA,1,0.678826631609661,0.652305528193462,0.7042419982320892
PGS019486,Calculus of ureter,East Asian,0.7797146027574,0.06133242182744344,NA,NA,1,0.6856186010389109,0.6591487480362653,0.710934326096186
PGS019487,Calculus of ureter,East Asian,0.7691654194059331,0.06115646945550941,NA,NA,1,0.683340329548869,0.6568524177762537,0.7086903915111656
PGS019488,Calculus of ureter,East Asian,0.7760159041948645,0.061270561724268466,NA,NA,1,0.684820815530948,0.6583445387122318,0.7101486698041101
PGS019489,Calculus of ureter,East Asian,0.800341266668855,0.06168075482617946,NA,NA,1,0.690047476644029,0.6636152595051977,0.7152937898378521
PGS019490,Calculus of ureter,East Asian,0.760184339737394,0.06100783620869568,NA,NA,1,0.68139375460313,0.6548911085646781,0.7067724222868687
PGS019491,Hydronephrosis,East Asian,0.510710020196691,0.06519690312996161,NA,NA,1,0.624972905021941,0.594578163864798,0.6544133890336628
PGS019492,Hydronephrosis,East Asian,0.5095373143544544,0.06517893150924554,NA,NA,1,0.624698003890387,0.5943039388313671,0.6541401568265269
PGS019493,Hydronephrosis,East Asian,0.5228976116659922,0.06538476133728871,NA,NA,1,0.627825074821653,0.5974240719823607,0.657247431601149
PGS019494,Hydronephrosis,East Asian,0.5069420851763314,0.06513922477850356,NA,NA,1,0.6240893547218079,0.5936968318875532,0.6535351539190145
PGS019495,Hydronephrosis,East Asian,0.6061735703991886,0.06672219021187657,NA,NA,1,0.647067448432047,0.6166606105706157,0.6763283404224784
PGS019496,Hydronephrosis,East Asian,0.5317791799646194,0.06552291179297512,NA,NA,1,0.629897981762822,0.5994932927687263,0.6593062322924692
PGS019497,Other disorders of urethra and urinary tract,East Asian,0.5008519422570394,0.028008555239204078,NA,NA,1,0.62265951989739,0.6096771110695612,0.6354683044569874
PGS019498,Other disorders of urethra and urinary tract,East Asian,0.5066742430039634,0.028042589933020595,NA,NA,1,0.624026516369329,0.6110459069954303,0.6368313921731735
PGS019499,Other disorders of urethra and urinary tract,East Asian,0.5040052187711307,0.02802696374471364,NA,NA,1,0.623400109793895,0.6104186589428741,0.636206794054258
PGS019500,Other disorders of urethra and urinary tract,East Asian,0.5096554506373637,0.028060092357131854,NA,NA,1,0.624725700582052,0.6117460642592072,0.6375285231677471
PGS019501,Other disorders of urethra and urinary tract,East Asian,0.5015331377882216,0.02801252714893334,NA,NA,1,0.622819556571601,0.6098373513733265,0.6356278907377971
PGS019502,Abnormal findings on examination of urine,East Asian,0.5074541612777883,0.03201722594334072,NA,NA,1,0.624209481077519,0.6093784699012571,0.6388111511715893
PGS019503,Abnormal findings on examination of urine,East Asian,0.5126798569441325,0.0320537723734943,NA,NA,1,0.625434485072061,0.6106046306882433,0.6400325101553731
PGS019504,Abnormal findings on examination of urine,East Asian,0.5070826992739478,0.03201463491441347,NA,NA,1,0.624122342471072,0.6092912537951916,0.6387242669087456
PGS019505,Abnormal findings on examination of urine,East Asian,0.5145614536333075,0.03206697547915282,NA,NA,1,0.6258751754189839,0.6110457679494071,0.6404718574917524
PGS019506,Abnormal findings on examination of urine,East Asian,0.5078421661692271,0.032019933329564994,NA,NA,1,0.624300491775479,0.6094695622209622,0.6389018955241103
PGS019507,Other nonspecific findings on examination of urine,East Asian,0.5468145952749683,0.03582511216449361,NA,NA,1,0.633396237484879,0.6169440732577032,0.6495431806277668
PGS019508,Other nonspecific findings on examination of urine,East Asian,0.5549228395744318,0.035891618129570486,NA,NA,1,0.635276971427942,0.6188276740900456,0.6514162702721087
PGS019509,Other nonspecific findings on examination of urine,East Asian,0.544327313478995,0.03580480850484224,NA,NA,1,0.632818485714796,0.6163655079164527,0.6489677076503036
PGS019510,Other nonspecific findings on examination of urine,East Asian,0.5588721119526212,0.03592418801228946,NA,NA,1,0.636191528607989,0.6197437464308801,0.6523269848869905
PGS019511,Other nonspecific findings on examination of urine,East Asian,0.5516623800549246,0.03586481632395936,NA,NA,1,0.6345211898181942,0.6180707001875497,0.6506636021982497
PGS019512,Retention of urine,East Asian,0.5625831494590411,0.12285449910372671,NA,NA,1,0.637050020292208,0.5797600202367021,0.6906965970852398
PGS019513,Retention of urine,East Asian,0.566262256543344,0.12296604619590984,NA,NA,1,0.637900263798701,0.580602891085915,0.6915286703682886
PGS019514,Retention of urine,East Asian,0.5619995754887737,0.12283683726077067,NA,NA,1,0.63691507711039,0.5796262674709084,0.6905645143641305
PGS019515,Retention of urine,East Asian,0.5720035056046022,0.12314080318846184,NA,NA,1,0.639225344967532,0.5819169228490589,0.6928249266968087
PGS019516,Retention of urine,East Asian,0.5576388809527512,0.12270513427513435,NA,NA,1,0.6359060470779219,0.5786263146609045,0.6895766706696677
PGS019517,Frequency of urination and polyuria,East Asian,0.22795177627018032,0.047059605054675914,NA,NA,1,0.5567424522592789,0.5338767568235558,0.5793702152568532
PGS019518,Frequency of urination and polyuria,East Asian,0.24651314160768814,0.04722569003062263,NA,NA,1,0.5613180809575039,0.5384118611061531,0.5839659319262382
PGS019519,Frequency of urination and polyuria,East Asian,0.23022481837979,0.0470797805576367,NA,NA,1,0.557303321678322,0.5344325258321005,0.579933689664379
PGS019520,Frequency of urination and polyuria,East Asian,0.22898450163280007,0.04706876588080665,NA,NA,1,0.556997293571813,0.5341292760714711,0.5796262451276876
PGS019521,Frequency of urination and polyuria,East Asian,0.24180985808306896,0.04718331729186178,NA,NA,1,0.560159612022593,0.5372634181138294,0.5828026280895483
PGS019522,Hyperplasia of prostate,East Asian,0.2841009122902644,0.029859934192698945,NA,NA,1,0.57055132915496,0.5561559408010004,0.5848283614382328
PGS019523,Hyperplasia of prostate,East Asian,0.30206596861416685,0.02993453796379382,NA,NA,1,0.574947482169872,0.5605499444803701,0.589218989739337
PGS019524,Hyperplasia of prostate,East Asian,0.29355936654038295,0.029898974453326094,NA,NA,1,0.572867300626756,0.558470602338645,0.5871416039232682
PGS019525,Hyperplasia of prostate,East Asian,0.30071244335949104,0.029928850594865282,NA,NA,1,0.574616670268713,0.5602192447023898,0.5888886442765182
PGS019526,Hyperplasia of prostate,East Asian,0.2766913950902111,0.02982971972554227,NA,NA,1,0.568734889417189,0.5543408046266076,0.5830137797585238
PGS019527,Disorders of penis,East Asian,0.3795969409428202,0.07697058164570734,NA,NA,1,0.593775886313518,0.5569356293652422,0.6295902255897635
PGS019528,Disorders of penis,East Asian,0.3909529298936411,0.07715582948558662,NA,NA,1,0.5965120767058731,0.5596464958444283,0.6323190131259986
PGS019529,Disorders of penis,East Asian,0.41788965766947894,0.07760311859229374,NA,NA,1,0.602978153362089,0.566058462629936,0.6387612761425921
PGS019530,Disorders of penis,East Asian,0.382826303734501,0.07702306237904367,NA,NA,1,0.594554591766488,0.5577069814974558,0.6303669855620578
PGS019531,Disorders of penis,East Asian,0.36748541515434574,0.07677516031393927,NA,NA,1,0.590851226630372,0.5540396235818614,0.6266717289444563
PGS019532,Cystic mastopathy,East Asian,1.5685664679710116,0.10312819410593055,NA,NA,1,0.827579150904559,0.796803597118509,0.854544418943732
PGS019533,Cystic mastopathy,East Asian,1.5676779150157876,0.1030942980952844,NA,NA,1,0.82745232468808,0.7966704576648275,0.8544256752646452
PGS019534,Cystic mastopathy,East Asian,1.5640920548476323,0.10295770507592072,NA,NA,1,0.82693975227963,0.7961324345320897,0.8539457023123297
PGS019535,Cystic mastopathy,East Asian,1.5681632903975589,0.103112811497753,NA,NA,1,0.827521613132227,0.7967431944090434,0.8544905488180137
PGS019536,Cystic mastopathy,East Asian,1.5663956768068383,0.10304541842226886,NA,NA,1,0.82726917628601,0.79647820355301,0.8542541872615652
PGS019537,Lump or mass in breast,East Asian,1.7581283104528258,0.06363190887482953,NA,NA,1,0.852975089298489,0.836636207689426,0.8679377796503879
PGS019538,Lump or mass in breast,East Asian,1.7626194553859813,0.06374256210395128,NA,NA,1,0.8535374250407272,0.8372195570972274,0.8684764877569904
PGS019539,Lump or mass in breast,East Asian,1.7604936447523467,0.06369014737587157,NA,NA,1,0.8532714749374349,0.836943657919806,0.8682217231032633
PGS019540,Lump or mass in breast,East Asian,1.7619991390639593,0.06372726015516084,NA,NA,1,0.8534598614900739,0.8371390899044097,0.8684021884575837
PGS019541,Lump or mass in breast,East Asian,1.7593548062167783,0.06366209648192017,NA,NA,1,0.8531288358187978,0.8367956908034945,0.868085075001996
PGS019542,Other nonmalignant breast conditions,East Asian,1.6980209024260358,0.05086952902589683,NA,NA,1,0.845276076601224,0.8317829788198395,0.8578717970067623
PGS019543,Other nonmalignant breast conditions,East Asian,1.7062603780148464,0.051028480447560434,NA,NA,1,0.846350608718414,0.8328893394203479,0.8589112167776978
PGS019544,Other nonmalignant breast conditions,East Asian,1.7039187737639097,0.05098322258078461,NA,NA,1,0.846045856541281,0.8325755351902109,0.8586164482252521
PGS019545,Other nonmalignant breast conditions,East Asian,1.7005694869716592,0.05091860576630058,NA,NA,1,0.845609098552684,0.8321258387977377,0.8581939634224658
PGS019546,Other nonmalignant breast conditions,East Asian,1.703698981136586,0.05097897795575373,NA,NA,1,0.846017225876219,0.8325460551298882,0.8585887544651026
PGS019547,Other signs and symptoms in breast,East Asian,1.6803136057996944,0.05796594120030852,NA,NA,1,0.84294605322595,0.8273127097646402,0.8574080453977037
PGS019548,Other signs and symptoms in breast,East Asian,1.68484567595583,0.058065562890277304,NA,NA,1,0.8435451128334162,0.8279314151703548,0.8579850302458106
PGS019549,Other signs and symptoms in breast,East Asian,1.6808651617567663,0.05797804986094154,NA,NA,1,0.843019058807375,0.8273881049014313,0.8574783654679431
PGS019550,Other signs and symptoms in breast,East Asian,1.6848171333070778,0.05806493457996361,NA,NA,1,0.8435413458303042,0.8279275243606236,0.8579814023262677
PGS019551,Other signs and symptoms in breast,East Asian,1.6855324763324053,0.05808068489372788,NA,NA,1,0.843635733133615,0.8280250148361308,0.8580723036608752
PGS019552,Endometriosis,East Asian,2.258741013459767,0.09690731988933242,NA,NA,1,0.905401854711181,0.8878337803913472,0.92046482134427
PGS019553,Endometriosis,East Asian,2.2598134516179624,0.09695149974155494,NA,NA,1,0.90549366840105,0.8879319182591608,0.9205496318672701
PGS019554,Endometriosis,East Asian,2.250333386274939,0.09656191318079843,NA,NA,1,0.904679288436439,0.8870616146564548,0.9197971964685697
PGS019555,Endometriosis,East Asian,2.254430162457612,0.09673000851395641,NA,NA,1,0.905031987367033,0.8874384861690099,0.9201231156758856
PGS019556,Endometriosis,East Asian,2.2512685949474154,0.09660025061631249,NA,NA,1,0.9047599053348608,0.88714775036243,0.9198716987026816
PGS019557,Noninflammatory disorders of ovary fallopian tube and broad ligament,East Asian,1.487476563753187,0.17767371484127015,NA,NA,1,0.815699216478862,0.7575393552539212,0.8624413820157953
PGS019558,Noninflammatory disorders of ovary fallopian tube and broad ligament,East Asian,1.485591835870546,0.17755153356915548,NA,NA,1,0.8154157091835319,0.7572370379556786,0.8621891804532917
PGS019559,Noninflammatory disorders of ovary fallopian tube and broad ligament,East Asian,1.4827028368813666,0.17736454079834185,NA,NA,1,0.814980481187187,0.7567730294535358,0.8618019083401702
PGS019560,Noninflammatory disorders of ovary fallopian tube and broad ligament,East Asian,1.4916515605825822,0.17794490448583664,NA,NA,1,0.8163260333896291,0.7582079350827836,0.8629987949993208
PGS019561,Noninflammatory disorders of ovary fallopian tube and broad ligament,East Asian,1.4848194506303078,0.1775015056692999,NA,NA,1,0.815299426894432,0.7571130548703656,0.8620857230442325
PGS019562,Disorders of menstruation and other abnormal bleeding from female genital tract,East Asian,2.2348009659521724,0.07762536030041138,NA,NA,1,0.903331410049451,0.8892058966814521,0.9158264908078467
PGS019563,Disorders of menstruation and other abnormal bleeding from female genital tract,East Asian,2.234890959521846,0.07762829261842925,NA,NA,1,0.903339268342321,0.8892141962439087,0.9158338710210742
PGS019564,Disorders of menstruation and other abnormal bleeding from female genital tract,East Asian,2.234697252653077,0.07762198113557431,NA,NA,1,0.90332235303394,0.8891963311192175,0.9158179847640344
PGS019565,Disorders of menstruation and other abnormal bleeding from female genital tract,East Asian,2.2362370666150984,0.07767217215588394,NA,NA,1,0.9034567431611541,0.8893382710513469,0.9159441955553499
PGS019566,Disorders of menstruation and other abnormal bleeding from female genital tract,East Asian,2.235266257373679,0.07764052285640015,NA,NA,1,0.9033720334278459,0.8892488015048818,0.9158646424504145
PGS019567,Irregular menstrual cycle,East Asian,2.2422863490843166,0.14893908480915605,NA,NA,1,0.90398309142423,0.8754865168717513,0.926505332951885
PGS019568,Irregular menstrual cycle,East Asian,2.2592186608538505,0.15002060389281435,NA,NA,1,0.905442756972364,0.8770922689971943,0.9277921552809557
PGS019569,Irregular menstrual cycle,East Asian,2.258733459281939,0.1499894651452904,NA,NA,1,0.905401207698883,0.8770465355944055,0.9277555524304578
PGS019570,Irregular menstrual cycle,East Asian,2.2449162443984516,0.1491063709199366,NA,NA,1,0.904211117794169,0.875737242358499,0.9267064834941539
PGS019571,Irregular menstrual cycle,East Asian,2.2425542171716444,0.14895611210708792,NA,NA,1,0.9040063392320109,0.8755120768464641,0.9265258428208117
PGS019572,Cellulitis and abscess of fingers toes,East Asian,0.30681621630216527,0.10193901434447004,NA,NA,1,0.5761079460269869,0.5267284332546028,0.6240130120256462
PGS019573,Cellulitis and abscess of fingers toes,East Asian,0.3320025745177741,0.10248016858084413,NA,NA,1,0.582246554142284,0.5327384545925633,0.6301507776511039
PGS019574,Cellulitis and abscess of fingers toes,East Asian,0.3005357799623625,0.10180600024576714,NA,NA,1,0.574573487449824,0.5252275646728838,0.6224770833224047
PGS019575,Cellulitis and abscess of fingers toes,East Asian,0.31443650356186287,0.10210143496554913,NA,NA,1,0.577967790298399,0.5285483391141653,0.6258737382797347
PGS019576,Cellulitis and abscess of fingers toes,East Asian,0.29879015313022805,0.10176916519567525,NA,NA,1,0.57414673308507,0.5248102546405559,0.6220498009355809
PGS019577,Carbuncle and furuncle,East Asian,0.7607805882129772,0.09719270558435611,NA,NA,1,0.6815231839421511,0.6388284468854187,0.7213721800243947
PGS019578,Carbuncle and furuncle,East Asian,0.7488672384807042,0.0968770658947395,NA,NA,1,0.678931826030574,0.6362183945083244,0.7188463438116656
PGS019579,Carbuncle and furuncle,East Asian,0.7361108408827202,0.09654238331146128,NA,NA,1,0.676144819469014,0.6334132287938387,0.7161276793279678
PGS019580,Carbuncle and furuncle,East Asian,0.744868674845384,0.09677179225117054,NA,NA,1,0.6780595826256108,0.6353402516017065,0.7179957256203624
PGS019581,Carbuncle and furuncle,East Asian,0.7455273862026988,0.09678911171589417,NA,NA,1,0.6782033590110441,0.6354849868462913,0.7181359522535118
PGS019582,Disorder of skin and subcutaneous tissue NOS,East Asian,1.0977072691639118,0.07465443159671219,NA,NA,1,0.74983027045241,0.7213935436292616,0.7762647072075826
PGS019583,Disorder of skin and subcutaneous tissue NOS,East Asian,1.102773451415259,0.07477478571130892,NA,NA,1,0.750779406081567,0.722363319653035,0.7771842111968345
PGS019584,Disorder of skin and subcutaneous tissue NOS,East Asian,1.101264394771963,0.0747388899867168,NA,NA,1,0.750496940118716,0.7220746893237093,0.7769105863590573
PGS019585,Disorder of skin and subcutaneous tissue NOS,East Asian,1.1020969056542123,0.07475868797848104,NA,NA,1,0.750652796338041,0.7222339445770479,0.7770615666873092
PGS019586,Disorder of skin and subcutaneous tissue NOS,East Asian,1.0976186552370657,0.07465233036453482,NA,NA,1,0.749813647455482,0.7213765609896943,0.776248601244777
PGS019587,Erythematous conditions,East Asian,1.084348011537445,0.05237588914632057,NA,NA,1,0.747315921940216,0.7274436721121638,0.7662049389718041
PGS019588,Erythematous conditions,East Asian,1.0905827465956037,0.05247786718945758,NA,NA,1,0.748491440706498,0.7286385559483622,0.7673556277346693
PGS019589,Erythematous conditions,East Asian,1.0780006057028064,0.05227254638232776,NA,NA,1,0.7461154300893691,0.7262236344448298,0.765029567551244
PGS019590,Erythematous conditions,East Asian,1.0914982230586774,0.05249288039217329,NA,NA,1,0.7486637417767201,0.7288137142823424,0.7675242699996506
PGS019591,Erythematous conditions,East Asian,1.1208780213771652,0.052980058356393904,NA,NA,1,0.754151544076569,0.7343950621693286,0.772892928128639
PGS019592,Erythematous conditions,East Asian,1.082124803406736,0.052339638038732504,NA,NA,1,0.746895872015188,0.7270167566850502,0.7657937058346544
PGS019593,Lupus localized and systemic,East Asian,1.8946014623250866,0.09819075368152211,NA,NA,1,0.869279296686563,0.84581501378091,0.8896386453327146
PGS019594,Lupus localized and systemic,East Asian,1.9202505131952716,0.09921054625687514,NA,NA,1,0.8721663665511958,0.8488741286820389,0.8923240582865862
PGS019595,Lupus localized and systemic,East Asian,1.8490890157208186,0.09641993017106679,NA,NA,1,0.864020107518644,0.840252225417521,0.8847368089894728
PGS019596,Lupus localized and systemic,East Asian,1.8790753300256462,0.09758112099278754,NA,NA,1,0.867504880852807,0.8439367704997046,0.8879862201749491
PGS019597,Lupus localized and systemic,East Asian,1.972208026159332,0.1013254482505376,NA,NA,1,0.8778480792566309,0.8549060538909905,0.8975970662962067
PGS019598,Lupus localized and systemic,East Asian,1.872639315229184,0.09733009699922623,NA,NA,1,0.866763372961474,0.8431522986735988,0.8872952582292984
PGS019599,Systemic lupus erythematosus,East Asian,1.9279884286175533,0.10106296852108432,NA,NA,1,0.873026602139368,0.8494002696291832,0.89341151827388
PGS019600,Systemic lupus erythematosus,East Asian,1.9490877509198583,0.1019312058220108,NA,NA,1,0.875347136264029,0.8518648162780755,0.8955634080083706
PGS019601,Systemic lupus erythematosus,East Asian,1.8784528746613003,0.09906764553157431,NA,NA,1,0.867433319364284,0.8434704804584763,0.8882139090722682
PGS019602,Systemic lupus erythematosus,East Asian,1.902061364239855,0.10001112855732615,NA,NA,1,0.870124653537918,0.8463218900645307,0.8907167340375972
PGS019603,Systemic lupus erythematosus,East Asian,2.0127514048004986,0.10461871564310558,NA,NA,1,0.882129406250691,0.8590835139465065,0.9018369695064626
PGS019604,Systemic lupus erythematosus,East Asian,1.9174933552973659,0.10063520087144108,NA,NA,1,0.871858649403295,0.8481608241181446,0.8923274369717304
PGS019605,Psoriasis and related disorders,East Asian,1.3498039463620093,0.09091082435729178,NA,NA,1,0.794097573980272,0.7634374842518775,0.8217119141071668
PGS019606,Psoriasis and related disorders,East Asian,1.361803197069917,0.09129266425297634,NA,NA,1,0.796052608193371,0.7654633686782081,0.8235718114936221
PGS019607,Psoriasis and related disorders,East Asian,1.2029619298134562,0.08648331675421936,NA,NA,1,0.769051275215498,0.7375850993384333,0.7977788019982446
PGS019608,Psoriasis and related disorders,East Asian,1.3009987403097432,0.08938940715571297,NA,NA,1,0.786003021416511,0.7550621395391333,0.8139982264539248
PGS019609,Psoriasis and related disorders,East Asian,1.4449759876420571,0.09402565270288445,NA,NA,1,0.8092240291477831,0.7791441260675871,0.8360690999095314
PGS019610,Psoriasis and related disorders,East Asian,1.3221090974691563,0.09004128460354872,NA,NA,1,0.789532391362303,0.7587114803914922,0.8173640878051508
PGS019611,Psoriasis,East Asian,1.3753663487864976,0.09313997869893405,NA,NA,1,0.7982457844574778,0.7672436092227527,0.8260547854833749
PGS019612,Psoriasis,East Asian,1.3916284548739537,0.09367546348621578,NA,NA,1,0.800852089442815,0.7699492286762066,0.828528244212127
PGS019613,Psoriasis,East Asian,1.2097793054574897,0.0880120048056006,NA,NA,1,0.770259897360704,0.7383240233114808,0.7993573833006933
PGS019614,Psoriasis,East Asian,1.3375362952692957,0.09191676760876849,NA,NA,1,0.792084494134897,0.7608562177006496,0.8201985354309632
PGS019615,Psoriasis,East Asian,1.4679090869588416,0.09626628466190115,NA,NA,1,0.812739369501466,0.7823181947767437,0.8397798550780681
PGS019616,Psoriasis,East Asian,1.3392276691661908,0.09197079106764966,NA,NA,1,0.7923629032258059,0.7611445842982701,0.8204634300403665
PGS019617,Psoriasis vulgaris,East Asian,1.458086808397028,0.1034283982004984,NA,NA,1,0.811239882697947,0.7782275572471254,0.8403462322031703
PGS019618,Psoriasis vulgaris,East Asian,1.4506179685624867,0.10315012847688264,NA,NA,1,0.810093521727539,0.7770303448365189,0.8392680699789018
PGS019619,Psoriasis vulgaris,East Asian,1.228081970479986,0.09546815459593931,NA,NA,1,0.773482697947214,0.7390360424307643,0.8045847546018136
PGS019620,Psoriasis vulgaris,East Asian,1.3782001829619601,0.1005224014469269,NA,NA,1,0.798701786190349,0.7651592354241865,0.8285270687981873
PGS019621,Psoriasis vulgaris,East Asian,1.5303978443231845,0.10619428384372476,NA,NA,1,0.822064516129032,0.7895569753942429,0.8505013505353316
PGS019622,Psoriasis vulgaris,East Asian,1.4048163232321547,0.1014734724850312,NA,NA,1,0.802947054118902,0.7695777189126888,0.8325354796751692
PGS019623,Psoriatic arthropathy,East Asian,1.598029844714954,0.13960711559070405,NA,NA,1,0.831742848613623,0.7899128035115907,0.8666502123572011
PGS019624,Psoriatic arthropathy,East Asian,1.6368593441627677,0.14167316614065484,NA,NA,1,0.837107134704199,0.7956263839133494,0.8715281946655625
PGS019625,Psoriatic arthropathy,East Asian,1.3568148541792084,0.12787480709020266,NA,NA,1,0.795241540379651,0.751416303042545,0.8330569785366789
PGS019626,Psoriatic arthropathy,East Asian,1.626170580034961,0.14109933075083939,NA,NA,1,0.835644371081883,0.7940668241084582,0.870199661402406
PGS019627,Psoriatic arthropathy,East Asian,1.6569743120116018,0.14276366223972475,NA,NA,1,0.8398314221995891,0.7985340997591447,0.873999187425513
PGS019628,Psoriatic arthropathy,East Asian,1.5126019991197917,0.13523882675297436,NA,NA,1,0.819446502888651,0.7768726753173187,0.8554089319176867
PGS019629,Diseases of sebaceous glands,East Asian,0.8173622414281153,0.056503196103426565,NA,NA,1,0.693676130478582,0.6696529837288324,0.7166913848108429
PGS019630,Diseases of sebaceous glands,East Asian,0.8174864831776989,0.056505144968756305,NA,NA,1,0.693702529917573,0.6696796226764665,0.7167173863217317
PGS019631,Diseases of sebaceous glands,East Asian,0.8174168746856428,0.05650405306122862,NA,NA,1,0.693687739352405,0.66966469791041106,0.7167028187142472
PGS019632,Diseases of sebaceous glands,East Asian,0.8189709670602328,0.05652844548015619,NA,NA,1,0.694017861327273,0.6699978234867727,0.7170279556826975
PGS019633,Diseases of sebaceous glands,East Asian,0.8160493674128496,0.05648261394093275,NA,NA,1,0.693397087548537,0.6693714159510307,0.7164165409211501
PGS019634,Acne,East Asian,1.1748582112716568,0.10181705757500306,NA,NA,1,0.764022037329455,0.7261739982233437,0.7980932751397485
PGS019635,Acne,East Asian,1.1754764419794999,0.10183776377649,NA,NA,1,0.764133481410968,0.7262888455306309,0.7981994159811524
PGS019636,Acne,East Asian,1.1777395539224678,0.10191363841446678,NA,NA,1,0.764541126157197,0.7267089725685089,0.7985876265853141
PGS019637,Acne,East Asian,1.174308143050917,0.10179864189845868,NA,NA,1,0.763922849827171,0.7260717851182552,0.7979988041041063
PGS019638,Acne,East Asian,1.1741797748302931,0.10179434529932885,NA,NA,1,0.763899698510848,0.7260479280494644,0.7979767531786843
PGS019639,Diffuse diseases of connective tissue,East Asian,1.2733415071560517,0.04324053962471895,NA,NA,1,0.781314222200103,0.7664888008691494,0.7954495797125595
PGS019640,Diffuse diseases of connective tissue,East Asian,1.2933828561843304,0.04352860417837495,NA,NA,1,0.78471922228305,0.7699567114365561,0.7987819598709562
PGS019641,Diffuse diseases of connective tissue,East Asian,1.2798996138843544,0.04333435497554043,NA,NA,1,0.782432688000796,0.7676277454804636,0.7965443801020695
PGS019642,Diffuse diseases of connective tissue,East Asian,1.2829878999190139,0.0433786842730752,NA,NA,1,0.78295795384794,0.7681626913834291,0.7970584684441961
PGS019643,Diffuse diseases of connective tissue,East Asian,1.3155986593703248,0.043852700636431305,NA,NA,1,0.7884485061132401,0.7737568491340301,0.8024297274379032
PGS019644,Diffuse diseases of connective tissue,East Asian,1.2654034351776504,0.043127563753259615,NA,NA,1,0.779954876490984,0.7651048089036923,0.7941187495323891
PGS019645,Sicca syndrome,East Asian,1.2613912233308306,0.05029178896862698,NA,NA,1,0.779265506158636,0.7618446219260073,0.7957537052622843
PGS019646,Sicca syndrome,East Asian,1.2889101562688503,0.05075568193517811,NA,NA,1,0.7839626646944421,0.7666389292989313,0.8003352980267207
PGS019647,Sicca syndrome,East Asian,1.2549444129209062,0.05018440230025173,NA,NA,1,0.778154589074242,0.7607112709696205,0.794669567315939
PGS019648,Sicca syndrome,East Asian,1.2859754562534458,0.05070578449574511,NA,NA,1,0.7834652144337619,0.7661310133989157,0.7998502672246316
PGS019649,Sicca syndrome,East Asian,1.3104773251798147,0.051125525686131865,NA,NA,1,0.787593018690479,0.7703469480217413,0.8038737043663741
PGS019650,Sicca syndrome,East Asian,1.2585327192713662,0.05024411381544542,NA,NA,1,0.778773420165996,0.7613425733362018,0.7952735071202459
PGS019651,Unspecified diffuse connective tissue disease,East Asian,1.3273899181675586,0.10566811720363334,NA,NA,1,0.790408568904594,0.7540407256324108,0.8226636806773716
PGS019652,Unspecified diffuse connective tissue disease,East Asian,1.3292676752790564,0.1057369760062926,NA,NA,1,0.7907194738908521,0.754363806826586,0.8229571220569656
PGS019653,Unspecified diffuse connective tissue disease,East Asian,1.321258128350015,0.10544387058149132,NA,NA,1,0.789390950137417,0.7529834930840525,0.8217029703974054
PGS019654,Unspecified diffuse connective tissue disease,East Asian,1.318528237026281,0.10534433571318919,NA,NA,1,0.7889367393011391,0.7525117190926551,0.8212740365098397
PGS019655,Unspecified diffuse connective tissue disease,East Asian,1.3230316964465392,0.10550863596265524,NA,NA,1,0.789685659599529,0.7532896372164684,0.8219812383200159
PGS019656,Rheumatoid arthritis and other inflammatory polyarthropathies,East Asian,1.1498767168166362,0.04832753141906402,NA,NA,1,0.759488398051757,0.7417635244674432,0.7763634663069807
PGS019657,Rheumatoid arthritis and other inflammatory polyarthropathies,East Asian,1.168115769614684,0.04861003861566696,NA,NA,1,0.762804263374507,0.7451366478576008,0.7796093736974561
PGS019658,Rheumatoid arthritis and other inflammatory polyarthropathies,East Asian,1.1170072116336496,0.04782774486771303,NA,NA,1,0.753433163056568,0.7356080610461219,0.7704315537652432
PGS019659,Rheumatoid arthritis and other inflammatory polyarthropathies,East Asian,1.1672275679538369,0.04859619487941404,NA,NA,1,0.762643520056363,0.7449730896334598,0.7794520618041166
PGS019660,Rheumatoid arthritis and other inflammatory polyarthropathies,East Asian,1.114946646226282,0.047796810397034914,NA,NA,1,0.7530501685881051,0.7352189129923585,0.7700561693043535
PGS019661,Rheumatoid arthritis,East Asian,1.24108481178792,0.05732707437741227,NA,NA,1,0.7757527850136581,0.7556032940447697,0.7946924160481889
PGS019662,Rheumatoid arthritis,East Asian,1.2678205009666381,0.057840935764452366,NA,NA,1,0.7803694253383631,0.7603232018102308,0.7991818484557168
PGS019663,Rheumatoid arthritis,East Asian,1.1649975036290094,0.05591656258348633,NA,NA,1,0.7622396010091131,0.7418106977880499,0.7815281448590307
PGS019664,Rheumatoid arthritis,East Asian,1.2366172376560582,0.05724214172299987,NA,NA,1,0.774974646693547,0.7548081489297878,0.7939353099469535
PGS019665,Rheumatoid arthritis,East Asian,1.1985530854937514,0.05652924864490852,NA,NA,1,0.768267285450853,0.7479588807072082,0.7874044361385771
PGS019666,Other inflammatory spondylopathies,East Asian,1.2170721499810497,0.07717447772656141,NA,NA,1,0.771547891823538,0.743799310473092,0.7971108732762666
PGS019667,Other inflammatory spondylopathies,East Asian,1.2159466401478012,0.07714562466586751,NA,NA,1,0.771349446869442,0.743595554759603,0.7969196370334334
PGS019668,Other inflammatory spondylopathies,East Asian,1.1397282316788901,0.07524404907341502,NA,NA,1,0.757629738518655,0.729532089714403,0.7836739965197078
PGS019669,Other inflammatory spondylopathies,East Asian,1.27762728199071,0.07876068077310988,NA,NA,1,0.7820456166567729,0.7545922358168652,0.8072124700908164
PGS019670,Other inflammatory spondylopathies,East Asian,1.241365160452016,0.07780280660943022,NA,NA,1,0.775801550809587,0.7481691881913635,0.8012075420248914
PGS019671,Ankylosing spondylitis,East Asian,1.8962537859832844,0.1238865578099524,NA,NA,1,0.869466940315065,0.8393549129554007,0.8946431193761092
PGS019672,Ankylosing spondylitis,East Asian,1.8402780549115223,0.12114006158020298,NA,NA,1,0.862981589169749,0.8324154331354193,0.8887180119568624
PGS019673,Ankylosing spondylitis,East Asian,1.764903640173906,0.11758755235623174,NA,NA,1,0.853822743394189,0.8226538490129316,0.8803106523627466
PGS019674,Ankylosing spondylitis,East Asian,1.875887649113693,0.12287642063983101,NA,NA,1,0.8671380588735929,0.8368602457551576,0.8925182056477416
PGS019675,Ankylosing spondylitis,East Asian,1.8394468659149905,0.12109998158130991,NA,NA,1,0.862883276097878,0.8323104146896474,0.8886280078154667
PGS019676,Ankylosing spondylitis,East Asian,1.8235757040310647,0.12033857749617945,NA,NA,1,0.8609946302435021,0.830293966933203,0.886897939916446
PGS019677,Other arthropathies,East Asian,0.9024594327873854,0.04415926482231815,NA,NA,1,0.71145465448314,0.6933668779484194,0.7288926490304414
PGS019678,Other arthropathies,East Asian,0.9063042311884516,0.044207582961918526,NA,NA,1,0.712243299199821,0.6941636041282613,0.72967042440032
PGS019679,Other arthropathies,East Asian,0.8992228317727455,0.0441187025028759,NA,NA,1,0.710789768136095,0.6926952400616634,0.7282368628408108
PGS019680,Other arthropathies,East Asian,0.8982963679641974,0.044107110616078235,NA,NA,1,0.71059927993961,0.6925028279585467,0.7280489711239159
PGS019681,Other arthropathies,East Asian,0.8973801656867308,0.04409565539277846,NA,NA,1,0.7104108284767952,0.692312477709622,0.7278630836973701
PGS019682,Unspecified polyarthropathy or polyarthritis,East Asian,1.5676300900864768,0.09938741775277833,NA,NA,1,0.827445496378058,0.7978371190435939,0.8535136679865297
PGS019683,Unspecified polyarthropathy or polyarthritis,East Asian,1.5659126279546733,0.09932391064717647,NA,NA,1,0.827200140162854,0.7975800592086553,0.8532832242573757
PGS019684,Unspecified polyarthropathy or polyarthritis,East Asian,1.562217534642786,0.09918751451190572,NA,NA,1,0.8266713245176031,0.7970260966817206,0.8527864691233
PGS019685,Unspecified polyarthropathy or polyarthritis,East Asian,1.5616584497537123,0.0991669054683753,NA,NA,1,0.826591200934989,0.7969421722325303,0.8527111936370136
PGS019686,Unspecified polyarthropathy or polyarthritis,East Asian,1.5648554421129013,0.09928485375574081,NA,NA,1,0.827048973670322,0.7974216934104388,0.8531412337300358
PGS019687,Palindromic rheumatism,East Asian,2.011192474897051,0.16739539212219204,NA,NA,1,0.8819672166283021,0.8433142564914389,0.9120789613747442
PGS019688,Palindromic rheumatism,East Asian,2.021081271516084,0.1680801346057905,NA,NA,1,0.882992768626039,0.8444402668217424,0.9129754187948632
PGS019689,Palindromic rheumatism,East Asian,1.9822342921296943,0.16541324983669672,NA,NA,1,0.878919137493267,0.8399726135445936,0.9094093455354165
PGS019690,Palindromic rheumatism,East Asian,2.000649186375043,0.16666975507455206,NA,NA,1,0.880865221534949,0.8421052675267257,0.9111146907600517
PGS019691,Palindromic rheumatism,East Asian,1.9851039506195967,0.16560814791956205,NA,NA,1,0.879224195454279,0.8403067184016301,0.9096768737635025
PGS019692,Arthropathy NOS,East Asian,0.8778482903153108,0.04421378091424841,NA,NA,1,0.706376135636387,0.6880866349400748,0.7240233336850925
PGS019693,Arthropathy NOS,East Asian,0.875088072104354,0.04417954300158304,NA,NA,1,0.705803315900163,0.6875083374789178,0.7234580382731969
PGS019694,Arthropathy NOS,East Asian,0.8722874563055929,0.04414488012333092,NA,NA,1,0.705221447051243,0.6869209469306691,0.7228837687776148
PGS019695,Arthropathy NOS,East Asian,0.8750704827591794,0.044179325061227286,NA,NA,1,0.7057996635474479,0.6875046503331566,0.7234544337588408
PGS019696,Arthropathy NOS,East Asian,0.875232992153337,0.04418133874506635,NA,NA,1,0.705833406925515,0.6875387152217497,0.7234877351013413
PGS019697,Other disorders of cervical region,East Asian,0.5200262737411018,0.06767310557757585,NA,NA,1,0.62715390997208,0.5956535116292258,0.6576108890328483
PGS019698,Other disorders of cervical region,East Asian,0.5205081124916496,0.06768080402932693,NA,NA,1,0.627266572329768,0.5957659234835282,0.6577227679200776
PGS019699,Other disorders of cervical region,East Asian,0.4999052530562156,0.06735448589340211,NA,NA,1,0.622437065060016,0.5909491411897343,0.6529246990941514
PGS019700,Other disorders of cervical region,East Asian,0.5226244814253547,0.06771465582179774,NA,NA,1,0.6277612527768951,0.5962595303019824,0.6582139798967163
PGS019701,Other disorders of cervical region,East Asian,0.5045038265269493,0.06742681418395252,NA,NA,1,0.623517161935382,0.5920260397974106,0.6539981458102767
PGS019702,Other and unspecified disorders of back,East Asian,0.3918627360821773,0.034479832596160824,NA,NA,1,0.596731034548418,0.5803675167697206,0.6128820812846798
PGS019703,Other and unspecified disorders of back,East Asian,0.39963251835155555,0.03453383291935152,NA,NA,1,0.59859936549646,0.582232843212432,0.6147489636153826
PGS019704,Other and unspecified disorders of back,East Asian,0.39020076288562244,0.03446833559484961,NA,NA,1,0.596331027939979,0.5799681935116985,0.6124823431448226
PGS019705,Other and unspecified disorders of back,East Asian,0.39730556613372325,0.03451761699550226,NA,NA,1,0.598040121628891,0.58167446630350506,0.6141901870126186
PGS019706,Other and unspecified disorders of back,East Asian,0.39104477153453665,0.0344741718123715,NA,NA,1,0.59653418145375,0.5801709982033703,0.6126853621453243
PGS019707,Disorders of muscle ligament and fascia,East Asian,0.6354141419227469,0.05350331737082079,NA,NA,1,0.653716086738909,0.6296108312141923,0.6770572222990311
PGS019708,Disorders of muscle ligament and fascia,East Asian,0.6328707986820783,0.053469467447873925,NA,NA,1,0.6531401217940581,0.6290330076527909,0.6764863483918682
PGS019709,Disorders of muscle ligament and fascia,East Asian,0.6352784148290834,0.05350150910639258,NA,NA,1,0.653685361370503,0.6295800054984473,0.6770267697771035
PGS019710,Disorders of muscle ligament and fascia,East Asian,0.6317064605755714,0.05345399533547953,NA,NA,1,0.652876296192551,0.628768346527942,0.6762248381214565
PGS019711,Disorders of muscle ligament and fascia,East Asian,0.6327289476464986,0.053467581667232984,NA,NA,1,0.653107985012969,0.6290007685642068,0.6764544942025975
PGS019712,Fasciitis,East Asian,0.7717724738834788,0.0716930053772938,NA,NA,1,0.683904190649891,0.6527737900432933,0.713468695190676
PGS019713,Fasciitis,East Asian,0.7742562629812654,0.07174158764278253,NA,NA,1,0.684440888882365,0.6533149854924654,0.7139956347604152
PGS019714,Fasciitis,East Asian,0.7805314989955943,0.07186475822850076,NA,NA,1,0.685794652834225,0.6546803458022636,0.715324515133489
PGS019715,Fasciitis,East Asian,0.7734263821512576,0.07172534469980864,NA,NA,1,0.68426162249839,0.653134210645062,0.7138196346483815
PGS019716,Fasciitis,East Asian,0.7699575591909223,0.07165756685550162,NA,NA,1,0.683511712865528,0.652378059449876,0.713083315563841
PGS019717,Rheumatism unspecified and fibrositis,East Asian,1.2786912603113652,0.10595221476500609,NA,NA,1,0.7822269176251481,0.7447917782841981,0.8155309389373259
PGS019718,Rheumatism unspecified and fibrositis,East Asian,1.2848275807789526,0.10617431489838014,NA,NA,1,0.7832704168987349,0.7458738948884198,0.8165175281584692
PGS019719,Rheumatism unspecified and fibrositis,East Asian,1.2766493861461157,0.10587851792878286,NA,NA,1,0.7818788880735779,0.7444309533346829,0.8152018015416929
PGS019720,Rheumatism unspecified and fibrositis,East Asian,1.2763297457684308,0.10586699059784042,NA,NA,1,0.781824370319946,0.7443744350336774,0.8151502391806039
PGS019721,Rheumatism unspecified and fibrositis,East Asian,1.2766476582054607,0.10587845560648793,NA,NA,1,0.781878593383018,0.7444306478275791,0.8152015228291426
PGS019722,Osteoporosis osteopenia and pathological fracture,East Asian,0.8502808805742547,0.043313106190605695,NA,NA,1,0.700626060264954,0.6825222071649992,0.7181239130685847
PGS019723,Osteoporosis osteopenia and pathological fracture,East Asian,0.861882780006597,0.04345314998583075,NA,NA,1,0.703053870893043,0.6849716047423999,0.7205217144905668
PGS019724,Osteoporosis osteopenia and pathological fracture,East Asian,0.8514019493279588,0.04332658217029737,NA,NA,1,0.700861150621075,0.6827593559633495,0.7183561304085133
PGS019725,Osteoporosis osteopenia and pathological fracture,East Asian,0.8620423624653448,0.04345508525647035,NA,NA,1,0.7030871857038051,0.6850052208525779,0.7205546122759897
PGS019726,Osteoporosis osteopenia and pathological fracture,East Asian,0.8533035935685412,0.04334946862470263,NA,NA,1,0.7012596871128579,0.6831613976119357,0.7187497803616332
PGS019727,Osteoporosis NOS,East Asian,0.9876681074348348,0.0517698151628126,NA,NA,1,0.728627083930779,0.7081052129949138,0.7482191679160494
PGS019728,Osteoporosis NOS,East Asian,1.005139056804139,0.05204224503549472,NA,NA,1,0.732067777955581,0.7115935776640936,0.7515958813557626
PGS019729,Osteoporosis NOS,East Asian,0.9962155574289935,0.05190265116775519,NA,NA,1,0.730313861747462,0.7098151316323053,0.7498748163103423
PGS019730,Osteoporosis NOS,East Asian,1.0010939305715068,0.051978849624687275,NA,NA,1,0.7312736040627901,0.7107882373810767,0.7508166436204179
PGS019731,Osteoporosis NOS,East Asian,1.0017171862982273,0.051988604783621745,NA,NA,1,0.73139606396064,0.710912412707088,0.7509368070009346
PGS019732,Sciatica,East Asian,0.4708099333990912,0.08001184551009152,NA,NA,1,0.6155754388407281,0.5778580738587009,0.6519525927609131
PGS019733,Sciatica,East Asian,0.4817933022620293,0.08021601110423611,NA,NA,1,0.618171247472541,0.5804375712715465,0.6545311468749269
PGS019734,Sciatica,East Asian,0.48147887032787445,0.08021013912140826,NA,NA,1,0.618097027598891,0.580363798734868,0.6544574413389941
PGS019735,Sciatica,East Asian,0.4866424288579026,0.08030677107874536,NA,NA,1,0.619315156033656,0.5815747273354954,0.655666971657081
PGS019736,Sciatica,East Asian,0.48630896125675105,0.08030051742133953,NA,NA,1,0.619236533286146,0.5814965601541323,0.6555889139383974
PGS019737,Symptoms of the muscles,East Asian,0.5582239380532941,0.08298149361465201,NA,NA,1,0.6360414943093579,0.597625296556705,0.6727980543119698
PGS019738,Symptoms of the muscles,East Asian,0.5605830640907674,0.08302937222752453,NA,NA,1,0.636587439325044,0.5981699071343151,0.6733378236938518
PGS019739,Symptoms of the muscles,East Asian,0.5626262397497614,0.08307091572221693,NA,NA,1,0.637059983453698,0.5986413477557658,0.6738049659477885
PGS019740,Symptoms of the muscles,East Asian,0.5583681479682274,0.08298441762758495,NA,NA,1,0.636074877198657,0.5976585960187035,0.6728310615889196
PGS019741,Symptoms of the muscles,East Asian,0.5710234669021539,0.08324240819278189,NA,NA,1,0.638999301240143,0.6005766384391555,0.6757215640997867
PGS019742,Pain in limb,East Asian,0.7632010542436315,0.09488760727393722,NA,NA,1,0.682048313498407,0.6404277873177284,0.7209503933053218
PGS019743,Pain in limb,East Asian,0.7611210652799358,0.09483350774440256,NA,NA,1,0.681597079694869,0.6399730992537881,0.7205103946240015
PGS019744,Pain in limb,East Asian,0.7609580174225086,0.09482927070471611,NA,NA,1,0.681561693593456,0.6399374444691123,0.7204758871911331
PGS019745,Pain in limb,East Asian,0.7611761663937795,0.09483493975180216,NA,NA,1,0.681609037756726,0.6399851481844439,0.7205220556776605
PGS019746,Pain in limb,East Asian,0.7650314870898004,0.09493528956522139,NA,NA,1,0.682445125918391,0.6408276804697429,0.7213372787219517
PGS019747,Fever of unknown origin,East Asian,0.6276336091966905,0.06211037914030863,NA,NA,1,0.651952696821525,0.6238442064866541,0.6790413994429008
PGS019748,Fever of unknown origin,East Asian,0.6277320721741212,0.06211191967966155,NA,NA,1,0.6519750387586541,0.6238666032477259,0.6790635165467335
PGS019749,Fever of unknown origin,East Asian,0.6246673960353418,0.06206402947253481,NA,NA,1,0.651279329262801,0.6231692252696405,0.6783747669855266
PGS019750,Fever of unknown origin,East Asian,0.6247890968113633,0.06206592889502712,NA,NA,1,0.651306968772651,0.6231969295415156,0.6784021316102967
PGS019751,Fever of unknown origin,East Asian,0.6249473145212617,0.062068398537635336,NA,NA,1,0.651342900135457,0.6232329452834305,0.6784377054218295
PGS019752,Nonspecific findings on examination of blood,East Asian,0.4946585424964924,0.034176311507940864,NA,NA,1,0.621203250229642,0.6053178589337285,0.6368328709070795
PGS019753,Nonspecific findings on examination of blood,East Asian,0.5040312351733681,0.03424679137139606,NA,NA,1,0.623406217707814,0.6075219094482018,0.6390296302384505
PGS019754,Nonspecific findings on examination of blood,East Asian,0.4929260792215444,0.034163351091717996,NA,NA,1,0.62079549917353,0.6049099549487856,0.636426219707401
PGS019755,Nonspecific findings on examination of blood,East Asian,0.49976314139029643,0.034214620402201294,NA,NA,1,0.622403666934995,0.6065188120094578,0.6380299604292293
PGS019756,Nonspecific findings on examination of blood,East Asian,0.4986118157559151,0.034205964056447394,NA,NA,1,0.622133047336683,0.6062480602555494,0.6377601025407801
PGS019757,Other abnormal blood chemistry,East Asian,0.6373255829903302,0.053352703041328206,NA,NA,1,0.654148655033288,0.630125275799644,0.6774105125344518
PGS019758,Other abnormal blood chemistry,East Asian,0.6420371511856455,0.05341592267806966,NA,NA,1,0.655213816126324,0.6311938695185499,0.6784662802169943
PGS019759,Other abnormal blood chemistry,East Asian,0.625064016026433,0.05318934700967434,NA,NA,1,0.651369402033781,0.6273378289044776,0.6746549659394411
PGS019760,Other abnormal blood chemistry,East Asian,0.638023333709958,0.05336204966601186,NA,NA,1,0.654306495911321,0.6302836150979313,0.6775669722360861
PGS019761,Other abnormal blood chemistry,East Asian,0.6292615798131874,0.05324507973229651,NA,NA,1,0.6523220088094279,0.6282931202462904,0.6755995777564073
PGS019762,Other abnormal blood chemistry,East Asian,0.6387743250609758,0.053372115590240014,NA,NA,1,0.654476342583209,0.6304540020800075,0.6777353284858939
PGS019763,Other and nonspecific abnormal cytological histological and immunological findings,East Asian,0.46502668484849113,0.06344620986423234,NA,NA,1,0.614205965957738,0.5843537780997544,0.6432231645411793
PGS019764,Other and nonspecific abnormal cytological histological and immunological findings,East Asian,0.46765580748457064,0.06348438428337136,NA,NA,1,0.614828767601123,0.5849740440304931,0.6438434443983229
PGS019765,Other and nonspecific abnormal cytological histological and immunological findings,East Asian,0.46166467172644615,0.06339752256220857,NA,NA,1,0.613409008172528,0.5835601572099509,0.6424293342190268
PGS019766,Other and nonspecific abnormal cytological histological and immunological findings,East Asian,0.47264104677490376,0.06355701187133203,NA,NA,1,0.616008665948732,0.5861493118833275,0.6450183779429578
PGS019767,Other and nonspecific abnormal cytological histological and immunological findings,East Asian,0.46329425525992013,0.06342110352012383,NA,NA,1,0.613795373509747,0.5839448919125366,0.6428141973044968
PGS019768,Abnormal tumor markers,East Asian,1.043388016225436,0.10664325047352743,NA,NA,1,0.739503196895573,0.6972775682202612,0.7777165552269009
PGS019769,Abnormal tumor markers,East Asian,1.069836410660498,0.10753346857850099,NA,NA,1,0.744565804413744,0.7024664838430565,0.7825522342615445
PGS019770,Abnormal tumor markers,East Asian,1.0312750795639625,0.10624122911739417,NA,NA,1,0.7371630219159239,0.69488174781139,0.7754783435470691
PGS019771,Abnormal tumor markers,East Asian,1.054032917860503,0.10699948953694363,NA,NA,1,0.741548577796394,0.6993729984539654,0.7796713032573819
PGS019772,Abnormal tumor markers,East Asian,1.051048106035135,0.10689932232234901,NA,NA,1,0.740976113512844,0.6987863927964786,0.7791243483486262
PGS019773,Elevated prostate specific antigen PSA,East Asian,0.773698294087026,0.11236059182880828,NA,NA,1,0.684320365490778,0.6349406377727244,0.7298624965425125
PGS019774,Elevated prostate specific antigen PSA,East Asian,0.809217681110822,0.11346689050370813,NA,NA,1,0.691942771838775,0.6426357653793455,0.7372284486435237
PGS019775,Elevated prostate specific antigen PSA,East Asian,0.7264324081128541,0.11093609959653448,NA,NA,1,0.674021901393634,0.6245714715312704,0.7198801441124264
PGS019776,Elevated prostate specific antigen PSA,East Asian,0.7790835391644269,0.11252632899531108,NA,NA,1,0.68548256204226,0.6361127902156406,0.7309868375383523
PGS019777,Elevated prostate specific antigen PSA,East Asian,0.7381709593540419,0.11128485137816263,NA,NA,1,0.676595765997736,0.6271600777143383,0.7223782399899857
PGS019778,Atopic contact dermatitis due to other or unspecified,East Asian,0.6090681561934266,0.03069291428579106,NA,NA,1,0.6477282066181579,0.6338826759812536,0.661329886063706
PGS019779,Atopic contact dermatitis due to other or unspecified,East Asian,0.6207959893224099,0.030775903966946173,NA,NA,1,0.650399562264165,0.6365624893206335,0.6639879013159686
PGS019780,Atopic contact dermatitis due to other or unspecified,East Asian,0.6128575606015543,0.030719632082742553,NA,NA,1,0.64859237439001,0.634749515858464,0.662189803800653
PGS019781,Atopic contact dermatitis due to other or unspecified,East Asian,0.6164321049092327,0.030744919947248886,NA,NA,1,0.649406652252668,0.6355663674537143,0.6630000197004338
PGS019782,Atopic contact dermatitis due to other or unspecified,East Asian,0.6099693719127646,0.030699260055839665,NA,NA,1,0.647933815368231,0.6340889149649233,0.6615344892869519
PGS019783,Urticaria,East Asian,0.841579953564495,0.054580426603308196,NA,NA,1,0.698797868106853,0.6758144058229784,0.720825005164001
PGS019784,Urticaria,East Asian,0.8478035373923045,0.05467560183254163,NA,NA,1,0.700106181430107,0.6771356503615991,0.7221131277999349
PGS019785,Urticaria,East Asian,0.8555885820225172,0.05479531302596142,NA,NA,1,0.7017381594679789,0.6787841309197601,0.7237195326227773
PGS019786,Urticaria,East Asian,0.8432441595300249,0.05460583113223316,NA,NA,1,0.6991480332629951,0.6761680060063316,0.7211697933938958
PGS019787,Urticaria,East Asian,0.8444449682709777,0.054624182461480424,NA,NA,1,0.69940055102952,0.6764230126747387,0.7214184213930865
PGS019957,High myopia (aged 7-18 years),East Asian,0.861624753007965,0.11105052838210344,NA,NA,1,0.703,0.655649365440176,0.7463584230601121
PGS019957,High myopia (aged <6 years),East Asian,0.6190392084062236,0.09000180665011429,NA,NA,1,0.65,0.6088868780110342,0.6889987980233938
PGS019957,High myopia (aged >18 years),East Asian,1.3862943611198908,0.047026480146612905,NA,NA,1,0.8,0.7848441409218714,0.814340806896657
PGS019957,Mild myopia (aged >18 years),East Asian,0.9946225751440619,0.03932415301715778,NA,NA,1,0.7299999999999999,0.7145420744832014,0.7449196781997057
PGS019957,Moderate myopia (aged >18 years),East Asian,1.265666373331276,0.04540386612126443,NA,NA,1,0.78,0.7643493965386481,0.7948901029142794
